PLAYER_ID,PLAYER_NAME,NICKNAME,TEAM_ID,TEAM_ABBREVIATION,AGE,GP,W,L,W_PCT,MIN,FGM,FGA,FG_PCT,FG3M,FG3A,FG3_PCT,FTM,FTA,FT_PCT,OREB,DREB,REB,AST,TOV,STL,BLK,BLKA,PF,PFD,PTS,PLUS_MINUS,NBA_FANTASY_PTS,DD2,TD3,WNBA_FANTASY_PTS,GP_RANK,W_RANK,L_RANK,W_PCT_RANK,MIN_RANK,FGM_RANK,FGA_RANK,FG_PCT_RANK,FG3M_RANK,FG3A_RANK,FG3_PCT_RANK,FTM_RANK,FTA_RANK,FT_PCT_RANK,OREB_RANK,DREB_RANK,REB_RANK,AST_RANK,TOV_RANK,STL_RANK,BLK_RANK,BLKA_RANK,PF_RANK,PFD_RANK,PTS_RANK,PLUS_MINUS_RANK,NBA_FANTASY_PTS_RANK,DD2_RANK,TD3_RANK,WNBA_FANTASY_PTS_RANK,TEAM_COUNT,team_poss,E_DEF_RATING_RANK,AST_TO,NET_RATING,FGM_PG_RANK,E_PACE_RANK,TM_TOV_PCT_RANK,PACE_PER40,AST_RATIO_RANK,sp_work_DEF_RATING,E_OFF_RATING,DREB_PCT_RANK,EFG_PCT_RANK,OFF_RATING_RANK,OREB_PCT,AST_PCT,AST_TO_RANK,E_NET_RATING,E_DEF_RATING,EFG_PCT,E_USG_PCT,PACE_RANK,USG_PCT,FGA_PG,AST_PCT_RANK,sp_work_NET_RATING_RANK,E_TOV_PCT_RANK,FGA_PG_RANK,REB_PCT_RANK,AST_RATIO,TS_PCT_RANK,E_USG_PCT_RANK,TM_TOV_PCT,OREB_PCT_RANK,DEF_RATING,E_PACE,sp_work_PACE_RANK,POSS,REB_PCT,OFF_RATING,FGM_PG,PACE,sp_work_DEF_RATING_RANK,PIE_RANK,sp_work_PACE,DREB_PCT,USG_PCT_RANK,sp_work_OFF_RATING,E_OFF_RATING_RANK,PIE,sp_work_NET_RATING,NET_RATING_RANK,E_NET_RATING_RANK,E_TOV_PCT,sp_work_OFF_RATING_RANK,DEF_RATING_RANK,TS_PCT,AST_TO_PASS_PCT,PASSES_MADE,FT_AST,SECONDARY_AST,AST_TO_PASS_PCT_ADJ,PASSES_RECEIVED,AST_ADJ,POTENTIAL_AST,AST_PTS_CREATED,DRIVE_PTS_PCT,DRIVE_FT_PCT,DRIVE_AST_PCT,DRIVE_FG_PCT,DRIVE_PASSES_PCT,DRIVES,DRIVE_FGM,DRIVE_AST,DRIVE_PTS,DRIVE_TOV,DRIVE_TOV_PCT,DRIVE_PF_PCT,DRIVE_PF,DRIVE_FTA,DRIVE_FGA,DRIVE_FTM,DRIVE_PASSES,AVG_DRIB_PER_TOUCH,POST_TOUCHES,PTS_PER_TOUCH,PTS_PER_ELBOW_TOUCH,ELBOW_TOUCHES,AVG_SEC_PER_TOUCH,PTS_PER_PAINT_TOUCH,FRONT_CT_TOUCHES,POINTS,TOUCHES,PTS_PER_POST_TOUCH,TIME_OF_POSS,PAINT_TOUCHES,DREB_CHANCE_PCT,REB_CHANCES,AVG_OREB_DIST,DREB_CHANCES,REB_CHANCE_PCT_ADJ,AVG_REB_DIST,DREB_CHANCE_DEFER,REB_CONTEST_PCT,AVG_DREB_DIST,DREB_CONTEST_PCT,OREB_CHANCE_DEFER,OREB_CHANCE_PCT,REB_UNCONTEST,DREB_UNCONTEST,REB_CONTEST,OREB_CHANCES,OREB_CONTEST,OREB_UNCONTEST,OREB_CONTEST_PCT,DREB_CONTEST,DREB_CHANCE_PCT_ADJ,OREB_CHANCE_PCT_ADJ,REB_CHANCE_PCT,REB_CHANCE_DEFER,very_tight_FG3A_FREQUENCY,very_tight_FG2_PCT,very_tight_FG3_PCT,very_tight_FGM,very_tight_FGA,very_tight_FG2A_FREQUENCY,PLAYER_LAST_TEAM_ABBREVIATION,very_tight_FG3A,very_tight_FG_PCT,very_tight_FGA_FREQUENCY,very_tight_FG3M,very_tight_FG2M,G,very_tight_EFG_PCT,very_tight_FG2A,tight_FG2A,tight_FG3A,tight_FG2M,tight_FG2_PCT,tight_EFG_PCT,tight_FG3_PCT,tight_FG3A_FREQUENCY,tight_FGA,tight_FG2A_FREQUENCY,tight_FGA_FREQUENCY,tight_FG3M,tight_FGM,tight_FG_PCT,open_FG3_PCT,open_FGM,open_EFG_PCT,open_FG3A,open_FG3A_FREQUENCY,open_FG_PCT,open_FGA_FREQUENCY,open_FG2A,open_FG3M,open_FGA,open_FG2A_FREQUENCY,open_FG2M,open_FG2_PCT,wide_open_FG2A,wide_open_FG_PCT,wide_open_FG3A_FREQUENCY,wide_open_FG3A,wide_open_FGM,wide_open_FGA,wide_open_FGA_FREQUENCY,wide_open_FG2M,wide_open_FG3M,wide_open_EFG_PCT,wide_open_FG2A_FREQUENCY,wide_open_FG2_PCT,wide_open_FG3_PCT,PULL_UP_FGM,PULL_UP_PTS,PULL_UP_FG3M,PULL_UP_FG_PCT,PULL_UP_FG3_PCT,PULL_UP_FGA,PULL_UP_EFG_PCT,PULL_UP_FG3A,PAINT_TOUCH_PTS,ELBOW_TOUCH_FG_PCT,POST_TOUCH_FG_PCT,CATCH_SHOOT_PTS,ELBOW_TOUCH_PTS,PAINT_TOUCH_FG_PCT,EFF_FG_PCT,CATCH_SHOOT_FG_PCT,POST_TOUCH_PTS,ITP_FGM,ITP_FGA,RA_FG_PCT,CORNER_3_FGM,ABOVE_BREAK_3_FGM,ABOVE_BREAK_3_FG_PCT,MID_FGA,LEFT_CORNER_3_FGM,RA_FGA,RA_FGM,BACKCOURT_FG_PCT,RIGHT_CORNER_3_FGM,LEFT_CORNER_3_FGA,LEFT_CORNER_3_FG_PCT,BACKCOURT_FGM,ITP_FG_PCT,MID_FG_PCT,BACKCOURT_FGA,RIGHT_CORNER_3_FG_PCT,ABOVE_BREAK_3_FGA,RIGHT_CORNER_3_FGA,CORNER_3_FG_PCT,MID_FGM,CORNER_3_FGA,PLAYER_POSITION,LT_06_PCT,PLUSMINUS,FREQ,NS_LT_06_PCT,FGA_LT_06,FGM_LT_06,FGP_LT_5,FGA_35_39,FGM_5_9,FGP_30_34,FGM_LT_5,FGM_35_39,FGA_10_14,FGM_20_24,FGM_30_34,FGA_15_19,FGA_40_PLUS,FGM_15_19,FGP_25_29,FGP_35_39,FGP_15_19,FGP_10_14,TEAM_ABBR,FGA_LT_5,FGA_5_9,FGP_40_PLUS,FGA_30_34,FGM_40_PLUS,FGA_25_29,FGP_20_24,FGA_20_24,FGM_10_14,FGM_25_29,FGP_5_9,CATCH_SHOOT_FGA,CATCH_SHOOT_FG3_PCT,CATCH_SHOOT_EFG_PCT,CATCH_SHOOT_FG3A,CATCH_SHOOT_FGM,CATCH_SHOOT_FG3M,D_FG_PCT,D_FGM,NORMAL_FG_PCT,D_FGA,PCT_PLUSMINUS,three_pt_def_FG3A,three_pt_def_FG3M,three_pt_def_PLUSMINUS,three_pt_def_FREQ,three_pt_def_FG3_PCT,three_pt_def_NS_FG3_PCT,two_pt_def_FG2A,two_pt_def_FG2M,two_pt_def_NS_FG2_PCT,two_pt_def_PLUSMINUS,two_pt_def_FG2_PCT,two_pt_def_FREQ,less_6ft_def_PLUSMINUS,less_6ft_def_FGA_LT_06,less_6ft_def_FGM_LT_06,less_6ft_def_LT_06_PCT,less_6ft_def_NS_LT_06_PCT,less_6ft_def_FREQ,less_10ft_def_FGM_LT_10,less_10ft_def_FREQ,less_10ft_def_PLUSMINUS,less_10ft_def_FGA_LT_10,less_10ft_def_NS_LT_10_PCT,less_10ft_def_LT_10_PCT,more_15ft_def_FREQ,more_15ft_def_FGM_GT_15,more_15ft_def_NS_GT_15_PCT,more_15ft_def_PLUSMINUS,more_15ft_def_GT_15_PCT,more_15ft_def_FGA_GT_15,hustle_PCT_BOX_OUTS_DEF,hustle_BOX_OUT_PLAYER_TEAM_REBS,hustle_BOX_OUTS,hustle_CONTESTED_SHOTS_2PT,hustle_SCREEN_AST_PTS,hustle_PCT_LOOSE_BALLS_RECOVERED_OFF,hustle_CONTESTED_SHOTS_3PT,hustle_BOX_OUT_PLAYER_REBS,hustle_DEF_LOOSE_BALLS_RECOVERED,hustle_PCT_LOOSE_BALLS_RECOVERED_DEF,hustle_SCREEN_ASSISTS,hustle_PCT_BOX_OUTS_REB,hustle_PCT_BOX_OUTS_TEAM_REB,hustle_OFF_BOXOUTS,hustle_OFF_LOOSE_BALLS_RECOVERED,hustle_DEF_BOXOUTS,hustle_CHARGES_DRAWN,hustle_PCT_BOX_OUTS_OFF,hustle_LOOSE_BALLS_RECOVERED,hustle_TEAM_ABBREVIATION,hustle_DEFLECTIONS,hustle_CONTESTED_SHOTS,post_touch_POST_TOUCH_AST,post_touch_POST_TOUCHES,post_touch_POST_TOUCH_FOULS_PCT,post_touch_POST_TOUCH_FTM,post_touch_POST_TOUCH_FGA,post_touch_POST_TOUCH_PASSES_PCT,post_touch_POST_TOUCH_AST_PCT,post_touch_POST_TOUCH_FGM,post_touch_POST_TOUCH_PASSES,post_touch_POST_TOUCH_TOV_PCT,post_touch_POST_TOUCH_PTS,post_touch_POST_TOUCH_FT_PCT,post_touch_POST_TOUCH_PTS_PCT,post_touch_TEAM_ABBREVIATION,post_touch_POST_TOUCH_FG_PCT,post_touch_POST_TOUCH_FTA,post_touch_TOUCHES,post_touch_POST_TOUCH_FOULS,post_touch_POST_TOUCH_TOV,AVG_SPEED,DIST_MILES_DEF,MIN1,DIST_MILES,DIST_FEET,AVG_SPEED_DEF,DIST_MILES_OFF,AVG_SPEED_OFF,year,date,playoffs,GAME_ID,opp_team,team,opp_id,series_key
1630598,Aaron Wiggins,Aaron,1610612760,OKC,27.0,1,0,1,0.0,3.95,0,3,0.0,0,3,0.0,0,0,0.0,0,0,0,0,0,0,0,0,0,0,0,-7,0.0,0,0,0.0,1,10,10,10,20,16,15,16,15,11,15,10,10,10,10,18,18,15,16,13,9,1,1,14,17,16,19,5,1,19,1,112,20,0.0,-100.0,16,21,1,70.89,15,128.6,29.1,18,16,20,0.0,0.0,12,-120.9,150.0,0.0,0.436,21,0.429,3.0,15,21,1,15,18,0.0,17,1,0.0,10,128.6,78.26,21,7,0.0,28.6,0.0,85.06,20,21,85.06,0.0,1,28.6,20,-0.261,-100.0,21,21,0.0,20,20,0.0,0.0,3.0,0.0,0.0,0.0,6.0,0.0,1.0,0.0,0.0,0.0,0.0,0.0,0.0,0.0,0.0,0.0,0.0,0.0,0.0,0.0,0.0,0.0,0.0,0.0,0.0,2.17,0.0,0.0,0.0,0.0,2.62,0.0,5.0,0.0,6.0,0.0,0.3,0.0,,,,,,,,,,,,,,,,,,,,,,,,,,,,,,,,,,,,,,,,,,,,,,,,,,,,,0.0,0.0,0.0,1.0,0.333,0.0,0.333,0.0,0.0,1.0,0.0,0.0,,0.0,0.0,0.667,2.0,0.0,2.0,0.667,0.0,0.0,0.0,0.0,,0.0,0,0,0.0,0.0,0.0,1,0.0,1.0,0.0,0.0,0.0,0.0,0.0,0.0,0.0,0.0,0.0,0.0,0.0,,0.0,0.0,0.0,0.0,0.0,,,,0.0,3.0,0.0,,0.0,0.0,,0.0,0.0,0.0,0.0,0.0,3.0,G,0.8,0.147,0.313,0.653,5.0,4.0,,,0.0,,,,,0.0,,0.0,,0.0,0.0,,0.0,,OKC,,0.0,,,,0.0,0.0,3.0,,0.0,0.0,2,0.0,0.0,2.0,0,0.0,0.333,1.0,0.424,3.0,-0.091,3.0,1.0,-0.027,1.0,0.333,0.36,,,,,,,,,,,,,,,,,,,1.0,1.0,0.358,-0.024,0.333,3.0,0.0,0.0,0.0,0.0,0.0,0.0,1.0,0.0,0.0,0.0,0.0,0.0,0.0,0.0,0.0,0.0,0.0,0.0,0.0,OKC,0.0,1.0,0.0,0.0,0.0,0.0,0.0,0.0,0.0,0.0,0.0,0.0,0.0,0.0,0.0,OKC,0.0,0.0,6.0,0.0,0.0,4.29,0.2,,0.3,1744.0,5.15,0.1,3.2,2026,20260518,True,42500311,SAS,OKC,1610612759,OKC_SAS_2026
1642349,Ajay Mitchell,Ajay,1610612760,OKC,23.0,1,0,1,0.0,33.585,2,5,0.4,0,1,0.0,0,0,0.0,0,4,4,5,0,2,0,0,5,2,4,7,22.3,0,0,17.0,1,10,10,10,9,12,14,9,15,16,15,10,10,10,10,6,9,4,16,3,9,1,21,6,14,6,10,5,1,11,1,112,4,0.0,13.1,12,5,1,80.99,1,89.9,100.9,9,13,8,0.0,0.192,12,13.1,87.8,0.4,0.068,6,0.068,5.0,5,5,1,14,12,50.0,16,19,0.0,10,89.9,99.33,6,67,0.061,103.0,2.0,97.19,4,10,97.19,0.121,19,103.0,11,0.065,13.1,5,7,0.0,8,4,0.4,0.161,31.0,0.0,0.0,0.161,26.0,5.0,4.0,11.0,0.0,0.0,0.4,0.0,0.8,5.0,0.0,2.0,0.0,0.0,0.0,0.0,0.0,0.0,1.0,0.0,4.0,4.38,0.0,0.108,0.0,0.0,4.5,0.0,16.0,4.0,37.0,0.0,2.8,0.0,0.5,9.0,0.0,8.0,0.444,9.4,0.0,0.25,9.4,0.25,0.0,0.0,3.0,3.0,1.0,1.0,0.0,0.0,0.0,1.0,0.5,0.0,0.444,0.0,0.0,0.0,,0.0,1.0,0.2,OKC,0.0,0.0,0.2,0.0,0.0,1.0,0.0,1.0,1.0,0.0,0.0,0.0,0.0,,0.0,1.0,0.2,0.2,0.0,0.0,0.0,,1.0,1.0,0.0,0.0,1.0,0.2,1.0,0.0,1.0,0.2,1.0,1.0,1.0,0.5,0.2,1.0,1.0,2.0,0.4,1.0,0.0,0.5,0.2,1.0,0.0,2,4,0.0,0.667,,3,0.667,0.0,0.0,0.0,0.0,0.0,0.0,0.0,0.4,0.0,0.0,0.0,1.0,0.0,0.0,0.0,0.0,2.0,0.0,1.0,0.0,0.0,0.0,0.0,0.0,0.0,0.0,1.0,0.0,0.0,1.0,0.0,0.0,2.0,0.0,G,0.464,-0.171,0.283,0.635,28.0,13.0,0.0,0.0,0.0,0.0,0.0,0.0,0.0,1.0,0.0,1.0,0.0,1.0,0.0,0.0,1.0,0.0,OKC,1.0,1.0,0.0,0.0,0.0,1.0,1.0,1.0,0.0,0.0,0.0,1,0.0,0.0,1.0,0,0.0,0.615,8.0,0.48,13.0,0.135,4.0,3.0,0.376,0.308,0.75,0.374,9.0,5.0,0.555,0.001,0.556,0.692,-0.228,7.0,3.0,0.429,0.656,0.538,4.0,0.615,-0.118,8.0,0.618,0.5,0.385,4.0,0.385,0.415,0.8,5.0,0.0,0.0,0.0,3.0,0.0,0.0,3.0,0.0,0.0,0.0,0.0,0.0,0.0,0.0,0.0,0.0,0.0,0.0,0.0,OKC,4.0,6.0,0.0,0.0,0.0,0.0,0.0,0.0,0.0,0.0,0.0,0.0,0.0,0.0,0.0,OKC,0.0,0.0,37.0,0.0,0.0,4.11,1.3,,2.5,13209.0,3.77,1.3,4.93,2026,20260518,True,42500311,SAS,OKC,1610612759,OKC_SAS_2026
1627936,Alex Caruso,Alex,1610612760,OKC,32.0,1,0,1,0.0,31.661666666666665,11,19,0.579,8,14,0.571,1,3,0.333,0,2,2,1,2,2,2,0,3,2,31,0,44.9,0,0,50.0,1,10,10,10,10,2,5,1,1,1,1,9,5,9,10,13,14,9,5,3,2,1,12,6,2,10,4,5,1,4,1,112,9,0.5,1.5,2,4,11,84.01,14,98.5,102.0,16,1,10,0.0,0.091,10,2.6,99.4,0.789,0.33,4,0.31,19.0,10,9,11,5,16,4.3,1,3,8.7,10,98.5,99.39,4,66,0.032,100.0,11.0,100.82,8,3,100.82,0.067,3,100.0,8,0.182,1.5,9,9,8.6,10,8,0.763,0.025,40.0,1.0,0.0,0.05,46.0,2.0,5.0,4.0,0.5,0.0,0.0,0.5,0.5,4.0,1.0,0.0,2.0,0.0,0.0,0.0,0.0,0.0,2.0,0.0,2.0,1.11,0.0,0.492,2.0,1.0,2.03,2.0,35.0,31.0,63.0,0.0,2.1,1.0,0.222,10.0,0.0,9.0,0.333,14.9,4.0,0.5,14.9,0.5,0.0,0.0,1.0,1.0,1.0,1.0,0.0,0.0,0.0,1.0,0.4,0.0,0.2,4.0,,,,,,,,,,,,,,,,5.0,0.0,3.0,0.6,0.6,,0.0,5.0,0.263,0.263,0.0,3.0,0.6,0.0,0.0,0.0,1.0,0.053,0.0,0.053,0.0,0.0,1.0,0.0,0.0,,0.0,0.615,0.684,13.0,8.0,13.0,0.684,0.0,8.0,0.923,0.0,,0.615,0,0,0.0,0.0,0.0,2,0.0,2.0,2.0,1.0,0.0,24.0,2.0,1.0,0.789,0.667,0.0,0.0,0.0,0.6,4.0,4.0,0.571,0.0,2.0,5.0,3.0,0.0,2.0,3.0,0.667,0.0,0.0,0.0,0.0,0.5,7.0,4.0,0.571,0.0,7.0,G,0.63,-0.039,0.36,0.668,27.0,17.0,0.6,0.0,0.0,0.0,3.0,0.0,0.0,7.0,0.0,0.0,0.0,0.0,0.333,0.0,0.0,0.0,OKC,5.0,0.0,0.0,0.0,0.0,3.0,0.636,11.0,0.0,1.0,0.0,12,0.667,1.0,12.0,8,8.0,0.4,6.0,0.492,15.0,-0.092,7.0,2.0,-0.066,0.467,0.286,0.352,8.0,4.0,0.569,-0.069,0.5,0.533,-0.03,6.0,4.0,0.667,0.697,0.4,4.0,0.4,0.026,6.0,0.64,0.667,0.6,2.0,0.37,-0.148,0.222,9.0,1.0,1.0,1.0,3.0,4.0,0.0,4.0,0.0,3.0,1.0,2.0,0.0,1.0,0.0,0.0,1.0,0.0,0.0,3.0,OKC,5.0,7.0,0.0,0.0,0.0,0.0,0.0,0.0,0.0,0.0,0.0,0.0,0.0,0.0,0.0,OKC,0.0,0.0,63.0,0.0,0.0,3.94,1.2,,2.3,12225.0,3.68,1.1,4.28,2026,20260518,True,42500311,SAS,OKC,1610612759,OKC_SAS_2026
1641717,Cason Wallace,Cason,1610612760,OKC,22.0,1,0,1,0.0,28.166666666666668,3,6,0.5,2,5,0.4,0,0,0.0,3,3,6,0,1,2,0,0,0,0,8,-9,20.2,0,0,20.0,1,10,10,10,11,10,11,3,5,8,6,10,10,10,2,9,6,15,8,3,9,1,1,14,10,18,11,5,1,10,1,112,16,0.0,-10.7,10,16,15,77.4,15,110.7,101.8,10,3,10,0.111,0.0,12,-9.3,111.0,0.667,0.123,15,0.119,6.0,15,15,15,11,4,0.0,4,13,14.3,2,110.7,91.96,15,53,0.115,100.0,3.0,92.88,16,7,92.88,0.12,13,100.0,9,0.096,-10.7,15,15,14.3,10,16,0.667,0.0,34.0,0.0,0.0,0.0,26.0,0.0,1.0,0.0,0.4,0.0,0.0,1.0,0.6,5.0,1.0,0.0,2.0,1.0,0.2,0.0,0.0,0.0,1.0,0.0,3.0,1.26,0.0,0.19,0.0,0.0,1.98,0.0,22.0,8.0,42.0,0.0,1.4,2.0,0.75,8.0,9.5,4.0,0.75,9.8,0.0,0.167,10.2,0.0,0.0,0.75,5.0,3.0,1.0,4.0,1.0,2.0,0.333,0.0,0.75,0.75,0.75,0.0,,,,,,,,,,,,,,,,,,,,,,,,,,,,,0.333,2.0,0.625,3.0,0.5,0.5,0.667,1.0,1.0,4.0,0.167,1.0,1.0,0.0,0.5,0.333,2.0,1.0,2.0,0.333,0.0,1.0,0.75,0.0,,0.5,0,0,0.0,,,0,,0.0,0.0,0.0,0.0,6.0,0.0,0.0,0.667,0.4,0.0,0.0,0.0,1.0,0.0,2.0,0.4,0.0,0.0,1.0,1.0,0.0,0.0,0.0,0.0,0.0,0.0,0.0,0.0,0.0,5.0,0.0,0.0,0.0,0.0,G,0.559,-0.105,0.354,0.664,34.0,19.0,1.0,,0.0,0.0,1.0,,0.0,0.0,0.0,0.0,0.0,0.0,0.667,,0.0,0.0,OKC,1.0,0.0,0.0,0.0,0.0,3.0,0.0,2.0,0.0,2.0,0.0,5,0.4,0.6,5.0,2,2.0,0.538,7.0,0.481,13.0,0.058,4.0,2.0,0.149,0.308,0.5,0.351,9.0,5.0,0.567,-0.012,0.556,0.692,-0.191,8.0,4.0,0.5,0.691,0.615,5.0,0.692,-0.072,9.0,0.628,0.556,0.308,2.0,0.362,0.138,0.5,4.0,0.0,0.0,0.0,2.0,0.0,1.0,1.0,0.0,0.0,0.0,0.0,0.0,0.0,0.0,1.0,0.0,0.0,0.0,1.0,OKC,7.0,3.0,0.0,0.0,0.0,0.0,0.0,0.0,0.0,0.0,0.0,0.0,0.0,0.0,0.0,OKC,0.0,0.0,42.0,0.0,0.0,4.22,1.0,,2.1,11071.0,3.8,1.1,4.69,2026,20260518,True,42500311,SAS,OKC,1610612759,OKC_SAS_2026
1631096,Chet Holmgren,Chet,1610612760,OKC,24.0,1,0,1,0.0,40.86666666666667,2,7,0.286,2,4,0.5,2,2,1.0,2,6,8,0,1,1,2,2,3,2,8,-7,25.6,0,0,24.0,1,10,10,10,7,12,10,15,5,10,2,6,7,1,4,4,4,15,8,6,2,18,12,6,10,16,9,5,1,9,1,112,8,0.0,-4.9,12,10,14,79.77,15,102.4,96.3,6,10,14,0.045,0.0,12,-2.4,98.8,0.429,0.101,8,0.099,7.0,15,13,14,10,7,0.0,10,15,11.1,4,102.4,98.08,8,80,0.093,97.5,2.0,95.73,9,14,95.73,0.143,15,97.5,14,0.054,-4.9,13,12,11.3,14,9,0.508,0.0,29.0,0.0,0.0,0.0,19.0,0.0,3.0,0.0,0.0,0.0,0.0,0.0,0.0,2.0,0.0,0.0,0.0,1.0,0.5,0.0,0.0,0.0,1.0,0.0,0.0,0.73,0.0,0.2,0.0,0.0,1.73,0.0,19.0,8.0,40.0,0.0,1.2,2.0,0.462,21.0,2.4,13.0,0.444,4.9,1.0,0.25,5.8,0.167,2.0,0.25,6.0,5.0,2.0,8.0,1.0,1.0,0.5,1.0,0.5,0.333,0.381,3.0,0.0,0.0,,0.0,1.0,0.143,OKC,0.0,0.0,0.143,0.0,0.0,1.0,0.0,1.0,1.0,0.0,0.0,0.0,0.0,,0.0,1.0,0.143,0.143,0.0,0.0,0.0,0.0,0.0,0.0,2.0,0.286,0.0,0.429,1.0,0.0,3.0,0.143,0.0,0.0,0.0,1.0,0.286,2.0,2.0,2.0,0.286,0.0,2.0,1.5,0.0,,1.0,0,0,0.0,0.0,0.0,2,0.0,1.0,0.0,0.0,0.0,6.0,0.0,0.0,0.429,0.667,0.0,0.0,1.0,0.0,1.0,1.0,0.5,0.0,1.0,2.0,0.0,0.0,0.0,1.0,1.0,0.0,0.0,0.0,0.0,0.0,2.0,1.0,0.5,0.0,2.0,C-F,0.54,-0.123,0.401,0.663,63.0,34.0,0.0,0.0,0.0,0.0,0.0,0.0,1.0,1.0,0.0,0.0,0.0,0.0,0.5,0.0,0.0,0.0,OKC,2.0,0.0,0.0,0.0,0.0,2.0,0.5,2.0,0.0,1.0,0.0,3,0.667,1.0,3.0,2,2.0,0.407,11.0,0.491,27.0,-0.083,10.0,3.0,-0.073,0.37,0.3,0.373,17.0,8.0,0.583,-0.112,0.471,0.63,-0.104,13.0,8.0,0.615,0.719,0.481,8.0,0.556,-0.125,15.0,0.659,0.533,0.407,3.0,0.376,-0.103,0.273,11.0,0.0,0.0,0.0,11.0,2.0,0.0,6.0,0.0,0.0,0.0,1.0,0.0,0.0,0.0,0.0,0.0,0.0,0.0,0.0,OKC,1.0,17.0,0.0,0.0,0.0,0.0,0.0,0.0,0.0,0.0,0.0,0.0,0.0,0.0,0.0,OKC,0.0,0.0,40.0,0.0,0.0,4.22,1.6,,3.1,16534.0,4.02,1.6,4.75,2026,20260518,True,42500311,SAS,OKC,1610612759,OKC_SAS_2026
1628392,Isaiah Hartenstein,Isaiah,1610612760,OKC,28.0,1,0,1,0.0,12.171666666666669,0,1,0.0,0,0,0.0,2,2,1.0,0,2,2,2,1,1,2,0,2,1,2,2,15.4,0,0,12.0,1,10,10,10,16,16,17,16,15,17,15,6,7,1,10,13,14,7,8,6,2,1,8,9,16,9,12,5,1,13,1,112,3,2.0,13.3,16,3,17,92.02,2,79.3,101.0,5,16,16,0.0,0.2,3,16.0,84.9,0.0,0.112,1,0.103,1.0,4,4,17,17,10,40.0,8,14,20.0,10,79.3,102.22,1,27,0.083,92.6,0.0,110.42,3,6,110.42,0.154,14,92.6,10,0.105,13.3,4,3,20.5,16,3,0.532,0.095,21.0,0.0,0.0,0.095,10.0,2.0,2.0,4.0,0.0,0.0,0.0,0.0,0.0,0.0,0.0,0.0,0.0,0.0,0.0,0.0,0.0,0.0,0.0,0.0,0.0,0.46,0.0,0.083,1.0,2.0,1.55,1.0,9.0,2.0,24.0,0.0,0.6,2.0,0.5,7.0,0.0,4.0,0.286,8.1,0.0,0.5,8.1,0.5,0.0,0.0,1.0,1.0,1.0,3.0,0.0,0.0,0.0,1.0,0.5,0.0,0.286,0.0,,,,,,,,,,,,,,,,,,,,,,,,,,,,,,,,,,,,,,,,,,1.0,0.0,0.0,0.0,0.0,1.0,1.0,0.0,0.0,0.0,1.0,0.0,,0,0,,,,0,,,2.0,0.0,0.0,0.0,2.0,0.0,0.0,0.0,0.0,0.0,1.0,0.0,0.0,0.0,0.0,0.0,0.0,0.0,0.0,0.0,0.0,0.0,0.0,0.0,0.0,0.0,0.0,0.0,0.0,0.0,0.0,0.0,0.0,C-F,0.35,-0.34,0.4,0.69,40.0,14.0,0.0,,0.0,0.0,0.0,,0.0,0.0,0.0,0.0,0.0,0.0,0.0,,0.0,0.0,OKC,0.0,1.0,0.0,0.0,0.0,0.0,0.0,0.0,0.0,0.0,0.0,1,,0.0,,0,,0.333,2.0,0.519,6.0,-0.186,2.0,0.0,-0.361,0.333,0.0,0.361,4.0,2.0,0.588,-0.088,0.5,0.667,-0.315,3.0,1.0,0.333,0.648,0.5,2.0,0.667,-0.109,4.0,0.609,0.5,0.333,0.0,0.37,-0.37,0.0,2.0,0.0,0.0,0.0,2.0,6.0,0.0,0.0,0.0,0.0,0.0,3.0,0.0,0.0,0.0,0.0,0.0,0.0,0.0,0.0,OKC,2.0,2.0,0.0,0.0,0.0,0.0,0.0,0.0,0.0,0.0,0.0,0.0,0.0,0.0,0.0,OKC,0.0,0.0,24.0,0.0,0.0,4.56,0.5,,1.0,5401.0,4.07,0.5,5.16,2026,20260518,True,42500311,SAS,OKC,1610612759,OKC_SAS_2026
1630198,Isaiah Joe,Isaiah,1610612760,OKC,26.0,1,0,1,0.0,0.2683333333333333,0,0,0.0,0,0,0.0,0,0,0.0,0,0,0,0,0,0,0,0,0,0,0,0,0.0,0,0,0.0,1,10,10,10,21,16,20,16,15,17,15,10,10,10,10,18,18,15,16,13,9,1,1,14,17,10,19,5,1,19,1,112,1,0.0,0.0,16,17,1,74.53,15,0.0,0.0,18,16,21,0.0,0.0,12,0.0,0.0,0.0,0.0,19,0.0,0.0,15,10,1,20,18,0.0,17,21,0.0,10,0.0,89.44,19,1,0.0,0.0,0.0,89.44,1,19,89.44,0.0,21,0.0,21,0.0,0.0,10,10,0.0,21,1,0.0,0.0,0.0,,0.0,0.0,0.0,0.0,0.0,0.0,0.0,0.0,0.0,0.0,0.0,0.0,0.0,0.0,0.0,0.0,0.0,0.0,0.0,0.0,0.0,0.0,0.0,0.0,0.0,0.0,0.0,0.0,0.0,0.0,0.0,0.0,0.0,0.0,0.0,0.0,,,,,,,,,,,,,,,,,,,,,,,,,,,,,,,,,,,,,,,,,,,,,,,,,,,,,,,,,,,,,,,,,,,,,,,,,,,,,,,0,0,,,,0,,,0.0,0.0,0.0,0.0,0.0,0.0,0.0,0.0,0.0,0.0,0.0,0.0,,,,,,0.0,0.0,,,,,,0.0,,,,,,,,,G,0.556,-0.059,0.321,0.615,9.0,5.0,0.0,,,,0.0,,0.0,,,,,,,,,0.0,OKC,0.0,,,,,,,,0.0,,,0,,,,0,,,,,,,,,,,,,,,,,,,,,,,,,,,,,,,,,,,,,,,,,,,,,,,,,,,,,,,,,,,0.0,0.0,0.0,0.0,0.0,0.0,0.0,0.0,0.0,0.0,0.0,0.0,0.0,OKC,0.0,0.0,0.0,0.0,0.0,0.0,0.0,,0.0,86.0,0.0,0.0,0.0,2026,20260518,True,42500311,SAS,OKC,1610612759,OKC_SAS_2026
1631114,Jalen Williams,Jalen,1610612760,OKC,25.0,1,0,1,0.0,37.266666666666666,11,25,0.44,1,3,0.333,3,3,1.0,3,4,7,3,2,1,1,4,2,3,26,-3,42.9,0,0,41.0,1,10,10,10,8,2,1,7,8,11,7,5,5,1,2,6,5,5,5,6,7,21,8,5,3,13,5,5,1,5,1,112,15,1.5,-2.5,2,7,8,82.11,11,110.4,107.5,12,8,6,0.068,0.158,4,-2.7,110.2,0.46,0.336,5,0.326,25.0,7,12,8,1,9,9.7,12,2,6.5,3,110.4,98.79,5,76,0.086,107.9,11.0,98.53,15,4,98.53,0.108,2,107.9,5,0.119,-2.5,12,13,6.4,6,15,0.494,0.07,43.0,1.0,0.0,0.093,52.0,4.0,6.0,11.0,0.647,1.0,0.059,0.4,0.235,17.0,4.0,1.0,11.0,1.0,0.059,0.059,1.0,2.0,10.0,2.0,4.0,2.63,0.0,0.361,2.0,2.0,2.97,1.0,40.0,26.0,72.0,0.0,3.6,4.0,0.4,16.0,7.3,10.0,0.5,6.4,2.0,0.429,5.8,0.25,0.0,0.429,4.0,3.0,3.0,7.0,2.0,1.0,0.667,1.0,0.5,0.429,0.438,2.0,0.0,0.333,,1.0,3.0,0.12,OKC,0.0,0.333,0.12,0.0,1.0,1.0,0.333,3.0,15.0,0.0,6.0,0.4,0.4,,0.0,15.0,0.6,0.6,0.0,6.0,0.4,,3.0,0.75,0.0,0.0,0.75,0.16,4.0,0.0,4.0,0.16,3.0,0.75,0.0,0.333,0.12,3.0,1.0,3.0,0.12,0.0,1.0,0.5,0.0,,0.333,3,6,0.0,0.429,,7,0.429,0.0,4.0,1.0,0.0,3.0,4.0,0.5,0.46,0.333,0.0,2.0,7.0,0.5,0.0,1.0,0.5,3.0,0.0,12.0,6.0,0.0,0.0,0.0,0.0,0.0,0.286,0.667,0.0,0.0,2.0,1.0,0.0,2.0,1.0,G-F,0.8,0.148,0.345,0.652,10.0,8.0,0.5,,2.0,0.0,6.0,,5.0,0.0,0.0,0.0,0.0,0.0,0.5,,0.0,0.4,OKC,12.0,5.0,0.0,0.0,0.0,2.0,0.0,1.0,2.0,1.0,0.4,3,0.333,0.5,3.0,1,1.0,0.643,9.0,0.491,14.0,0.152,5.0,2.0,0.036,0.357,0.4,0.364,9.0,7.0,0.579,0.198,0.778,0.643,0.124,6.0,5.0,0.833,0.71,0.429,7.0,0.571,0.219,8.0,0.657,0.875,0.357,2.0,0.379,0.021,0.4,5.0,0.0,0.0,0.0,6.0,2.0,0.0,3.0,0.0,0.0,0.0,1.0,0.0,0.0,0.0,0.0,0.0,0.0,0.0,0.0,OKC,1.0,9.0,0.0,0.0,0.0,0.0,0.0,0.0,0.0,0.0,0.0,0.0,0.0,0.0,0.0,OKC,0.0,0.0,72.0,0.0,0.0,4.16,1.4,,2.8,15017.0,3.83,1.5,4.87,2026,20260518,True,42500311,SAS,OKC,1610612759,OKC_SAS_2026
1631119,Jaylin Williams,Jaylin,1610612760,OKC,23.0,1,0,1,0.0,10.438333333333333,0,0,0.0,0,0,0.0,0,0,0.0,0,3,3,0,1,0,0,0,1,1,0,-6,2.6,0,0,3.0,1,10,10,10,17,16,20,16,15,17,15,10,10,10,10,9,10,15,8,13,9,1,5,9,17,14,18,5,1,18,1,112,19,0.0,-38.3,16,20,21,70.89,15,127.8,88.5,3,16,18,0.0,0.0,12,-49.7,138.2,0.0,0.05,20,0.05,0.0,15,19,21,20,3,0.0,17,20,100.0,10,127.8,82.4,20,19,0.125,89.5,0.0,85.07,19,16,85.07,0.25,20,89.5,18,0.032,-38.3,19,19,100.0,18,19,0.0,0.0,15.0,0.0,0.0,0.0,4.0,0.0,0.0,0.0,0.0,0.0,0.0,0.0,0.0,1.0,0.0,0.0,0.0,1.0,1.0,0.0,0.0,0.0,0.0,0.0,0.0,0.2,0.0,0.0,0.0,0.0,1.35,0.0,4.0,0.0,15.0,0.0,0.3,0.0,0.429,7.0,0.0,7.0,0.429,3.5,0.0,0.0,3.5,0.0,0.0,0.0,3.0,3.0,0.0,1.0,0.0,0.0,0.0,0.0,0.429,0.0,0.429,0.0,,,,,,,,,,,,,,,,,,,,,,,,,,,,,,,,,,,,,,,,,,,,,,,,,,,,,,,0,0,,,,0,,,0.0,0.0,0.0,0.0,0.0,0.0,0.0,0.0,0.0,0.0,0.0,0.0,0.0,0.0,0.0,0.0,0.0,0.0,0.0,0.0,0.0,0.0,0.0,0.0,0.0,0.0,0.0,0.0,0.0,0.0,0.0,0.0,0.0,F,0.478,-0.187,0.348,0.665,23.0,11.0,0.0,,0.0,0.0,0.0,,0.0,0.0,0.0,0.0,0.0,0.0,0.0,,0.0,0.0,OKC,0.0,0.0,0.0,0.0,0.0,0.0,0.0,0.0,0.0,0.0,0.0,0,,,,0,,0.333,1.0,0.513,3.0,-0.179,2.0,1.0,0.133,0.667,0.5,0.367,1.0,0.0,0.594,-0.594,0.0,0.333,,,,,,,0.0,0.333,-0.691,1.0,0.691,0.0,0.667,1.0,0.367,0.133,0.5,2.0,0.0,0.0,0.0,2.0,0.0,0.0,2.0,0.0,0.0,0.0,0.0,0.0,0.0,0.0,0.0,0.0,0.0,0.0,0.0,OKC,0.0,4.0,0.0,0.0,0.0,0.0,0.0,0.0,0.0,0.0,0.0,0.0,0.0,0.0,0.0,OKC,0.0,0.0,15.0,0.0,0.0,3.74,0.3,,0.7,3729.0,2.98,0.4,4.6,2026,20260518,True,42500311,SAS,OKC,1610612759,OKC_SAS_2026
1629652,Luguentz Dort,Luguentz,1610612760,OKC,27.0,1,0,1,0.0,22.15,2,6,0.333,1,5,0.2,0,0,0.0,1,2,3,1,0,0,0,0,4,0,5,-6,10.1,0,0,10.0,1,10,10,10,12,12,11,12,8,8,12,10,10,10,7,13,10,9,16,13,9,1,19,14,13,14,14,5,1,15,1,112,17,0.0,-14.0,12,15,1,77.65,8,111.6,96.0,14,12,13,0.042,0.071,12,-18.9,114.8,0.417,0.128,14,0.13,6.0,12,17,1,11,11,14.3,15,11,0.0,6,111.6,92.71,14,43,0.064,97.7,2.0,93.18,17,18,93.18,0.087,10,97.7,15,0.007,-14.0,17,17,0.0,13,17,0.417,0.077,13.0,0.0,0.0,0.077,13.0,1.0,2.0,3.0,0.0,0.0,0.0,0.0,1.0,2.0,0.0,0.0,0.0,0.0,0.0,0.0,0.0,0.0,0.0,0.0,2.0,0.74,0.0,0.263,0.0,0.0,1.51,0.667,13.0,5.0,19.0,0.0,0.5,3.0,1.0,6.0,8.9,2.0,0.5,12.0,0.0,0.333,13.5,0.5,0.0,0.25,2.0,1.0,1.0,4.0,0.0,1.0,0.0,1.0,1.0,0.25,0.5,0.0,,,,,,,,,,,,,,,,1.0,0.0,1.0,1.0,1.0,,0.0,1.0,0.167,0.167,0.0,1.0,1.0,0.0,0.0,0.0,3.0,0.5,0.0,0.5,0.0,0.0,3.0,0.0,0.0,,0.0,0.5,0.333,2.0,1.0,2.0,0.333,0.0,1.0,0.75,0.0,,0.5,0,0,0.0,,,0,,0.0,2.0,0.0,0.0,3.0,0.0,1.0,0.417,0.2,0.0,0.0,0.0,1.0,1.0,0.0,0.0,0.0,1.0,1.0,1.0,0.0,0.0,1.0,1.0,0.0,0.0,0.0,0.0,0.0,3.0,1.0,0.5,0.0,2.0,G,0.667,0.002,0.353,0.665,24.0,16.0,1.0,0.0,0.0,0.0,1.0,0.0,0.0,1.0,0.0,0.0,0.0,0.0,0.0,0.0,0.0,0.0,OKC,1.0,0.0,0.0,0.0,0.0,2.0,0.333,3.0,0.0,0.0,0.0,5,0.2,0.3,5.0,1,1.0,0.429,3.0,0.482,7.0,-0.054,3.0,0.0,-0.37,0.429,0.0,0.37,4.0,3.0,0.591,0.159,0.75,0.571,0.3,3.0,3.0,1.0,0.7,0.429,3.0,0.571,0.095,4.0,0.655,0.75,0.429,0.0,0.376,-0.376,0.0,3.0,0.0,0.0,0.0,1.0,0.0,0.0,3.0,0.0,0.0,0.0,0.0,0.0,0.0,0.0,0.0,0.0,0.0,0.0,0.0,OKC,2.0,4.0,0.0,0.0,0.0,0.0,0.0,0.0,0.0,0.0,0.0,0.0,0.0,0.0,0.0,OKC,0.0,0.0,19.0,0.0,0.0,3.88,0.8,,1.5,8093.0,4.25,0.8,4.02,2026,20260518,True,42500311,SAS,OKC,1610612759,OKC_SAS_2026
1628983,Shai Gilgeous-Alexander,Shai,1610612760,OKC,27.0,1,0,1,0.0,51.265,7,23,0.304,2,7,0.286,8,9,0.889,0,3,3,12,4,5,1,1,3,8,24,-15,59.6,1,0,53.0,1,10,10,10,1,5,3,14,5,4,10,2,2,7,10,9,10,1,2,2,7,14,12,2,4,21,3,1,1,3,1,112,14,3.0,-13.1,5,14,13,77.25,6,110.0,95.5,17,15,15,0.0,0.48,2,-13.9,109.4,0.348,0.288,16,0.282,23.0,1,16,13,3,17,27.9,14,5,9.3,10,110.0,93.65,16,98,0.029,96.9,7.0,92.69,14,5,92.69,0.061,5,96.9,16,0.117,-13.1,16,16,9.3,15,14,0.445,0.179,67.0,0.0,2.0,0.209,89.0,14.0,24.0,35.0,0.533,1.0,0.133,0.556,0.533,30.0,5.0,4.0,16.0,2.0,0.067,0.1,3.0,6.0,9.0,6.0,16.0,5.87,0.0,0.24,0.0,0.0,5.81,0.0,41.0,24.0,100.0,0.0,9.7,0.0,0.3,12.0,0.0,10.0,0.273,8.0,1.0,0.333,8.0,0.333,0.0,0.0,2.0,2.0,1.0,2.0,0.0,0.0,0.0,1.0,0.333,0.0,0.25,1.0,0.0,0.0,,0.0,1.0,0.043,OKC,0.0,0.0,0.043,0.0,0.0,1.0,0.0,1.0,6.0,3.0,3.0,0.5,0.5,0.333,0.13,9.0,0.261,0.391,1.0,4.0,0.444,0.0,2.0,0.222,2.0,0.087,0.222,0.391,7.0,0.0,9.0,0.304,2.0,0.286,2.0,0.25,0.087,2.0,1.0,4.0,0.174,0.0,1.0,0.375,0.087,0.0,0.5,3,7,1.0,0.2,0.167,15,0.233,6.0,0.0,0.0,0.0,3.0,0.0,0.0,0.348,1.0,0.0,1.0,5.0,0.75,1.0,1.0,0.167,7.0,0.0,4.0,3.0,0.0,1.0,0.0,0.0,0.0,0.2,0.143,0.0,1.0,6.0,1.0,1.0,1.0,1.0,G,0.459,-0.216,0.374,0.676,37.0,17.0,0.75,0.0,0.0,0.0,3.0,0.0,6.0,1.0,0.0,2.0,0.0,1.0,0.167,0.0,0.5,0.167,OKC,4.0,4.0,0.0,0.0,0.0,6.0,1.0,1.0,1.0,1.0,0.0,1,1.0,1.5,1.0,1,1.0,0.385,5.0,0.482,13.0,-0.097,5.0,0.0,-0.364,0.385,0.0,0.364,8.0,5.0,0.572,0.054,0.625,0.615,-0.078,8.0,5.0,0.625,0.703,0.615,5.0,0.615,-0.015,8.0,0.64,0.625,0.385,0.0,0.381,-0.381,0.0,5.0,1.0,1.0,1.0,3.0,0.0,0.0,4.0,1.0,0.0,0.0,0.0,1.0,1.0,0.0,0.0,1.0,0.0,0.0,0.0,OKC,4.0,7.0,0.0,0.0,0.0,0.0,0.0,0.0,0.0,0.0,0.0,0.0,0.0,0.0,0.0,OKC,0.0,0.0,100.0,0.0,0.0,3.68,1.6,,3.4,17953.0,3.22,1.8,4.21,2026,20260518,True,42500311,SAS,OKC,1610612759,OKC_SAS_2026
1642272,Jared McCain,Jared,1610612760,OKC,22.0,1,0,1,0.0,18.21,3,6,0.5,1,3,0.333,0,0,0.0,0,2,2,1,2,0,0,0,3,0,7,9,8.9,0,0,11.0,1,10,10,10,14,10,11,3,8,11,7,10,10,10,10,13,14,9,5,13,9,1,12,14,12,4,15,5,1,14,1,112,12,0.5,15.5,10,6,18,77.98,10,108.8,117.1,11,5,1,0.0,0.077,10,13.5,103.6,0.583,0.189,12,0.186,6.0,11,2,18,11,14,11.1,6,9,22.2,10,108.8,98.85,12,37,0.057,124.3,3.0,93.57,13,15,93.57,0.118,9,124.3,3,0.032,15.5,2,5,22.2,1,13,0.583,0.071,14.0,0.0,0.0,0.071,18.0,1.0,1.0,2.0,0.0,0.0,0.0,0.0,0.0,1.0,0.0,0.0,0.0,0.0,0.0,0.0,0.0,0.0,1.0,0.0,0.0,2.17,0.0,0.292,0.0,0.0,2.38,0.0,12.0,7.0,24.0,0.0,1.0,0.0,0.667,3.0,0.0,3.0,0.667,6.9,0.0,0.5,6.9,0.5,0.0,0.0,1.0,1.0,1.0,0.0,0.0,0.0,0.0,1.0,0.667,0.0,0.667,0.0,,,,,,,,,,,,,,,,1.0,0.0,1.0,1.0,1.0,,0.0,1.0,0.167,0.167,0.0,1.0,1.0,0.0,1.0,0.5,1.0,0.167,0.5,0.333,1.0,0.0,2.0,0.167,1.0,1.0,1.0,0.333,0.333,2.0,1.0,3.0,0.5,0.0,1.0,0.5,0.167,0.0,0.5,0,0,0.0,0.0,0.0,2,0.0,1.0,0.0,0.0,0.0,3.0,0.0,0.0,0.583,0.5,0.0,0.0,1.0,1.0,1.0,0.0,0.0,0.0,1.0,2.0,2.0,0.0,0.0,1.0,1.0,0.0,0.0,0.0,0.0,0.0,2.0,0.0,1.0,0.0,1.0,G,0.75,0.112,0.308,0.638,8.0,6.0,1.0,,0.0,0.0,2.0,,1.0,1.0,0.0,0.0,0.0,0.0,0.0,,0.0,0.0,OKC,2.0,0.0,0.0,0.0,0.0,1.0,0.5,2.0,0.0,0.0,0.0,2,0.5,0.75,2.0,1,1.0,0.667,4.0,0.498,6.0,0.169,,,,,,,6.0,4.0,0.568,0.099,0.667,1.0,0.056,3.0,2.0,0.667,0.611,0.5,3.0,0.667,0.156,4.0,0.595,0.75,,,,,,,0.0,0.0,0.0,3.0,0.0,0.0,0.0,0.0,0.0,0.0,0.0,0.0,0.0,0.0,0.0,0.0,0.0,0.0,0.0,OKC,0.0,3.0,0.0,0.0,0.0,0.0,0.0,0.0,0.0,0.0,0.0,0.0,0.0,0.0,0.0,OKC,0.0,0.0,24.0,0.0,0.0,4.26,0.7,,1.4,7403.0,4.06,0.7,4.49,2026,20260518,True,42500311,SAS,OKC,1610612759,OKC_SAS_2026
1628983,Shai Gilgeous-Alexander,Shai,1610612760,OKC,27.0,1,1,0,1.0,38.31,12,24,0.5,0,3,0.0,6,6,1.0,0,4,4,9,1,1,2,2,5,8,30,14,56.3,0,0,49.0,1,1,1,1,1,1,1,7,13,10,13,1,1,1,14,4,7,1,7,5,2,21,22,1,1,2,2,3,1,2,1,98,11,9.0,14.8,1,13,10,81.44,4,115.6,131.6,8,10,2,0.0,0.346,1,15.3,116.4,0.5,0.296,17,0.281,24.0,2,5,10,1,17,25.0,10,2,2.8,14,115.6,96.93,17,79,0.053,130.4,12.0,97.73,11,5,97.73,0.114,2,130.4,3,0.16,14.8,5,4,2.7,2,11,0.563,0.141,64.0,0.0,6.0,0.234,86.0,15.0,13.0,24.0,0.706,0.0,0.118,0.556,0.353,17.0,5.0,2.0,12.0,0.0,0.0,0.0,0.0,0.0,9.0,0.0,6.0,4.41,0.0,0.316,1.0,4.0,4.62,0.0,44.0,30.0,95.0,0.0,7.3,0.0,0.8,6.0,0.0,5.0,0.8,6.2,0.0,0.25,6.2,0.25,1.0,0.0,3.0,3.0,1.0,1.0,0.0,0.0,0.0,1.0,0.8,0.0,0.667,1.0,0.0,0.5,,1.0,2.0,0.083,OKC,0.0,0.5,0.083,0.0,1.0,1.0,0.5,2.0,12.0,0.0,4.0,0.333,0.333,,0.0,12.0,0.5,0.5,0.0,4.0,0.333,0.0,5.0,0.625,3.0,0.125,0.625,0.333,5.0,0.0,8.0,0.208,5.0,1.0,2.0,1.0,0.0,0.0,2.0,2.0,0.083,2.0,0.0,1.0,0.083,1.0,,9,18,0.0,0.5,0.0,18,0.5,2.0,0.0,0.667,0.0,0.0,4.0,0.0,0.5,0.0,0.0,2.0,6.0,0.75,0.0,0.0,0.0,11.0,0.0,4.0,3.0,0.0,0.0,0.0,0.0,0.0,0.333,0.636,0.0,0.0,3.0,0.0,0.0,7.0,0.0,G,0.5,-0.175,0.339,0.675,38.0,19.0,0.6,,1.0,0.0,3.0,,6.0,0.0,0.0,7.0,0.0,4.0,0.0,,0.571,0.667,OKC,5.0,2.0,0.0,0.0,0.0,3.0,0.0,1.0,4.0,0.0,0.5,1,0.0,0.0,1.0,0,0.0,0.5,7.0,0.471,14.0,0.029,9.0,5.0,0.174,0.643,0.556,0.381,5.0,2.0,0.534,-0.134,0.4,0.357,0.354,2.0,2.0,1.0,0.646,0.143,2.0,0.143,0.399,2.0,0.601,1.0,0.857,5.0,0.383,0.034,0.417,12.0,1.0,1.0,1.0,3.0,0.0,1.0,5.0,1.0,0.0,0.0,0.0,1.0,1.0,0.0,1.0,1.0,0.0,0.0,1.0,OKC,0.0,8.0,0.0,0.0,0.0,0.0,0.0,0.0,0.0,0.0,0.0,0.0,0.0,0.0,0.0,OKC,0.0,0.0,95.0,0.0,0.0,3.96,1.1,,2.7,14052.0,3.45,1.5,4.13,2026,20260520,True,42500312,SAS,OKC,1610612759,OKC_SAS_2026
1631114,Jalen Williams,Jalen,1610612760,OKC,25.0,1,1,0,1.0,7.3,2,4,0.5,0,0,0.0,0,0,0.0,0,1,1,0,0,2,0,0,0,0,4,2,11.2,0,0,9.0,1,1,1,1,20,14,15,7,13,17,13,14,15,14,14,14,17,18,14,3,6,1,1,18,18,8,16,3,1,17,1,98,5,0.0,20.0,14,12,1,84.93,18,100.0,121.0,9,10,7,0.0,0.0,12,11.7,109.3,0.5,0.269,7,0.267,4.0,18,2,1,15,11,0.0,15,3,0.0,14,100.0,97.05,7,15,0.077,120.0,2.0,101.92,2,4,101.92,0.111,3,120.0,9,0.167,20.0,2,5,0.0,7,2,0.5,0.0,7.0,0.0,0.0,0.0,9.0,0.0,1.0,0.0,0.5,0.0,0.0,0.5,0.25,4.0,1.0,0.0,2.0,1.0,0.25,0.0,0.0,0.0,2.0,0.0,1.0,4.92,0.0,0.333,0.0,0.0,4.65,2.0,3.0,4.0,12.0,0.0,0.9,1.0,1.0,1.0,0.0,1.0,1.0,8.8,0.0,0.0,8.8,0.0,0.0,0.0,1.0,1.0,0.0,0.0,0.0,0.0,0.0,0.0,1.0,0.0,1.0,0.0,,,,,,,,,,,,,,,,2.0,0.0,0.0,0.0,0.0,,0.0,2.0,0.5,0.5,0.0,0.0,0.0,,2.0,1.0,0.0,0.0,1.0,0.5,2.0,0.0,2.0,0.5,2.0,1.0,,,,,,,,,,,,,,1,2,,0.333,,3,0.333,,2.0,0.0,0.0,0.0,0.0,1.0,0.5,0.0,0.0,0.0,1.0,1.0,0.0,0.0,0.0,2.0,,1.0,1.0,,0.0,,,,0.0,0.5,,0.0,0.0,0.0,0.0,1.0,0.0,G-F,0.818,0.165,0.355,0.653,11.0,9.0,1.0,,0.0,,1.0,,2.0,0.0,,0.0,,0.0,0.0,,0.0,0.5,OKC,1.0,1.0,,,,0.0,0.0,0.0,1.0,0.0,0.0,0,,,,0,,0.5,1.0,0.536,2.0,-0.036,1.0,0.0,-0.378,0.5,0.0,0.378,1.0,1.0,0.636,0.364,1.0,0.5,0.341,1.0,1.0,1.0,0.659,0.5,1.0,0.5,0.359,1.0,0.641,1.0,0.5,0.0,0.404,-0.404,0.0,1.0,0.0,0.0,0.0,0.0,0.0,0.0,1.0,0.0,0.0,0.0,0.0,0.0,0.0,0.0,0.0,0.0,0.0,0.0,0.0,OKC,2.0,1.0,0.0,0.0,0.0,0.0,0.0,0.0,0.0,0.0,0.0,0.0,0.0,0.0,0.0,OKC,0.0,0.0,12.0,0.0,0.0,4.74,0.2,,0.6,2993.0,3.25,0.3,4.61,2026,20260520,True,42500312,SAS,OKC,1610612759,OKC_SAS_2026
1629652,Luguentz Dort,Luguentz,1610612760,OKC,27.0,1,1,0,1.0,16.066666666666666,3,4,0.75,1,2,0.5,1,2,0.5,2,1,3,3,1,0,0,0,2,1,8,-10,15.1,0,0,15.0,1,1,1,1,14,13,15,2,9,11,4,12,7,11,5,14,11,6,7,12,6,1,11,11,13,17,14,3,1,14,1,98,20,3.0,-24.2,13,21,15,77.18,3,137.5,118.2,14,5,14,0.154,0.273,2,-26.5,144.7,0.875,0.179,22,0.176,4.0,4,19,15,15,6,33.3,6,14,11.1,5,137.5,88.37,22,30,0.115,113.3,3.0,92.61,20,9,92.61,0.077,13,113.3,12,0.109,-24.2,19,18,11.3,14,20,0.82,0.188,16.0,0.0,0.0,0.188,16.0,3.0,6.0,7.0,1.0,0.5,0.0,1.0,0.4,5.0,2.0,0.0,5.0,0.0,0.0,0.2,1.0,2.0,2.0,1.0,2.0,1.55,0.0,0.364,0.0,0.0,1.96,0.0,17.0,8.0,22.0,0.0,0.7,1.0,1.0,4.0,5.4,1.0,0.75,5.2,0.0,0.667,4.9,1.0,0.0,0.667,1.0,0.0,2.0,3.0,1.0,1.0,0.5,1.0,1.0,0.667,0.75,0.0,,,,,,,,,,,,,,,,,,,,,,,,,,,,,0.0,1.0,0.5,1.0,0.25,0.5,0.5,1.0,0.0,2.0,0.25,1.0,1.0,1.0,1.0,0.25,1.0,2.0,2.0,0.5,1.0,1.0,1.25,0.25,1.0,1.0,2,4,0.0,1.0,,2,1.0,0.0,0.0,0.0,0.0,3.0,0.0,0.0,0.875,0.5,0.0,2.0,2.0,0.0,1.0,0.0,0.0,0.0,0.0,0.0,0.0,0.0,1.0,0.0,0.0,0.0,1.0,0.0,0.0,1.0,1.0,1.0,1.0,0.0,1.0,G,0.692,0.029,0.361,0.663,26.0,18.0,0.0,,0.0,,0.0,,2.0,1.0,,0.0,0.0,0.0,0.0,,0.0,1.0,OKC,0.0,0.0,0.0,,0.0,1.0,1.0,1.0,2.0,0.0,0.0,2,0.5,0.75,2.0,1,1.0,0.5,2.0,0.511,4.0,-0.011,2.0,0.0,-0.359,0.5,0.0,0.359,2.0,2.0,0.572,0.428,1.0,0.5,0.354,2.0,2.0,1.0,0.646,0.5,2.0,0.5,0.399,2.0,0.601,1.0,0.5,0.0,0.364,-0.364,0.0,2.0,0.0,0.0,0.0,1.0,0.0,1.0,1.0,0.0,0.0,0.0,0.0,0.0,0.0,0.0,2.0,0.0,0.0,0.0,2.0,OKC,0.0,2.0,0.0,0.0,0.0,0.0,0.0,0.0,0.0,0.0,0.0,0.0,0.0,0.0,0.0,OKC,0.0,0.0,22.0,0.0,0.0,4.28,0.5,,1.2,6323.0,3.89,0.7,4.6,2026,20260520,True,42500312,SAS,OKC,1610612759,OKC_SAS_2026
1631119,Jaylin Williams,Jaylin,1610612760,OKC,23.0,1,1,0,1.0,9.806666666666668,2,6,0.333,2,6,0.333,0,0,0.0,0,3,3,2,0,0,0,0,2,0,6,-5,12.6,0,0,13.0,1,1,1,1,19,14,13,16,6,5,9,14,15,14,14,6,11,10,14,12,6,1,11,18,15,15,15,3,1,15,1,98,21,0.0,-23.8,14,15,1,85.66,4,133.3,113.2,1,10,17,0.0,0.333,12,-35.1,148.3,0.5,0.269,6,0.25,6.0,3,18,1,13,3,25.0,15,3,0.0,14,133.3,95.93,6,21,0.158,109.5,2.0,102.79,18,10,102.79,0.333,4,109.5,17,0.097,-23.8,18,21,0.0,17,18,0.5,0.08,25.0,0.0,1.0,0.12,24.0,3.0,3.0,6.0,0.0,0.0,0.0,0.0,1.0,1.0,0.0,0.0,0.0,0.0,0.0,0.0,0.0,0.0,0.0,0.0,1.0,0.21,0.0,0.182,0.0,0.0,1.09,0.0,22.0,6.0,33.0,0.0,0.6,0.0,0.375,8.0,0.0,8.0,0.375,3.4,0.0,0.667,3.4,0.667,0.0,0.0,1.0,1.0,2.0,0.0,0.0,0.0,0.0,2.0,0.375,0.0,0.375,0.0,,,,,,,,,,,,,,,,,,,,,,,,,,,,,,,,,,,,,,,,,,0.0,0.333,1.0,6.0,2.0,6.0,1.0,0.0,2.0,0.5,0.0,,0.333,0,0,0.0,,,0,,0.0,0.0,0.0,0.0,6.0,0.0,0.0,0.5,0.333,0.0,0.0,0.0,0.0,1.0,1.0,0.333,0.0,0.0,0.0,0.0,0.0,1.0,1.0,0.0,0.0,0.0,0.0,0.0,0.5,3.0,2.0,0.333,0.0,3.0,F,0.481,-0.183,0.365,0.664,27.0,13.0,0.0,,0.0,,0.0,,0.0,2.0,,0.0,0.0,0.0,0.0,,0.0,0.0,OKC,0.0,0.0,0.0,,0.0,0.0,0.333,6.0,0.0,0.0,0.0,6,0.333,0.5,6.0,2,2.0,0.625,5.0,0.509,8.0,0.116,2.0,2.0,0.636,0.25,1.0,0.364,6.0,3.0,0.577,-0.077,0.5,0.75,-0.16,4.0,2.0,0.5,0.66,0.5,2.0,0.5,-0.125,4.0,0.625,0.5,0.375,3.0,0.37,0.63,1.0,3.0,1.0,2.0,2.0,3.0,0.0,0.0,2.0,2.0,0.0,0.0,0.0,1.0,1.0,0.0,0.0,2.0,0.0,0.0,0.0,OKC,0.0,5.0,0.0,0.0,0.0,0.0,0.0,0.0,0.0,0.0,0.0,0.0,0.0,0.0,0.0,OKC,0.0,0.0,33.0,0.0,0.0,4.09,0.3,,0.7,3648.0,3.81,0.4,4.35,2026,20260520,True,42500312,SAS,OKC,1610612759,OKC_SAS_2026
1630598,Aaron Wiggins,Aaron,1610612760,OKC,27.0,1,1,0,1.0,0.175,0,0,0.0,0,0,0.0,0,0,0.0,0,0,0,0,0,0,0,0,0,0,0,0,0.0,0,0,0.0,1,1,1,1,22,20,21,20,13,17,13,14,15,14,14,17,20,18,14,12,6,1,1,18,20,12,22,3,1,22,1,98,1,0.0,0.0,20,22,1,114.29,18,0.0,0.0,17,20,22,0.0,0.0,12,0.0,0.0,0.0,0.0,1,0.0,0.0,18,10,1,21,20,0.0,20,22,0.0,14,0.0,0.0,1,1,0.0,0.0,0.0,137.14,1,19,137.14,0.0,22,0.0,22,0.0,0.0,10,10,0.0,22,1,0.0,0.0,0.0,0.0,0.0,0.0,0.0,0.0,0.0,0.0,0.0,0.0,0.0,0.0,0.0,0.0,0.0,0.0,0.0,0.0,0.0,0.0,0.0,0.0,0.0,0.0,0.0,0.0,0.0,0.0,0.0,0.0,0.0,0.0,0.0,0.0,0.0,0.0,0.0,0.0,,,,,,,,,,,,,,,,,,,,,,,,,,,,,,,,,,,,,,,,,,,,,,,,,,,,,,,,,,,,,,,,,,,,,,,,,,,,,,,0,0,,,,0,,,0.0,0.0,0.0,0.0,0.0,0.0,0.0,0.0,0.0,,,,,,,,,,,,,,,,,,,,,,,,,G,0.8,0.147,0.313,0.653,5.0,4.0,,,,,,,,,,,,,,,,,,,,,,,,,,,,,0,,,,0,,,,,,,,,,,,,,,,,,,,,,,,,,,,,,,,,,,,,,,,,,,,,,,,,,,,,,,,,,,0.0,0.0,0.0,0.0,0.0,0.0,0.0,0.0,0.0,0.0,0.0,0.0,0.0,OKC,0.0,0.0,0.0,0.0,0.0,0.0,0.0,,0.0,54.0,0.0,0.0,0.0,2026,20260520,True,42500312,SAS,OKC,1610612759,OKC_SAS_2026
1642349,Ajay Mitchell,Ajay,1610612760,OKC,23.0,1,1,0,1.0,28.2,4,8,0.5,0,2,0.0,2,2,1.0,0,0,0,2,3,4,1,0,0,1,10,11,25.0,0,0,22.0,1,1,1,1,6,8,9,7,13,11,13,6,7,1,14,17,20,10,3,1,3,1,1,11,10,3,9,3,1,9,1,98,4,0.67,18.6,8,8,19,83.69,14,106.8,127.5,17,10,5,0.0,0.087,11,20.6,106.9,0.5,0.18,12,0.176,8.0,13,3,19,9,20,14.3,10,13,21.4,14,106.8,99.57,12,59,0.0,125.4,4.0,100.43,5,15,100.43,0.0,13,125.4,5,0.079,18.6,3,2,21.6,5,5,0.563,0.05,40.0,0.0,2.0,0.1,43.0,4.0,5.0,5.0,0.889,1.0,0.0,0.6,0.222,9.0,3.0,0.0,8.0,1.0,0.111,0.111,1.0,2.0,5.0,2.0,2.0,5.67,0.0,0.192,2.0,1.0,4.8,2.0,17.0,10.0,52.0,0.0,4.2,1.0,,,,,,,,,,,,,,,,,,,,,,,,,0.0,0.667,,2.0,3.0,0.375,OKC,0.0,0.667,0.375,0.0,2.0,1.0,0.667,3.0,3.0,0.0,2.0,0.667,0.667,,0.0,3.0,0.375,0.375,0.0,2.0,0.667,0.0,0.0,0.0,1.0,0.125,0.0,0.125,0.0,0.0,1.0,0.0,0.0,,0.0,0.0,0.125,1.0,0.0,1.0,0.125,0.0,0.0,0.0,0.0,,0.0,2,4,0.0,0.5,0.0,4,0.5,1.0,2.0,0.0,0.0,0.0,2.0,1.0,0.5,0.0,0.0,2.0,3.0,0.667,0.0,0.0,0.0,0.0,0.0,3.0,2.0,0.0,0.0,0.0,0.0,0.0,0.667,0.0,0.0,0.0,1.0,1.0,0.0,0.0,1.0,G,0.429,-0.202,0.315,0.631,35.0,15.0,0.667,0.0,1.0,,2.0,0.0,1.0,0.0,,0.0,0.0,0.0,0.0,0.0,0.0,1.0,OKC,3.0,2.0,0.0,,0.0,1.0,0.0,1.0,1.0,0.0,0.5,1,0.0,0.0,1.0,0,0.0,0.333,4.0,0.479,12.0,-0.146,2.0,1.0,0.122,0.167,0.5,0.378,10.0,3.0,0.545,-0.245,0.3,0.833,-0.323,7.0,2.0,0.286,0.609,0.583,2.0,0.583,-0.301,7.0,0.586,0.286,0.333,1.0,0.393,-0.143,0.25,4.0,0.0,0.0,0.0,3.0,0.0,0.0,1.0,0.0,0.0,0.0,0.0,0.0,0.0,0.0,0.0,0.0,0.0,0.0,0.0,OKC,5.0,4.0,0.0,0.0,0.0,0.0,0.0,0.0,0.0,0.0,0.0,0.0,0.0,0.0,0.0,OKC,0.0,0.0,52.0,0.0,0.0,4.59,1.0,,2.3,11898.0,4.01,1.2,4.77,2026,20260520,True,42500312,SAS,OKC,1610612759,OKC_SAS_2026
1627936,Alex Caruso,Alex,1610612760,OKC,32.0,1,1,0,1.0,25.45,5,7,0.714,3,4,0.75,4,4,1.0,1,2,3,5,0,1,0,1,1,2,17,18,31.1,0,0,30.0,1,1,1,1,11,5,12,3,3,8,2,2,2,1,7,10,11,4,14,5,6,16,6,5,5,1,5,3,1,6,1,98,2,0.0,29.1,5,6,1,84.87,2,100.0,132.5,12,4,4,0.034,0.263,12,31.5,100.9,0.929,0.14,8,0.138,7.0,5,1,1,12,15,35.7,4,16,0.0,12,100.0,100.07,8,55,0.058,129.1,5.0,101.85,2,1,101.85,0.087,16,129.1,2,0.207,29.1,1,1,0.0,4,2,0.97,0.152,33.0,0.0,0.0,0.152,25.0,5.0,5.0,11.0,2.0,1.0,0.0,0.0,0.0,2.0,0.0,0.0,4.0,0.0,0.0,1.0,2.0,4.0,0.0,4.0,0.0,0.79,0.0,0.405,1.0,2.0,1.65,1.0,22.0,17.0,42.0,0.0,1.2,2.0,0.5,6.0,20.5,4.0,0.5,10.8,0.0,0.0,6.0,0.0,0.0,0.5,3.0,2.0,0.0,2.0,0.0,1.0,0.0,0.0,0.5,0.5,0.5,0.0,,,,,,,,,,,,,,,,2.0,0.0,1.0,0.5,0.5,,0.0,2.0,0.286,0.286,0.0,1.0,0.5,0.5,1.0,0.75,2.0,0.286,0.5,0.286,0.0,1.0,2.0,0.0,0.0,,1.0,1.0,0.286,2.0,3.0,3.0,0.429,1.0,2.0,1.333,0.143,1.0,1.0,1,2,0.0,0.5,0.0,2,0.5,1.0,2.0,0.5,0.0,9.0,2.0,0.5,0.929,1.0,0.0,0.0,0.0,0.5,2.0,1.0,0.5,1.0,1.0,2.0,1.0,0.0,1.0,1.0,1.0,0.0,0.0,1.0,0.0,1.0,2.0,1.0,1.0,1.0,2.0,G,0.633,-0.031,0.353,0.664,30.0,19.0,0.5,0.0,0.0,0.0,1.0,0.0,1.0,2.0,0.0,0.0,0.0,0.0,1.0,0.0,0.0,1.0,OKC,2.0,0.0,0.0,1.0,0.0,1.0,1.0,2.0,1.0,1.0,0.0,3,1.0,1.5,3.0,3,3.0,0.3,3.0,0.471,10.0,-0.171,7.0,1.0,-0.226,0.7,0.143,0.369,3.0,2.0,0.544,0.123,0.667,0.3,0.039,3.0,2.0,0.667,0.627,0.3,2.0,0.3,0.078,3.0,0.588,0.667,0.7,1.0,0.378,-0.235,0.143,7.0,0.0,0.0,0.0,0.0,2.0,0.0,2.0,0.0,0.0,0.0,1.0,0.0,0.0,0.0,0.0,0.0,0.0,0.0,0.0,OKC,1.0,2.0,0.0,0.0,0.0,0.0,0.0,0.0,0.0,0.0,0.0,0.0,0.0,0.0,0.0,OKC,0.0,0.0,42.0,0.0,0.0,4.44,0.9,,2.0,10640.0,4.22,1.1,4.62,2026,20260520,True,42500312,SAS,OKC,1610612759,OKC_SAS_2026
1642272,Jared McCain,Jared,1610612760,OKC,22.0,1,1,0,1.0,25.80666666666667,4,14,0.286,3,9,0.333,1,2,0.5,4,2,6,3,0,2,0,0,0,1,12,9,29.7,0,0,28.0,1,1,1,1,10,8,4,18,3,2,9,12,7,11,4,10,3,6,14,3,6,1,1,11,7,5,7,3,1,7,1,98,15,0.0,14.1,8,7,1,84.47,12,122.2,134.6,12,18,1,0.154,0.13,12,7.1,127.5,0.393,0.234,9,0.231,14.0,12,6,1,4,5,16.7,18,6,0.0,5,122.2,99.96,9,55,0.122,136.4,4.0,101.37,15,16,101.37,0.087,6,136.4,1,0.072,14.1,6,8,0.0,1,15,0.403,0.1,30.0,0.0,1.0,0.133,31.0,4.0,4.0,6.0,0.333,0.5,0.111,0.333,0.556,9.0,1.0,1.0,3.0,0.0,0.0,0.111,1.0,2.0,3.0,1.0,5.0,2.93,0.0,0.261,1.0,1.0,2.99,0.0,28.0,12.0,46.0,0.0,2.3,2.0,0.4,9.0,12.3,5.0,0.857,11.3,2.0,0.0,9.2,0.0,0.0,1.0,6.0,2.0,0.0,4.0,0.0,4.0,0.0,0.0,0.667,1.0,0.667,2.0,,,,,,,,,,,,,,,,4.0,0.0,1.0,0.25,0.25,,0.0,4.0,0.286,0.286,0.0,1.0,0.25,0.333,1.0,0.375,3.0,0.214,0.25,0.286,1.0,1.0,4.0,0.071,0.0,0.0,0.0,0.333,0.429,6.0,2.0,6.0,0.429,0.0,2.0,0.5,0.0,,0.333,1,2,0.0,0.5,0.0,2,0.5,1.0,0.0,0.0,0.0,9.0,1.0,0.0,0.393,0.375,0.0,1.0,3.0,0.0,1.0,2.0,0.4,0.0,0.0,2.0,0.0,0.0,1.0,1.0,0.0,0.0,0.333,0.0,0.0,0.333,5.0,3.0,0.25,0.0,4.0,G,0.7,0.054,0.278,0.647,10.0,7.0,0.0,0.0,0.0,0.0,0.0,0.0,1.0,1.0,0.0,0.0,0.0,0.0,0.4,0.0,0.0,1.0,OKC,4.0,0.0,0.0,0.0,0.0,5.0,0.25,4.0,1.0,2.0,0.0,8,0.375,0.563,8.0,3,3.0,0.667,6.0,0.461,9.0,0.206,5.0,3.0,0.229,0.556,0.6,0.371,4.0,3.0,0.555,0.196,0.75,0.444,0.382,1.0,1.0,1.0,0.618,0.111,2.0,0.222,0.389,2.0,0.611,1.0,0.778,4.0,0.377,0.194,0.571,7.0,0.0,0.0,0.0,3.0,0.0,1.0,2.0,0.0,0.0,0.0,0.0,0.0,0.0,0.0,2.0,0.0,0.0,0.0,2.0,OKC,1.0,5.0,0.0,0.0,0.0,0.0,0.0,0.0,0.0,0.0,0.0,0.0,0.0,0.0,0.0,OKC,0.0,0.0,46.0,0.0,0.0,4.58,1.0,,2.1,11318.0,4.72,1.2,4.89,2026,20260520,True,42500312,SAS,OKC,1610612759,OKC_SAS_2026
1641717,Cason Wallace,Cason,1610612760,OKC,22.0,1,1,0,1.0,24.776666666666667,4,6,0.667,4,6,0.667,0,0,0.0,1,3,4,4,0,4,0,0,2,2,12,-3,34.8,0,0,32.0,1,1,1,1,13,8,13,4,2,5,3,14,15,14,7,6,7,5,14,1,6,1,11,5,7,14,4,3,1,5,1,98,13,0.0,-5.8,8,9,1,83.95,1,119.2,116.3,6,1,13,0.032,0.235,12,-4.5,120.8,1.0,0.094,10,0.091,6.0,8,12,1,13,12,40.0,1,19,0.0,13,119.2,98.84,10,52,0.075,113.5,4.0,100.74,13,3,100.74,0.136,19,113.5,13,0.174,-5.8,12,14,0.0,13,13,1.0,0.111,36.0,0.0,0.0,0.111,29.0,4.0,7.0,8.0,0.0,0.0,0.0,0.0,1.0,2.0,0.0,0.0,0.0,0.0,0.0,0.0,0.0,0.0,0.0,0.0,2.0,1.33,0.0,0.286,0.0,1.0,2.07,0.0,21.0,12.0,42.0,0.0,1.4,1.0,0.6,7.0,22.7,5.0,0.667,10.3,1.0,0.25,6.2,0.333,0.0,0.5,3.0,2.0,1.0,2.0,0.0,1.0,0.0,1.0,0.75,0.5,0.571,1.0,,,,,,,,,,,,,,,,,,,,,,,,,,,,,1.0,1.0,1.5,1.0,0.167,1.0,0.167,0.0,1.0,1.0,0.0,0.0,,0.0,0.6,0.833,5.0,3.0,5.0,0.833,0.0,3.0,0.9,0.0,,0.6,0,0,0.0,,,0,,0.0,0.0,0.0,0.0,12.0,0.0,0.0,1.0,0.667,0.0,0.0,0.0,0.0,2.0,2.0,0.667,0.0,1.0,0.0,0.0,0.0,1.0,2.0,0.5,0.0,0.0,0.0,0.0,1.0,3.0,1.0,0.667,0.0,3.0,G,0.605,-0.055,0.365,0.66,38.0,23.0,0.0,,0.0,0.0,0.0,,0.0,3.0,0.0,0.0,0.0,0.0,0.5,,0.0,0.0,OKC,0.0,0.0,0.0,0.0,0.0,2.0,0.75,4.0,0.0,1.0,0.0,5,0.6,0.9,5.0,3,3.0,0.875,7.0,0.503,8.0,0.373,3.0,2.0,0.302,0.375,0.667,0.365,5.0,5.0,0.57,0.43,1.0,0.625,0.372,4.0,4.0,1.0,0.628,0.5,4.0,0.5,0.398,4.0,0.603,1.0,0.375,2.0,0.367,0.3,0.667,3.0,0.0,0.0,0.0,0.0,0.0,1.0,2.0,0.0,0.0,0.0,0.0,0.0,0.0,0.0,2.0,0.0,1.0,0.0,2.0,OKC,11.0,2.0,0.0,0.0,0.0,0.0,0.0,0.0,0.0,0.0,0.0,0.0,0.0,0.0,0.0,OKC,0.0,0.0,42.0,0.0,0.0,4.5,0.9,,2.0,10381.0,4.43,1.1,4.55,2026,20260520,True,42500312,SAS,OKC,1610612759,OKC_SAS_2026
1631096,Chet Holmgren,Chet,1610612760,OKC,24.0,1,1,0,1.0,26.96333333333333,5,10,0.5,0,2,0.0,3,4,0.75,1,3,4,2,1,0,0,2,2,3,13,6,19.8,0,0,19.0,1,1,1,1,8,5,7,7,13,11,13,4,2,9,7,6,7,10,7,12,6,21,11,4,6,6,11,3,1,10,1,98,10,2.0,17.7,5,17,13,80.85,14,112.5,130.6,10,10,3,0.048,0.083,4,15.5,115.1,0.5,0.21,18,0.197,10.0,14,4,13,7,10,14.3,12,9,7.1,11,112.5,95.74,18,53,0.082,130.2,5.0,97.02,9,14,97.02,0.107,9,130.2,4,0.082,17.7,4,3,6.8,3,9,0.553,0.083,24.0,0.0,0.0,0.083,20.0,2.0,2.0,5.0,0.714,0.0,0.143,0.667,0.143,7.0,2.0,1.0,5.0,2.0,0.286,0.0,0.0,0.0,3.0,0.0,1.0,0.57,0.0,0.351,0.0,1.0,1.68,0.4,21.0,13.0,37.0,0.0,1.0,5.0,0.429,11.0,5.0,7.0,0.444,4.2,1.0,0.75,4.0,0.667,1.0,0.25,1.0,1.0,3.0,4.0,1.0,0.0,1.0,2.0,0.5,0.333,0.364,2.0,0.0,0.667,,2.0,3.0,0.3,OKC,0.0,0.667,0.3,0.0,2.0,1.0,0.667,3.0,3.0,0.0,1.0,0.333,0.333,,0.0,3.0,0.3,0.3,0.0,1.0,0.333,0.0,2.0,0.667,1.0,0.1,0.667,0.3,2.0,0.0,3.0,0.2,2.0,1.0,0.0,0.0,0.1,1.0,0.0,1.0,0.1,0.0,0.0,0.0,0.0,,0.0,0,0,0.0,0.0,,2,0.0,0.0,2.0,0.0,0.0,2.0,0.0,0.5,0.5,0.333,0.0,0.0,1.0,0.8,0.0,0.0,0.0,2.0,0.0,5.0,4.0,0.0,0.0,0.0,0.0,0.0,0.0,0.5,0.0,0.0,1.0,1.0,0.0,1.0,1.0,C-F,0.515,-0.142,0.407,0.657,68.0,35.0,0.8,,0.0,,4.0,,2.0,1.0,,0.0,0.0,0.0,0.0,,0.0,0.0,OKC,5.0,0.0,0.0,,0.0,1.0,0.5,2.0,0.0,0.0,0.0,3,0.0,0.333,2.0,1,0.0,0.111,1.0,0.483,9.0,-0.372,3.0,0.0,-0.37,0.333,0.0,0.37,6.0,1.0,0.57,-0.404,0.167,0.667,-0.388,5.0,1.0,0.2,0.588,0.556,1.0,0.556,-0.386,5.0,0.586,0.2,0.444,0.0,0.378,-0.378,0.0,4.0,1.0,1.0,1.0,4.0,0.0,0.0,2.0,1.0,0.0,0.0,0.0,1.0,1.0,0.0,0.0,1.0,0.0,0.0,0.0,OKC,0.0,6.0,0.0,0.0,0.0,0.0,0.0,0.0,0.0,0.0,0.0,0.0,0.0,0.0,0.0,OKC,0.0,0.0,37.0,0.0,0.0,4.4,1.0,,2.1,11209.0,4.16,1.1,4.64,2026,20260520,True,42500312,SAS,OKC,1610612759,OKC_SAS_2026
1628392,Isaiah Hartenstein,Isaiah,1610612760,OKC,28.0,1,1,0,1.0,27.336666666666662,4,8,0.5,0,0,0.0,2,4,0.5,8,5,13,3,3,0,0,1,4,2,10,2,27.1,1,0,26.0,1,1,1,1,7,8,9,7,13,17,13,6,2,11,1,2,2,6,3,12,6,16,19,5,10,8,8,1,1,8,1,98,8,1.0,5.9,8,20,17,78.28,11,111.1,115.9,3,10,12,0.25,0.167,6,2.4,113.6,0.5,0.192,21,0.194,8.0,10,9,17,9,1,18.8,14,11,18.8,1,111.1,93.34,21,53,0.236,117.0,4.0,93.94,8,13,93.94,0.217,11,117.0,14,0.088,5.9,9,9,19.0,12,8,0.512,0.071,42.0,0.0,0.0,0.071,32.0,3.0,7.0,8.0,0.0,0.0,0.0,0.0,0.5,2.0,0.0,0.0,0.0,1.0,0.5,0.0,0.0,0.0,0.0,0.0,1.0,0.55,0.0,0.189,0.0,9.0,1.63,0.4,37.0,10.0,53.0,0.0,1.4,10.0,0.833,18.0,7.4,6.0,0.765,6.9,0.0,0.538,5.9,0.2,1.0,0.615,6.0,4.0,7.0,13.0,6.0,2.0,0.75,1.0,0.833,0.667,0.722,1.0,,,,,,,,,,,,,,,,2.0,0.0,1.0,0.5,0.5,,0.0,2.0,0.25,0.25,0.0,1.0,0.5,,1.0,0.5,0.0,0.0,0.5,0.25,2.0,0.0,2.0,0.25,1.0,0.5,4.0,0.5,0.0,0.0,2.0,4.0,0.5,2.0,0.0,0.5,0.5,0.5,,1,2,,0.333,,3,0.333,,4.0,0.0,0.0,4.0,0.0,0.5,0.5,0.667,0.0,2.0,4.0,0.5,0.0,0.0,0.0,2.0,0.0,2.0,1.0,0.0,0.0,0.0,0.0,0.0,0.5,0.5,0.0,0.0,0.0,0.0,0.0,1.0,0.0,C-F,0.4,-0.293,0.424,0.693,50.0,20.0,0.5,0.0,1.0,0.0,1.0,0.0,4.0,0.0,0.0,1.0,0.0,0.0,0.0,0.0,0.0,0.5,OKC,2.0,1.0,0.0,0.0,0.0,0.0,0.0,0.0,2.0,0.0,1.0,3,,0.667,,2,,0.563,9.0,0.498,16.0,0.065,5.0,2.0,0.038,0.313,0.4,0.362,11.0,7.0,0.574,0.062,0.636,0.688,-0.041,9.0,6.0,0.667,0.707,0.563,6.0,0.563,0.022,9.0,0.645,0.667,0.313,2.0,0.373,0.027,0.4,5.0,0.5,5.0,6.0,8.0,7.0,1.0,2.0,5.0,0.0,0.0,3.0,0.833,0.833,3.0,1.0,3.0,0.0,0.5,1.0,OKC,0.0,10.0,0.0,0.0,0.0,0.0,0.0,0.0,0.0,0.0,0.0,0.0,0.0,0.0,0.0,OKC,0.0,0.0,53.0,0.0,0.0,4.12,0.9,,2.0,10479.0,4.0,1.1,4.24,2026,20260520,True,42500312,SAS,OKC,1610612759,OKC_SAS_2026
1630198,Isaiah Joe,Isaiah,1610612760,OKC,26.0,1,1,0,1.0,9.808333333333334,0,3,0.0,0,2,0.0,0,0,0.0,0,0,0,1,0,0,0,0,3,1,0,1,1.5,0,0,1.0,1,1,1,1,18,20,17,20,13,11,13,14,15,14,14,17,20,14,14,12,6,1,15,11,20,10,21,3,1,21,1,98,3,0.0,-9.3,20,3,1,87.68,4,105.0,103.8,17,20,19,0.0,0.143,12,-1.9,105.6,0.0,0.115,4,0.103,3.0,11,15,1,17,20,25.0,20,18,0.0,14,105.0,100.52,4,23,0.0,95.7,0.0,105.22,4,22,105.22,0.0,18,95.7,19,-0.13,-9.3,15,12,0.0,19,4,0.0,0.111,9.0,0.0,0.0,0.111,11.0,1.0,1.0,3.0,0.0,0.0,0.0,0.0,1.0,5.0,0.0,0.0,0.0,0.0,0.0,0.0,0.0,0.0,0.0,0.0,5.0,1.62,0.0,0.0,0.0,0.0,1.86,0.0,11.0,0.0,13.0,0.0,0.4,0.0,,,,,,,,,,,,,,,,,,,,,,,,,,,,,,,,,,,,,,,,,,,,,,,,,,,,,0.0,0.0,0.0,1.0,0.333,0.0,0.333,0.0,0.0,1.0,0.0,0.0,,1.0,0.0,0.333,1.0,0.0,2.0,0.667,0.0,0.0,0.0,0.333,0.0,0.0,0,0,0.0,,,0,,0.0,0.0,0.0,0.0,0.0,0.0,0.0,0.0,0.0,0.0,0.0,0.0,0.0,0.0,0.0,0.0,1.0,0.0,0.0,0.0,,0.0,1.0,0.0,,0.0,0.0,,0.0,0.0,1.0,0.0,0.0,2.0,G,0.6,-0.027,0.333,0.627,10.0,6.0,0.0,0.0,0.0,,0.0,0.0,0.0,0.0,,0.0,,0.0,0.0,0.0,0.0,0.0,OKC,0.0,0.0,,,,0.0,0.0,3.0,0.0,0.0,0.0,3,0.0,0.0,2.0,0,0.0,0.5,1.0,0.491,2.0,0.009,,,,,,,2.0,1.0,0.551,-0.051,0.5,1.0,-0.132,2.0,1.0,0.5,0.632,1.0,1.0,1.0,-0.092,2.0,0.592,0.5,,,,,,,0.0,0.0,0.0,0.0,0.0,1.0,0.0,0.0,0.0,0.0,0.0,0.0,0.0,0.0,1.0,0.0,0.0,0.0,1.0,OKC,0.0,0.0,0.0,0.0,0.0,0.0,0.0,0.0,0.0,0.0,0.0,0.0,0.0,0.0,0.0,OKC,0.0,0.0,13.0,0.0,0.0,5.2,0.4,,0.9,4700.0,4.96,0.5,5.4,2026,20260520,True,42500312,SAS,OKC,1610612759,OKC_SAS_2026
1631096,Chet Holmgren,Chet,1610612760,OKC,24.0,1,1,0,1.0,28.00333333333333,5,7,0.714,1,2,0.5,3,4,0.75,2,1,3,1,0,0,0,1,4,3,14,-2,19.1,0,0,19.0,1,1,1,1,8,6,9,5,9,13,6,6,6,8,1,15,12,11,15,9,7,22,24,6,8,17,11,2,1,11,1,99,13,0.0,-5.6,6,5,1,82.13,18,122.8,110.4,19,6,18,0.077,0.053,13,-12.4,122.8,0.786,0.136,18,0.138,7.0,19,16,1,9,17,10.0,6,21,0.0,3,122.8,101.65,18,58,0.058,117.2,5.0,98.56,13,14,98.56,0.038,20,117.2,20,0.083,-5.6,16,16,0.0,18,13,0.799,0.042,24.0,0.0,0.0,0.042,18.0,1.0,2.0,2.0,0.4,0.0,0.0,0.5,0.6,5.0,1.0,0.0,2.0,0.0,0.0,0.0,0.0,0.0,2.0,0.0,3.0,0.84,0.0,0.438,0.0,1.0,1.85,2.0,20.0,14.0,32.0,0.0,1.0,3.0,0.25,10.0,12.8,4.0,0.333,9.8,1.0,0.667,4.0,1.0,0.0,0.333,1.0,0.0,2.0,6.0,1.0,1.0,0.5,1.0,0.333,0.333,0.3,1.0,,,,,,,,,,,,,,,,5.0,1.0,4.0,0.8,0.667,0.0,0.143,6.0,0.714,0.857,0.0,4.0,0.667,1.0,1.0,1.5,1.0,0.143,1.0,0.143,0.0,1.0,1.0,0.0,0.0,,,,,,,,,,,,,,,1,2,0.0,0.5,,2,0.5,0.0,6.0,0.0,0.0,3.0,0.0,1.0,0.786,0.5,0.0,1.0,2.0,1.0,0.0,1.0,0.5,0.0,0.0,3.0,3.0,0.0,0.0,0.0,0.0,0.0,0.5,0.0,0.0,0.0,2.0,0.0,0.0,0.0,0.0,C-F,0.486,-0.17,0.409,0.657,72.0,35.0,1.0,,0.0,,3.0,,2.0,0.0,,0.0,0.0,0.0,0.5,,0.0,0.5,OKC,3.0,0.0,0.0,,0.0,2.0,0.0,0.0,1.0,1.0,0.0,2,0.5,0.75,2.0,1,1.0,0.222,2.0,0.487,9.0,-0.264,3.0,0.0,-0.355,0.333,0.0,0.355,6.0,2.0,0.565,-0.232,0.333,0.667,-0.655,4.0,0.0,0.0,0.655,0.444,1.0,0.556,-0.423,5.0,0.623,0.2,0.333,0.0,0.365,-0.365,0.0,3.0,0.0,0.0,0.0,4.0,4.0,0.0,3.0,0.0,0.0,0.0,2.0,0.0,0.0,0.0,0.0,0.0,0.0,0.0,0.0,OKC,0.0,7.0,0.0,0.0,0.0,0.0,0.0,0.0,0.0,0.0,0.0,0.0,0.0,0.0,0.0,OKC,0.0,0.0,32.0,0.0,0.0,4.41,1.0,,2.2,11754.0,4.52,1.3,4.67,2026,20260522,True,42500313,SAS,OKC,1610612759,OKC_SAS_2026
1641717,Cason Wallace,Cason,1610612760,OKC,22.0,1,1,0,1.0,28.175,3,8,0.375,2,6,0.333,3,4,0.75,1,4,5,4,0,3,0,0,3,3,11,8,32.0,0,0,28.0,1,1,1,1,7,10,7,15,4,3,11,6,6,8,5,7,4,4,15,2,7,1,19,6,10,6,5,2,1,8,1,99,6,0.0,15.9,10,14,1,81.63,8,105.2,120.5,11,13,14,0.037,0.222,13,18.7,101.8,0.5,0.159,20,0.156,8.0,8,6,1,7,11,28.6,12,18,0.0,12,105.2,99.8,20,57,0.086,121.1,3.0,97.96,7,9,97.96,0.129,17,121.1,14,0.126,15.9,6,5,0.0,14,7,0.564,0.129,31.0,0.0,1.0,0.161,26.0,5.0,6.0,10.0,0.25,0.5,0.25,0.0,0.75,4.0,0.0,1.0,1.0,0.0,0.0,0.25,1.0,2.0,0.0,1.0,3.0,2.38,0.0,0.244,0.0,2.0,2.66,2.0,19.0,11.0,45.0,0.0,2.0,1.0,1.0,7.0,17.1,4.0,0.714,12.2,0.0,0.2,11.0,0.25,0.0,0.333,4.0,3.0,1.0,3.0,0.0,1.0,0.0,1.0,1.0,0.333,0.714,0.0,,,,,,,,,,,,,,,,1.0,1.0,1.0,1.0,0.5,0.0,0.125,2.0,0.125,0.25,0.0,1.0,0.5,0.0,0.0,0.0,1.0,0.125,0.0,0.25,1.0,0.0,2.0,0.125,0.0,0.0,0.0,0.5,0.5,4.0,2.0,4.0,0.5,0.0,2.0,0.75,0.0,,0.5,0,0,0.0,0.0,0.0,2,0.0,1.0,2.0,0.0,0.0,6.0,0.0,1.0,0.5,0.4,0.0,0.0,0.0,1.0,1.0,1.0,0.25,1.0,1.0,1.0,1.0,0.0,0.0,2.0,0.5,0.0,0.0,0.0,0.0,0.0,4.0,0.0,0.5,0.0,2.0,G,0.651,-0.007,0.355,0.658,43.0,28.0,1.0,0.0,0.0,0.0,1.0,0.0,0.0,1.0,0.0,1.0,0.0,0.0,0.25,0.0,0.0,0.0,OKC,1.0,0.0,0.0,0.0,0.0,4.0,0.5,2.0,0.0,1.0,0.0,5,0.4,0.6,5.0,2,2.0,0.529,9.0,0.491,17.0,0.038,8.0,3.0,0.034,0.471,0.375,0.341,9.0,6.0,0.564,0.103,0.667,0.529,0.356,5.0,5.0,1.0,0.644,0.294,6.0,0.471,0.134,8.0,0.616,0.75,0.529,3.0,0.356,-0.022,0.333,9.0,1.0,1.0,1.0,1.0,0.0,1.0,4.0,1.0,0.0,0.0,0.0,1.0,1.0,0.0,1.0,1.0,0.0,0.0,1.0,OKC,5.0,5.0,0.0,0.0,0.0,0.0,0.0,0.0,0.0,0.0,0.0,0.0,0.0,0.0,0.0,OKC,0.0,0.0,45.0,0.0,0.0,4.38,1.0,,2.2,11460.0,4.01,1.1,4.35,2026,20260522,True,42500313,SAS,OKC,1610612759,OKC_SAS_2026
1628983,Shai Gilgeous-Alexander,Shai,1610612760,OKC,27.0,1,1,0,1.0,36.196666666666665,6,17,0.353,2,4,0.5,12,12,1.0,0,2,2,12,2,0,1,2,2,9,26,11,47.4,1,0,44.0,1,1,1,1,2,4,2,16,4,10,6,1,2,1,13,12,15,1,3,9,3,28,13,1,1,4,1,1,1,1,1,99,10,6.0,8.4,4,10,17,81.78,6,115.3,120.7,18,17,13,0.0,0.545,2,8.4,112.3,0.412,0.289,19,0.276,17.0,2,7,17,2,20,33.3,11,5,5.6,13,115.3,100.62,19,76,0.028,123.7,6.0,98.13,11,5,98.13,0.057,4,123.7,13,0.167,8.4,7,6,5.5,13,11,0.583,0.214,56.0,2.0,1.0,0.268,81.0,15.0,24.0,34.0,0.444,1.0,0.167,0.5,0.611,18.0,3.0,3.0,8.0,0.0,0.0,0.056,1.0,2.0,6.0,2.0,11.0,5.7,1.0,0.295,2.0,1.0,5.83,0.0,43.0,26.0,88.0,0.0,8.6,0.0,0.4,6.0,0.0,5.0,0.333,3.4,0.0,0.5,3.4,0.5,0.0,0.0,1.0,1.0,1.0,1.0,0.0,0.0,0.0,1.0,0.4,0.0,0.333,0.0,,,,,,,,,,,,,,,,7.0,0.0,2.0,0.286,0.286,,0.0,7.0,0.412,0.412,0.0,2.0,0.286,0.333,2.0,0.313,3.0,0.176,0.25,0.471,5.0,1.0,8.0,0.294,1.0,0.2,1.0,1.0,0.059,1.0,2.0,2.0,0.118,1.0,1.0,1.25,0.059,1.0,1.0,4,9,1.0,0.333,0.333,12,0.375,3.0,0.0,1.0,0.0,3.0,2.0,0.0,0.412,1.0,0.0,4.0,7.0,0.0,0.0,2.0,0.5,4.0,0.0,2.0,0.0,0.0,0.0,0.0,0.0,0.0,0.571,0.0,0.0,0.0,4.0,0.0,0.0,0.0,0.0,G,0.512,-0.158,0.35,0.67,41.0,21.0,0.0,,3.0,0.0,0.0,,4.0,1.0,0.0,3.0,0.0,0.0,0.333,,0.0,0.25,OKC,2.0,4.0,0.0,0.0,0.0,3.0,1.0,1.0,1.0,1.0,0.75,1,1.0,1.5,1.0,1,1.0,0.4,2.0,0.442,5.0,-0.042,2.0,0.0,-0.366,0.4,0.0,0.366,3.0,2.0,0.531,0.136,0.667,0.6,0.046,3.0,2.0,0.667,0.621,0.6,2.0,0.6,0.071,3.0,0.596,0.667,0.4,0.0,0.363,-0.363,0.0,2.0,1.0,1.0,1.0,1.0,0.0,0.0,1.0,1.0,0.0,0.0,0.0,1.0,1.0,0.0,0.0,1.0,0.0,0.0,0.0,OKC,1.0,2.0,1.0,1.0,0.0,0.0,0.0,1.0,1.0,0.0,1.0,0.0,0.0,0.0,0.0,OKC,0.0,0.0,88.0,0.0,0.0,4.06,1.0,,2.6,13534.0,3.44,1.5,4.28,2026,20260522,True,42500313,SAS,OKC,1610612759,OKC_SAS_2026
1629026,Kenrich Williams,Kenrich,1610612760,OKC,31.0,1,1,0,1.0,1.5,2,2,1.0,1,1,1.0,0,0,0.0,1,0,1,0,0,0,0,0,0,0,5,0,6.2,0,0,7.0,1,1,1,1,26,11,18,1,9,15,1,13,13,13,5,20,18,21,15,9,7,1,1,17,13,9,18,2,1,17,1,99,26,0.0,-83.3,11,26,1,66.67,21,250.0,250.0,20,3,1,1.0,0.0,13,0.0,250.0,1.25,0.667,25,0.5,2.0,21,25,1,18,1,0.0,3,2,0.0,1,250.0,64.0,25,3,1.0,166.7,2.0,80.0,26,1,80.0,0.0,2,166.7,1,0.423,-83.3,25,10,0.0,1,26,1.25,0.0,2.0,0.0,0.0,0.0,2.0,0.0,0.0,0.0,0.0,0.0,0.0,0.0,0.0,0.0,0.0,0.0,0.0,0.0,0.0,0.0,0.0,0.0,0.0,0.0,0.0,3.0,0.0,1.25,0.0,0.0,3.91,2.0,2.0,5.0,4.0,0.0,0.3,1.0,0.0,1.0,1.4,0.0,1.0,1.4,0.0,1.0,0.0,0.0,0.0,1.0,0.0,0.0,1.0,1.0,1.0,0.0,1.0,0.0,0.0,1.0,1.0,0.0,0.0,1.0,,1.0,1.0,0.5,OKC,0.0,1.0,0.5,0.0,1.0,1.0,1.0,1.0,,,,,,,,,,,,,,,,,,,,,,,,,,,0.0,1.0,0.5,1.0,1.0,1.0,0.5,0.0,1.0,1.5,0.0,,1.0,0,0,0.0,,,0,,0.0,2.0,0.0,0.0,3.0,0.0,1.0,1.25,1.0,0.0,,,1.0,0.0,1.0,1.0,,0.0,1.0,1.0,,,0.0,0.0,,,,,,1.0,,0.0,,0.0,G-F,0.6,-0.068,0.625,0.668,5.0,3.0,1.0,,,,1.0,,,0.0,,,,,1.0,,,,OKC,1.0,,,,,1.0,0.0,0.0,,1.0,,1,1.0,1.5,1.0,1,1.0,1.0,1.0,0.765,1.0,0.235,,,,,,,1.0,1.0,0.765,0.235,1.0,1.0,0.235,1.0,1.0,1.0,0.765,1.0,1.0,1.0,0.235,1.0,0.765,1.0,,,,,,,0.0,0.0,0.0,1.0,0.0,0.0,0.0,0.0,0.0,0.0,0.0,0.0,0.0,0.0,0.0,0.0,0.0,0.0,0.0,OKC,0.0,1.0,0.0,0.0,0.0,0.0,0.0,0.0,0.0,0.0,0.0,0.0,0.0,0.0,0.0,OKC,0.0,0.0,4.0,0.0,0.0,3.57,0.0,,0.1,503.0,0.0,0.1,5.85,2026,20260522,True,42500313,SAS,OKC,1610612759,OKC_SAS_2026
1631119,Jaylin Williams,Jaylin,1610612760,OKC,23.0,1,1,0,1.0,21.90833333333333,5,7,0.714,5,6,0.833,3,3,1.0,0,5,5,1,0,2,0,0,3,4,18,22,31.5,0,0,33.0,1,1,1,1,12,6,9,5,1,3,4,6,8,1,13,2,4,11,15,3,7,1,19,4,5,3,6,2,1,4,1,99,5,0.0,38.7,6,17,1,80.33,16,104.8,148.4,4,4,5,0.0,0.067,13,49.5,98.8,1.071,0.172,22,0.151,7.0,18,4,1,9,7,11.1,4,16,0.0,13,104.8,97.5,22,46,0.106,143.5,5.0,96.4,6,3,96.4,0.2,18,143.5,5,0.194,38.7,4,3,0.0,5,6,1.082,0.033,30.0,0.0,0.0,0.033,17.0,1.0,3.0,2.0,0.0,0.0,0.0,0.0,0.0,0.0,0.0,0.0,0.0,0.0,0.0,0.0,0.0,0.0,0.0,0.0,0.0,0.18,0.0,0.462,0.0,0.0,1.62,0.0,23.0,18.0,39.0,0.0,1.1,0.0,0.5,11.0,0.0,10.0,0.556,4.7,2.0,0.2,4.7,0.2,0.0,0.0,4.0,4.0,1.0,2.0,0.0,0.0,0.0,1.0,0.625,0.0,0.455,2.0,,,,,,,,,,,,,,,,1.0,0.0,0.0,0.0,0.0,,0.0,1.0,0.143,0.143,0.0,0.0,0.0,,,,,,,,,,,,,,0.0,0.833,0.857,6.0,5.0,6.0,0.857,0.0,5.0,1.25,0.0,,0.833,0,0,0.0,0.0,,1,0.0,0.0,0.0,0.0,0.0,15.0,0.0,0.0,1.071,0.833,0.0,0.0,0.0,0.0,1.0,4.0,1.0,1.0,1.0,0.0,0.0,0.0,0.0,1.0,1.0,0.0,0.0,0.0,0.0,0.0,4.0,1.0,0.5,0.0,2.0,F,0.531,-0.136,0.368,0.668,32.0,17.0,0.0,,0.0,,0.0,,0.0,1.0,,1.0,0.0,0.0,1.0,,0.0,0.0,OKC,0.0,0.0,0.0,,0.0,4.0,0.5,2.0,0.0,4.0,0.0,6,0.833,1.25,6.0,5,5.0,0.538,7.0,0.516,13.0,0.023,4.0,2.0,0.138,0.308,0.5,0.363,9.0,5.0,0.599,-0.044,0.556,0.692,0.114,5.0,4.0,0.8,0.686,0.385,4.0,0.462,0.028,6.0,0.639,0.667,0.385,2.0,0.361,0.039,0.4,5.0,1.0,1.0,1.0,4.0,3.0,0.0,4.0,1.0,0.0,0.0,1.0,1.0,1.0,0.0,0.0,1.0,1.0,0.0,0.0,OKC,1.0,8.0,0.0,0.0,0.0,0.0,0.0,0.0,0.0,0.0,0.0,0.0,0.0,0.0,0.0,OKC,0.0,0.0,39.0,0.0,0.0,3.84,0.7,,1.5,7777.0,3.79,0.8,3.88,2026,20260522,True,42500313,SAS,OKC,1610612759,OKC_SAS_2026
1642272,Jared McCain,Jared,1610612760,OKC,22.0,1,1,0,1.0,26.72833333333333,10,21,0.476,2,10,0.2,2,2,1.0,1,3,4,1,1,0,0,0,2,1,24,28,29.3,0,0,31.0,1,1,1,1,9,1,1,13,4,1,15,9,9,1,5,10,10,11,9,9,7,1,13,10,3,1,8,2,1,6,1,99,2,1.0,50.9,1,15,15,82.31,20,81.8,133.5,14,12,6,0.045,0.083,7,53.2,80.3,0.524,0.404,16,0.397,21.0,16,2,15,1,13,4.2,13,3,4.2,10,81.8,99.42,16,55,0.078,132.7,10.0,98.77,2,6,98.77,0.103,3,132.7,6,0.164,50.9,2,2,4.2,6,2,0.548,0.032,31.0,0.0,1.0,0.065,46.0,2.0,1.0,4.0,1.091,0.0,0.0,0.667,0.182,11.0,6.0,0.0,12.0,0.0,0.0,0.0,0.0,0.0,9.0,0.0,2.0,2.85,0.0,0.444,2.0,1.0,2.93,2.0,31.0,24.0,54.0,0.0,2.6,1.0,0.6,8.0,23.8,5.0,0.571,11.3,1.0,0.25,7.1,0.333,0.0,0.333,3.0,2.0,1.0,3.0,0.0,1.0,0.0,1.0,0.75,0.333,0.5,1.0,0.0,1.0,,1.0,1.0,0.048,OKC,0.0,1.0,0.048,0.0,1.0,1.0,1.0,1.0,4.0,0.0,2.0,0.5,0.5,,0.0,4.0,0.19,0.19,0.0,2.0,0.5,0.0,3.0,0.5,2.0,0.095,0.5,0.286,4.0,0.0,6.0,0.19,3.0,0.75,2.0,0.4,0.381,8.0,4.0,10.0,0.476,2.0,2.0,0.5,0.095,1.0,0.25,3,6,0.0,0.75,,4,0.75,0.0,2.0,1.0,0.0,6.0,2.0,1.0,0.524,0.2,0.0,4.0,5.0,0.8,1.0,1.0,0.125,1.0,1.0,5.0,4.0,0.0,0.0,1.0,1.0,0.0,0.8,0.0,0.0,0.0,8.0,1.0,0.5,0.0,2.0,G,0.692,0.034,0.302,0.659,13.0,9.0,0.714,0.0,1.0,0.0,5.0,0.0,3.0,1.0,0.0,0.0,0.0,0.0,0.125,0.0,0.0,0.667,OKC,7.0,1.0,0.0,0.0,0.0,8.0,0.5,2.0,2.0,1.0,1.0,10,0.2,0.3,10.0,2,2.0,0.429,3.0,0.459,7.0,-0.031,4.0,1.0,-0.132,0.571,0.25,0.382,3.0,2.0,0.59,0.076,0.667,0.429,-0.034,3.0,2.0,0.667,0.7,0.429,2.0,0.429,0.022,3.0,0.645,0.667,0.571,1.0,0.387,-0.137,0.25,4.0,0.0,0.0,0.0,0.0,0.0,0.0,2.0,0.0,0.0,0.0,0.0,0.0,0.0,0.0,0.0,0.0,0.0,0.0,0.0,OKC,0.0,2.0,0.0,0.0,0.0,0.0,0.0,0.0,0.0,0.0,0.0,0.0,0.0,0.0,0.0,OKC,0.0,0.0,54.0,0.0,0.0,4.55,1.0,,2.2,11581.0,4.51,1.2,4.59,2026,20260522,True,42500313,SAS,OKC,1610612759,OKC_SAS_2026
1630198,Isaiah Joe,Isaiah,1610612760,OKC,26.0,1,1,0,1.0,8.738333333333333,1,1,1.0,1,1,1.0,0,0,0.0,0,0,0,1,0,0,0,0,0,1,3,-2,4.5,0,0,5.0,1,1,1,1,19,15,19,1,9,15,1,13,13,13,13,20,21,11,15,9,7,1,1,10,17,17,21,2,1,20,1,99,17,0.0,-11.1,15,12,1,82.4,3,138.9,132.2,20,1,7,0.0,0.2,13,1.2,131.0,1.5,0.052,15,0.048,1.0,9,18,1,19,21,50.0,1,23,0.0,13,138.9,100.19,15,18,0.0,127.8,1.0,98.87,22,10,98.87,0.0,23,127.8,7,0.119,-11.1,18,9,0.0,7,22,1.5,0.25,4.0,0.0,0.0,0.25,4.0,1.0,1.0,3.0,0.0,0.0,0.0,0.0,0.0,0.0,0.0,0.0,0.0,0.0,0.0,0.0,0.0,0.0,0.0,0.0,0.0,1.4,0.0,0.6,0.0,0.0,2.09,0.0,4.0,3.0,5.0,0.0,0.2,0.0,,,,,,,,,,,,,,,,,,,,,,,,,,,,,,,,,,,,,,,,,,,,,,,,,,,,,1.0,1.0,1.5,1.0,1.0,1.0,1.0,0.0,1.0,1.0,0.0,0.0,,,,,,,,,,,,,,,1,3,1.0,1.0,1.0,1,1.5,1.0,0.0,0.0,0.0,0.0,0.0,0.0,1.5,0.0,0.0,0.0,0.0,0.0,0.0,1.0,1.0,0.0,0.0,0.0,0.0,0.0,0.0,0.0,0.0,0.0,0.0,0.0,0.0,0.0,1.0,0.0,0.0,0.0,0.0,G,0.545,-0.095,0.324,0.64,11.0,6.0,0.0,0.0,0.0,0.0,0.0,0.0,0.0,0.0,0.0,0.0,0.0,0.0,1.0,0.0,0.0,0.0,OKC,0.0,0.0,0.0,0.0,0.0,1.0,0.0,0.0,0.0,1.0,0.0,0,,,0.0,0,0.0,0.25,1.0,0.473,4.0,-0.223,1.0,1.0,0.692,0.25,1.0,0.308,3.0,0.0,0.538,-0.538,0.0,0.75,-0.771,1.0,0.0,0.0,0.771,0.25,0.0,0.25,-0.691,1.0,0.691,0.0,0.5,1.0,0.36,0.141,0.5,2.0,0.0,0.0,0.0,1.0,0.0,0.0,0.0,0.0,0.0,0.0,0.0,0.0,0.0,0.0,0.0,0.0,0.0,0.0,0.0,OKC,0.0,1.0,0.0,0.0,0.0,0.0,0.0,0.0,0.0,0.0,0.0,0.0,0.0,0.0,0.0,OKC,0.0,0.0,5.0,0.0,0.0,4.3,0.3,,0.7,3880.0,3.73,0.4,4.85,2026,20260522,True,42500313,SAS,OKC,1610612759,OKC_SAS_2026
1628392,Isaiah Hartenstein,Isaiah,1610612760,OKC,28.0,1,1,0,1.0,21.21333333333333,2,4,0.5,0,1,0.0,1,2,0.5,0,8,8,4,2,0,0,1,5,1,5,-6,18.6,0,0,17.0,1,1,1,1,13,11,15,10,18,15,18,11,9,11,13,1,1,4,3,9,7,22,26,10,13,22,12,2,1,12,1,99,9,2.0,-13.0,11,2,23,86.74,5,110.9,97.7,2,13,25,0.0,0.364,4,-13.8,111.5,0.5,0.143,3,0.137,4.0,5,19,23,15,3,36.4,15,20,18.2,13,110.9,103.81,3,46,0.205,97.8,2.0,104.09,9,13,104.09,0.421,21,97.8,25,0.096,-13.0,19,18,18.4,25,9,0.512,0.111,36.0,0.0,0.0,0.111,24.0,4.0,2.0,9.0,0.0,0.0,1.0,0.0,1.0,1.0,0.0,1.0,0.0,0.0,0.0,0.0,0.0,0.0,0.0,0.0,1.0,0.64,0.0,0.114,1.25,4.0,2.28,2.0,23.0,5.0,44.0,0.0,1.7,1.0,0.8,12.0,0.0,10.0,0.667,5.0,0.0,0.25,5.0,0.25,0.0,0.0,6.0,6.0,2.0,2.0,0.0,0.0,0.0,2.0,0.8,0.0,0.667,0.0,,,,,,,,,,,,,,,,2.0,0.0,1.0,0.5,0.5,,0.0,2.0,0.5,0.5,0.0,1.0,0.5,,,,,,,,,,,,,,1.0,0.5,0.25,1.0,1.0,2.0,0.5,1.0,0.0,0.5,0.25,1.0,0.0,0,0,0.0,,,0,,0.0,2.0,0.667,0.0,2.0,5.0,1.0,0.5,0.333,0.0,1.0,1.0,1.0,0.0,0.0,0.0,1.0,0.0,1.0,1.0,0.0,0.0,0.0,0.0,0.0,1.0,0.0,0.0,0.0,1.0,0.0,0.0,0.0,0.0,C-F,0.404,-0.29,0.403,0.694,52.0,21.0,1.0,0.0,0.0,0.0,1.0,0.0,1.0,0.0,0.0,1.0,0.0,0.0,0.0,0.0,0.0,1.0,OKC,1.0,0.0,0.0,0.0,0.0,1.0,0.0,0.0,1.0,0.0,0.0,3,0.0,0.333,1.0,1,0.0,0.636,7.0,0.491,11.0,0.145,6.0,4.0,0.306,0.545,0.667,0.36,5.0,3.0,0.572,0.028,0.6,0.455,-0.213,2.0,1.0,0.5,0.713,0.182,2.0,0.273,0.001,3.0,0.666,0.667,0.636,4.0,0.378,0.194,0.571,7.0,1.0,1.0,1.0,3.0,0.0,0.0,5.0,1.0,0.0,0.0,0.0,1.0,1.0,0.0,0.0,1.0,0.0,0.0,0.0,OKC,0.0,8.0,0.0,0.0,0.0,0.0,0.0,0.0,0.0,0.0,0.0,0.0,0.0,0.0,0.0,OKC,0.0,0.0,44.0,0.0,0.0,4.45,0.8,,1.7,8979.0,4.38,0.9,4.5,2026,20260522,True,42500313,SAS,OKC,1610612759,OKC_SAS_2026
1630598,Aaron Wiggins,Aaron,1610612760,OKC,27.0,1,1,0,1.0,1.5,0,0,0.0,0,0,0.0,0,0,0.0,0,0,0,0,0,0,0,0,0,0,0,0,0.0,0,0,0.0,1,1,1,1,26,22,25,22,18,22,18,13,13,13,13,20,21,21,15,9,7,1,1,17,22,9,24,2,1,24,1,99,26,0.0,-83.3,22,26,1,66.67,21,250.0,250.0,20,22,1,0.0,0.0,13,0.0,250.0,0.0,0.0,25,0.0,0.0,21,25,1,25,21,0.0,22,25,0.0,13,250.0,64.0,25,3,0.0,166.7,0.0,80.0,26,20,80.0,0.0,25,166.7,1,0.0,-83.3,25,10,0.0,1,26,0.0,0.0,0.0,,0.0,0.0,0.0,0.0,0.0,0.0,0.0,0.0,0.0,0.0,0.0,0.0,0.0,0.0,0.0,0.0,0.0,0.0,0.0,0.0,0.0,0.0,0.0,0.0,0.0,0.0,0.0,0.0,0.0,0.0,0.0,0.0,0.0,0.0,0.0,0.0,,,,,,,,,,,,,,,,,,,,,,,,,,,,,,,,,,,,,,,,,,,,,,,,,,,,,,,,,,,,,,,,,,,,,,,,,,,,,,,0,0,,,,0,,,0.0,0.0,0.0,0.0,0.0,0.0,0.0,0.0,0.0,,,0.0,0.0,0.0,0.0,,0.0,0.0,0.0,,,0.0,0.0,,,,,,0.0,,0.0,,0.0,G,0.8,0.147,0.313,0.653,5.0,4.0,0.0,,,,0.0,,,0.0,,,,,0.0,,,,OKC,0.0,,,,,0.0,0.0,0.0,,0.0,,0,,,,0,,,,,,,,,,,,,,,,,,,,,,,,,,,,,,,,,,,,,,,,,,,,,,,,,,,,,,,,,,,0.0,0.0,0.0,0.0,0.0,0.0,0.0,0.0,0.0,0.0,0.0,0.0,0.0,OKC,0.0,0.0,0.0,0.0,0.0,3.57,0.0,,0.1,572.0,0.0,0.1,5.85,2026,20260522,True,42500313,SAS,OKC,1610612759,OKC_SAS_2026
1642260,Nikola Topić,Nikola,1610612760,OKC,20.0,1,1,0,1.0,1.5,0,1,0.0,0,0,0.0,0,0,0.0,0,0,0,0,0,0,0,1,0,0,0,0,0.0,0,0,0.0,1,1,1,1,26,22,19,22,18,22,18,13,13,13,13,20,21,21,15,9,7,22,1,17,22,9,24,2,1,24,1,99,26,0.0,-83.3,22,26,1,66.67,21,250.0,250.0,20,22,1,0.0,0.0,13,0.0,250.0,0.0,0.333,25,0.25,1.0,21,25,1,19,21,0.0,22,4,0.0,13,250.0,64.0,25,3,0.0,166.7,0.0,80.0,26,26,80.0,0.0,7,166.7,1,-0.077,-83.3,25,10,0.0,1,26,0.0,0.0,1.0,0.0,0.0,0.0,3.0,0.0,0.0,0.0,0.0,0.0,0.0,0.0,0.0,1.0,0.0,0.0,0.0,0.0,0.0,0.0,0.0,0.0,1.0,0.0,0.0,12.0,0.0,0.0,0.0,0.0,11.48,0.0,0.0,0.0,3.0,0.0,0.6,0.0,,,,,,,,,,,,,,,,,,,,,,,,,0.0,0.0,,0.0,1.0,1.0,OKC,0.0,0.0,1.0,0.0,0.0,1.0,0.0,1.0,,,,,,,,,,,,,,,,,,,,,,,,,,,,,,,,,,,,,,,,0,0,,,,0,,,0.0,0.0,0.0,0.0,0.0,0.0,0.0,0.0,0.0,,,0.0,0.0,0.0,0.0,,0.0,1.0,0.0,,,0.0,0.0,,,,,,0.0,,0.0,,0.0,G,0.5,-0.178,0.5,0.678,2.0,1.0,0.0,,,,0.0,,,0.0,,,,,0.0,,,,OKC,1.0,,,,,0.0,0.0,0.0,,0.0,,0,,,,0,,,,,,,,,,,,,,,,,,,,,,,,,,,,,,,,,,,,,,,,,,,,,,,,,,,,,,,,,,,0.0,0.0,0.0,0.0,0.0,0.0,0.0,0.0,0.0,0.0,0.0,0.0,0.0,OKC,0.0,0.0,3.0,0.0,0.0,3.58,0.0,,0.1,630.0,0.0,0.1,5.86,2026,20260522,True,42500313,SAS,OKC,1610612759,OKC_SAS_2026
1642349,Ajay Mitchell,Ajay,1610612760,OKC,23.0,1,1,0,1.0,16.886666666666667,1,5,0.2,0,1,0.0,0,0,0.0,0,5,5,1,3,0,0,1,1,2,2,-3,6.5,0,0,8.0,1,1,1,1,15,15,13,19,18,15,18,13,13,13,13,2,4,11,2,9,7,22,10,9,20,19,15,2,1,14,1,99,4,0.33,-10.5,15,3,26,88.83,16,97.3,92.6,3,20,27,0.0,0.083,12,-4.0,96.6,0.2,0.213,1,0.195,5.0,16,17,26,13,4,11.1,21,11,33.3,13,97.3,103.64,1,38,0.147,86.8,1.0,106.59,4,20,106.59,0.278,12,86.8,26,0.0,-10.5,17,14,33.3,27,4,0.2,0.053,19.0,0.0,0.0,0.053,26.0,1.0,1.0,2.0,0.222,0.0,0.0,0.25,0.222,9.0,1.0,0.0,2.0,2.0,0.222,0.0,0.0,0.0,4.0,0.0,2.0,5.77,0.0,0.065,0.0,0.0,4.83,0.0,8.0,2.0,31.0,0.0,2.5,0.0,0.833,7.0,0.0,6.0,0.833,12.1,1.0,0.2,12.1,0.2,0.0,0.0,4.0,4.0,1.0,1.0,0.0,0.0,0.0,1.0,1.0,0.0,0.714,1.0,,,,,,,,,,,,,,,,4.0,0.0,1.0,0.25,0.25,,0.0,4.0,0.8,0.8,0.0,1.0,0.25,,,,,,,,,,,,,,0.0,0.0,0.2,1.0,0.0,1.0,0.2,0.0,0.0,0.0,0.0,,0.0,0,0,0.0,0.0,,3,0.0,0.0,0.0,0.0,0.0,0.0,0.0,0.0,0.2,0.0,0.0,0.0,2.0,1.0,0.0,0.0,0.0,1.0,0.0,1.0,1.0,0.0,0.0,0.0,0.0,0.0,0.0,0.0,0.0,0.0,0.0,1.0,0.0,0.0,1.0,G,0.432,-0.198,0.319,0.63,37.0,16.0,1.0,,0.0,,1.0,,1.0,0.0,,0.0,0.0,0.0,0.0,,0.0,0.0,OKC,1.0,2.0,0.0,,0.0,0.0,0.0,1.0,0.0,0.0,0.0,1,0.0,0.0,1.0,0,0.0,0.2,1.0,0.476,5.0,-0.276,1.0,0.0,-0.341,0.2,0.0,0.341,4.0,1.0,0.559,-0.309,0.25,0.8,-0.121,2.0,1.0,0.5,0.621,0.4,1.0,0.4,-0.101,2.0,0.601,0.5,0.4,0.0,0.374,-0.374,0.0,2.0,1.0,1.0,1.0,3.0,0.0,0.0,1.0,1.0,0.0,0.0,0.0,1.0,1.0,0.0,0.0,1.0,0.0,0.0,0.0,OKC,0.0,4.0,0.0,0.0,0.0,0.0,0.0,0.0,0.0,0.0,0.0,0.0,0.0,0.0,0.0,OKC,0.0,0.0,31.0,0.0,0.0,4.95,0.6,,1.5,7764.0,4.22,0.9,5.6,2026,20260522,True,42500313,SAS,OKC,1610612759,OKC_SAS_2026
1627936,Alex Caruso,Alex,1610612760,OKC,32.0,1,1,0,1.0,24.425,4,7,0.571,3,5,0.6,4,6,0.667,1,2,3,1,1,2,1,0,3,4,15,28,28.1,0,0,28.0,1,1,1,1,10,8,9,8,2,7,5,5,4,10,5,12,12,11,9,3,3,1,19,4,6,1,9,2,1,8,1,99,3,1.0,54.9,8,6,18,83.52,19,90.2,149.9,17,6,4,0.053,0.053,7,64.1,85.8,0.786,0.203,12,0.2,7.0,19,1,19,9,16,8.3,7,12,8.3,8,90.2,101.17,12,51,0.068,145.1,4.0,100.23,3,12,100.23,0.08,11,145.1,4,0.118,54.9,1,1,8.6,4,3,0.778,0.029,35.0,0.0,0.0,0.029,29.0,1.0,2.0,3.0,0.667,1.0,0.0,0.0,0.667,3.0,0.0,0.0,2.0,0.0,0.0,0.333,1.0,2.0,0.0,2.0,2.0,1.8,0.0,0.326,0.0,1.0,2.56,0.0,26.0,15.0,46.0,0.0,2.0,3.0,0.4,6.0,5.7,5.0,0.6,6.9,1.0,0.333,7.5,0.0,0.0,1.0,2.0,2.0,1.0,1.0,1.0,0.0,1.0,0.0,0.5,1.0,0.5,1.0,,,,,,,,,,,,,,,,1.0,0.0,0.0,0.0,0.0,,0.0,1.0,0.143,0.143,0.0,0.0,0.0,0.5,1.0,0.75,2.0,0.286,0.5,0.286,0.0,1.0,2.0,0.0,0.0,,1.0,0.75,0.429,3.0,3.0,4.0,0.571,1.0,2.0,1.0,0.143,1.0,0.667,1,2,0.0,1.0,,1,1.0,0.0,0.0,0.0,0.0,9.0,0.0,0.0,0.786,0.6,0.0,0.0,1.0,0.0,2.0,1.0,0.333,1.0,0.0,0.0,0.0,0.0,2.0,0.0,0.0,0.0,0.0,1.0,0.0,1.0,3.0,2.0,1.0,1.0,2.0,G,0.618,-0.048,0.347,0.666,34.0,21.0,0.0,0.0,0.0,0.0,0.0,0.0,1.0,2.0,0.0,0.0,0.0,0.0,0.333,0.0,0.0,1.0,OKC,0.0,1.0,0.0,0.0,0.0,3.0,1.0,2.0,1.0,1.0,0.0,5,0.6,0.9,5.0,3,3.0,0.385,5.0,0.47,13.0,-0.085,7.0,2.0,-0.076,0.538,0.286,0.362,6.0,3.0,0.573,-0.073,0.5,0.462,-0.182,4.0,2.0,0.5,0.682,0.308,2.0,0.308,-0.133,4.0,0.633,0.5,0.538,2.0,0.374,-0.088,0.286,7.0,0.0,0.0,0.0,2.0,0.0,0.0,5.0,0.0,1.0,1.0,0.0,0.0,0.0,0.0,0.0,0.0,0.0,0.0,1.0,OKC,4.0,7.0,0.0,0.0,0.0,0.0,0.0,0.0,0.0,0.0,0.0,0.0,0.0,0.0,0.0,OKC,0.0,0.0,46.0,0.0,0.0,4.54,0.9,,2.0,10621.0,4.31,1.1,4.76,2026,20260522,True,42500313,SAS,OKC,1610612759,OKC_SAS_2026
1629652,Luguentz Dort,Luguentz,1610612760,OKC,27.0,1,1,0,1.0,23.225,0,1,0.0,0,1,0.0,0,0,0.0,1,4,5,3,1,0,0,0,2,0,0,-9,9.5,0,0,8.0,1,1,1,1,11,22,19,22,18,15,18,13,13,13,5,7,4,6,9,9,7,1,13,17,22,23,14,2,1,14,1,99,15,3.0,-20.6,22,13,24,85.25,2,130.6,116.3,4,22,22,0.048,0.158,3,-12.8,129.1,0.0,0.039,10,0.035,1.0,11,21,24,19,5,60.0,22,24,20.0,9,130.6,100.07,10,50,0.122,110.0,0.0,102.3,21,18,102.3,0.2,24,110.0,17,0.033,-20.6,21,17,20.0,22,21,0.0,0.15,20.0,0.0,0.0,0.15,13.0,3.0,4.0,8.0,0.0,0.0,0.5,0.0,0.75,4.0,0.0,2.0,0.0,1.0,0.25,0.0,0.0,0.0,0.0,0.0,3.0,0.86,0.0,0.0,0.0,0.0,1.52,0.0,10.0,0.0,22.0,0.0,0.6,1.0,1.0,7.0,8.8,4.0,0.714,5.7,0.0,0.2,5.0,0.25,0.0,0.333,4.0,3.0,1.0,3.0,0.0,1.0,0.0,1.0,1.0,0.333,0.714,0.0,,,,,,,,,,,,,,,,,,,,,,,,,,,,,0.0,0.0,0.0,1.0,1.0,0.0,1.0,0.0,0.0,1.0,0.0,0.0,,,,,,,,,,,,,,,0,0,0.0,,,0,,0.0,0.0,0.0,0.0,0.0,0.0,0.0,0.0,0.0,0.0,0.0,0.0,0.0,0.0,0.0,0.0,0.0,0.0,0.0,0.0,0.0,0.0,0.0,0.0,0.0,0.0,0.0,0.0,0.0,1.0,0.0,0.0,0.0,0.0,G,0.714,0.053,0.354,0.661,28.0,20.0,0.0,,0.0,,0.0,,0.0,0.0,,0.0,0.0,0.0,0.0,,0.0,0.0,OKC,0.0,0.0,0.0,,0.0,1.0,0.0,0.0,0.0,0.0,0.0,1,0.0,0.0,1.0,0,0.0,0.286,2.0,0.467,7.0,-0.182,5.0,0.0,-0.361,0.714,0.0,0.361,2.0,2.0,0.541,0.459,1.0,0.286,0.371,2.0,2.0,1.0,0.63,0.286,2.0,0.286,0.399,2.0,0.601,1.0,0.714,0.0,0.365,-0.365,0.0,5.0,0.0,0.0,0.0,0.0,0.0,0.0,2.0,0.0,0.0,0.0,0.0,0.0,0.0,0.0,0.0,0.0,0.0,0.0,0.0,OKC,2.0,2.0,0.0,0.0,0.0,0.0,0.0,0.0,0.0,0.0,0.0,0.0,0.0,0.0,0.0,OKC,0.0,0.0,22.0,0.0,0.0,4.14,0.8,,1.7,9182.0,4.15,0.9,4.14,2026,20260522,True,42500313,SAS,OKC,1610612759,OKC_SAS_2026
1641717,Cason Wallace,Cason,1610612760,OKC,22.0,1,0,1,0.0,20.813333333333333,2,8,0.25,1,3,0.333,0,0,0.0,2,2,4,1,0,2,0,1,1,0,5,-10,17.3,0,0,15.0,1,14,14,14,12,12,10,16,5,10,7,12,13,12,3,12,10,13,18,2,12,17,8,16,13,18,11,2,1,11,1,102,18,0.0,-18.6,12,11,1,84.56,16,100.0,74.2,19,16,17,0.065,0.077,13,-27.0,101.2,0.313,0.145,20,0.143,8.0,17,17,1,10,15,11.1,17,17,0.0,8,100.0,105.72,20,43,0.069,81.4,2.0,101.47,16,15,101.47,0.074,17,81.4,20,0.065,-18.6,17,19,0.0,17,16,0.313,0.042,24.0,0.0,1.0,0.083,24.0,2.0,5.0,2.0,0.4,0.0,0.0,1.0,0.8,5.0,1.0,0.0,2.0,0.0,0.0,0.0,0.0,0.0,1.0,0.0,4.0,3.69,0.0,0.156,0.0,0.0,3.55,0.0,15.0,5.0,32.0,0.0,1.9,2.0,0.25,12.0,3.5,8.0,0.4,3.9,2.0,0.5,4.4,0.0,0.0,0.5,2.0,2.0,2.0,4.0,2.0,0.0,1.0,0.0,0.333,0.5,0.333,2.0,,,,,,,,,,,,,,,,5.0,0.0,1.0,0.2,0.2,,0.0,5.0,0.625,0.625,0.0,1.0,0.2,0.5,1.0,0.75,2.0,0.25,0.5,0.25,0.0,1.0,2.0,0.0,0.0,,0.0,0.0,0.125,1.0,0.0,1.0,0.125,0.0,0.0,0.0,0.0,,0.0,0,0,0.0,,,0,,0.0,0.0,0.0,0.0,3.0,0.0,0.0,0.313,0.333,0.0,0.0,0.0,0.2,0.0,1.0,1.0,0.0,0.0,5.0,1.0,0.0,0.0,2.0,0.0,0.0,0.0,0.0,0.0,0.0,1.0,0.0,0.0,0.0,2.0,G,0.63,-0.029,0.357,0.659,46.0,29.0,0.2,0.0,0.0,0.0,1.0,0.0,0.0,0.0,0.0,0.0,0.0,0.0,1.0,0.0,0.0,0.0,OKC,5.0,0.0,0.0,0.0,0.0,1.0,0.0,2.0,0.0,1.0,0.0,3,0.333,0.5,3.0,1,1.0,0.375,3.0,0.489,8.0,-0.114,,,,,,,8.0,3.0,0.562,-0.187,0.375,1.0,-0.345,3.0,1.0,0.333,0.678,0.375,1.0,0.625,-0.419,5.0,0.619,0.2,0.125,0.0,0.362,-0.362,0.0,1.0,1.0,1.0,1.0,3.0,0.0,0.0,0.0,0.0,0.0,0.0,0.0,0.0,1.0,0.0,0.0,1.0,0.0,0.0,0.0,OKC,5.0,3.0,0.0,0.0,0.0,0.0,0.0,0.0,0.0,0.0,0.0,0.0,0.0,0.0,0.0,OKC,0.0,0.0,32.0,0.0,0.0,4.34,0.7,,1.6,8604.0,4.1,0.9,4.54,2026,20260524,True,42500314,SAS,OKC,1610612759,OKC_SAS_2026
1631096,Chet Holmgren,Chet,1610612760,OKC,24.0,1,0,1,0.0,25.596666666666668,3,8,0.375,0,1,0.0,4,6,0.667,3,6,9,2,3,0,1,2,2,3,10,2,23.8,0,0,23.0,1,14,14,14,7,7,10,14,11,16,11,5,3,10,1,2,2,8,3,14,4,22,14,5,8,8,8,2,1,7,1,102,8,0.67,3.6,7,8,22,85.95,15,87.3,84.7,8,15,13,0.086,0.143,12,-2.0,86.7,0.375,0.207,16,0.206,8.0,12,10,22,10,5,12.5,14,11,18.8,6,87.3,107.26,16,55,0.125,90.9,3.0,103.14,8,11,103.14,0.162,10,90.9,15,0.124,3.6,10,13,19.2,13,8,0.47,0.091,22.0,0.0,0.0,0.091,19.0,2.0,4.0,5.0,0.0,0.0,0.333,0.0,0.667,3.0,0.0,1.0,0.0,0.0,0.0,0.0,0.0,0.0,1.0,0.0,2.0,0.67,0.0,0.278,0.667,3.0,1.63,0.875,22.0,10.0,36.0,0.0,1.0,8.0,0.5,18.0,3.5,12.0,0.529,6.5,1.0,0.444,8.0,0.333,0.0,0.429,5.0,4.0,4.0,7.0,2.0,1.0,0.667,2.0,0.545,0.429,0.5,1.0,0.0,0.333,,1.0,3.0,0.375,OKC,0.0,0.333,0.375,0.0,1.0,1.0,0.333,3.0,3.0,0.0,1.0,0.333,0.333,,0.0,3.0,0.375,0.375,0.0,1.0,0.333,,1.0,1.0,0.0,0.0,1.0,0.125,1.0,0.0,1.0,0.125,1.0,1.0,0.0,0.0,0.125,1.0,0.0,1.0,0.125,0.0,0.0,0.0,0.0,,0.0,0,0,0.0,0.0,,1,0.0,0.0,7.0,0.0,0.0,0.0,2.0,0.5,0.375,0.0,0.0,0.0,1.0,0.6,0.0,0.0,0.0,1.0,0.0,5.0,3.0,0.0,0.0,1.0,0.0,0.0,0.0,0.0,0.0,0.0,0.0,0.0,0.0,0.0,1.0,C-F,0.487,-0.168,0.408,0.656,78.0,38.0,0.5,0.0,0.0,0.0,3.0,0.0,0.0,0.0,0.0,1.0,0.0,0.0,0.0,0.0,0.0,0.0,OKC,6.0,0.0,0.0,0.0,0.0,0.0,0.0,1.0,0.0,0.0,0.0,1,0.0,0.0,1.0,0,0.0,0.4,6.0,0.487,15.0,-0.087,2.0,1.0,0.144,0.133,0.5,0.356,13.0,5.0,0.571,-0.186,0.385,0.867,-0.159,6.0,3.0,0.5,0.659,0.4,4.0,0.6,-0.184,9.0,0.628,0.444,0.2,1.0,0.364,-0.031,0.333,3.0,0.0,0.0,0.0,7.0,0.0,0.0,0.0,0.0,0.0,0.0,0.0,0.0,0.0,0.0,0.0,0.0,0.0,0.0,0.0,OKC,1.0,7.0,0.0,0.0,0.0,0.0,0.0,0.0,0.0,0.0,0.0,0.0,0.0,0.0,0.0,OKC,0.0,0.0,36.0,0.0,0.0,4.35,0.9,,2.0,10647.0,4.47,1.1,4.27,2026,20260524,True,42500314,SAS,OKC,1610612759,OKC_SAS_2026
1628392,Isaiah Hartenstein,Isaiah,1610612760,OKC,28.0,1,0,1,0.0,17.916666666666668,6,11,0.545,0,0,0.0,0,0,0.0,2,5,7,3,1,0,0,1,3,2,12,-16,23.9,0,0,22.0,1,14,14,14,16,2,5,2,11,21,11,12,13,12,3,4,4,5,8,14,12,17,18,9,5,22,7,2,1,8,1,102,19,3.0,-41.5,2,23,10,81.49,11,105.4,60.5,2,7,24,0.091,0.6,2,-43.5,104.1,0.545,0.273,24,0.267,11.0,2,22,10,5,2,20.0,8,6,6.7,4,105.4,101.11,24,36,0.167,63.9,6.0,97.79,20,2,97.79,0.25,6,63.9,24,0.282,-41.5,22,22,6.7,24,20,0.545,0.081,37.0,0.0,0.0,0.081,33.0,3.0,1.0,6.0,0.0,0.0,0.0,0.0,0.0,0.0,0.0,0.0,0.0,0.0,0.0,0.0,0.0,0.0,0.0,0.0,0.0,0.61,0.0,0.245,0.889,9.0,2.03,0.8,33.0,12.0,49.0,0.0,1.7,5.0,0.714,13.0,2.9,7.0,0.583,6.4,0.0,0.143,7.8,0.0,1.0,0.286,6.0,5.0,1.0,7.0,1.0,1.0,0.5,0.0,0.714,0.333,0.538,1.0,,,,,,,,,,,,,,,,3.0,0.0,1.0,0.333,0.333,,0.0,3.0,0.273,0.273,0.0,1.0,0.333,,2.0,0.4,0.0,0.0,0.4,0.455,5.0,0.0,5.0,0.455,2.0,0.4,3.0,1.0,0.0,0.0,3.0,3.0,0.273,3.0,0.0,1.0,0.273,1.0,,0,0,,,,0,,,4.0,0.571,0.0,8.0,8.0,0.4,0.545,0.571,0.0,3.0,6.0,0.667,0.0,0.0,0.0,2.0,0.0,3.0,2.0,0.0,0.0,0.0,0.0,0.0,0.5,0.5,0.0,0.0,0.0,0.0,0.0,1.0,0.0,C-F,0.429,-0.268,0.406,0.696,56.0,24.0,0.5,0.0,1.0,0.0,2.0,0.0,6.0,0.0,0.0,0.0,0.0,0.0,0.0,0.0,0.0,0.5,OKC,4.0,1.0,0.0,0.0,0.0,0.0,0.0,0.0,3.0,0.0,1.0,7,,0.571,,4,,0.556,5.0,0.521,9.0,0.035,2.0,1.0,0.148,0.222,0.5,0.352,7.0,4.0,0.587,-0.015,0.571,0.778,0.011,4.0,3.0,0.75,0.739,0.444,3.0,0.444,0.073,4.0,0.677,0.75,0.444,2.0,0.36,0.14,0.5,4.0,0.5,2.0,2.0,3.0,2.0,0.0,0.0,1.0,0.0,0.0,1.0,0.5,1.0,1.0,0.0,1.0,0.0,0.5,0.0,OKC,0.0,3.0,0.0,0.0,0.0,0.0,0.0,0.0,0.0,0.0,0.0,0.0,0.0,0.0,0.0,OKC,0.0,0.0,49.0,0.0,0.0,4.41,0.6,,1.4,7140.0,4.11,0.8,4.66,2026,20260524,True,42500314,SAS,OKC,1610612759,OKC_SAS_2026
1630198,Isaiah Joe,Isaiah,1610612760,OKC,26.0,1,0,1,0.0,18.83333333333333,4,9,0.444,2,7,0.286,1,1,1.0,0,5,5,2,1,2,1,0,0,3,11,6,28.0,0,0,26.0,1,14,14,14,14,6,9,9,2,1,9,10,11,1,15,4,7,8,8,2,4,1,1,5,7,7,6,2,1,6,1,102,7,2.0,10.1,6,3,12,89.2,13,82.9,89.8,4,6,12,0.0,0.2,5,8.8,81.0,0.556,0.211,9,0.192,9.0,11,9,12,9,9,16.7,6,10,8.3,15,82.9,110.2,9,43,0.106,93.0,4.0,107.04,7,5,107.04,0.227,11,93.0,13,0.236,10.1,9,8,8.0,12,7,0.583,0.111,18.0,0.0,0.0,0.111,20.0,2.0,4.0,5.0,1.667,0.0,0.333,1.0,0.333,3.0,2.0,1.0,5.0,0.0,0.0,0.0,0.0,0.0,2.0,0.0,1.0,2.07,0.0,0.367,0.0,0.0,2.48,0.0,17.0,11.0,30.0,0.0,1.2,1.0,0.714,8.0,0.0,7.0,0.625,8.9,0.0,0.2,8.9,0.2,0.0,0.0,4.0,4.0,1.0,1.0,0.0,0.0,0.0,1.0,0.714,0.0,0.625,0.0,0.0,1.0,,1.0,1.0,0.111,OKC,0.0,1.0,0.111,0.0,1.0,1.0,1.0,1.0,1.0,3.0,1.0,1.0,0.25,0.0,0.333,4.0,0.111,0.444,0.0,1.0,0.25,0.5,1.0,0.75,2.0,0.222,0.5,0.222,0.0,1.0,2.0,0.0,0.0,,0.0,0.5,0.222,2.0,1.0,2.0,0.222,0.0,1.0,0.75,0.0,,0.5,1,3,1.0,0.25,0.25,4,0.375,4.0,0.0,0.0,0.0,3.0,0.0,0.0,0.556,0.333,0.0,0.0,0.0,1.0,1.0,1.0,0.167,0.0,1.0,2.0,2.0,0.0,0.0,1.0,1.0,0.0,0.0,0.0,0.0,0.0,6.0,0.0,1.0,0.0,1.0,G,0.571,-0.074,0.326,0.645,14.0,8.0,1.0,,0.0,0.0,2.0,,0.0,1.0,0.0,0.0,0.0,0.0,0.167,,0.0,0.0,OKC,2.0,0.0,0.0,0.0,0.0,6.0,1.0,1.0,0.0,1.0,0.0,3,0.333,0.5,3.0,1,1.0,0.222,2.0,0.483,9.0,-0.261,4.0,0.0,-0.371,0.444,0.0,0.371,5.0,2.0,0.575,-0.175,0.4,0.556,-0.001,3.0,2.0,0.667,0.667,0.333,2.0,0.333,0.038,3.0,0.628,0.667,0.444,0.0,0.383,-0.383,0.0,4.0,0.0,0.0,0.0,3.0,0.0,0.0,4.0,0.0,0.0,0.0,0.0,0.0,0.0,0.0,0.0,0.0,0.0,0.0,0.0,OKC,2.0,7.0,0.0,0.0,0.0,0.0,0.0,0.0,0.0,0.0,0.0,0.0,0.0,0.0,0.0,OKC,0.0,0.0,30.0,0.0,0.0,4.73,0.7,,1.6,8624.0,4.06,0.9,5.44,2026,20260524,True,42500314,SAS,OKC,1610612759,OKC_SAS_2026
1629026,Kenrich Williams,Kenrich,1610612760,OKC,31.0,1,0,1,0.0,23.136666666666667,3,7,0.429,2,4,0.5,2,2,1.0,0,5,5,3,1,1,0,1,4,1,10,-4,22.5,0,0,22.0,1,14,14,14,9,7,12,10,2,6,1,7,7,1,15,4,7,5,8,7,12,17,21,10,8,15,9,2,1,8,1,102,13,3.0,-9.4,7,4,12,90.77,7,96.2,85.9,7,3,15,0.0,0.214,2,-11.0,96.9,0.571,0.157,3,0.15,7.0,10,16,13,12,10,25.0,5,16,8.3,15,96.2,109.04,3,53,0.089,86.8,3.0,108.92,14,12,108.92,0.179,16,86.8,14,0.119,-9.4,16,14,8.4,15,14,0.635,0.125,24.0,1.0,0.0,0.167,24.0,4.0,6.0,9.0,0.5,1.0,0.0,0.0,0.25,4.0,0.0,0.0,2.0,1.0,0.25,0.25,1.0,2.0,1.0,2.0,1.0,1.71,0.0,0.286,2.0,1.0,2.2,0.0,19.0,10.0,35.0,0.0,1.3,0.0,0.5,13.0,0.0,10.0,0.455,5.2,2.0,0.6,5.2,0.6,0.0,0.0,2.0,2.0,3.0,3.0,0.0,0.0,0.0,3.0,0.625,0.0,0.385,2.0,,,,,,,,,,,,,,,,2.0,0.0,1.0,0.5,0.5,,0.0,2.0,0.286,0.286,0.0,1.0,0.5,1.0,1.0,0.75,1.0,0.143,0.5,0.286,1.0,1.0,2.0,0.143,0.0,0.0,0.0,0.333,0.429,3.0,1.0,3.0,0.429,0.0,1.0,0.5,0.0,,0.333,0,0,0.0,0.0,,1,0.0,0.0,0.0,1.0,0.0,6.0,2.0,0.0,0.571,0.5,0.0,0.0,0.0,0.5,2.0,0.0,0.0,1.0,0.0,2.0,1.0,0.0,2.0,0.0,0.0,0.0,0.0,0.0,0.0,1.0,2.0,2.0,1.0,0.0,2.0,G-F,0.538,-0.13,0.684,0.669,13.0,7.0,0.5,,0.0,,1.0,,0.0,2.0,,1.0,0.0,0.0,0.0,,0.0,0.0,OKC,2.0,0.0,0.0,,0.0,2.0,1.0,2.0,0.0,0.0,0.0,4,0.5,0.75,4.0,2,2.0,0.364,4.0,0.51,11.0,-0.147,2.0,0.0,-0.417,0.182,0.0,0.417,9.0,4.0,0.588,-0.143,0.444,0.818,-0.169,8.0,4.0,0.5,0.669,0.727,4.0,0.818,-0.184,9.0,0.628,0.444,0.182,0.0,0.395,-0.395,0.0,2.0,0.0,0.0,0.0,3.0,6.0,0.0,0.0,0.0,0.0,0.0,3.0,0.0,0.0,0.0,0.0,0.0,0.0,0.0,0.0,OKC,4.0,3.0,0.0,0.0,0.0,0.0,0.0,0.0,0.0,0.0,0.0,0.0,0.0,0.0,0.0,OKC,0.0,0.0,35.0,0.0,0.0,4.36,0.8,,1.8,9358.0,3.89,1.0,4.8,2026,20260524,True,42500314,SAS,OKC,1610612759,OKC_SAS_2026
1631119,Jaylin Williams,Jaylin,1610612760,OKC,23.0,1,0,1,0.0,22.57,1,7,0.143,1,7,0.143,0,0,0.0,1,2,3,1,1,0,0,0,0,1,3,-11,7.1,0,0,8.0,1,14,14,14,10,15,12,19,5,1,10,12,13,12,10,12,14,13,8,14,12,1,1,10,17,20,21,2,1,18,1,102,20,1.0,-31.0,15,6,14,89.5,16,108.3,77.8,17,18,20,0.033,0.091,9,-28.2,105.9,0.214,0.144,8,0.133,7.0,16,21,14,12,17,11.1,19,18,11.1,13,108.3,108.25,8,53,0.054,77.4,1.0,107.4,22,20,107.4,0.077,19,77.4,18,-0.006,-31.0,21,20,11.1,20,22,0.214,0.024,42.0,0.0,0.0,0.024,26.0,1.0,1.0,2.0,0.0,0.0,0.0,0.0,1.0,1.0,0.0,0.0,0.0,0.0,0.0,0.0,0.0,0.0,0.0,0.0,1.0,0.31,0.0,0.059,0.0,0.0,1.82,0.0,30.0,3.0,51.0,0.0,1.5,0.0,0.286,9.0,19.7,7.0,0.333,11.2,0.0,0.333,6.9,0.5,0.0,0.5,2.0,1.0,1.0,2.0,0.0,1.0,0.0,1.0,0.286,0.5,0.333,0.0,,,,,,,,,,,,,,,,0.0,1.0,0.0,,0.0,0.0,0.143,1.0,0.0,0.143,0.0,0.0,0.0,0.0,0.0,0.0,1.0,0.143,0.0,0.143,0.0,0.0,1.0,0.0,0.0,,0.0,0.2,0.714,5.0,1.0,5.0,0.714,0.0,1.0,0.3,0.0,,0.2,0,0,0.0,,,0,,0.0,0.0,0.0,0.0,3.0,0.0,0.0,0.214,0.143,0.0,0.0,0.0,0.0,0.0,1.0,0.2,0.0,0.0,0.0,0.0,0.0,0.0,1.0,0.0,0.0,0.0,0.0,0.0,0.0,5.0,1.0,0.0,0.0,2.0,F,0.543,-0.127,0.365,0.67,35.0,19.0,0.0,0.0,0.0,,0.0,0.0,0.0,1.0,,0.0,0.0,0.0,0.0,0.0,0.0,0.0,OKC,0.0,0.0,0.0,,0.0,3.0,0.25,4.0,0.0,0.0,0.0,7,0.143,0.214,7.0,1,1.0,0.556,5.0,0.479,9.0,0.076,4.0,2.0,0.109,0.444,0.5,0.392,5.0,3.0,0.599,0.001,0.6,0.556,-0.03,3.0,2.0,0.667,0.696,0.333,3.0,0.444,0.128,4.0,0.622,0.75,0.444,2.0,0.39,0.11,0.5,4.0,1.0,1.0,1.0,3.0,2.0,0.0,2.0,0.0,0.0,0.0,1.0,0.0,1.0,0.0,0.0,1.0,1.0,0.0,0.0,OKC,2.0,5.0,0.0,0.0,0.0,0.0,0.0,0.0,0.0,0.0,0.0,0.0,0.0,0.0,0.0,OKC,0.0,0.0,51.0,0.0,0.0,3.89,0.7,,1.6,8400.0,3.63,0.9,4.12,2026,20260524,True,42500314,SAS,OKC,1610612759,OKC_SAS_2026
1629652,Luguentz Dort,Luguentz,1610612760,OKC,27.0,1,0,1,0.0,17.35,1,2,0.5,0,1,0.0,0,0,0.0,2,2,4,0,1,2,0,0,5,0,2,-16,11.8,0,0,10.0,1,14,14,14,17,15,20,3,11,16,11,12,13,12,3,12,10,18,8,2,12,1,24,16,20,22,15,2,1,15,1,102,24,0.0,-44.7,15,25,24,77.23,18,123.5,72.7,10,8,19,0.091,0.0,13,-45.9,118.6,0.5,0.075,25,0.073,2.0,18,23,24,20,7,0.0,11,23,33.3,4,123.5,98.43,25,33,0.108,78.8,1.0,92.68,25,19,92.68,0.133,23,78.8,21,0.0,-44.7,23,23,33.3,19,25,0.5,0.0,16.0,0.0,0.0,0.0,7.0,0.0,0.0,0.0,1.0,0.0,0.0,1.0,0.5,2.0,1.0,0.0,2.0,0.0,0.0,0.0,0.0,0.0,1.0,0.0,1.0,2.39,0.0,0.111,0.0,0.0,2.9,0.0,7.0,2.0,18.0,0.0,0.9,1.0,1.0,6.0,14.8,2.0,0.667,12.0,0.0,0.25,9.2,0.0,0.0,0.5,3.0,2.0,1.0,4.0,1.0,1.0,0.5,0.0,1.0,0.5,0.667,0.0,,,,,,,,,,,,,,,,1.0,0.0,1.0,1.0,1.0,,0.0,1.0,0.5,0.5,0.0,1.0,1.0,0.0,0.0,0.0,1.0,0.5,0.0,0.5,0.0,0.0,1.0,0.0,0.0,,,,,,,,,,,,,,,1,2,0.0,1.0,,1,1.0,0.0,0.0,0.0,0.0,0.0,0.0,0.0,0.5,0.0,0.0,1.0,1.0,0.0,0.0,0.0,0.0,0.0,0.0,0.0,0.0,0.0,0.0,0.0,0.0,0.0,1.0,0.0,0.0,0.0,1.0,0.0,0.0,0.0,0.0,G,0.71,0.052,0.36,0.658,31.0,22.0,0.0,0.0,0.0,0.0,0.0,0.0,1.0,0.0,0.0,0.0,0.0,0.0,0.0,0.0,0.0,1.0,OKC,0.0,0.0,0.0,0.0,0.0,1.0,0.0,0.0,1.0,0.0,0.0,1,0.0,0.0,1.0,0,0.0,0.571,4.0,0.498,7.0,0.073,2.0,1.0,0.121,0.286,0.5,0.38,5.0,3.0,0.584,0.016,0.6,0.714,0.036,3.0,2.0,0.667,0.63,0.429,3.0,0.571,0.14,4.0,0.61,0.75,0.429,1.0,0.379,-0.046,0.333,3.0,0.0,0.0,0.0,1.0,0.0,0.0,1.0,0.0,0.0,0.0,0.0,0.0,0.0,0.0,0.0,0.0,0.0,0.0,0.0,OKC,2.0,2.0,0.0,0.0,0.0,0.0,0.0,0.0,0.0,0.0,0.0,0.0,0.0,0.0,0.0,OKC,0.0,0.0,18.0,0.0,0.0,4.2,0.6,,1.3,6791.0,3.99,0.7,4.41,2026,20260524,True,42500314,SAS,OKC,1610612759,OKC_SAS_2026
1642260,Nikola Topić,Nikola,1610612760,OKC,20.0,1,0,1,0.0,3.75,1,2,0.5,0,0,0.0,0,0,0.0,0,0,0,2,1,0,0,1,0,0,2,1,4.0,0,0,4.0,1,14,14,14,22,15,20,3,11,21,11,12,13,12,15,23,24,8,8,14,12,17,1,16,20,9,24,2,1,24,1,102,15,2.0,0.0,15,18,23,90.67,3,100.0,112.5,23,8,5,0.0,0.667,5,12.5,100.0,0.5,0.375,4,0.333,2.0,1,11,23,20,24,40.0,11,2,20.0,15,100.0,102.4,4,9,0.0,100.0,1.0,108.8,16,14,108.8,0.0,2,100.0,1,0.095,0.0,11,7,20.0,5,16,0.5,0.4,5.0,0.0,0.0,0.4,9.0,2.0,2.0,4.0,0.0,0.0,0.0,0.0,0.0,1.0,0.0,0.0,0.0,0.0,0.0,0.0,0.0,0.0,1.0,0.0,0.0,4.78,0.0,0.222,0.0,0.0,4.62,0.0,3.0,2.0,9.0,0.0,0.7,0.0,,,,,,,,,,,,,,,,,,,,,,,,,,,,,,,,,,,,,,,,2.0,0.0,1.0,0.5,0.5,,0.0,2.0,1.0,1.0,0.0,1.0,0.5,,,,,,,,,,,,,,,,,,,,,,,,,,,0,0,,,,0,,,0.0,0.0,0.0,0.0,0.0,0.0,0.5,0.0,0.0,0.0,0.0,0.5,0.0,0.0,0.0,0.0,0.0,2.0,1.0,,,0.0,0.0,,0.0,0.0,,,0.0,,0.0,0.0,0.0,G,0.5,-0.178,0.333,0.678,2.0,1.0,0.5,,0.0,,1.0,,0.0,0.0,,,0.0,,0.0,,,0.0,OKC,2.0,0.0,0.0,,0.0,0.0,0.0,0.0,0.0,0.0,0.0,0,,,,0,,0.0,0.0,0.476,2.0,-0.476,2.0,0.0,-0.409,1.0,0.0,0.409,,,,,,,,,,,,,,,,,,,1.0,0.0,0.39,-0.39,0.0,2.0,0.0,0.0,0.0,0.0,0.0,0.0,1.0,0.0,0.0,0.0,0.0,0.0,0.0,0.0,0.0,0.0,0.0,0.0,0.0,OKC,0.0,1.0,0.0,0.0,0.0,0.0,0.0,0.0,0.0,0.0,0.0,0.0,0.0,0.0,0.0,OKC,0.0,0.0,9.0,0.0,0.0,4.33,0.1,,0.3,1544.0,2.58,0.1,3.27,2026,20260524,True,42500314,SAS,OKC,1610612759,OKC_SAS_2026
1628983,Shai Gilgeous-Alexander,Shai,1610612760,OKC,27.0,1,0,1,0.0,31.25,6,15,0.4,0,1,0.0,7,7,1.0,0,4,4,7,4,2,0,0,3,8,19,-18,36.3,0,0,34.0,1,14,14,14,2,2,2,12,11,16,11,2,2,1,15,9,10,1,1,2,12,1,18,1,2,24,3,2,1,2,1,102,21,1.75,-28.5,2,20,18,85.12,8,107.6,78.3,15,14,18,0.0,0.538,7,-30.4,108.6,0.4,0.3,18,0.286,15.0,3,20,18,2,20,24.1,10,5,13.8,15,107.6,102.21,18,67,0.051,79.1,6.0,102.14,21,7,102.14,0.1,5,79.1,17,0.165,-28.5,20,21,13.8,18,21,0.525,0.179,39.0,0.0,0.0,0.179,59.0,7.0,16.0,16.0,0.435,1.0,0.13,0.429,0.522,23.0,3.0,3.0,10.0,1.0,0.043,0.087,2.0,4.0,7.0,4.0,12.0,6.48,1.0,0.284,0.667,3.0,6.3,0.0,28.0,19.0,67.0,2.0,7.0,1.0,0.444,9.0,0.0,9.0,0.444,8.1,0.0,0.0,8.1,0.0,0.0,0.0,4.0,4.0,0.0,1.0,0.0,0.0,0.0,0.0,0.444,0.0,0.444,0.0,0.0,0.5,,1.0,2.0,0.133,OKC,0.0,0.5,0.133,0.0,1.0,1.0,0.5,2.0,5.0,0.0,3.0,0.6,0.6,,0.0,5.0,0.333,0.333,0.0,3.0,0.6,0.0,1.0,0.143,1.0,0.067,0.143,0.467,6.0,0.0,7.0,0.4,1.0,0.167,1.0,1.0,0.0,0.0,1.0,1.0,0.067,1.0,0.0,1.0,0.067,1.0,,3,6,0.0,0.25,0.0,12,0.25,1.0,0.0,0.0,0.0,0.0,2.0,0.0,0.4,0.0,2.0,0.0,3.0,1.0,0.0,0.0,0.0,8.0,0.0,3.0,3.0,0.0,0.0,0.0,0.0,0.0,0.0,0.375,0.0,0.0,1.0,0.0,0.0,3.0,0.0,G,0.5,-0.17,0.365,0.67,46.0,23.0,1.0,0.0,0.0,0.0,3.0,0.0,3.0,0.0,0.0,7.0,0.0,3.0,0.0,0.0,0.429,0.0,OKC,3.0,1.0,0.0,0.0,0.0,1.0,0.0,0.0,0.0,0.0,0.0,0,,,0.0,0,0.0,0.444,4.0,0.498,9.0,-0.054,4.0,2.0,0.156,0.444,0.5,0.345,5.0,2.0,0.563,-0.163,0.4,0.556,-0.269,5.0,2.0,0.4,0.669,0.556,2.0,0.556,-0.223,5.0,0.623,0.4,0.444,2.0,0.353,0.148,0.5,4.0,0.0,0.0,0.0,1.0,0.0,0.0,0.0,0.0,0.0,0.0,0.0,0.0,0.0,0.0,0.0,0.0,0.0,0.0,0.0,OKC,3.0,1.0,0.0,1.0,1.0,2.0,0.0,0.0,0.0,0.0,0.0,0.0,2.0,1.0,2.0,OKC,0.0,2.0,67.0,1.0,0.0,3.93,0.9,,2.2,11652.0,3.58,1.3,4.22,2026,20260524,True,42500314,SAS,OKC,1610612759,OKC_SAS_2026
1642272,Jared McCain,Jared,1610612760,OKC,22.0,1,0,1,0.0,23.85,1,10,0.1,0,5,0.0,2,2,1.0,1,1,2,0,2,0,0,1,2,1,4,-13,4.4,0,0,6.0,1,14,14,14,8,15,8,21,11,4,11,7,7,1,10,18,18,18,4,14,12,17,14,10,15,21,22,2,1,21,1,102,11,0.0,-28.2,15,14,19,87.21,18,96.1,68.9,21,21,23,0.029,0.0,13,-25.7,94.6,0.1,0.221,13,0.21,10.0,18,19,20,8,23,0.0,20,9,15.4,14,96.1,104.73,13,53,0.03,67.9,1.0,104.65,13,25,104.65,0.031,9,67.9,23,-0.16,-28.2,19,18,15.5,23,13,0.184,0.0,22.0,0.0,0.0,0.0,32.0,0.0,3.0,0.0,0.25,0.0,0.0,0.25,0.5,8.0,1.0,0.0,2.0,0.0,0.0,0.0,0.0,0.0,4.0,0.0,4.0,4.64,0.0,0.111,0.0,0.0,3.92,0.0,15.0,4.0,36.0,0.0,2.4,0.0,0.167,9.0,25.0,6.0,0.286,18.4,2.0,0.5,11.9,1.0,0.0,0.333,1.0,0.0,1.0,3.0,0.0,1.0,0.0,1.0,0.25,0.333,0.222,2.0,0.0,0.5,,1.0,2.0,0.2,OKC,0.0,0.5,0.2,0.0,1.0,1.0,0.5,2.0,1.0,0.0,0.0,0.0,0.0,,0.0,1.0,0.1,0.1,0.0,0.0,0.0,0.0,0.0,0.0,3.0,0.3,0.0,0.5,2.0,0.0,5.0,0.2,0.0,0.0,0.0,0.0,0.2,2.0,0.0,2.0,0.2,0.0,0.0,0.0,0.0,,0.0,0,0,0.0,0.0,0.0,2,0.0,2.0,0.0,0.0,0.0,0.0,0.0,0.0,0.1,0.0,0.0,0.0,1.0,0.333,0.0,0.0,0.0,1.0,0.0,3.0,1.0,0.0,0.0,0.0,0.0,0.0,0.0,0.0,0.0,0.0,4.0,1.0,0.0,0.0,1.0,G,0.692,0.035,0.26,0.657,13.0,9.0,0.333,0.0,0.0,0.0,1.0,0.0,1.0,0.0,0.0,0.0,0.0,0.0,0.0,0.0,0.0,0.0,OKC,3.0,1.0,0.0,0.0,0.0,4.0,0.0,1.0,0.0,0.0,0.0,4,0.0,0.0,3.0,0,0.0,0.286,2.0,0.461,7.0,-0.175,4.0,0.0,-0.367,0.571,0.0,0.367,3.0,2.0,0.543,0.124,0.667,0.429,,,,,,,1.0,0.143,0.312,1.0,0.688,1.0,0.714,0.0,0.36,-0.36,0.0,5.0,0.0,0.0,0.0,2.0,0.0,0.0,2.0,0.0,0.0,0.0,0.0,0.0,0.0,0.0,0.0,0.0,0.0,0.0,0.0,OKC,1.0,4.0,0.0,0.0,0.0,0.0,0.0,0.0,0.0,0.0,0.0,0.0,0.0,0.0,0.0,OKC,0.0,0.0,36.0,0.0,0.0,4.66,0.9,,2.0,10818.0,4.52,1.2,5.2,2026,20260524,True,42500314,SAS,OKC,1610612759,OKC_SAS_2026
1627936,Alex Caruso,Alex,1610612760,OKC,32.0,1,0,1,0.0,14.016666666666667,0,1,0.0,0,0,0.0,0,0,0.0,0,2,2,1,0,0,2,0,4,1,0,-22,9.9,0,0,7.0,1,14,14,14,19,22,23,22,11,21,11,12,13,12,15,12,18,13,18,14,2,1,21,10,23,25,18,2,1,20,1,102,22,0.0,-74.6,22,5,1,87.04,2,113.3,37.3,13,22,25,0.0,0.25,13,-72.3,109.5,0.0,0.028,14,0.027,1.0,8,25,1,23,18,50.0,23,24,0.0,15,113.3,108.28,14,31,0.053,38.7,0.0,104.45,23,21,104.45,0.118,24,38.7,25,-0.047,-74.6,25,25,0.0,25,23,0.0,0.05,20.0,1.0,1.0,0.15,15.0,3.0,4.0,4.0,0.0,0.0,0.0,0.0,1.0,2.0,0.0,0.0,0.0,0.0,0.0,0.0,0.0,0.0,0.0,0.0,2.0,2.95,0.0,0.0,0.0,1.0,3.77,0.0,11.0,0.0,22.0,0.0,1.4,1.0,1.0,2.0,0.0,2.0,1.0,8.4,0.0,0.0,8.4,0.0,0.0,0.0,2.0,2.0,0.0,0.0,0.0,0.0,0.0,0.0,1.0,0.0,1.0,0.0,,,,,,,,,,,,,,,,1.0,0.0,0.0,0.0,0.0,,0.0,1.0,1.0,1.0,0.0,0.0,0.0,,,,,,,,,,,,,,,,,,,,,,,,,,,0,0,,,,0,,,0.0,0.0,0.0,0.0,0.0,0.0,0.0,0.0,0.0,0.0,0.0,0.0,0.0,0.0,0.0,0.0,0.0,1.0,0.0,0.0,0.0,0.0,0.0,0.0,0.0,0.0,0.0,0.0,0.0,0.0,0.0,0.0,0.0,G,0.611,-0.054,0.35,0.665,36.0,22.0,0.0,0.0,0.0,0.0,0.0,0.0,0.0,0.0,0.0,0.0,0.0,0.0,0.0,0.0,0.0,0.0,OKC,1.0,0.0,0.0,0.0,0.0,0.0,0.0,0.0,0.0,0.0,0.0,0,,,,0,,0.4,2.0,0.506,5.0,-0.106,3.0,1.0,-0.011,0.6,0.333,0.345,2.0,1.0,0.623,-0.123,0.5,0.4,-0.172,2.0,1.0,0.5,0.672,0.4,1.0,0.4,-0.143,2.0,0.643,0.5,0.6,1.0,0.349,-0.015,0.333,3.0,1.0,1.0,1.0,2.0,0.0,0.0,1.0,0.0,0.0,0.0,0.0,0.0,1.0,0.0,0.0,1.0,0.0,0.0,0.0,OKC,0.0,3.0,0.0,0.0,0.0,0.0,0.0,0.0,0.0,0.0,0.0,0.0,0.0,0.0,0.0,OKC,0.0,0.0,22.0,0.0,0.0,4.69,0.5,,1.2,6285.0,4.55,0.7,4.79,2026,20260524,True,42500314,SAS,OKC,1610612759,OKC_SAS_2026
1630598,Aaron Wiggins,Aaron,1610612760,OKC,27.0,1,0,1,0.0,20.916666666666668,2,11,0.182,0,4,0.0,0,0,0.0,0,2,2,0,2,0,1,3,1,0,4,-4,7.4,0,0,8.0,1,14,14,14,11,12,5,18,11,6,11,12,13,12,15,12,18,18,4,14,4,24,8,16,15,15,20,2,1,18,1,102,14,0.0,-8.9,12,10,19,86.06,18,95.6,80.2,17,19,16,0.0,0.0,13,-17.9,98.1,0.182,0.252,15,0.241,11.0,18,15,19,5,21,0.0,21,7,15.4,15,95.6,106.11,15,45,0.041,86.7,2.0,103.27,12,22,103.27,0.077,7,86.7,16,-0.078,-8.9,15,17,15.4,16,12,0.182,0.0,20.0,0.0,0.0,0.0,21.0,0.0,0.0,0.0,0.333,0.0,0.0,0.25,0.167,6.0,1.0,0.0,2.0,1.0,0.167,0.0,0.0,0.0,4.0,0.0,1.0,2.0,0.0,0.118,0.0,0.0,2.57,0.0,24.0,4.0,34.0,0.0,1.5,1.0,0.667,5.0,0.0,3.0,0.4,6.3,0.0,0.5,6.3,0.5,0.0,0.0,1.0,1.0,1.0,2.0,0.0,0.0,0.0,1.0,0.667,0.0,0.4,0.0,0.0,0.0,,0.0,1.0,0.091,OKC,0.0,0.0,0.091,0.0,0.0,1.0,0.0,1.0,3.0,0.0,0.0,0.0,0.0,,0.0,3.0,0.273,0.273,0.0,0.0,0.0,0.0,2.0,0.5,1.0,0.091,0.5,0.364,3.0,0.0,4.0,0.273,2.0,0.667,0.0,0.0,0.273,3.0,0.0,3.0,0.273,0.0,0.0,0.0,0.0,,0.0,2,4,0.0,0.4,0.0,5,0.4,1.0,0.0,0.0,0.0,0.0,0.0,0.0,0.182,0.0,0.0,0.0,0.0,0.0,0.0,0.0,0.0,4.0,0.0,3.0,0.0,0.0,0.0,0.0,0.0,0.0,0.0,0.5,0.0,0.0,3.0,1.0,0.0,2.0,1.0,G,0.667,-0.003,0.321,0.67,9.0,6.0,0.0,0.0,0.0,0.0,0.0,0.0,0.0,0.0,0.0,3.0,0.0,2.0,0.0,0.0,0.667,0.0,OKC,3.0,1.0,0.0,0.0,0.0,2.0,0.0,2.0,0.0,0.0,0.0,3,0.0,0.0,3.0,0,0.0,0.333,4.0,0.482,12.0,-0.149,5.0,1.0,-0.152,0.417,0.2,0.352,7.0,3.0,0.563,-0.135,0.429,0.583,-0.19,4.0,2.0,0.5,0.69,0.333,2.0,0.417,-0.23,5.0,0.63,0.4,0.5,1.0,0.358,-0.191,0.167,6.0,0.0,0.0,0.0,3.0,2.0,0.0,3.0,0.0,0.0,0.0,1.0,0.0,0.0,0.0,0.0,0.0,0.0,0.0,0.0,OKC,0.0,6.0,0.0,0.0,0.0,0.0,0.0,0.0,0.0,0.0,0.0,0.0,0.0,0.0,0.0,OKC,0.0,0.0,34.0,0.0,0.0,4.51,0.7,,1.7,9136.0,3.85,1.0,5.12,2026,20260524,True,42500314,SAS,OKC,1610612759,OKC_SAS_2026
1627936,Alex Caruso,Alex,1610612760,OKC,32.0,1,1,0,1.0,28.095,5,10,0.5,4,8,0.5,8,8,1.0,1,1,2,6,2,3,0,0,2,4,22,18,40.4,0,0,40.0,1,1,1,1,11,8,9,9,1,3,4,3,3,1,6,15,15,3,6,1,6,1,13,5,3,3,4,3,1,4,1,102,3,3.0,27.1,8,22,18,82.58,3,101.8,131.8,18,5,9,0.038,0.353,3,33.3,98.4,0.7,0.233,25,0.229,10.0,3,7,18,9,19,27.3,5,8,9.1,11,101.8,99.6,25,59,0.033,128.8,5.0,99.09,4,3,99.09,0.029,8,128.8,10,0.209,27.1,7,4,9.3,9,4,0.814,0.125,48.0,0.0,0.0,0.125,56.0,6.0,6.0,14.0,1.0,1.0,0.167,0.5,0.167,6.0,1.0,1.0,6.0,0.0,0.0,0.333,2.0,4.0,2.0,4.0,1.0,2.41,0.0,0.333,0.0,0.0,2.91,0.0,40.0,22.0,66.0,0.0,3.2,2.0,0.5,4.0,2.5,2.0,0.5,4.9,0.0,0.5,7.2,0.0,0.0,0.5,1.0,1.0,1.0,2.0,1.0,0.0,1.0,0.0,0.5,0.5,0.5,0.0,,,,,,,,,,,,,,,,2.0,0.0,1.0,0.5,0.5,,0.0,2.0,0.2,0.2,0.0,1.0,0.5,0.5,1.0,0.75,2.0,0.2,0.5,0.2,0.0,1.0,2.0,0.0,0.0,,0.0,0.5,0.6,6.0,3.0,6.0,0.6,0.0,3.0,0.75,0.0,,0.5,1,2,0.0,0.5,0.0,2,0.5,1.0,0.0,0.0,0.0,12.0,0.0,0.0,0.7,0.571,0.0,1.0,1.0,0.0,2.0,2.0,0.667,0.0,0.0,1.0,0.0,0.0,2.0,1.0,0.0,0.0,1.0,0.0,0.0,0.5,3.0,4.0,0.4,0.0,5.0,G,0.595,-0.063,0.372,0.658,42.0,25.0,0.0,,1.0,0.0,0.0,,0.0,2.0,0.0,0.0,0.0,0.0,1.0,,0.0,0.0,OKC,1.0,1.0,0.0,0.0,0.0,2.0,0.333,6.0,0.0,2.0,1.0,7,0.571,0.857,7.0,4,4.0,0.3,3.0,0.494,10.0,-0.194,4.0,0.0,-0.354,0.4,0.0,0.354,6.0,3.0,0.564,-0.064,0.5,0.6,-0.119,6.0,3.0,0.5,0.619,0.6,3.0,0.6,-0.093,6.0,0.593,0.5,0.4,0.0,0.356,-0.356,0.0,4.0,1.0,1.0,1.0,0.0,0.0,0.0,1.0,0.0,0.0,0.0,0.0,0.0,1.0,0.0,0.0,1.0,0.0,0.0,0.0,OKC,3.0,1.0,0.0,0.0,0.0,0.0,0.0,0.0,0.0,0.0,0.0,0.0,0.0,0.0,0.0,OKC,0.0,0.0,66.0,0.0,0.0,4.61,1.0,,2.4,12532.0,4.42,1.4,4.75,2026,20260526,True,42500315,SAS,OKC,1610612759,OKC_SAS_2026
1628983,Shai Gilgeous-Alexander,Shai,1610612760,OKC,27.0,1,1,0,1.0,37.15,7,19,0.368,2,3,0.667,16,17,0.941,0,2,2,9,6,2,1,0,3,9,32,8,50.9,0,0,51.0,1,1,1,1,2,2,1,12,5,10,2,1,1,8,17,13,15,1,1,6,3,1,18,1,1,4,1,3,1,1,1,102,8,1.5,8.7,2,10,22,83.45,8,119.5,124.5,17,14,10,0.0,0.36,5,12.0,112.5,0.421,0.356,24,0.351,19.0,2,10,22,1,20,21.4,10,2,14.3,17,119.5,104.73,24,78,0.024,128.2,7.0,100.13,15,10,100.13,0.043,2,128.2,12,0.14,8.7,10,9,14.5,10,15,0.604,0.196,46.0,0.0,1.0,0.217,70.0,10.0,14.0,23.0,0.609,1.0,0.087,0.5,0.348,23.0,4.0,2.0,14.0,3.0,0.13,0.13,3.0,4.0,8.0,4.0,8.0,5.11,0.0,0.39,0.0,1.0,5.46,0.0,44.0,32.0,82.0,0.0,7.5,0.0,0.667,3.0,0.0,3.0,0.667,2.4,0.0,0.0,2.4,0.0,0.0,0.0,2.0,2.0,0.0,0.0,0.0,0.0,0.0,0.0,0.667,0.0,0.667,0.0,0.0,0.333,,1.0,3.0,0.158,OKC,0.0,0.333,0.158,0.0,1.0,1.0,0.333,3.0,4.0,0.0,1.0,0.25,0.25,,0.0,4.0,0.211,0.211,0.0,1.0,0.25,0.667,5.0,0.5,3.0,0.158,0.417,0.632,9.0,2.0,12.0,0.474,3.0,0.333,,,,,,,,,,,,,,5,11,1.0,0.357,0.5,14,0.393,2.0,0.0,0.0,0.0,3.0,0.0,0.0,0.421,1.0,0.0,1.0,4.0,0.333,0.0,2.0,0.667,9.0,0.0,3.0,1.0,0.0,0.0,0.0,0.0,0.0,0.25,0.333,0.0,0.0,3.0,0.0,0.0,3.0,0.0,G,0.473,-0.194,0.374,0.667,55.0,26.0,0.25,,0.0,0.0,1.0,,6.0,0.0,0.0,6.0,0.0,1.0,0.667,,0.167,0.5,OKC,4.0,0.0,0.0,0.0,0.0,3.0,0.0,0.0,3.0,2.0,0.0,1,1.0,1.5,1.0,1,1.0,0.333,7.0,0.468,21.0,-0.135,7.0,2.0,-0.069,0.333,0.286,0.355,14.0,5.0,0.56,-0.203,0.357,0.667,-0.323,9.0,3.0,0.333,0.656,0.429,4.0,0.571,-0.282,12.0,0.615,0.333,0.429,3.0,0.366,-0.033,0.333,9.0,1.0,1.0,1.0,5.0,0.0,0.0,5.0,0.0,0.0,0.0,0.0,0.0,1.0,0.0,0.0,1.0,0.0,0.0,0.0,OKC,0.0,10.0,0.0,0.0,0.0,0.0,0.0,0.0,0.0,0.0,0.0,0.0,0.0,0.0,0.0,OKC,0.0,0.0,82.0,0.0,0.0,3.81,1.2,,2.6,13902.0,3.91,1.5,3.99,2026,20260526,True,42500315,SAS,OKC,1610612759,OKC_SAS_2026
1642260,Nikola Topić,Nikola,1610612760,OKC,20.0,1,1,0,1.0,0.7633333333333333,0,0,0.0,0,0,0.0,0,0,0.0,0,0,0,0,0,0,0,0,0,0,0,-2,0.0,0,0,0.0,1,1,1,1,25,19,20,19,14,17,14,13,15,13,17,19,21,14,14,11,6,1,1,19,20,13,24,3,1,24,1,102,25,0.0,-100.0,19,25,1,104.8,14,200.0,200.0,19,19,22,0.0,0.0,12,-27.3,227.3,0.0,0.0,2,0.0,0.0,14,25,1,20,21,0.0,20,22,0.0,17,200.0,86.78,2,2,0.0,100.0,0.0,125.76,25,20,125.76,0.0,22,100.0,1,0.0,-100.0,25,20,0.0,22,25,0.0,0.0,2.0,0.0,0.0,0.0,2.0,0.0,1.0,0.0,0.0,0.0,0.0,0.0,1.0,1.0,0.0,0.0,0.0,0.0,0.0,0.0,0.0,0.0,0.0,0.0,1.0,11.5,0.0,0.0,0.0,0.0,11.3,0.0,0.0,0.0,2.0,0.0,0.4,0.0,,,,,,,,,,,,,,,,,,,,,,,,,,,,,,,,,,,,,,,,,,,,,,,,,,,,,,,,,,,,,,,,,,,,,,,,,,,,,,,0,0,,,,0,,,0.0,0.0,0.0,0.0,0.0,0.0,0.0,0.0,0.0,0.0,0.0,0.0,,0.0,0.0,,,0.0,0.0,,,,,,0.0,,,,0.0,,,,,G,0.5,-0.178,0.333,0.678,2.0,1.0,0.0,,,,0.0,,,,,,,,0.0,,,,OKC,0.0,,,,,0.0,,,,0.0,,0,,,,0,,,,,,,,,,,,,,,,,,,,,,,,,,,,,,,,,,,,,,,,,,,,,,,,,,,,,,,,,,,0.0,0.0,0.0,0.0,0.0,0.0,0.0,0.0,0.0,0.0,0.0,0.0,0.0,OKC,0.0,0.0,2.0,0.0,0.0,6.68,0.0,,0.1,332.0,0.0,0.0,0.0,2026,20260526,True,42500315,SAS,OKC,1610612759,OKC_SAS_2026
1629652,Luguentz Dort,Luguentz,1610612760,OKC,27.0,1,1,0,1.0,18.08333333333333,3,7,0.429,1,4,0.25,0,0,0.0,1,3,4,0,0,0,0,0,1,1,7,-4,11.8,0,0,12.0,1,1,1,1,14,11,12,10,8,7,11,13,15,13,6,6,7,14,14,11,6,1,5,10,12,16,14,3,1,15,1,102,7,0.0,-4.3,11,2,1,88.48,14,117.1,110.1,7,10,16,0.059,0.0,12,-1.9,112.0,0.5,0.159,12,0.152,7.0,14,13,1,12,8,0.0,13,13,0.0,10,117.1,109.89,12,39,0.105,112.8,3.0,106.18,14,14,106.18,0.143,14,112.8,17,0.066,-4.3,13,13,0.0,16,14,0.5,0.0,12.0,0.0,0.0,0.0,12.0,0.0,0.0,0.0,1.0,0.0,0.0,0.5,0.0,2.0,1.0,0.0,2.0,0.0,0.0,0.0,0.0,0.0,2.0,0.0,0.0,1.58,0.0,0.368,0.0,0.0,2.1,1.0,11.0,7.0,19.0,0.0,0.7,2.0,0.5,8.0,5.1,6.0,0.571,5.4,1.0,0.75,5.4,1.0,0.0,0.5,1.0,0.0,3.0,2.0,0.0,1.0,0.0,3.0,0.6,0.5,0.5,1.0,,,,,,,,,,,,,,,,1.0,0.0,1.0,1.0,1.0,,0.0,1.0,0.143,0.143,0.0,1.0,1.0,0.333,2.0,0.5,3.0,0.429,0.4,0.714,2.0,1.0,5.0,0.286,1.0,0.5,0.0,0.0,0.143,1.0,0.0,1.0,0.143,0.0,0.0,0.0,0.0,,0.0,0,0,0.0,0.0,,1,0.0,0.0,2.0,0.0,0.0,3.0,0.0,1.0,0.5,0.25,0.0,0.0,1.0,1.0,0.0,1.0,0.5,0.0,0.0,2.0,2.0,0.0,0.0,0.0,0.0,0.0,0.0,0.0,0.0,0.0,2.0,2.0,0.0,0.0,2.0,G,0.697,0.037,0.351,0.66,33.0,23.0,1.0,,0.0,,2.0,,1.0,0.0,,0.0,0.0,0.0,0.5,,0.0,0.0,OKC,2.0,0.0,0.0,,0.0,2.0,0.0,2.0,0.0,1.0,0.0,4,0.25,0.375,4.0,1,1.0,0.25,2.0,0.467,8.0,-0.217,4.0,0.0,-0.367,0.5,0.0,0.367,4.0,2.0,0.571,-0.071,0.5,0.5,-0.204,2.0,1.0,0.5,0.704,0.25,2.0,0.375,0.033,3.0,0.634,0.667,0.625,0.0,0.373,-0.373,0.0,5.0,0.0,0.0,0.0,1.0,0.0,0.0,2.0,0.0,1.0,1.0,0.0,0.0,0.0,0.0,0.0,0.0,0.0,0.0,1.0,OKC,2.0,3.0,0.0,0.0,0.0,0.0,0.0,0.0,0.0,0.0,0.0,0.0,0.0,0.0,0.0,OKC,0.0,0.0,19.0,0.0,0.0,4.32,0.7,,1.4,7569.0,4.4,0.7,4.24,2026,20260526,True,42500315,SAS,OKC,1610612759,OKC_SAS_2026
1629026,Kenrich Williams,Kenrich,1610612760,OKC,31.0,1,1,0,1.0,11.581666666666669,3,3,1.0,2,2,1.0,0,0,0.0,1,2,3,0,0,0,0,0,1,0,8,7,11.6,0,0,13.0,1,1,1,1,16,11,16,1,5,14,1,13,15,13,6,13,13,14,14,11,6,1,5,19,11,5,15,3,1,14,1,102,5,0.0,26.9,11,14,1,89.8,14,111.5,154.1,6,1,5,0.083,0.0,12,46.5,107.6,1.333,0.106,10,0.094,3.0,14,8,1,16,7,0.0,1,19,0.0,6,111.5,104.28,10,26,0.12,138.5,3.0,107.76,5,4,107.76,0.154,19,138.5,7,0.2,26.9,8,2,0.0,5,5,1.333,0.0,6.0,0.0,0.0,0.0,3.0,0.0,0.0,0.0,0.0,0.0,0.0,0.0,0.0,0.0,0.0,0.0,0.0,0.0,0.0,0.0,0.0,0.0,0.0,0.0,0.0,0.33,0.0,0.889,0.0,0.0,1.47,2.0,5.0,8.0,9.0,0.0,0.2,1.0,0.667,5.0,3.7,3.0,0.75,6.5,0.0,0.333,8.0,0.5,1.0,0.5,2.0,1.0,1.0,2.0,0.0,1.0,0.0,1.0,0.667,1.0,0.6,1.0,,,,,,,,,,,,,,,,,,,,,,,,,,,,,1.0,2.0,1.25,1.0,0.333,1.0,0.667,1.0,1.0,2.0,0.333,1.0,1.0,0.0,1.0,0.333,1.0,1.0,1.0,0.333,0.0,1.0,1.5,0.0,,1.0,0,0,0.0,,,0,,0.0,2.0,0.0,0.0,6.0,0.0,1.0,1.333,1.0,0.0,0.0,0.0,1.0,0.0,2.0,1.0,0.0,0.0,1.0,1.0,0.0,,0.0,0.0,0.0,0.0,0.0,0.0,,2.0,,0.0,0.0,0.0,G-F,0.538,-0.129,0.619,0.668,13.0,7.0,1.0,,0.0,0.0,1.0,,0.0,0.0,0.0,0.0,0.0,0.0,1.0,,0.0,0.0,OKC,1.0,0.0,0.0,0.0,0.0,2.0,0.0,0.0,0.0,2.0,0.0,2,1.0,1.5,2.0,2,2.0,0.5,1.0,0.425,2.0,0.075,2.0,1.0,0.139,1.0,0.5,0.362,,,,,,,,,,,,,,,,,,,1.0,1.0,0.372,0.129,0.5,2.0,0.0,0.0,0.0,1.0,0.0,0.0,0.0,0.0,0.0,0.0,0.0,0.0,0.0,0.0,0.0,0.0,0.0,0.0,0.0,OKC,0.0,1.0,0.0,0.0,0.0,0.0,0.0,0.0,0.0,0.0,0.0,0.0,0.0,0.0,0.0,OKC,0.0,0.0,9.0,0.0,0.0,4.14,0.4,,0.9,4647.0,3.67,0.5,4.61,2026,20260526,True,42500315,SAS,OKC,1610612759,OKC_SAS_2026
1631119,Jaylin Williams,Jaylin,1610612760,OKC,23.0,1,1,0,1.0,16.596666666666668,1,3,0.333,1,2,0.5,0,2,0.0,1,3,4,1,0,0,0,0,3,3,3,-9,9.3,0,0,9.0,1,1,1,1,15,16,16,14,8,14,4,13,8,13,6,6,7,10,14,11,6,1,18,7,18,23,16,3,1,16,1,102,16,0.0,-35.3,16,23,1,85.56,9,135.3,109.7,5,10,22,0.067,0.091,12,-22.8,132.5,0.5,0.112,21,0.098,3.0,10,22,1,16,6,20.0,17,18,0.0,9,135.3,98.97,21,37,0.121,100.0,1.0,102.67,20,19,102.67,0.167,18,100.0,19,0.007,-35.3,22,19,0.0,22,20,0.387,0.034,29.0,0.0,0.0,0.034,18.0,1.0,1.0,3.0,0.0,0.0,0.0,0.0,0.0,0.0,0.0,0.0,0.0,0.0,0.0,0.0,0.0,0.0,0.0,0.0,0.0,0.09,0.0,0.086,0.0,1.0,1.28,0.0,18.0,3.0,35.0,0.0,0.7,0.0,0.6,6.0,2.8,5.0,0.667,3.1,0.0,0.25,3.2,0.0,0.0,0.5,3.0,3.0,1.0,2.0,1.0,0.0,1.0,0.0,0.6,0.5,0.667,0.0,,,,,,,,,,,,,,,,1.0,0.0,0.0,0.0,0.0,,0.0,1.0,0.333,0.333,0.0,0.0,0.0,,,,,,,,,,,,,,0.0,0.5,0.667,2.0,1.0,2.0,0.667,0.0,1.0,0.75,0.0,,0.5,0,0,0.0,0.0,,1,0.0,0.0,0.0,0.0,0.0,3.0,0.0,0.0,0.5,0.5,0.0,0.0,0.0,0.0,0.0,1.0,1.0,1.0,0.0,0.0,0.0,0.0,0.0,0.0,0.0,0.0,0.0,0.0,0.0,0.0,1.0,1.0,0.0,0.0,1.0,F,0.553,-0.111,0.376,0.663,38.0,21.0,0.0,,0.0,0.0,0.0,,1.0,0.0,0.0,0.0,0.0,0.0,1.0,,0.0,0.0,OKC,0.0,0.0,0.0,0.0,0.0,1.0,0.0,1.0,0.0,1.0,0.0,2,0.5,0.75,2.0,1,1.0,0.6,3.0,0.469,5.0,0.131,1.0,1.0,0.619,0.2,1.0,0.381,4.0,2.0,0.555,-0.055,0.5,0.8,0.069,3.0,2.0,0.667,0.597,0.6,2.0,0.6,0.092,3.0,0.575,0.667,0.4,1.0,0.368,0.132,0.5,2.0,1.0,1.0,1.0,5.0,2.0,0.0,1.0,1.0,0.0,0.0,1.0,1.0,1.0,0.0,0.0,1.0,0.0,0.0,0.0,OKC,0.0,6.0,0.0,0.0,0.0,0.0,0.0,0.0,0.0,0.0,0.0,0.0,0.0,0.0,0.0,OKC,0.0,0.0,35.0,0.0,0.0,3.94,0.6,,1.2,6574.0,4.29,0.7,4.25,2026,20260526,True,42500315,SAS,OKC,1610612759,OKC_SAS_2026
1642272,Jared McCain,Jared,1610612760,OKC,22.0,1,1,0,1.0,33.445,7,19,0.368,3,9,0.333,3,5,0.6,0,3,3,0,2,0,0,1,1,4,20,1,21.6,0,0,26.0,1,1,1,1,4,2,1,12,3,1,7,6,5,11,17,6,13,14,6,11,6,20,5,5,5,7,11,3,1,9,1,102,9,0.0,1.4,2,8,16,88.5,14,112.2,113.0,14,13,15,0.0,0.0,12,-0.5,113.5,0.447,0.282,11,0.264,19.0,14,11,17,1,18,0.0,15,5,8.7,17,112.2,105.83,11,74,0.042,113.5,7.0,106.2,6,17,106.2,0.081,5,113.5,14,0.041,1.4,11,12,8.6,15,6,0.472,0.0,41.0,0.0,1.0,0.024,54.0,1.0,2.0,0.0,0.615,1.0,0.0,0.429,0.231,13.0,3.0,0.0,8.0,2.0,0.154,0.077,1.0,2.0,7.0,2.0,3.0,4.41,0.0,0.313,0.0,0.0,4.16,0.0,31.0,20.0,64.0,0.0,4.4,0.0,0.375,10.0,0.0,8.0,0.375,7.8,2.0,0.0,7.8,0.0,0.0,0.0,3.0,3.0,0.0,3.0,0.0,0.0,0.0,0.0,0.5,0.0,0.3,2.0,0.0,1.0,,2.0,2.0,0.105,OKC,0.0,1.0,0.105,0.0,2.0,1.0,1.0,2.0,5.0,2.0,1.0,0.2,0.143,0.0,0.105,7.0,0.263,0.368,0.0,1.0,0.143,0.0,1.0,0.25,1.0,0.053,0.25,0.211,3.0,0.0,4.0,0.158,1.0,0.333,0.0,0.5,0.316,6.0,3.0,6.0,0.316,0.0,3.0,0.75,0.0,,0.5,3,6,0.0,0.375,0.0,8,0.375,2.0,0.0,0.0,0.0,9.0,0.0,0.0,0.447,0.429,0.0,0.0,2.0,0.4,0.0,3.0,0.375,3.0,0.0,5.0,2.0,0.0,0.0,1.0,0.0,0.0,0.0,0.667,0.0,0.0,8.0,0.0,0.0,2.0,1.0,G,0.611,-0.033,0.269,0.644,18.0,11.0,0.4,,0.0,0.0,2.0,,3.0,1.0,0.0,1.0,0.0,0.0,0.333,,0.0,0.667,OKC,5.0,1.0,0.0,0.0,0.0,6.0,0.333,3.0,2.0,2.0,0.0,7,0.429,0.643,7.0,3,3.0,0.412,7.0,0.47,17.0,-0.058,11.0,4.0,0.004,0.647,0.364,0.36,6.0,3.0,0.554,-0.054,0.5,0.353,-0.211,5.0,2.0,0.4,0.611,0.294,3.0,0.353,-0.091,6.0,0.591,0.5,0.647,4.0,0.37,-0.007,0.364,11.0,0.0,0.0,0.0,2.0,0.0,0.0,4.0,0.0,0.0,0.0,0.0,0.0,0.0,0.0,0.0,0.0,0.0,0.0,0.0,OKC,1.0,6.0,0.0,0.0,0.0,0.0,0.0,0.0,0.0,0.0,0.0,0.0,0.0,0.0,0.0,OKC,0.0,0.0,64.0,0.0,0.0,4.56,1.2,,2.8,14801.0,4.55,1.6,4.58,2026,20260526,True,42500315,SAS,OKC,1610612759,OKC_SAS_2026
1630198,Isaiah Joe,Isaiah,1610612760,OKC,26.0,1,1,0,1.0,1.7616666666666667,0,0,0.0,0,0,0.0,0,0,0.0,0,0,0,0,0,1,0,0,1,0,0,-4,3.0,0,0,2.0,1,1,1,1,24,19,20,19,14,17,14,13,15,13,17,19,21,14,14,9,6,1,5,19,20,16,19,3,1,19,1,102,23,0.0,-93.3,19,1,1,124.88,14,160.0,103.1,19,19,26,0.0,0.0,12,-69.3,172.4,0.0,0.0,1,0.0,0.0,14,24,1,20,21,0.0,20,22,0.0,17,160.0,116.07,1,6,0.0,66.7,0.0,149.86,23,20,149.86,0.0,22,66.7,24,0.0,-93.3,24,26,0.0,26,23,0.0,0.0,1.0,0.0,0.0,0.0,1.0,0.0,0.0,0.0,0.0,0.0,0.0,0.0,0.0,0.0,0.0,0.0,0.0,0.0,0.0,0.0,0.0,0.0,0.0,0.0,0.0,0.5,0.0,0.0,0.0,0.0,1.94,0.0,1.0,0.0,2.0,0.0,0.1,0.0,,,,,,,,,,,,,,,,,,,,,,,,,,,,,,,,,,,,,,,,,,,,,,,,,,,,,,,,,,,,,,,,,,,,,,,,,,,,,,,0,0,,,,0,,,0.0,0.0,0.0,0.0,0.0,0.0,0.0,0.0,0.0,0.0,0.0,0.0,,0.0,0.0,,,0.0,0.0,,,,,,0.0,,,,0.0,,,,,G,0.571,-0.073,0.326,0.644,14.0,8.0,0.0,,,,0.0,,,0.0,,,,,0.0,,,,OKC,0.0,,,,,0.0,0.0,0.0,,0.0,,0,,,,0,,,,,,,,,,,,,,,,,,,,,,,,,,,,,,,,,,,,,0.0,0.0,0.0,0.0,0.0,0.0,0.0,0.0,0.0,0.0,0.0,0.0,0.0,0.0,0.0,0.0,0.0,0.0,0.0,OKC,1.0,0.0,0.0,0.0,0.0,0.0,0.0,0.0,0.0,0.0,0.0,0.0,0.0,0.0,0.0,OKC,0.0,0.0,2.0,0.0,0.0,3.03,0.0,,0.1,687.0,0.0,0.1,4.57,2026,20260526,True,42500315,SAS,OKC,1610612759,OKC_SAS_2026
1628392,Isaiah Hartenstein,Isaiah,1610612760,OKC,28.0,1,1,0,1.0,30.64,6,8,0.75,0,0,0.0,0,0,0.0,6,9,15,4,3,0,1,0,4,1,12,24,36.0,1,0,33.0,1,1,1,1,8,6,11,3,14,17,14,13,15,13,1,1,1,6,2,11,3,1,23,10,9,2,6,1,1,6,1,102,1,1.33,33.9,6,3,23,88.12,4,95.5,129.4,3,4,8,0.2,0.19,6,37.5,92.0,0.75,0.138,14,0.134,8.0,7,6,23,11,3,26.7,6,16,20.0,2,95.5,107.78,14,68,0.214,129.4,6.0,105.74,2,8,105.74,0.225,16,129.4,11,0.148,33.9,6,3,20.0,8,2,0.75,0.069,58.0,1.0,0.0,0.086,36.0,5.0,7.0,12.0,0.0,0.0,0.0,0.0,0.333,3.0,0.0,0.0,0.0,1.0,0.333,0.0,0.0,0.0,1.0,0.0,1.0,0.76,0.0,0.169,1.0,4.0,1.75,0.667,40.0,12.0,71.0,0.0,2.1,9.0,0.75,21.0,7.9,12.0,0.789,6.2,2.0,0.6,5.1,0.556,0.0,0.667,6.0,4.0,9.0,9.0,4.0,2.0,0.667,5.0,0.9,0.667,0.714,2.0,0.0,1.0,,1.0,1.0,0.125,OKC,0.0,1.0,0.125,0.0,1.0,1.0,1.0,1.0,2.0,0.0,1.0,0.5,0.5,,0.0,2.0,0.25,0.25,0.0,1.0,0.5,,2.0,0.667,0.0,0.0,0.667,0.375,3.0,0.0,3.0,0.375,2.0,0.667,2.0,1.0,0.0,0.0,2.0,2.0,0.25,2.0,0.0,1.0,0.25,1.0,,0,0,,,,0,,,6.0,0.667,0.0,6.0,4.0,1.0,0.75,0.75,0.0,3.0,5.0,1.0,0.0,0.0,0.0,1.0,0.0,2.0,2.0,0.0,0.0,0.0,0.0,0.0,0.6,1.0,0.0,0.0,0.0,0.0,0.0,1.0,0.0,C-F,0.397,-0.301,0.412,0.698,63.0,25.0,0.75,,3.0,0.0,3.0,,1.0,0.0,0.0,0.0,0.0,0.0,0.0,,0.0,0.0,OKC,4.0,3.0,0.0,0.0,0.0,0.0,0.0,0.0,0.0,0.0,1.0,4,,0.75,,3,,0.267,4.0,0.496,15.0,-0.229,4.0,1.0,-0.097,0.267,0.25,0.347,11.0,3.0,0.569,-0.297,0.273,0.733,-0.575,7.0,1.0,0.143,0.717,0.467,2.0,0.667,-0.453,10.0,0.653,0.2,0.267,1.0,0.354,-0.104,0.25,4.0,0.75,4.0,4.0,8.0,6.0,0.5,3.0,3.0,1.0,0.5,3.0,0.75,1.0,1.0,1.0,3.0,0.0,0.25,2.0,OKC,0.0,11.0,0.0,0.0,0.0,0.0,0.0,0.0,0.0,0.0,0.0,0.0,0.0,0.0,0.0,OKC,0.0,0.0,71.0,0.0,0.0,4.46,1.1,,2.5,13405.0,4.35,1.4,4.55,2026,20260526,True,42500315,SAS,OKC,1610612759,OKC_SAS_2026
1631096,Chet Holmgren,Chet,1610612760,OKC,24.0,1,1,0,1.0,29.808333333333334,6,9,0.667,0,1,0.0,4,4,1.0,3,8,11,1,3,1,1,2,3,6,16,-1,33.7,1,0,32.0,1,1,1,1,10,6,10,4,14,16,14,5,6,1,2,2,2,10,2,9,3,26,18,3,7,12,8,1,1,7,1,102,6,0.33,-4.9,6,6,23,87.22,11,112.5,109.4,2,7,18,0.12,0.05,11,1.8,107.6,0.667,0.191,16,0.187,9.0,12,14,24,10,4,6.7,7,11,20.0,3,112.5,106.15,16,66,0.183,107.6,6.0,104.67,7,7,104.67,0.229,11,107.6,20,0.154,-4.9,14,11,20.3,18,7,0.743,0.034,29.0,0.0,0.0,0.034,27.0,1.0,2.0,3.0,0.571,0.0,0.0,0.667,0.429,7.0,2.0,0.0,4.0,0.0,0.0,0.0,0.0,0.0,3.0,0.0,3.0,1.57,2.0,0.34,0.0,0.0,2.56,1.2,29.0,16.0,47.0,1.0,2.0,5.0,0.615,17.0,5.3,13.0,0.733,5.8,2.0,0.182,6.0,0.125,0.0,0.75,9.0,7.0,2.0,4.0,1.0,2.0,0.333,1.0,0.727,0.75,0.647,2.0,0.0,0.0,,0.0,1.0,0.111,OKC,0.0,0.0,0.111,0.0,0.0,1.0,0.0,1.0,5.0,1.0,5.0,1.0,0.833,0.0,0.111,6.0,0.556,0.667,0.0,5.0,0.833,,1.0,0.5,0.0,0.0,0.5,0.222,2.0,0.0,2.0,0.222,1.0,0.5,,,,,,,,,,,,,,3,6,0.0,1.0,,3,1.0,0.0,6.0,0.0,1.0,0.0,0.0,0.667,0.667,0.0,2.0,3.0,4.0,0.667,0.0,0.0,0.0,1.0,0.0,3.0,2.0,0.0,0.0,0.0,0.0,0.0,0.75,1.0,0.0,0.0,1.0,0.0,0.0,1.0,0.0,C-F,0.511,-0.145,0.433,0.656,88.0,45.0,0.667,,2.0,0.0,2.0,,2.0,0.0,0.0,0.0,0.0,0.0,0.0,,0.0,1.0,OKC,3.0,3.0,0.0,0.0,0.0,1.0,0.0,0.0,2.0,0.0,0.667,1,0.0,0.0,1.0,0,0.0,0.667,8.0,0.461,12.0,0.205,1.0,1.0,0.619,0.083,1.0,0.381,11.0,7.0,0.589,0.048,0.636,0.917,0.04,10.0,7.0,0.7,0.66,0.833,7.0,0.917,0.011,11.0,0.625,0.636,0.083,1.0,0.38,0.62,1.0,1.0,0.0,0.0,0.0,6.0,0.0,0.5,0.0,0.0,1.0,0.5,0.0,0.0,0.0,0.0,1.0,0.0,0.0,0.0,2.0,OKC,0.0,6.0,0.0,2.0,0.0,0.0,1.0,0.0,0.0,1.0,0.0,0.0,2.0,0.0,1.0,OKC,1.0,0.0,47.0,0.0,0.0,4.31,1.0,,2.3,12303.0,4.17,1.3,4.44,2026,20260526,True,42500315,SAS,OKC,1610612759,OKC_SAS_2026
1641717,Cason Wallace,Cason,1610612760,OKC,22.0,1,1,0,1.0,31.311666666666667,2,5,0.4,1,3,0.333,2,2,1.0,1,3,4,5,0,2,2,0,2,1,7,29,31.3,0,0,25.0,1,1,1,1,7,14,13,11,8,10,7,7,8,1,6,6,7,5,14,6,2,1,13,10,12,1,9,3,1,10,1,102,2,0.0,41.9,14,20,1,84.95,1,93.9,139.1,15,10,7,0.036,0.227,12,47.1,92.0,0.5,0.078,22,0.077,5.0,5,5,1,13,15,45.5,11,20,0.0,12,93.9,101.76,22,67,0.056,135.8,2.0,101.94,1,11,101.94,0.07,20,135.8,9,0.11,41.9,5,1,0.0,7,1,0.595,0.156,32.0,0.0,1.0,0.188,27.0,6.0,5.0,12.0,0.8,1.0,0.2,1.0,0.6,5.0,1.0,1.0,4.0,0.0,0.0,0.2,1.0,2.0,1.0,2.0,3.0,2.03,0.0,0.175,0.0,0.0,2.61,0.0,22.0,7.0,40.0,0.0,1.7,2.0,0.429,9.0,14.5,7.0,0.571,8.4,2.0,0.25,6.3,0.333,0.0,0.5,3.0,2.0,1.0,2.0,0.0,1.0,0.0,1.0,0.6,0.5,0.444,2.0,,,,,,,,,,,,,,,,2.0,0.0,1.0,0.5,0.5,,0.0,2.0,0.4,0.4,0.0,1.0,0.5,1.0,1.0,1.5,1.0,0.2,1.0,0.2,0.0,1.0,1.0,0.0,0.0,,0.0,0.0,0.4,2.0,0.0,2.0,0.4,0.0,0.0,0.0,0.0,,0.0,0,0,0.0,,,0,,0.0,0.0,0.0,0.0,3.0,0.0,0.0,0.5,0.333,0.0,0.0,0.0,0.5,1.0,0.0,0.0,0.0,1.0,2.0,1.0,0.0,0.0,2.0,0.5,0.0,0.0,0.0,0.0,0.0,0.0,1.0,0.333,0.0,3.0,G,0.612,-0.042,0.353,0.655,49.0,30.0,0.5,,0.0,0.0,1.0,,0.0,1.0,0.0,0.0,0.0,0.0,0.0,,0.0,0.0,OKC,2.0,0.0,0.0,0.0,0.0,0.0,0.333,3.0,0.0,0.0,0.0,3,0.333,0.5,3.0,1,1.0,0.5,5.0,0.505,10.0,-0.005,3.0,1.0,-0.016,0.3,0.333,0.349,7.0,4.0,0.583,-0.011,0.571,0.7,-0.276,3.0,1.0,0.333,0.609,0.3,2.0,0.4,-0.104,4.0,0.604,0.5,0.4,1.0,0.358,-0.108,0.25,4.0,1.0,1.0,1.0,2.0,0.0,0.0,2.0,0.0,0.0,0.0,0.0,0.0,1.0,0.0,0.0,1.0,0.0,0.0,0.0,OKC,4.0,4.0,0.0,0.0,0.0,0.0,0.0,0.0,0.0,0.0,0.0,0.0,0.0,0.0,0.0,OKC,0.0,0.0,40.0,0.0,0.0,4.31,1.2,,2.5,13378.0,4.44,1.4,4.53,2026,20260526,True,42500315,SAS,OKC,1610612759,OKC_SAS_2026
1630598,Aaron Wiggins,Aaron,1610612760,OKC,27.0,1,1,0,1.0,0.7633333333333333,0,0,0.0,0,0,0.0,0,0,0.0,0,0,0,0,0,0,0,0,1,0,0,-2,0.0,0,0,0.0,1,1,1,1,25,19,20,19,14,17,14,13,15,13,17,19,21,14,14,11,6,1,5,19,20,13,24,3,1,24,1,102,25,0.0,-100.0,19,25,1,104.8,14,200.0,200.0,19,19,22,0.0,0.0,12,-27.3,227.3,0.0,0.0,2,0.0,0.0,14,25,1,20,21,0.0,20,22,0.0,17,200.0,86.78,2,2,0.0,100.0,0.0,125.76,25,26,125.76,0.0,22,100.0,1,-0.286,-100.0,25,20,0.0,22,25,0.0,0.0,2.0,0.0,0.0,0.0,0.0,0.0,0.0,0.0,0.0,0.0,0.0,0.0,0.0,0.0,0.0,0.0,0.0,0.0,0.0,0.0,0.0,0.0,0.0,0.0,0.0,0.0,0.0,0.0,0.0,0.0,1.06,0.0,0.0,0.0,2.0,0.0,0.0,0.0,,,,,,,,,,,,,,,,,,,,,,,,,,,,,,,,,,,,,,,,,,,,,,,,,,,,,,,,,,,,,,,,,,,,,,,,,,,,,,,0,0,,,,0,,,0.0,0.0,0.0,0.0,0.0,0.0,0.0,0.0,0.0,0.0,0.0,0.0,,0.0,0.0,,,0.0,0.0,,,,,,0.0,,,,0.0,,,,,G,0.667,-0.002,0.321,0.669,9.0,6.0,0.0,,,,0.0,,,,,,,,0.0,,,,OKC,0.0,,,,,0.0,,,,0.0,,0,,,,0,,,,,,,,,,,,,,,,,,,,,,,,,,,,,,,,,,,,,,,,,,,,,,,,,,,,,,,,,,,0.0,0.0,0.0,0.0,0.0,0.0,0.0,0.0,0.0,0.0,0.0,0.0,0.0,OKC,0.0,0.0,2.0,0.0,0.0,6.68,0.0,,0.1,342.0,0.0,0.0,0.0,2026,20260526,True,42500315,SAS,OKC,1610612759,OKC_SAS_2026
