GRID_TYPE,GAME_ID,GAME_EVENT_ID,PLAYER_ID,PLAYER_NAME,TEAM_ID,TEAM_NAME,PERIOD,MINUTES_REMAINING,SECONDS_REMAINING,EVENT_TYPE,ACTION_TYPE,SHOT_TYPE,SHOT_ZONE_BASIC,SHOT_ZONE_AREA,SHOT_ZONE_RANGE,SHOT_DISTANCE,LOC_X,LOC_Y,SHOT_ATTEMPTED_FLAG,SHOT_MADE_FLAG,GAME_DATE,HTM,VTM,SHOT_ID,time,extra,assisted,PLAYERS_ON
Shot Chart Detail,0042500121,9,1630552,Jalen Johnson,1610612752,Atlanta Hawks,1,11,23,Missed Shot,Driving Floating Jump Shot,2PT Field Goal,Mid-Range,Right Side(R),8-16 ft.,8,86,25,1,0,20260418,NYK,ATL,425001219,370,0,0,1626157|1628384|1628404|1628969|1628973
Shot Chart Detail,0042500121,12,1630552,Jalen Johnson,1610612752,Atlanta Hawks,1,10,56,Made Shot,Cutting Dunk Shot,2PT Field Goal,Restricted Area,Center(C),Less Than 8 ft.,1,-9,-6,1,1,20260418,NYK,ATL,4250012112,640,0,1,1626157|1628384|1628404|1628969|1628973
Shot Chart Detail,0042500121,16,1630700,Dyson Daniels,1610612752,Atlanta Hawks,1,10,13,Made Shot,Driving Reverse Layup Shot,2PT Field Goal,Restricted Area,Center(C),Less Than 8 ft.,1,17,9,1,1,20260418,NYK,ATL,4250012116,1070,0,0,1626157|1628384|1628404|1628969|1628973
Shot Chart Detail,0042500121,19,1629638,Nickeil Alexander-Walker,1610612752,Atlanta Hawks,1,9,45,Made Shot,Pullup Jump shot,2PT Field Goal,Mid-Range,Right Side Center(RC),16-24 ft.,18,129,131,1,1,20260418,NYK,ATL,4250012119,1350,0,1,1626157|1628384|1628404|1628969|1628973
Shot Chart Detail,0042500121,23,203468,CJ McCollum,1610612752,Atlanta Hawks,1,9,23,Made Shot,Running Jump Shot,3PT Field Goal,Left Corner 3,Left Side(L),24+ ft.,24,-225,87,1,1,20260418,NYK,ATL,4250012123,1570,0,1,1626157|1628384|1628404|1628969|1628973
Shot Chart Detail,0042500121,26,1630700,Dyson Daniels,1610612752,Atlanta Hawks,1,8,52,Made Shot,Reverse Layup Shot,2PT Field Goal,Restricted Area,Center(C),Less Than 8 ft.,2,-23,6,1,1,20260418,NYK,ATL,4250012126,1880,0,1,1626157|1628384|1628404|1628969|1628973
Shot Chart Detail,0042500121,32,203468,CJ McCollum,1610612752,Atlanta Hawks,1,7,54,Made Shot,Step Back Jump shot,2PT Field Goal,Mid-Range,Left Side(L),8-16 ft.,11,-114,31,1,1,20260418,NYK,ATL,4250012132,2460,0,0,1626157|1628384|1628404|1628969|1628973
Shot Chart Detail,0042500121,35,203468,CJ McCollum,1610612752,Atlanta Hawks,1,7,25,Missed Shot,Step Back Jump shot,3PT Field Goal,Left Corner 3,Left Side(L),24+ ft.,23,-232,-8,1,0,20260418,NYK,ATL,4250012135,2750,0,0,1626157|1628384|1628404|1628969|1628973
Shot Chart Detail,0042500121,43,1630700,Dyson Daniels,1610612752,Atlanta Hawks,1,6,47,Missed Shot,Jump Shot,3PT Field Goal,Above the Break 3,Right Side Center(RC),24+ ft.,26,102,240,1,0,20260418,NYK,ATL,4250012143,3130,0,0,1626157|1628384|1628404|1628969|1628973
Shot Chart Detail,0042500121,47,1630552,Jalen Johnson,1610612752,Atlanta Hawks,1,6,24,Made Shot,Jump Shot,3PT Field Goal,Above the Break 3,Center(C),24+ ft.,25,11,250,1,1,20260418,NYK,ATL,4250012147,3360,0,1,1626157|1628384|1628404|1628969|1628973
Shot Chart Detail,0042500121,50,1629638,Nickeil Alexander-Walker,1610612752,Atlanta Hawks,1,5,56,Missed Shot,Driving Floating Jump Shot,2PT Field Goal,Mid-Range,Center(C),8-16 ft.,14,13,147,1,0,20260418,NYK,ATL,4250012150,3640,0,0,1626157|1628384|1628404|1628969|1628973
Shot Chart Detail,0042500121,57,1630168,Onyeka Okongwu,1610612752,Atlanta Hawks,1,5,29,Missed Shot,Running Jump Shot,3PT Field Goal,Above the Break 3,Center(C),24+ ft.,25,7,258,1,0,20260418,NYK,ATL,4250012157,3910,0,0,1626157|1628384|1628404|1628969|1628973
Shot Chart Detail,0042500121,65,1630552,Jalen Johnson,1610612752,Atlanta Hawks,1,4,57,Missed Shot,Turnaround Jump Shot,2PT Field Goal,In The Paint (Non-RA),Center(C),8-16 ft.,8,-4,83,1,0,20260418,NYK,ATL,4250012165,4230,0,0,1626157|1628384|1628404|1628969|1628973
Shot Chart Detail,0042500121,69,1630552,Jalen Johnson,1610612752,Atlanta Hawks,1,4,46,Made Shot,Running Pull-Up Jump Shot,3PT Field Goal,Above the Break 3,Center(C),24+ ft.,24,15,248,1,1,20260418,NYK,ATL,4250012169,4340,0,0,1626157|1628384|1628404|1628969|1628973
Shot Chart Detail,0042500121,78,1630700,Dyson Daniels,1610612752,Atlanta Hawks,1,4,8,Missed Shot,Driving Floating Jump Shot,2PT Field Goal,In The Paint (Non-RA),Center(C),8-16 ft.,10,2,105,1,0,20260418,NYK,ATL,4250012178,4720,0,0,1626157|1628404|1628969|1628973|1629011
Shot Chart Detail,0042500121,96,1630168,Onyeka Okongwu,1610612752,Atlanta Hawks,1,3,13,Made Shot,Driving Layup Shot,2PT Field Goal,Restricted Area,Center(C),Less Than 8 ft.,1,11,8,1,1,20260418,NYK,ATL,4250012196,5270,0,1,1628384|1628973|1629011|1629013|1630540
Shot Chart Detail,0042500121,100,1630228,Jonathan Kuminga,1610612752,Atlanta Hawks,1,2,37,Missed Shot,Pullup Jump shot,2PT Field Goal,In The Paint (Non-RA),Center(C),Less Than 8 ft.,7,-75,25,1,0,20260418,NYK,ATL,42500121100,5630,0,0,1628384|1628973|1629011|1629013|1630540
Shot Chart Detail,0042500121,110,1642258,Zaccharie Risacher,1610612752,Atlanta Hawks,1,2,13,Missed Shot,Turnaround Fadeaway shot,2PT Field Goal,In The Paint (Non-RA),Center(C),8-16 ft.,12,-20,126,1,0,20260418,NYK,ATL,42500121110,5870,0,0,1628384|1628973|1629011|1629013|1630540
Shot Chart Detail,0042500121,114,1642258,Zaccharie Risacher,1610612752,Atlanta Hawks,1,1,39,Missed Shot,Fadeaway Bank shot,2PT Field Goal,Restricted Area,Center(C),Less Than 8 ft.,2,-21,20,1,0,20260418,NYK,ATL,42500121114,6210,0,0,1628384|1628973|1629011|1629013|1630540
Shot Chart Detail,0042500121,116,1642258,Zaccharie Risacher,1610612752,Atlanta Hawks,1,1,36,Missed Shot,Putback Layup Shot,2PT Field Goal,Restricted Area,Center(C),Less Than 8 ft.,1,-5,11,1,0,20260418,NYK,ATL,42500121116,6240,0,0,1628384|1628973|1629011|1629013|1630540
Shot Chart Detail,0042500121,119,1630228,Jonathan Kuminga,1610612752,Atlanta Hawks,1,1,13,Missed Shot,Pullup Jump shot,3PT Field Goal,Above the Break 3,Center(C),24+ ft.,25,-15,255,1,0,20260418,NYK,ATL,42500121119,6470,0,0,1628384|1628973|1629011|1629013|1630540
Shot Chart Detail,0042500121,121,1629638,Nickeil Alexander-Walker,1610612752,Atlanta Hawks,1,1,7,Missed Shot,Jump Shot,3PT Field Goal,Left Corner 3,Left Side(L),24+ ft.,22,-227,-23,1,0,20260418,NYK,ATL,42500121121,6530,0,0,1628384|1628973|1629011|1629013|1630540
Shot Chart Detail,0042500121,134,1630228,Jonathan Kuminga,1610612752,Atlanta Hawks,1,0,15,Missed Shot,Driving Floating Bank Jump Shot,2PT Field Goal,In The Paint (Non-RA),Center(C),Less Than 8 ft.,6,-60,31,1,0,20260418,NYK,ATL,42500121134,7050,0,0,1628384|1628973|1629011|1629013|1630540
Shot Chart Detail,0042500121,149,1629638,Nickeil Alexander-Walker,1610612752,Atlanta Hawks,2,11,45,Missed Shot,Jump Shot,3PT Field Goal,Above the Break 3,Center(C),24+ ft.,25,-33,257,1,0,20260418,NYK,ATL,42500121149,7350,0,0,203903|1628384|1629011|1629013|1630540
Shot Chart Detail,0042500121,155,1629638,Nickeil Alexander-Walker,1610612752,Atlanta Hawks,2,11,2,Missed Shot,Driving Layup Shot,2PT Field Goal,In The Paint (Non-RA),Center(C),Less Than 8 ft.,4,-31,27,1,0,20260418,NYK,ATL,42500121155,7780,0,0,203903|1628384|1629011|1629013|1630540
Shot Chart Detail,0042500121,161,203468,CJ McCollum,1610612752,Atlanta Hawks,2,10,47,Made Shot,Jump Shot,3PT Field Goal,Above the Break 3,Center(C),24+ ft.,27,69,269,1,1,20260418,NYK,ATL,42500121161,7930,0,1,203903|1628384|1629011|1629013|1630540
Shot Chart Detail,0042500121,166,203468,CJ McCollum,1610612752,Atlanta Hawks,2,10,1,Missed Shot,Driving Floating Jump Shot,2PT Field Goal,In The Paint (Non-RA),Center(C),Less Than 8 ft.,7,-16,69,1,0,20260418,NYK,ATL,42500121166,8390,0,0,203903|1628384|1629011|1629013|1630540
Shot Chart Detail,0042500121,180,1630168,Onyeka Okongwu,1610612752,Atlanta Hawks,2,9,5,Made Shot,Jump Shot,3PT Field Goal,Above the Break 3,Center(C),24+ ft.,25,-28,253,1,1,20260418,NYK,ATL,42500121180,8950,0,1,203903|1628384|1629011|1629013|1630540
Shot Chart Detail,0042500121,188,203468,CJ McCollum,1610612752,Atlanta Hawks,2,8,21,Made Shot,Reverse Layup Shot,2PT Field Goal,Restricted Area,Center(C),Less Than 8 ft.,0,9,4,1,1,20260418,NYK,ATL,42500121188,9390,0,0,203903|1628404|1629011|1629013|1630540
Shot Chart Detail,0042500121,193,1630168,Onyeka Okongwu,1610612752,Atlanta Hawks,2,7,48,Made Shot,Cutting Dunk Shot,2PT Field Goal,Restricted Area,Center(C),Less Than 8 ft.,0,6,3,1,1,20260418,NYK,ATL,42500121193,9720,0,1,203903|1628404|1629011|1629013|1630540
Shot Chart Detail,0042500121,208,1631243,Mouhamed Gueye,1610612752,Atlanta Hawks,2,7,7,Missed Shot,Jump Shot,3PT Field Goal,Above the Break 3,Right Side Center(RC),24+ ft.,25,132,220,1,0,20260418,NYK,ATL,42500121208,10130,0,0,1626157|1628404|1628969|1628973|1630540
Shot Chart Detail,0042500121,212,1630228,Jonathan Kuminga,1610612752,Atlanta Hawks,2,6,53,Made Shot,Running Layup Shot,2PT Field Goal,Restricted Area,Center(C),Less Than 8 ft.,0,-4,-2,1,1,20260418,NYK,ATL,42500121212,10270,0,1,1626157|1628404|1628969|1628973|1630540
Shot Chart Detail,0042500121,218,1629638,Nickeil Alexander-Walker,1610612752,Atlanta Hawks,2,6,19,Made Shot,Jump Shot,3PT Field Goal,Above the Break 3,Center(C),24+ ft.,25,13,251,1,1,20260418,NYK,ATL,42500121218,10610,0,1,1626157|1628404|1628969|1628973|1630540
Shot Chart Detail,0042500121,221,1630552,Jalen Johnson,1610612752,Atlanta Hawks,2,5,35,Missed Shot,Pullup Jump shot,2PT Field Goal,In The Paint (Non-RA),Center(C),Less Than 8 ft.,7,9,71,1,0,20260418,NYK,ATL,42500121221,11050,0,0,1626157|1628404|1628969|1628973|1630540
Shot Chart Detail,0042500121,230,203468,CJ McCollum,1610612752,Atlanta Hawks,2,5,5,Made Shot,Pullup Jump shot,3PT Field Goal,Above the Break 3,Center(C),24+ ft.,24,-21,243,1,1,20260418,NYK,ATL,42500121230,11350,0,0,1626157|1628384|1628404|1628969|1628973
Shot Chart Detail,0042500121,236,203468,CJ McCollum,1610612752,Atlanta Hawks,2,4,36,Missed Shot,Driving Floating Jump Shot,2PT Field Goal,In The Paint (Non-RA),Center(C),8-16 ft.,10,13,101,1,0,20260418,NYK,ATL,42500121236,11640,0,0,1626157|1628384|1628404|1628969|1628973
Shot Chart Detail,0042500121,238,1631243,Mouhamed Gueye,1610612752,Atlanta Hawks,2,4,34,Made Shot,Tip Layup Shot,2PT Field Goal,Restricted Area,Center(C),Less Than 8 ft.,0,0,0,1,1,20260418,NYK,ATL,42500121238,11660,0,0,1626157|1628384|1628404|1628969|1628973
Shot Chart Detail,0042500121,241,1630700,Dyson Daniels,1610612752,Atlanta Hawks,2,4,2,Missed Shot,Driving Hook Shot,2PT Field Goal,In The Paint (Non-RA),Center(C),Less Than 8 ft.,6,53,45,1,0,20260418,NYK,ATL,42500121241,11980,0,0,1626157|1628384|1628404|1628969|1628973
Shot Chart Detail,0042500121,245,203468,CJ McCollum,1610612752,Atlanta Hawks,2,3,43,Made Shot,Driving Floating Jump Shot,2PT Field Goal,In The Paint (Non-RA),Center(C),8-16 ft.,9,15,98,1,1,20260418,NYK,ATL,42500121245,12170,0,1,1626157|1628384|1628404|1628969|1628973
Shot Chart Detail,0042500121,249,1630552,Jalen Johnson,1610612752,Atlanta Hawks,2,3,19,Missed Shot,Jump Shot,3PT Field Goal,Above the Break 3,Center(C),24+ ft.,25,-55,253,1,0,20260418,NYK,ATL,42500121249,12410,0,0,1626157|1628384|1628404|1628969|1628973
Shot Chart Detail,0042500121,269,1630552,Jalen Johnson,1610612752,Atlanta Hawks,2,1,52,Missed Shot,Turnaround Fadeaway shot,2PT Field Goal,In The Paint (Non-RA),Center(C),8-16 ft.,13,50,130,1,0,20260418,NYK,ATL,42500121269,13280,0,0,1626157|1628384|1628404|1628969|1628973
Shot Chart Detail,0042500121,276,203468,CJ McCollum,1610612752,Atlanta Hawks,2,1,33,Made Shot,Driving Floating Jump Shot,2PT Field Goal,In The Paint (Non-RA),Center(C),8-16 ft.,10,6,105,1,1,20260418,NYK,ATL,42500121276,13470,0,0,1626157|1628384|1628404|1628969|1628973
Shot Chart Detail,0042500121,283,1629638,Nickeil Alexander-Walker,1610612752,Atlanta Hawks,2,0,58,Missed Shot,Running Layup Shot,2PT Field Goal,Restricted Area,Center(C),Less Than 8 ft.,2,-17,15,1,0,20260418,NYK,ATL,42500121283,13820,0,0,1626157|1628384|1628404|1628969|1628973
Shot Chart Detail,0042500121,302,1630168,Onyeka Okongwu,1610612752,Atlanta Hawks,2,0,0,Made Shot,Jump Shot,3PT Field Goal,Above the Break 3,Right Side Center(RC),24+ ft.,24,127,215,1,1,20260418,NYK,ATL,42500121302,14400,0,1,1626157|1628384|1628404|1628969|1629013
Shot Chart Detail,0042500121,315,1630168,Onyeka Okongwu,1610612752,Atlanta Hawks,3,11,12,Made Shot,Jump Shot,3PT Field Goal,Above the Break 3,Center(C),24+ ft.,27,-2,272,1,1,20260418,NYK,ATL,42500121315,14880,0,1,1626157|1628384|1628404|1628969|1628973
Shot Chart Detail,0042500121,319,1630700,Dyson Daniels,1610612752,Atlanta Hawks,3,10,34,Missed Shot,Driving Finger Roll Layup Shot,2PT Field Goal,Restricted Area,Center(C),Less Than 8 ft.,2,7,23,1,0,20260418,NYK,ATL,42500121319,15260,0,0,1626157|1628384|1628404|1628969|1628973
Shot Chart Detail,0042500121,323,1630168,Onyeka Okongwu,1610612752,Atlanta Hawks,3,10,0,Missed Shot,Driving Layup Shot,2PT Field Goal,In The Paint (Non-RA),Center(C),Less Than 8 ft.,7,33,63,1,0,20260418,NYK,ATL,42500121323,15600,0,0,1626157|1628384|1628404|1628969|1628973
Shot Chart Detail,0042500121,331,203468,CJ McCollum,1610612752,Atlanta Hawks,3,9,43,Made Shot,Driving Layup Shot,2PT Field Goal,Restricted Area,Center(C),Less Than 8 ft.,1,-11,0,1,1,20260418,NYK,ATL,42500121331,15770,0,0,1626157|1628384|1628404|1628969|1628973
Shot Chart Detail,0042500121,342,203468,CJ McCollum,1610612752,Atlanta Hawks,3,8,42,Made Shot,Jump Shot,3PT Field Goal,Right Corner 3,Right Side(R),24+ ft.,22,225,5,1,1,20260418,NYK,ATL,42500121342,16380,0,1,1626157|1628384|1628404|1628969|1628973
Shot Chart Detail,0042500121,351,1629638,Nickeil Alexander-Walker,1610612752,Atlanta Hawks,3,7,58,Missed Shot,Fadeaway Jump Shot,2PT Field Goal,Mid-Range,Left Side(L),8-16 ft.,12,-125,12,1,0,20260418,NYK,ATL,42500121351,16820,0,0,1626157|1628384|1628404|1628969|1628973
Shot Chart Detail,0042500121,353,203468,CJ McCollum,1610612752,Atlanta Hawks,3,7,46,Missed Shot,Pullup Jump shot,3PT Field Goal,Above the Break 3,Right Side Center(RC),24+ ft.,24,143,201,1,0,20260418,NYK,ATL,42500121353,16940,0,0,1626157|1628384|1628404|1628969|1628973
Shot Chart Detail,0042500121,361,1630552,Jalen Johnson,1610612752,Atlanta Hawks,3,7,20,Missed Shot,Running Layup Shot,2PT Field Goal,Restricted Area,Center(C),Less Than 8 ft.,2,-22,16,1,0,20260418,NYK,ATL,42500121361,17200,0,0,1626157|1628404|1628969|1628973|1629013
Shot Chart Detail,0042500121,369,1629638,Nickeil Alexander-Walker,1610612752,Atlanta Hawks,3,6,25,Missed Shot,Jump Shot,3PT Field Goal,Above the Break 3,Right Side Center(RC),24+ ft.,28,126,259,1,0,20260418,NYK,ATL,42500121369,17750,0,0,1626157|1628404|1628969|1628973|1629013
Shot Chart Detail,0042500121,395,1631243,Mouhamed Gueye,1610612752,Atlanta Hawks,3,5,20,Missed Shot,Jump Shot,3PT Field Goal,Left Corner 3,Left Side(L),24+ ft.,23,-232,-3,1,0,20260418,NYK,ATL,42500121395,18400,0,0,1628384|1628404|1628969|1628973|1629011
Shot Chart Detail,0042500121,397,1630552,Jalen Johnson,1610612752,Atlanta Hawks,3,5,6,Missed Shot,Jump Shot,3PT Field Goal,Above the Break 3,Center(C),24+ ft.,25,-38,256,1,0,20260418,NYK,ATL,42500121397,18540,0,0,1628384|1628404|1628969|1628973|1629011
Shot Chart Detail,0042500121,399,1630552,Jalen Johnson,1610612752,Atlanta Hawks,3,5,0,Made Shot,Driving Layup Shot,2PT Field Goal,Restricted Area,Center(C),Less Than 8 ft.,1,1,16,1,1,20260418,NYK,ATL,42500121399,18600,0,1,1628384|1628404|1628969|1628973|1629011
Shot Chart Detail,0042500121,415,1630552,Jalen Johnson,1610612752,Atlanta Hawks,3,4,31,Made Shot,Pullup Jump shot,2PT Field Goal,In The Paint (Non-RA),Center(C),Less Than 8 ft.,6,-7,67,1,1,20260418,NYK,ATL,42500121415,18890,0,1,1628384|1628404|1628969|1628973|1629013
Shot Chart Detail,0042500121,419,1630552,Jalen Johnson,1610612752,Atlanta Hawks,3,3,46,Missed Shot,Driving Layup Shot,2PT Field Goal,Restricted Area,Center(C),Less Than 8 ft.,2,21,11,1,0,20260418,NYK,ATL,42500121419,19340,0,0,1628384|1628404|1628969|1628973|1629013
Shot Chart Detail,0042500121,431,1629638,Nickeil Alexander-Walker,1610612752,Atlanta Hawks,3,3,33,Made Shot,Driving Layup Shot,2PT Field Goal,Restricted Area,Center(C),Less Than 8 ft.,2,-21,4,1,1,20260418,NYK,ATL,42500121431,19470,0,1,1626157|1628404|1628973|1629013|1630540
Shot Chart Detail,0042500121,441,1629638,Nickeil Alexander-Walker,1610612752,Atlanta Hawks,3,3,4,Missed Shot,Pullup Jump shot,2PT Field Goal,In The Paint (Non-RA),Center(C),8-16 ft.,14,-40,137,1,0,20260418,NYK,ATL,42500121441,19760,0,0,1626157|1628404|1628973|1629013|1630540
Shot Chart Detail,0042500121,443,1630552,Jalen Johnson,1610612752,Atlanta Hawks,3,2,59,Made Shot,Driving Dunk Shot,2PT Field Goal,Restricted Area,Center(C),Less Than 8 ft.,0,1,8,1,1,20260418,NYK,ATL,42500121443,19810,0,1,1626157|1628404|1628973|1629013|1630540
Shot Chart Detail,0042500121,452,1629216,Gabe Vincent,1610612752,Atlanta Hawks,3,2,30,Missed Shot,Pullup Jump shot,3PT Field Goal,Above the Break 3,Left Side Center(LC),24+ ft.,25,-137,211,1,0,20260418,NYK,ATL,42500121452,20100,0,0,1626157|1628384|1628404|1628973|1630540
Shot Chart Detail,0042500121,456,1629638,Nickeil Alexander-Walker,1610612752,Atlanta Hawks,3,2,4,Missed Shot,Driving Finger Roll Layup Shot,2PT Field Goal,Restricted Area,Center(C),Less Than 8 ft.,2,-22,5,1,0,20260418,NYK,ATL,42500121456,20360,0,0,1626157|1628384|1628404|1628973|1630540
Shot Chart Detail,0042500121,460,1630552,Jalen Johnson,1610612752,Atlanta Hawks,3,1,46,Made Shot,Step Back Bank Jump Shot,2PT Field Goal,Mid-Range,Left Side(L),8-16 ft.,14,-108,95,1,1,20260418,NYK,ATL,42500121460,20540,0,1,1626157|1628384|1628404|1628973|1630540
Shot Chart Detail,0042500121,477,203468,CJ McCollum,1610612752,Atlanta Hawks,3,0,45,Missed Shot,Step Back Jump shot,3PT Field Goal,Above the Break 3,Left Side Center(LC),24+ ft.,25,-197,154,1,0,20260418,NYK,ATL,42500121477,21150,0,0,1626157|1628384|1628404|1628973|1630540
Shot Chart Detail,0042500121,479,203468,CJ McCollum,1610612752,Atlanta Hawks,3,0,40,Missed Shot,Jump Shot,3PT Field Goal,Left Corner 3,Left Side(L),24+ ft.,24,-233,70,1,0,20260418,NYK,ATL,42500121479,21200,0,0,1626157|1628384|1628404|1628973|1630540
Shot Chart Detail,0042500121,483,1630552,Jalen Johnson,1610612752,Atlanta Hawks,3,0,23,Missed Shot,Fadeaway Jump Shot,2PT Field Goal,In The Paint (Non-RA),Center(C),8-16 ft.,12,-17,120,1,0,20260418,NYK,ATL,42500121483,21370,0,0,1626157|1628384|1628404|1628973|1630540
Shot Chart Detail,0042500121,502,1630228,Jonathan Kuminga,1610612752,Atlanta Hawks,4,11,26,Made Shot,Driving Layup Shot,2PT Field Goal,Restricted Area,Center(C),Less Than 8 ft.,0,-7,-6,1,1,20260418,NYK,ATL,42500121502,21940,0,0,203903|1628384|1629011|1629013|1630540
Shot Chart Detail,0042500121,507,203468,CJ McCollum,1610612752,Atlanta Hawks,4,10,57,Missed Shot,Jump Shot,3PT Field Goal,Above the Break 3,Left Side Center(LC),24+ ft.,25,-214,139,1,0,20260418,NYK,ATL,42500121507,22230,0,0,203903|1628384|1629011|1629013|1630540
Shot Chart Detail,0042500121,512,203468,CJ McCollum,1610612752,Atlanta Hawks,4,10,33,Missed Shot,Step Back Jump shot,2PT Field Goal,Mid-Range,Right Side(R),8-16 ft.,12,126,23,1,0,20260418,NYK,ATL,42500121512,22470,0,0,203903|1628384|1629011|1629013|1630540
Shot Chart Detail,0042500121,516,1629638,Nickeil Alexander-Walker,1610612752,Atlanta Hawks,4,9,52,Missed Shot,Pullup Jump shot,3PT Field Goal,Above the Break 3,Center(C),24+ ft.,25,75,248,1,0,20260418,NYK,ATL,42500121516,22880,0,0,203903|1628384|1629011|1629013|1630540
Shot Chart Detail,0042500121,524,1630228,Jonathan Kuminga,1610612752,Atlanta Hawks,4,9,14,Made Shot,Pullup Jump shot,2PT Field Goal,In The Paint (Non-RA),Center(C),8-16 ft.,9,2,94,1,1,20260418,NYK,ATL,42500121524,23260,0,1,203903|1628384|1629011|1629013|1630540
Shot Chart Detail,0042500121,531,203468,CJ McCollum,1610612752,Atlanta Hawks,4,8,48,Made Shot,Running Layup Shot,2PT Field Goal,Restricted Area,Center(C),Less Than 8 ft.,1,-16,5,1,1,20260418,NYK,ATL,42500121531,23520,0,0,203903|1628384|1629011|1629013|1630540
Shot Chart Detail,0042500121,533,1629638,Nickeil Alexander-Walker,1610612752,Atlanta Hawks,4,8,28,Made Shot,Pullup Jump shot,3PT Field Goal,Above the Break 3,Right Side Center(RC),24+ ft.,25,124,223,1,1,20260418,NYK,ATL,42500121533,23720,0,1,203903|1628384|1629011|1629013|1630540
Shot Chart Detail,0042500121,535,1630700,Dyson Daniels,1610612752,Atlanta Hawks,4,7,51,Missed Shot,Jump Shot,3PT Field Goal,Right Corner 3,Right Side(R),24+ ft.,23,227,76,1,0,20260418,NYK,ATL,42500121535,24090,0,0,203903|1628384|1629011|1629013|1630540
Shot Chart Detail,0042500121,556,1629216,Gabe Vincent,1610612752,Atlanta Hawks,4,7,13,Made Shot,Driving Layup Shot,2PT Field Goal,Restricted Area,Center(C),Less Than 8 ft.,1,10,-1,1,1,20260418,NYK,ATL,42500121556,24470,0,0,203903|1626157|1628404|1628969|1630540
Shot Chart Detail,0042500121,560,1630168,Onyeka Okongwu,1610612752,Atlanta Hawks,4,6,35,Missed Shot,Jump Shot,3PT Field Goal,Above the Break 3,Center(C),24+ ft.,25,10,257,1,0,20260418,NYK,ATL,42500121560,24850,0,0,203903|1626157|1628404|1628969|1630540
Shot Chart Detail,0042500121,571,203468,CJ McCollum,1610612752,Atlanta Hawks,4,6,12,Missed Shot,Turnaround Fadeaway shot,2PT Field Goal,In The Paint (Non-RA),Center(C),8-16 ft.,11,-13,110,1,0,20260418,NYK,ATL,42500121571,25080,0,0,203903|1626157|1628404|1628969|1630540
Shot Chart Detail,0042500121,575,1630228,Jonathan Kuminga,1610612752,Atlanta Hawks,4,5,38,Missed Shot,Step Back Jump shot,3PT Field Goal,Above the Break 3,Left Side Center(LC),24+ ft.,26,-138,221,1,0,20260418,NYK,ATL,42500121575,25420,0,0,203903|1626157|1628404|1628969|1630540
Shot Chart Detail,0042500121,613,1630168,Onyeka Okongwu,1610612752,Atlanta Hawks,4,2,40,Made Shot,Jump Shot,3PT Field Goal,Above the Break 3,Left Side Center(LC),24+ ft.,25,-161,201,1,1,20260418,NYK,ATL,42500121613,27200,0,1,1626157|1628384|1628404|1628969|1628973
Shot Chart Detail,0042500121,618,1630552,Jalen Johnson,1610612752,Atlanta Hawks,4,2,11,Made Shot,Jump Shot,3PT Field Goal,Above the Break 3,Center(C),24+ ft.,26,44,258,1,1,20260418,NYK,ATL,42500121618,27490,0,0,1626157|1628384|1628404|1628969|1628973
Shot Chart Detail,0042500121,621,1629638,Nickeil Alexander-Walker,1610612752,Atlanta Hawks,4,1,39,Made Shot,Running Jump Shot,3PT Field Goal,Left Corner 3,Left Side(L),24+ ft.,25,-237,84,1,1,20260418,NYK,ATL,42500121621,27810,0,1,1626157|1628384|1628404|1628969|1628973
Shot Chart Detail,0042500121,628,1630552,Jalen Johnson,1610612752,Atlanta Hawks,4,0,58,Missed Shot,Step Back Jump shot,3PT Field Goal,Above the Break 3,Left Side Center(LC),24+ ft.,26,-205,164,1,0,20260418,NYK,ATL,42500121628,28220,0,0,1626157|1628384|1628404|1628969|1628973
Shot Chart Detail,0042500121,632,1629638,Nickeil Alexander-Walker,1610612752,Atlanta Hawks,4,0,40,Made Shot,Cutting Dunk Shot,2PT Field Goal,Restricted Area,Center(C),Less Than 8 ft.,1,9,7,1,1,20260418,NYK,ATL,42500121632,28400,0,1,1628384|1628404|1628969|1628973|1629013
Shot Chart Detail,0042500121,640,203468,CJ McCollum,1610612752,Atlanta Hawks,4,0,34,Made Shot,Driving Layup Shot,2PT Field Goal,Restricted Area,Center(C),Less Than 8 ft.,0,6,0,1,1,20260418,NYK,ATL,42500121640,28460,0,0,1628384|1628404|1628969|1628973|1629013
Shot Chart Detail,0042500121,646,1629638,Nickeil Alexander-Walker,1610612752,Atlanta Hawks,4,0,23,Missed Shot,Jump Shot,3PT Field Goal,Above the Break 3,Right Side Center(RC),24+ ft.,26,129,233,1,0,20260418,NYK,ATL,42500121646,28570,0,0,1628384|1628404|1628969|1628973|1629013
Shot Chart Detail,0042500121,653,1630552,Jalen Johnson,1610612752,Atlanta Hawks,4,0,15,Missed Shot,Running Pull-Up Jump Shot,3PT Field Goal,Above the Break 3,Left Side Center(LC),24+ ft.,25,-153,209,1,0,20260418,NYK,ATL,42500121653,28650,0,0,1628384|1628404|1628969|1628973|1629013
Shot Chart Detail,0042500122,14,1629638,Nickeil Alexander-Walker,1610612752,Atlanta Hawks,1,11,4,Missed Shot,Pullup Jump shot,2PT Field Goal,Mid-Range,Center(C),16-24 ft.,18,-54,176,1,0,20260420,NYK,ATL,4250012214,560,0,0,1626157|1628384|1628404|1628969|1628973
Shot Chart Detail,0042500122,24,1630552,Jalen Johnson,1610612752,Atlanta Hawks,1,10,44,Missed Shot,Jump Shot,3PT Field Goal,Above the Break 3,Center(C),24+ ft.,26,7,263,1,0,20260420,NYK,ATL,4250012224,760,0,0,1626157|1628384|1628404|1628969|1628973
Shot Chart Detail,0042500122,31,203468,CJ McCollum,1610612752,Atlanta Hawks,1,10,23,Made Shot,Fadeaway Jump Shot,2PT Field Goal,In The Paint (Non-RA),Right Side(R),8-16 ft.,11,80,85,1,1,20260420,NYK,ATL,4250012231,970,0,0,1626157|1628384|1628404|1628969|1628973
Shot Chart Detail,0042500122,35,1630700,Dyson Daniels,1610612752,Atlanta Hawks,1,9,42,Made Shot,Cutting Layup Shot,2PT Field Goal,Restricted Area,Center(C),Less Than 8 ft.,1,-17,6,1,1,20260420,NYK,ATL,4250012235,1380,0,1,1626157|1628384|1628404|1628969|1628973
Shot Chart Detail,0042500122,39,1630552,Jalen Johnson,1610612752,Atlanta Hawks,1,8,59,Missed Shot,Driving Floating Jump Shot,2PT Field Goal,In The Paint (Non-RA),Center(C),Less Than 8 ft.,7,72,29,1,0,20260420,NYK,ATL,4250012239,1810,0,0,1626157|1628384|1628404|1628969|1628973
Shot Chart Detail,0042500122,50,1630168,Onyeka Okongwu,1610612752,Atlanta Hawks,1,8,6,Made Shot,Jump Shot,3PT Field Goal,Above the Break 3,Right Side Center(RC),24+ ft.,25,110,226,1,1,20260420,NYK,ATL,4250012250,2340,0,1,1626157|1628384|1628404|1628969|1628973
Shot Chart Detail,0042500122,54,1630168,Onyeka Okongwu,1610612752,Atlanta Hawks,1,7,28,Missed Shot,Driving Floating Jump Shot,2PT Field Goal,Mid-Range,Center(C),16-24 ft.,16,-15,164,1,0,20260420,NYK,ATL,4250012254,2720,0,0,1626157|1628384|1628404|1628969|1628973
Shot Chart Detail,0042500122,66,1630552,Jalen Johnson,1610612752,Atlanta Hawks,1,6,50,Missed Shot,Driving Floating Jump Shot,2PT Field Goal,In The Paint (Non-RA),Center(C),8-16 ft.,13,-55,127,1,0,20260420,NYK,ATL,4250012266,3100,0,0,1626157|1628384|1628404|1628969|1628973
Shot Chart Detail,0042500122,73,1631243,Mouhamed Gueye,1610612752,Atlanta Hawks,1,5,49,Missed Shot,Running Dunk Shot,2PT Field Goal,Restricted Area,Center(C),Less Than 8 ft.,1,9,10,1,0,20260420,NYK,ATL,4250012273,3710,0,0,1626157|1628384|1628404|1628969|1628973
Shot Chart Detail,0042500122,92,1630228,Jonathan Kuminga,1610612752,Atlanta Hawks,1,5,0,Made Shot,Running Layup Shot,2PT Field Goal,Restricted Area,Center(C),Less Than 8 ft.,0,1,-1,1,1,20260420,NYK,ATL,4250012292,4200,0,1,1626157|1628404|1628969|1628973|1629011
Shot Chart Detail,0042500122,113,1630168,Onyeka Okongwu,1610612752,Atlanta Hawks,1,3,35,Made Shot,Jump Shot,3PT Field Goal,Left Corner 3,Left Side(L),24+ ft.,22,-225,1,1,1,20260420,NYK,ATL,42500122113,5050,0,1,1626157|1628404|1628969|1628973|1629011
Shot Chart Detail,0042500122,119,1630700,Dyson Daniels,1610612752,Atlanta Hawks,1,2,55,Missed Shot,Jump Shot,3PT Field Goal,Above the Break 3,Center(C),24+ ft.,25,-69,243,1,0,20260420,NYK,ATL,42500122119,5450,0,0,1626157|1628404|1628969|1628973|1629011
Shot Chart Detail,0042500122,133,1629638,Nickeil Alexander-Walker,1610612752,Atlanta Hawks,1,2,30,Missed Shot,Driving Layup Shot,2PT Field Goal,Mid-Range,Right Side(R),8-16 ft.,10,87,67,1,0,20260420,NYK,ATL,42500122133,5700,0,0,1628384|1628969|1628973|1629011|1630540
Shot Chart Detail,0042500122,148,203468,CJ McCollum,1610612752,Atlanta Hawks,1,1,38,Made Shot,Step Back Jump shot,3PT Field Goal,Above the Break 3,Right Side Center(RC),24+ ft.,25,121,220,1,1,20260420,NYK,ATL,42500122148,6220,0,0,1628384|1628973|1629011|1629013|1630540
Shot Chart Detail,0042500122,167,203468,CJ McCollum,1610612752,Atlanta Hawks,1,0,47,Missed Shot,Pullup Jump shot,2PT Field Goal,Mid-Range,Center(C),8-16 ft.,14,-45,140,1,0,20260420,NYK,ATL,42500122167,6730,0,0,1628384|1628404|1628973|1629013|1630540
Shot Chart Detail,0042500122,171,1630228,Jonathan Kuminga,1610612752,Atlanta Hawks,1,0,23,Missed Shot,Jump Shot,3PT Field Goal,Left Corner 3,Left Side(L),24+ ft.,22,-229,-7,1,0,20260420,NYK,ATL,42500122171,6970,0,0,1628384|1628404|1628973|1629013|1630540
Shot Chart Detail,0042500122,190,1630228,Jonathan Kuminga,1610612752,Atlanta Hawks,2,11,24,Made Shot,Jump Shot,3PT Field Goal,Left Corner 3,Left Side(L),24+ ft.,23,-235,-15,1,1,20260420,NYK,ATL,42500122190,7560,0,1,203903|1628384|1629011|1629013|1630540
Shot Chart Detail,0042500122,194,1629638,Nickeil Alexander-Walker,1610612752,Atlanta Hawks,2,10,51,Made Shot,Running Pull-Up Jump Shot,2PT Field Goal,Mid-Range,Left Side(L),16-24 ft.,20,-190,83,1,1,20260420,NYK,ATL,42500122194,7890,0,1,203903|1628384|1629011|1629013|1630540
Shot Chart Detail,0042500122,201,1630557,Corey Kispert,1610612752,Atlanta Hawks,2,10,29,Made Shot,Running Layup Shot,2PT Field Goal,Restricted Area,Center(C),Less Than 8 ft.,1,-17,-5,1,1,20260420,NYK,ATL,42500122201,8110,0,1,203903|1628384|1629011|1629013|1630540
Shot Chart Detail,0042500122,207,1630557,Corey Kispert,1610612752,Atlanta Hawks,2,9,35,Missed Shot,Jump Shot,3PT Field Goal,Above the Break 3,Center(C),24+ ft.,26,-48,258,1,0,20260420,NYK,ATL,42500122207,8650,0,0,203903|1628384|1629011|1629013|1630540
Shot Chart Detail,0042500122,212,203468,CJ McCollum,1610612752,Atlanta Hawks,2,9,23,Missed Shot,Jump Shot,3PT Field Goal,Above the Break 3,Left Side Center(LC),24+ ft.,27,-98,256,1,0,20260420,NYK,ATL,42500122212,8770,0,0,203903|1628384|1629011|1629013|1630540
Shot Chart Detail,0042500122,217,1628396,Tony Bradley,1610612752,Atlanta Hawks,2,8,53,Made Shot,Cutting Layup Shot,2PT Field Goal,Restricted Area,Center(C),Less Than 8 ft.,0,-2,4,1,1,20260420,NYK,ATL,42500122217,9070,0,1,203903|1628384|1629011|1629013|1630540
Shot Chart Detail,0042500122,221,203468,CJ McCollum,1610612752,Atlanta Hawks,2,8,37,Made Shot,Running Dunk Shot,2PT Field Goal,Restricted Area,Center(C),Less Than 8 ft.,0,-6,5,1,1,20260420,NYK,ATL,42500122221,9230,0,1,203903|1628384|1629011|1629013|1630540
Shot Chart Detail,0042500122,230,1630228,Jonathan Kuminga,1610612752,Atlanta Hawks,2,8,13,Made Shot,Running Dunk Shot,2PT Field Goal,Restricted Area,Center(C),Less Than 8 ft.,1,4,11,1,1,20260420,NYK,ATL,42500122230,9470,0,0,203903|1628404|1629011|1629013|1630540
Shot Chart Detail,0042500122,242,1629638,Nickeil Alexander-Walker,1610612752,Atlanta Hawks,2,7,38,Missed Shot,Pullup Jump shot,3PT Field Goal,Above the Break 3,Right Side Center(RC),24+ ft.,25,153,206,1,0,20260420,NYK,ATL,42500122242,9820,0,0,203903|1628404|1629011|1630540|1630631
Shot Chart Detail,0042500122,275,1629216,Gabe Vincent,1610612752,Atlanta Hawks,2,6,5,Made Shot,Step Back Jump shot,3PT Field Goal,Above the Break 3,Center(C),24+ ft.,25,-4,251,1,1,20260420,NYK,ATL,42500122275,10750,0,0,203903|1626157|1628404|1628969|1628973
Shot Chart Detail,0042500122,278,1629216,Gabe Vincent,1610612752,Atlanta Hawks,2,5,39,Missed Shot,Running Jump Shot,3PT Field Goal,Above the Break 3,Left Side Center(LC),24+ ft.,24,-135,200,1,0,20260420,NYK,ATL,42500122278,11010,0,0,203903|1626157|1628404|1628969|1628973
Shot Chart Detail,0042500122,290,1630168,Onyeka Okongwu,1610612752,Atlanta Hawks,2,5,2,Missed Shot,Jump Shot,3PT Field Goal,Right Corner 3,Right Side(R),24+ ft.,24,241,35,1,0,20260420,NYK,ATL,42500122290,11380,0,0,1626157|1628384|1628404|1628969|1628973
Shot Chart Detail,0042500122,297,1629638,Nickeil Alexander-Walker,1610612752,Atlanta Hawks,2,4,53,Made Shot,Pullup Jump shot,3PT Field Goal,Above the Break 3,Center(C),24+ ft.,25,-29,250,1,1,20260420,NYK,ATL,42500122297,11470,0,1,1626157|1628384|1628404|1628969|1628973
Shot Chart Detail,0042500122,307,1629638,Nickeil Alexander-Walker,1610612752,Atlanta Hawks,2,4,10,Missed Shot,Driving Floating Jump Shot,2PT Field Goal,In The Paint (Non-RA),Center(C),Less Than 8 ft.,5,-40,32,1,0,20260420,NYK,ATL,42500122307,11900,0,0,1626157|1628384|1628404|1628969|1628973
Shot Chart Detail,0042500122,316,203468,CJ McCollum,1610612752,Atlanta Hawks,2,3,43,Made Shot,Step Back Jump shot,3PT Field Goal,Above the Break 3,Left Side Center(LC),24+ ft.,25,-91,235,1,1,20260420,NYK,ATL,42500122316,12170,0,0,1626157|1628384|1628404|1628969|1628973
Shot Chart Detail,0042500122,338,1630552,Jalen Johnson,1610612752,Atlanta Hawks,2,2,42,Missed Shot,Jump Shot,3PT Field Goal,Right Corner 3,Right Side(R),24+ ft.,23,228,37,1,0,20260420,NYK,ATL,42500122338,12780,0,0,1626157|1628384|1628404|1628969|1628973
Shot Chart Detail,0042500122,345,1630228,Jonathan Kuminga,1610612752,Atlanta Hawks,2,2,21,Missed Shot,Driving Layup Shot,2PT Field Goal,Restricted Area,Center(C),Less Than 8 ft.,1,-6,11,1,0,20260420,NYK,ATL,42500122345,12990,0,0,1626157|1628384|1628404|1628969|1628973
Shot Chart Detail,0042500122,349,203468,CJ McCollum,1610612752,Atlanta Hawks,2,2,2,Made Shot,Driving Floating Bank Jump Shot,2PT Field Goal,In The Paint (Non-RA),Center(C),Less Than 8 ft.,4,28,35,1,1,20260420,NYK,ATL,42500122349,13180,0,0,1626157|1628384|1628404|1628969|1628973
Shot Chart Detail,0042500122,355,1629638,Nickeil Alexander-Walker,1610612752,Atlanta Hawks,2,1,37,Missed Shot,Fadeaway Jump Shot,2PT Field Goal,In The Paint (Non-RA),Center(C),Less Than 8 ft.,5,-34,43,1,0,20260420,NYK,ATL,42500122355,13430,0,0,1626157|1628384|1628404|1628969|1628973
Shot Chart Detail,0042500122,366,203468,CJ McCollum,1610612752,Atlanta Hawks,2,0,46,Made Shot,Running Jump Shot,3PT Field Goal,Above the Break 3,Right Side Center(RC),24+ ft.,25,173,184,1,1,20260420,NYK,ATL,42500122366,13940,0,1,1626157|1628384|1628404|1628969|1628973
Shot Chart Detail,0042500122,369,203468,CJ McCollum,1610612752,Atlanta Hawks,2,0,21,Missed Shot,Pullup Jump shot,3PT Field Goal,Above the Break 3,Right Side Center(RC),24+ ft.,28,120,253,1,0,20260420,NYK,ATL,42500122369,14190,0,0,1626157|1628384|1628404|1628969|1628973
Shot Chart Detail,0042500122,387,203468,CJ McCollum,1610612752,Atlanta Hawks,3,11,23,Missed Shot,Jump Shot,3PT Field Goal,Above the Break 3,Left Side Center(LC),24+ ft.,26,-113,235,1,0,20260420,NYK,ATL,42500122387,14770,0,0,1626157|1628384|1628404|1628969|1628973
Shot Chart Detail,0042500122,391,1630552,Jalen Johnson,1610612752,Atlanta Hawks,3,11,0,Made Shot,Driving Layup Shot,2PT Field Goal,Restricted Area,Center(C),Less Than 8 ft.,1,-15,5,1,1,20260420,NYK,ATL,42500122391,15000,0,1,1626157|1628384|1628404|1628969|1628973
Shot Chart Detail,0042500122,396,1630168,Onyeka Okongwu,1610612752,Atlanta Hawks,3,10,14,Missed Shot,Driving Floating Jump Shot,2PT Field Goal,In The Paint (Non-RA),Left Side(L),8-16 ft.,8,-53,69,1,0,20260420,NYK,ATL,42500122396,15460,0,0,1626157|1628384|1628404|1628969|1628973
Shot Chart Detail,0042500122,398,1630552,Jalen Johnson,1610612752,Atlanta Hawks,3,10,12,Made Shot,Tip Layup Shot,2PT Field Goal,Restricted Area,Center(C),Less Than 8 ft.,0,0,0,1,1,20260420,NYK,ATL,42500122398,15480,0,0,1626157|1628384|1628404|1628969|1628973
Shot Chart Detail,0042500122,404,1629638,Nickeil Alexander-Walker,1610612752,Atlanta Hawks,3,9,33,Missed Shot,Jump Shot,3PT Field Goal,Right Corner 3,Right Side(R),24+ ft.,23,230,7,1,0,20260420,NYK,ATL,42500122404,15870,0,0,1626157|1628384|1628404|1628969|1628973
Shot Chart Detail,0042500122,407,203468,CJ McCollum,1610612752,Atlanta Hawks,3,9,9,Made Shot,Driving Layup Shot,2PT Field Goal,Restricted Area,Center(C),Less Than 8 ft.,2,-22,4,1,1,20260420,NYK,ATL,42500122407,16110,0,1,1626157|1628384|1628404|1628969|1628973
Shot Chart Detail,0042500122,414,1630168,Onyeka Okongwu,1610612752,Atlanta Hawks,3,8,47,Made Shot,Layup Shot,2PT Field Goal,Restricted Area,Center(C),Less Than 8 ft.,2,22,12,1,1,20260420,NYK,ATL,42500122414,16330,0,1,1626157|1628384|1628404|1628969|1628973
Shot Chart Detail,0042500122,418,1630700,Dyson Daniels,1610612752,Atlanta Hawks,3,8,18,Missed Shot,Driving Finger Roll Layup Shot,2PT Field Goal,Restricted Area,Center(C),Less Than 8 ft.,3,-31,6,1,0,20260420,NYK,ATL,42500122418,16620,0,0,1626157|1628384|1628404|1628969|1628973
Shot Chart Detail,0042500122,420,1630168,Onyeka Okongwu,1610612752,Atlanta Hawks,3,8,15,Made Shot,Tip Layup Shot,2PT Field Goal,Restricted Area,Center(C),Less Than 8 ft.,2,-4,26,1,1,20260420,NYK,ATL,42500122420,16650,0,0,1626157|1628384|1628404|1628969|1628973
Shot Chart Detail,0042500122,427,1631243,Mouhamed Gueye,1610612752,Atlanta Hawks,3,7,40,Missed Shot,Jump Shot,3PT Field Goal,Left Corner 3,Left Side(L),24+ ft.,23,-230,10,1,0,20260420,NYK,ATL,42500122427,17000,0,0,1626157|1628384|1628404|1628969|1628973
Shot Chart Detail,0042500122,433,203468,CJ McCollum,1610612752,Atlanta Hawks,3,7,11,Missed Shot,Pullup Jump shot,3PT Field Goal,Above the Break 3,Right Side Center(RC),24+ ft.,26,92,251,1,0,20260420,NYK,ATL,42500122433,17290,0,0,1626157|1628384|1628404|1628969|1628973
Shot Chart Detail,0042500122,440,1630700,Dyson Daniels,1610612752,Atlanta Hawks,3,6,44,Made Shot,Cutting Finger Roll Layup Shot,2PT Field Goal,Restricted Area,Center(C),Less Than 8 ft.,1,-9,7,1,1,20260420,NYK,ATL,42500122440,17560,0,1,1626157|1628384|1628404|1628969|1628973
Shot Chart Detail,0042500122,445,1629638,Nickeil Alexander-Walker,1610612752,Atlanta Hawks,3,6,2,Missed Shot,Floating Jump shot,2PT Field Goal,In The Paint (Non-RA),Center(C),Less Than 8 ft.,7,-75,-4,1,0,20260420,NYK,ATL,42500122445,17980,0,0,1626157|1628384|1628404|1628969|1628973
Shot Chart Detail,0042500122,451,1629638,Nickeil Alexander-Walker,1610612752,Atlanta Hawks,3,5,49,Missed Shot,Jump Shot,3PT Field Goal,Above the Break 3,Left Side Center(LC),24+ ft.,25,-201,160,1,0,20260420,NYK,ATL,42500122451,18110,0,0,1626157|1628384|1628404|1628969|1628973
Shot Chart Detail,0042500122,455,1630552,Jalen Johnson,1610612752,Atlanta Hawks,3,5,34,Made Shot,Driving Floating Jump Shot,2PT Field Goal,In The Paint (Non-RA),Center(C),8-16 ft.,9,-34,84,1,1,20260420,NYK,ATL,42500122455,18260,0,0,1626157|1628384|1628404|1628969|1628973
Shot Chart Detail,0042500122,464,1630228,Jonathan Kuminga,1610612752,Atlanta Hawks,3,5,4,Missed Shot,Turnaround Fadeaway shot,2PT Field Goal,In The Paint (Non-RA),Center(C),8-16 ft.,10,-6,100,1,0,20260420,NYK,ATL,42500122464,18560,0,0,1626157|1628404|1628969|1628973|1629011
Shot Chart Detail,0042500122,475,203468,CJ McCollum,1610612752,Atlanta Hawks,3,4,4,Made Shot,Driving Floating Jump Shot,2PT Field Goal,In The Paint (Non-RA),Center(C),Less Than 8 ft.,4,16,47,1,1,20260420,NYK,ATL,42500122475,19160,0,0,1626157|1628404|1628969|1628973|1629011
Shot Chart Detail,0042500122,479,1630552,Jalen Johnson,1610612752,Atlanta Hawks,3,3,41,Missed Shot,Running Layup Shot,2PT Field Goal,Restricted Area,Center(C),Less Than 8 ft.,1,10,16,1,0,20260420,NYK,ATL,42500122479,19390,0,0,1626157|1628404|1628969|1628973|1629011
Shot Chart Detail,0042500122,481,1630228,Jonathan Kuminga,1610612752,Atlanta Hawks,3,3,38,Made Shot,Tip Layup Shot,2PT Field Goal,Restricted Area,Center(C),Less Than 8 ft.,0,0,0,1,1,20260420,NYK,ATL,42500122481,19420,0,0,1626157|1628404|1628969|1628973|1629011
Shot Chart Detail,0042500122,497,203468,CJ McCollum,1610612752,Atlanta Hawks,3,3,4,Made Shot,Driving Hook Shot,2PT Field Goal,Restricted Area,Center(C),Less Than 8 ft.,3,5,38,1,1,20260420,NYK,ATL,42500122497,19760,0,0,1626157|1628384|1629013|1630540|1630631
Shot Chart Detail,0042500122,500,1630228,Jonathan Kuminga,1610612752,Atlanta Hawks,3,2,27,Missed Shot,Jump Shot,3PT Field Goal,Left Corner 3,Left Side(L),24+ ft.,22,-228,11,1,0,20260420,NYK,ATL,42500122500,20130,0,0,1626157|1628384|1629013|1630540|1630631
Shot Chart Detail,0042500122,527,203468,CJ McCollum,1610612752,Atlanta Hawks,3,0,57,Missed Shot,Jump Shot,3PT Field Goal,Above the Break 3,Right Side Center(RC),24+ ft.,25,131,218,1,0,20260420,NYK,ATL,42500122527,21030,0,0,1628384|1629011|1629013|1630540|1630631
Shot Chart Detail,0042500122,529,203468,CJ McCollum,1610612752,Atlanta Hawks,3,0,50,Missed Shot,Jump Shot,3PT Field Goal,Right Corner 3,Right Side(R),24+ ft.,23,233,13,1,0,20260420,NYK,ATL,42500122529,21100,0,0,1628384|1629011|1629013|1630540|1630631
Shot Chart Detail,0042500122,531,1630700,Dyson Daniels,1610612752,Atlanta Hawks,3,0,45,Missed Shot,Driving Floating Jump Shot,2PT Field Goal,Restricted Area,Center(C),Less Than 8 ft.,2,-28,1,1,0,20260420,NYK,ATL,42500122531,21150,0,0,1628384|1629011|1629013|1630540|1630631
Shot Chart Detail,0042500122,538,1628396,Tony Bradley,1610612752,Atlanta Hawks,3,0,21,Missed Shot,Driving Hook Shot,2PT Field Goal,In The Paint (Non-RA),Center(C),Less Than 8 ft.,5,18,50,1,0,20260420,NYK,ATL,42500122538,21390,0,0,1628384|1629011|1629013|1630540|1630631
Shot Chart Detail,0042500122,542,203468,CJ McCollum,1610612752,Atlanta Hawks,3,0,1,Missed Shot,Pullup Jump shot,3PT Field Goal,Above the Break 3,Left Side Center(LC),24+ ft.,29,-157,249,1,0,20260420,NYK,ATL,42500122542,21590,0,0,1628384|1629011|1629013|1630540|1630631
Shot Chart Detail,0042500122,559,1630557,Corey Kispert,1610612752,Atlanta Hawks,4,11,9,Made Shot,Running Layup Shot,2PT Field Goal,Restricted Area,Center(C),Less Than 8 ft.,1,-11,11,1,1,20260420,NYK,ATL,42500122559,22110,0,1,1628384|1628969|1629011|1630540|1630631
Shot Chart Detail,0042500122,563,1630168,Onyeka Okongwu,1610612752,Atlanta Hawks,4,10,30,Made Shot,Driving Dunk Shot,2PT Field Goal,Restricted Area,Center(C),Less Than 8 ft.,0,1,7,1,1,20260420,NYK,ATL,42500122563,22500,0,0,1628384|1628969|1629011|1630540|1630631
Shot Chart Detail,0042500122,573,1630228,Jonathan Kuminga,1610612752,Atlanta Hawks,4,9,47,Made Shot,Driving Dunk Shot,2PT Field Goal,Restricted Area,Center(C),Less Than 8 ft.,0,7,-3,1,1,20260420,NYK,ATL,42500122573,22930,0,1,203903|1628384|1628969|1629011|1630631
Shot Chart Detail,0042500122,577,1630168,Onyeka Okongwu,1610612752,Atlanta Hawks,4,9,5,Made Shot,Alley Oop Dunk Shot,2PT Field Goal,Restricted Area,Center(C),Less Than 8 ft.,1,-13,7,1,1,20260420,NYK,ATL,42500122577,23350,0,1,203903|1628384|1628969|1629011|1630631
Shot Chart Detail,0042500122,581,1630228,Jonathan Kuminga,1610612752,Atlanta Hawks,4,8,28,Missed Shot,Jump Shot,3PT Field Goal,Above the Break 3,Right Side Center(RC),24+ ft.,24,194,153,1,0,20260420,NYK,ATL,42500122581,23720,0,0,203903|1628384|1628969|1629011|1630631
Shot Chart Detail,0042500122,585,1629638,Nickeil Alexander-Walker,1610612752,Atlanta Hawks,4,7,57,Missed Shot,Step Back Jump shot,2PT Field Goal,Mid-Range,Left Side(L),16-24 ft.,17,-173,15,1,0,20260420,NYK,ATL,42500122585,24030,0,0,203903|1628384|1628969|1629011|1630631
Shot Chart Detail,0042500122,608,203468,CJ McCollum,1610612752,Atlanta Hawks,4,7,21,Missed Shot,Driving Floating Jump Shot,2PT Field Goal,In The Paint (Non-RA),Center(C),8-16 ft.,8,1,89,1,0,20260420,NYK,ATL,42500122608,24390,0,0,203903|1626157|1628404|1628969|1628973
Shot Chart Detail,0042500122,614,1630228,Jonathan Kuminga,1610612752,Atlanta Hawks,4,6,50,Made Shot,Driving Hook Shot,2PT Field Goal,In The Paint (Non-RA),Center(C),Less Than 8 ft.,6,-25,55,1,1,20260420,NYK,ATL,42500122614,24700,0,0,203903|1626157|1628404|1628969|1628973
Shot Chart Detail,0042500122,622,1630552,Jalen Johnson,1610612752,Atlanta Hawks,4,6,15,Made Shot,Driving Floating Bank Jump Shot,2PT Field Goal,Restricted Area,Center(C),Less Than 8 ft.,2,0,26,1,1,20260420,NYK,ATL,42500122622,25050,0,1,203903|1626157|1628404|1628969|1628973
Shot Chart Detail,0042500122,632,1630552,Jalen Johnson,1610612752,Atlanta Hawks,4,5,40,Missed Shot,Jump Shot,3PT Field Goal,Above the Break 3,Left Side Center(LC),24+ ft.,25,-186,172,1,0,20260420,NYK,ATL,42500122632,25400,0,0,1626157|1628384|1628404|1628969|1628973
Shot Chart Detail,0042500122,639,203468,CJ McCollum,1610612752,Atlanta Hawks,4,5,14,Missed Shot,Pullup Jump shot,2PT Field Goal,Mid-Range,Left Side(L),8-16 ft.,15,-86,125,1,0,20260420,NYK,ATL,42500122639,25660,0,0,1626157|1628384|1628404|1628969|1628973
Shot Chart Detail,0042500122,643,1630228,Jonathan Kuminga,1610612752,Atlanta Hawks,4,4,46,Made Shot,Driving Layup Shot,2PT Field Goal,Restricted Area,Center(C),Less Than 8 ft.,1,13,6,1,1,20260420,NYK,ATL,42500122643,25940,0,0,1626157|1628384|1628404|1628969|1628973
Shot Chart Detail,0042500122,646,1629638,Nickeil Alexander-Walker,1610612752,Atlanta Hawks,4,4,12,Made Shot,Jump Shot,3PT Field Goal,Right Corner 3,Right Side(R),24+ ft.,22,228,10,1,1,20260420,NYK,ATL,42500122646,26280,0,1,1626157|1628384|1628404|1628969|1628973
Shot Chart Detail,0042500122,651,1630552,Jalen Johnson,1610612752,Atlanta Hawks,4,3,25,Made Shot,Driving Layup Shot,2PT Field Goal,Restricted Area,Center(C),Less Than 8 ft.,2,-17,22,1,1,20260420,NYK,ATL,42500122651,26750,0,1,1626157|1628384|1628404|1628969|1628973
Shot Chart Detail,0042500122,665,203468,CJ McCollum,1610612752,Atlanta Hawks,4,2,8,Made Shot,Driving Layup Shot,2PT Field Goal,Restricted Area,Center(C),Less Than 8 ft.,1,11,8,1,1,20260420,NYK,ATL,42500122665,27520,0,0,1626157|1628384|1628404|1628969|1628973
Shot Chart Detail,0042500122,674,203468,CJ McCollum,1610612752,Atlanta Hawks,4,1,33,Made Shot,Driving Floating Jump Shot,2PT Field Goal,In The Paint (Non-RA),Center(C),Less Than 8 ft.,6,12,67,1,1,20260420,NYK,ATL,42500122674,27870,0,0,1626157|1628384|1628404|1628969|1628973
Shot Chart Detail,0042500122,682,203468,CJ McCollum,1610612752,Atlanta Hawks,4,0,33,Made Shot,Fadeaway Jump Shot,2PT Field Goal,Mid-Range,Left Side(L),8-16 ft.,14,-141,10,1,1,20260420,NYK,ATL,42500122682,28470,0,0,1626157|1628384|1628404|1628969|1628973
Shot Chart Detail,0042500122,686,1630552,Jalen Johnson,1610612752,Atlanta Hawks,4,0,10,Made Shot,Running Dunk Shot,2PT Field Goal,Restricted Area,Center(C),Less Than 8 ft.,0,5,5,1,1,20260420,NYK,ATL,42500122686,28700,0,1,1626157|1628384|1628404|1628969|1628973
Shot Chart Detail,0042500123,10,1630700,Dyson Daniels,1610612752,Atlanta Hawks,1,11,27,Missed Shot,Driving Floating Jump Shot,2PT Field Goal,In The Paint (Non-RA),Center(C),Less Than 8 ft.,4,-16,39,1,0,20260423,ATL,NYK,4250012310,330,0,0,1626157|1628384|1628404|1628969|1628973
Shot Chart Detail,0042500123,14,1630552,Jalen Johnson,1610612752,Atlanta Hawks,1,11,5,Missed Shot,Driving Floating Jump Shot,2PT Field Goal,In The Paint (Non-RA),Right Side(R),8-16 ft.,9,50,81,1,0,20260423,ATL,NYK,4250012314,550,0,0,1626157|1628384|1628404|1628969|1628973
Shot Chart Detail,0042500123,17,203468,CJ McCollum,1610612752,Atlanta Hawks,1,10,29,Made Shot,Step Back Jump shot,3PT Field Goal,Above the Break 3,Left Side Center(LC),24+ ft.,25,-105,235,1,1,20260423,ATL,NYK,4250012317,910,0,0,1626157|1628384|1628404|1628969|1628973
Shot Chart Detail,0042500123,21,1629638,Nickeil Alexander-Walker,1610612752,Atlanta Hawks,1,9,41,Missed Shot,Driving Floating Jump Shot,2PT Field Goal,In The Paint (Non-RA),Center(C),8-16 ft.,10,12,104,1,0,20260423,ATL,NYK,4250012321,1390,0,0,1626157|1628384|1628404|1628969|1628973
Shot Chart Detail,0042500123,36,1629638,Nickeil Alexander-Walker,1610612752,Atlanta Hawks,1,8,41,Missed Shot,Pullup Jump shot,3PT Field Goal,Above the Break 3,Right Side Center(RC),24+ ft.,25,172,193,1,0,20260423,ATL,NYK,4250012336,1990,0,0,1626157|1628384|1628404|1628969|1628973
Shot Chart Detail,0042500123,56,1630552,Jalen Johnson,1610612752,Atlanta Hawks,1,7,10,Missed Shot,Driving Layup Shot,2PT Field Goal,Restricted Area,Center(C),Less Than 8 ft.,1,10,17,1,0,20260423,ATL,NYK,4250012356,2900,0,0,1626157|1628384|1628404|1628969|1628973
Shot Chart Detail,0042500123,63,203468,CJ McCollum,1610612752,Atlanta Hawks,1,6,47,Missed Shot,Driving Floating Bank Jump Shot,2PT Field Goal,Restricted Area,Center(C),Less Than 8 ft.,3,-12,34,1,0,20260423,ATL,NYK,4250012363,3130,0,0,1626157|1628384|1628404|1628969|1628973
Shot Chart Detail,0042500123,67,1630552,Jalen Johnson,1610612752,Atlanta Hawks,1,6,25,Made Shot,Jump Shot,3PT Field Goal,Above the Break 3,Left Side Center(LC),24+ ft.,25,-127,223,1,1,20260423,ATL,NYK,4250012367,3350,0,1,1626157|1628384|1628404|1628969|1628973
Shot Chart Detail,0042500123,71,1630700,Dyson Daniels,1610612752,Atlanta Hawks,1,5,59,Made Shot,Running Layup Shot,2PT Field Goal,In The Paint (Non-RA),Center(C),Less Than 8 ft.,6,-17,63,1,1,20260423,ATL,NYK,4250012371,3610,0,1,1626157|1628384|1628404|1628969|1628973
Shot Chart Detail,0042500123,76,203468,CJ McCollum,1610612752,Atlanta Hawks,1,5,36,Made Shot,Running Pull-Up Jump Shot,2PT Field Goal,In The Paint (Non-RA),Right Side(R),8-16 ft.,11,72,94,1,1,20260423,ATL,NYK,4250012376,3840,0,0,1626157|1628384|1628404|1628969|1628973
Shot Chart Detail,0042500123,86,1630552,Jalen Johnson,1610612752,Atlanta Hawks,1,4,52,Missed Shot,Pullup Jump shot,2PT Field Goal,Mid-Range,Left Side(L),8-16 ft.,12,-126,-16,1,0,20260423,ATL,NYK,4250012386,4280,0,0,1628404|1628969|1628973|1629011|1630540
Shot Chart Detail,0042500123,95,1630552,Jalen Johnson,1610612752,Atlanta Hawks,1,4,21,Missed Shot,Pullup Jump shot,3PT Field Goal,Above the Break 3,Right Side Center(RC),24+ ft.,26,82,248,1,0,20260423,ATL,NYK,4250012395,4590,0,0,1628404|1628969|1628973|1629011|1630540
Shot Chart Detail,0042500123,99,1630552,Jalen Johnson,1610612752,Atlanta Hawks,1,4,12,Made Shot,Driving Layup Shot,2PT Field Goal,Restricted Area,Center(C),Less Than 8 ft.,1,-7,11,1,1,20260423,ATL,NYK,4250012399,4680,0,1,1628404|1628969|1628973|1629011|1630540
Shot Chart Detail,0042500123,102,1630228,Jonathan Kuminga,1610612752,Atlanta Hawks,1,3,59,Made Shot,Floating Jump shot,2PT Field Goal,Restricted Area,Center(C),Less Than 8 ft.,2,-7,22,1,1,20260423,ATL,NYK,42500123102,4810,0,1,1628404|1628969|1628973|1629011|1630540
Shot Chart Detail,0042500123,108,1629216,Gabe Vincent,1610612752,Atlanta Hawks,1,3,30,Made Shot,Jump Shot,3PT Field Goal,Above the Break 3,Left Side Center(LC),24+ ft.,25,-123,221,1,1,20260423,ATL,NYK,42500123108,5100,0,1,1628404|1628969|1628973|1629011|1630540
Shot Chart Detail,0042500123,111,1630228,Jonathan Kuminga,1610612752,Atlanta Hawks,1,2,51,Made Shot,Fadeaway Jump Shot,2PT Field Goal,Mid-Range,Left Side(L),8-16 ft.,12,-115,38,1,1,20260423,ATL,NYK,42500123111,5490,0,0,1628404|1628969|1628973|1629011|1630540
Shot Chart Detail,0042500123,132,203468,CJ McCollum,1610612752,Atlanta Hawks,1,1,39,Made Shot,Turnaround Jump Shot,2PT Field Goal,Mid-Range,Center(C),16-24 ft.,16,44,164,1,1,20260423,ATL,NYK,42500123132,6210,0,0,203903|1628384|1628973|1629011|1630540
Shot Chart Detail,0042500123,137,1631243,Mouhamed Gueye,1610612752,Atlanta Hawks,1,1,8,Made Shot,Jump Shot,3PT Field Goal,Above the Break 3,Left Side Center(LC),24+ ft.,25,-86,241,1,1,20260423,ATL,NYK,42500123137,6520,0,1,203903|1628384|1628973|1629011|1630540
Shot Chart Detail,0042500123,143,1630228,Jonathan Kuminga,1610612752,Atlanta Hawks,1,0,43,Made Shot,Pullup Jump shot,3PT Field Goal,Above the Break 3,Right Side Center(RC),24+ ft.,26,127,236,1,1,20260423,ATL,NYK,42500123143,6770,0,1,203903|1628384|1628973|1629011|1630540
Shot Chart Detail,0042500123,149,1630228,Jonathan Kuminga,1610612752,Atlanta Hawks,1,0,2,Made Shot,Jump Shot,3PT Field Goal,Above the Break 3,Right Side Center(RC),24+ ft.,26,183,186,1,1,20260423,ATL,NYK,42500123149,7180,0,1,203903|1628384|1628973|1629011|1630540
Shot Chart Detail,0042500123,163,1630557,Corey Kispert,1610612752,Atlanta Hawks,2,11,41,Missed Shot,Driving Floating Bank Jump Shot,2PT Field Goal,Restricted Area,Center(C),Less Than 8 ft.,3,-32,21,1,0,20260423,ATL,NYK,42500123163,7390,0,0,203903|1626157|1628384|1629013|1630631
Shot Chart Detail,0042500123,165,1631243,Mouhamed Gueye,1610612752,Atlanta Hawks,2,11,39,Made Shot,Tip Dunk Shot,2PT Field Goal,Restricted Area,Center(C),Less Than 8 ft.,0,0,0,1,1,20260423,ATL,NYK,42500123165,7410,0,0,203903|1626157|1628384|1629013|1630631
Shot Chart Detail,0042500123,167,1631243,Mouhamed Gueye,1610612752,Atlanta Hawks,2,11,8,Missed Shot,Jump Shot,3PT Field Goal,Above the Break 3,Center(C),24+ ft.,26,31,259,1,0,20260423,ATL,NYK,42500123167,7720,0,0,203903|1626157|1628384|1629013|1630631
Shot Chart Detail,0042500123,180,203468,CJ McCollum,1610612752,Atlanta Hawks,2,10,8,Made Shot,Fadeaway Jump Shot,2PT Field Goal,Mid-Range,Left Side(L),8-16 ft.,9,-97,2,1,1,20260423,ATL,NYK,42500123180,8320,0,0,203903|1626157|1628384|1629013|1630631
Shot Chart Detail,0042500123,191,203468,CJ McCollum,1610612752,Atlanta Hawks,2,9,1,Missed Shot,Running Jump Shot,3PT Field Goal,Above the Break 3,Center(C),24+ ft.,28,0,284,1,0,20260423,ATL,NYK,42500123191,8990,0,0,203903|1626157|1628384|1629013|1630631
Shot Chart Detail,0042500123,215,1629638,Nickeil Alexander-Walker,1610612752,Atlanta Hawks,2,7,58,Missed Shot,Driving Layup Shot,2PT Field Goal,Restricted Area,Center(C),Less Than 8 ft.,2,-10,22,1,0,20260423,ATL,NYK,42500123215,9620,0,0,203903|1626157|1628404|1628969|1630631
Shot Chart Detail,0042500123,219,1630552,Jalen Johnson,1610612752,Atlanta Hawks,2,7,43,Made Shot,Running Layup Shot,2PT Field Goal,Restricted Area,Center(C),Less Than 8 ft.,1,7,10,1,1,20260423,ATL,NYK,42500123219,9770,0,0,203903|1626157|1628404|1628969|1630631
Shot Chart Detail,0042500123,240,203468,CJ McCollum,1610612752,Atlanta Hawks,2,6,34,Made Shot,Turnaround Fadeaway shot,2PT Field Goal,Mid-Range,Left Side(L),8-16 ft.,15,-151,-6,1,1,20260423,ATL,NYK,42500123240,10460,0,0,1628384|1628404|1628969|1628973|1629011
Shot Chart Detail,0042500123,243,1630168,Onyeka Okongwu,1610612752,Atlanta Hawks,2,6,12,Made Shot,Running Dunk Shot,2PT Field Goal,Restricted Area,Center(C),Less Than 8 ft.,1,11,-4,1,1,20260423,ATL,NYK,42500123243,10680,0,0,1628384|1628404|1628969|1628973|1629011
Shot Chart Detail,0042500123,245,1630168,Onyeka Okongwu,1610612752,Atlanta Hawks,2,5,46,Missed Shot,Jump Shot,3PT Field Goal,Above the Break 3,Center(C),24+ ft.,25,-36,256,1,0,20260423,ATL,NYK,42500123245,10940,0,0,1628384|1628404|1628969|1628973|1629011
Shot Chart Detail,0042500123,252,1630700,Dyson Daniels,1610612752,Atlanta Hawks,2,5,2,Missed Shot,Jump Shot,3PT Field Goal,Left Corner 3,Left Side(L),24+ ft.,22,-229,-8,1,0,20260423,ATL,NYK,42500123252,11380,0,0,1628384|1628404|1628969|1628973|1629011
Shot Chart Detail,0042500123,254,1630168,Onyeka Okongwu,1610612752,Atlanta Hawks,2,5,0,Made Shot,Tip Dunk Shot,2PT Field Goal,Restricted Area,Center(C),Less Than 8 ft.,0,0,0,1,1,20260423,ATL,NYK,42500123254,11400,0,0,1628384|1628404|1628969|1628973|1629011
Shot Chart Detail,0042500123,258,1630228,Jonathan Kuminga,1610612752,Atlanta Hawks,2,4,42,Missed Shot,Driving Layup Shot,2PT Field Goal,Restricted Area,Center(C),Less Than 8 ft.,1,1,15,1,0,20260423,ATL,NYK,42500123258,11580,0,0,1628384|1628404|1628969|1628973|1629011
Shot Chart Detail,0042500123,272,203468,CJ McCollum,1610612752,Atlanta Hawks,2,3,46,Made Shot,Step Back Jump shot,3PT Field Goal,Above the Break 3,Right Side Center(RC),24+ ft.,26,188,184,1,1,20260423,ATL,NYK,42500123272,12140,0,0,1628384|1628404|1628969|1628973|1629011
Shot Chart Detail,0042500123,282,203468,CJ McCollum,1610612752,Atlanta Hawks,2,3,17,Missed Shot,Step Back Jump shot,2PT Field Goal,Mid-Range,Center(C),16-24 ft.,22,-18,228,1,0,20260423,ATL,NYK,42500123282,12430,0,0,1626157|1628404|1628969|1628973|1630540
Shot Chart Detail,0042500123,284,1630552,Jalen Johnson,1610612752,Atlanta Hawks,2,3,13,Missed Shot,Cutting Layup Shot,2PT Field Goal,Restricted Area,Center(C),Less Than 8 ft.,1,0,13,1,0,20260423,ATL,NYK,42500123284,12470,0,0,1626157|1628404|1628969|1628973|1630540
Shot Chart Detail,0042500123,289,1630552,Jalen Johnson,1610612752,Atlanta Hawks,2,2,52,Missed Shot,Jump Shot,3PT Field Goal,Above the Break 3,Left Side Center(LC),24+ ft.,25,-183,181,1,0,20260423,ATL,NYK,42500123289,12680,0,0,1626157|1628404|1628969|1628973|1630540
Shot Chart Detail,0042500123,298,1630168,Onyeka Okongwu,1610612752,Atlanta Hawks,2,2,33,Missed Shot,Jump Shot,3PT Field Goal,Left Corner 3,Left Side(L),24+ ft.,23,-229,38,1,0,20260423,ATL,NYK,42500123298,12870,0,0,203903|1626157|1628404|1628973|1630540
Shot Chart Detail,0042500123,301,1629638,Nickeil Alexander-Walker,1610612752,Atlanta Hawks,2,2,14,Missed Shot,Step Back Jump shot,3PT Field Goal,Above the Break 3,Left Side Center(LC),24+ ft.,25,-113,233,1,0,20260423,ATL,NYK,42500123301,13060,0,0,203903|1626157|1628404|1628973|1630540
Shot Chart Detail,0042500123,306,203468,CJ McCollum,1610612752,Atlanta Hawks,2,1,43,Missed Shot,Driving Floating Jump Shot,2PT Field Goal,In The Paint (Non-RA),Center(C),Less Than 8 ft.,6,-2,69,1,0,20260423,ATL,NYK,42500123306,13370,0,0,203903|1626157|1628404|1628973|1630540
Shot Chart Detail,0042500123,309,1630552,Jalen Johnson,1610612752,Atlanta Hawks,2,1,8,Missed Shot,Driving Layup Shot,2PT Field Goal,Restricted Area,Center(C),Less Than 8 ft.,1,-12,11,1,0,20260423,ATL,NYK,42500123309,13720,0,0,203903|1626157|1628404|1628973|1630540
Shot Chart Detail,0042500123,319,1629638,Nickeil Alexander-Walker,1610612752,Atlanta Hawks,2,0,25,Missed Shot,Driving Layup Shot,2PT Field Goal,Restricted Area,Center(C),Less Than 8 ft.,2,17,17,1,0,20260423,ATL,NYK,42500123319,14150,0,0,203903|1626157|1628404|1628973|1630540
Shot Chart Detail,0042500123,330,1629638,Nickeil Alexander-Walker,1610612752,Atlanta Hawks,3,11,43,Missed Shot,Driving Finger Roll Layup Shot,2PT Field Goal,Restricted Area,Center(C),Less Than 8 ft.,2,27,6,1,0,20260423,ATL,NYK,42500123330,14570,0,0,1626157|1628384|1628404|1628969|1628973
Shot Chart Detail,0042500123,333,1630168,Onyeka Okongwu,1610612752,Atlanta Hawks,3,11,21,Made Shot,Jump Shot,3PT Field Goal,Above the Break 3,Right Side Center(RC),24+ ft.,24,98,227,1,1,20260423,ATL,NYK,42500123333,14790,0,1,1626157|1628384|1628404|1628969|1628973
Shot Chart Detail,0042500123,341,203468,CJ McCollum,1610612752,Atlanta Hawks,3,10,46,Missed Shot,Pullup Jump shot,2PT Field Goal,Mid-Range,Right Side(R),8-16 ft.,15,131,78,1,0,20260423,ATL,NYK,42500123341,15140,0,0,1626157|1628384|1628404|1628969|1628973
Shot Chart Detail,0042500123,343,1630700,Dyson Daniels,1610612752,Atlanta Hawks,3,10,45,Made Shot,Tip Dunk Shot,2PT Field Goal,Restricted Area,Center(C),Less Than 8 ft.,0,0,0,1,1,20260423,ATL,NYK,42500123343,15150,0,0,1626157|1628384|1628404|1628969|1628973
Shot Chart Detail,0042500123,346,1629638,Nickeil Alexander-Walker,1610612752,Atlanta Hawks,3,10,22,Made Shot,Running Jump Shot,3PT Field Goal,Left Corner 3,Left Side(L),24+ ft.,23,-234,9,1,1,20260423,ATL,NYK,42500123346,15380,0,1,1626157|1628384|1628404|1628969|1628973
Shot Chart Detail,0042500123,350,1629638,Nickeil Alexander-Walker,1610612752,Atlanta Hawks,3,9,49,Made Shot,Running Jump Shot,3PT Field Goal,Above the Break 3,Right Side Center(RC),24+ ft.,25,148,213,1,1,20260423,ATL,NYK,42500123350,15710,0,1,1626157|1628384|1628404|1628969|1628973
Shot Chart Detail,0042500123,360,1630552,Jalen Johnson,1610612752,Atlanta Hawks,3,9,13,Missed Shot,Pullup Jump shot,3PT Field Goal,Above the Break 3,Right Side Center(RC),24+ ft.,25,87,241,1,0,20260423,ATL,NYK,42500123360,16070,0,0,1626157|1628384|1628404|1628973|1630540
Shot Chart Detail,0042500123,368,1630168,Onyeka Okongwu,1610612752,Atlanta Hawks,3,8,36,Missed Shot,Jump Shot,3PT Field Goal,Left Corner 3,Left Side(L),24+ ft.,23,-234,14,1,0,20260423,ATL,NYK,42500123368,16440,0,0,1626157|1628384|1628404|1628973|1630540
Shot Chart Detail,0042500123,377,1630552,Jalen Johnson,1610612752,Atlanta Hawks,3,7,48,Missed Shot,Driving Floating Jump Shot,2PT Field Goal,Restricted Area,Center(C),Less Than 8 ft.,3,2,36,1,0,20260423,ATL,NYK,42500123377,16920,0,0,1626157|1628384|1628404|1628973|1630540
Shot Chart Detail,0042500123,384,1630700,Dyson Daniels,1610612752,Atlanta Hawks,3,7,23,Missed Shot,Driving Finger Roll Layup Shot,2PT Field Goal,Restricted Area,Center(C),Less Than 8 ft.,1,-9,-5,1,0,20260423,ATL,NYK,42500123384,17170,0,0,1626157|1628384|1628404|1628973|1630540
Shot Chart Detail,0042500123,389,203468,CJ McCollum,1610612752,Atlanta Hawks,3,6,56,Missed Shot,Floating Jump shot,2PT Field Goal,In The Paint (Non-RA),Center(C),8-16 ft.,8,-33,73,1,0,20260423,ATL,NYK,42500123389,17440,0,0,1626157|1628384|1628404|1628973|1630540
Shot Chart Detail,0042500123,391,1629638,Nickeil Alexander-Walker,1610612752,Atlanta Hawks,3,6,53,Missed Shot,Jump Shot,3PT Field Goal,Above the Break 3,Right Side Center(RC),24+ ft.,24,218,122,1,0,20260423,ATL,NYK,42500123391,17470,0,0,1626157|1628384|1628404|1628973|1630540
Shot Chart Detail,0042500123,400,1629638,Nickeil Alexander-Walker,1610612752,Atlanta Hawks,3,6,20,Made Shot,Driving Finger Roll Layup Shot,2PT Field Goal,Restricted Area,Center(C),Less Than 8 ft.,2,-22,3,1,1,20260423,ATL,NYK,42500123400,17800,0,0,203903|1626157|1628384|1628973|1630540
Shot Chart Detail,0042500123,407,1630552,Jalen Johnson,1610612752,Atlanta Hawks,3,5,54,Made Shot,Driving Finger Roll Layup Shot,2PT Field Goal,Restricted Area,Center(C),Less Than 8 ft.,0,1,0,1,1,20260423,ATL,NYK,42500123407,18060,0,0,203903|1626157|1628384|1628973|1630540
Shot Chart Detail,0042500123,411,1630552,Jalen Johnson,1610612752,Atlanta Hawks,3,5,34,Made Shot,Running Reverse Layup Shot,2PT Field Goal,Restricted Area,Center(C),Less Than 8 ft.,0,5,-1,1,1,20260423,ATL,NYK,42500123411,18260,0,0,203903|1626157|1628384|1628973|1630540
Shot Chart Detail,0042500123,413,1629638,Nickeil Alexander-Walker,1610612752,Atlanta Hawks,3,5,11,Made Shot,Jump Shot,3PT Field Goal,Left Corner 3,Left Side(L),24+ ft.,23,-232,29,1,1,20260423,ATL,NYK,42500123413,18490,0,1,203903|1626157|1628384|1628973|1630540
Shot Chart Detail,0042500123,420,1629216,Gabe Vincent,1610612752,Atlanta Hawks,3,4,27,Missed Shot,Jump Shot,3PT Field Goal,Above the Break 3,Left Side Center(LC),24+ ft.,24,-100,229,1,0,20260423,ATL,NYK,42500123420,18930,0,0,203903|1626157|1628384|1628973|1630540
Shot Chart Detail,0042500123,431,1630700,Dyson Daniels,1610612752,Atlanta Hawks,3,3,38,Made Shot,Jump Shot,3PT Field Goal,Above the Break 3,Left Side Center(LC),24+ ft.,25,-99,230,1,1,20260423,ATL,NYK,42500123431,19420,0,1,203903|1628384|1628404|1628973|1630540
Shot Chart Detail,0042500123,442,1630228,Jonathan Kuminga,1610612752,Atlanta Hawks,3,2,52,Made Shot,Running Layup Shot,2PT Field Goal,Restricted Area,Center(C),Less Than 8 ft.,1,-13,4,1,1,20260423,ATL,NYK,42500123442,19880,0,1,203903|1628384|1628404|1628973|1630540
Shot Chart Detail,0042500123,450,1630228,Jonathan Kuminga,1610612752,Atlanta Hawks,3,2,9,Made Shot,Turnaround Fadeaway shot,2PT Field Goal,In The Paint (Non-RA),Center(C),Less Than 8 ft.,6,-32,56,1,1,20260423,ATL,NYK,42500123450,20310,0,1,203903|1628384|1628404|1628973|1630540
Shot Chart Detail,0042500123,460,1631243,Mouhamed Gueye,1610612752,Atlanta Hawks,3,1,30,Missed Shot,Jump Shot,3PT Field Goal,Right Corner 3,Right Side(R),24+ ft.,23,229,38,1,0,20260423,ATL,NYK,42500123460,20700,0,0,1626157|1628384|1628404|1628973|1630540
Shot Chart Detail,0042500123,462,1630228,Jonathan Kuminga,1610612752,Atlanta Hawks,3,1,24,Missed Shot,Pullup Jump shot,2PT Field Goal,Mid-Range,Left Side(L),8-16 ft.,12,-116,38,1,0,20260423,ATL,NYK,42500123462,20760,0,0,1626157|1628384|1628404|1628973|1630540
Shot Chart Detail,0042500123,472,1630700,Dyson Daniels,1610612752,Atlanta Hawks,3,1,4,Missed Shot,Driving Layup Shot,2PT Field Goal,In The Paint (Non-RA),Center(C),Less Than 8 ft.,5,-2,59,1,0,20260423,ATL,NYK,42500123472,20960,0,0,1626157|1628384|1628404|1628973|1630540
Shot Chart Detail,0042500123,483,203468,CJ McCollum,1610612752,Atlanta Hawks,3,0,27,Missed Shot,Running Pull-Up Jump Shot,3PT Field Goal,Above the Break 3,Left Side Center(LC),24+ ft.,24,-115,221,1,0,20260423,ATL,NYK,42500123483,21330,0,0,1626157|1628384|1628404|1628973|1630540
Shot Chart Detail,0042500123,495,1630228,Jonathan Kuminga,1610612752,Atlanta Hawks,3,0,0,Missed Shot,Pullup Jump shot,2PT Field Goal,Mid-Range,Right Side(R),8-16 ft.,14,140,14,1,0,20260423,ATL,NYK,42500123495,21600,0,0,1626157|1628384|1628404|1628973|1630540
Shot Chart Detail,0042500123,513,203468,CJ McCollum,1610612752,Atlanta Hawks,4,11,39,Missed Shot,Pullup Jump shot,2PT Field Goal,In The Paint (Non-RA),Right Side(R),8-16 ft.,13,74,117,1,0,20260423,ATL,NYK,42500123513,21810,0,0,1628404|1628969|1629011|1630540|1630631
Shot Chart Detail,0042500123,530,1630228,Jonathan Kuminga,1610612752,Atlanta Hawks,4,10,44,Missed Shot,Jump Shot,3PT Field Goal,Above the Break 3,Right Side Center(RC),24+ ft.,26,163,215,1,0,20260423,ATL,NYK,42500123530,22360,0,0,203903|1628404|1628969|1629011|1630540
Shot Chart Detail,0042500123,534,1630228,Jonathan Kuminga,1610612752,Atlanta Hawks,4,10,27,Made Shot,Running Layup Shot,2PT Field Goal,Restricted Area,Center(C),Less Than 8 ft.,0,7,0,1,1,20260423,ATL,NYK,42500123534,22530,0,1,203903|1628404|1628969|1629011|1630540
Shot Chart Detail,0042500123,538,1630228,Jonathan Kuminga,1610612752,Atlanta Hawks,4,10,2,Missed Shot,Jump Shot,3PT Field Goal,Right Corner 3,Right Side(R),24+ ft.,23,233,52,1,0,20260423,ATL,NYK,42500123538,22780,0,0,203903|1628404|1628969|1629011|1630540
Shot Chart Detail,0042500123,545,1629216,Gabe Vincent,1610612752,Atlanta Hawks,4,9,32,Missed Shot,Jump Shot,3PT Field Goal,Right Corner 3,Right Side(R),24+ ft.,23,232,19,1,0,20260423,ATL,NYK,42500123545,23080,0,0,203903|1628404|1628969|1629011|1630540
Shot Chart Detail,0042500123,547,1630228,Jonathan Kuminga,1610612752,Atlanta Hawks,4,9,28,Made Shot,Putback Layup Shot,2PT Field Goal,Restricted Area,Center(C),Less Than 8 ft.,0,4,-7,1,1,20260423,ATL,NYK,42500123547,23120,0,0,203903|1628404|1628969|1629011|1630540
Shot Chart Detail,0042500123,565,1630552,Jalen Johnson,1610612752,Atlanta Hawks,4,8,42,Made Shot,Pullup Jump shot,3PT Field Goal,Above the Break 3,Right Side Center(RC),24+ ft.,25,194,173,1,1,20260423,ATL,NYK,42500123565,23580,0,0,1626157|1628384|1628404|1628973|1630540
Shot Chart Detail,0042500123,598,203468,CJ McCollum,1610612752,Atlanta Hawks,4,6,48,Missed Shot,Driving Floating Jump Shot,2PT Field Goal,In The Paint (Non-RA),Center(C),Less Than 8 ft.,5,45,32,1,0,20260423,ATL,NYK,42500123598,24720,0,0,1626157|1628384|1628404|1628973|1630540
Shot Chart Detail,0042500123,600,1630168,Onyeka Okongwu,1610612752,Atlanta Hawks,4,6,47,Made Shot,Tip Layup Shot,2PT Field Goal,Restricted Area,Center(C),Less Than 8 ft.,0,0,0,1,1,20260423,ATL,NYK,42500123600,24730,0,0,1626157|1628384|1628404|1628973|1630540
Shot Chart Detail,0042500123,607,1629638,Nickeil Alexander-Walker,1610612752,Atlanta Hawks,4,6,3,Missed Shot,Pullup Jump shot,3PT Field Goal,Above the Break 3,Right Side Center(RC),24+ ft.,25,120,229,1,0,20260423,ATL,NYK,42500123607,25170,0,0,1626157|1628384|1628404|1628973|1630540
Shot Chart Detail,0042500123,618,203468,CJ McCollum,1610612752,Atlanta Hawks,4,5,14,Missed Shot,Pullup Jump shot,2PT Field Goal,Mid-Range,Left Side(L),8-16 ft.,15,-107,116,1,0,20260423,ATL,NYK,42500123618,25660,0,0,1626157|1628384|1628404|1628973|1630540
Shot Chart Detail,0042500123,626,1630228,Jonathan Kuminga,1610612752,Atlanta Hawks,4,4,45,Made Shot,Cutting Layup Shot,2PT Field Goal,Restricted Area,Center(C),Less Than 8 ft.,0,4,9,1,1,20260423,ATL,NYK,42500123626,25950,0,1,1626157|1628384|1628404|1628973|1630540
Shot Chart Detail,0042500123,640,1630552,Jalen Johnson,1610612752,Atlanta Hawks,4,3,32,Missed Shot,Jump Shot,3PT Field Goal,Above the Break 3,Center(C),24+ ft.,25,20,253,1,0,20260423,ATL,NYK,42500123640,26680,0,0,1626157|1628384|1628404|1628973|1630540
Shot Chart Detail,0042500123,648,203468,CJ McCollum,1610612752,Atlanta Hawks,4,2,51,Made Shot,Pullup Jump shot,2PT Field Goal,Mid-Range,Left Side(L),8-16 ft.,14,-107,94,1,1,20260423,ATL,NYK,42500123648,27090,0,0,1626157|1628384|1628404|1628973|1630540
Shot Chart Detail,0042500123,655,1630552,Jalen Johnson,1610612752,Atlanta Hawks,4,1,58,Made Shot,Driving Floating Bank Jump Shot,2PT Field Goal,Restricted Area,Center(C),Less Than 8 ft.,3,31,21,1,1,20260423,ATL,NYK,42500123655,27620,0,1,1626157|1628384|1628404|1628973|1630540
Shot Chart Detail,0042500123,659,203468,CJ McCollum,1610612752,Atlanta Hawks,4,1,24,Missed Shot,Driving Reverse Layup Shot,2PT Field Goal,Restricted Area,Center(C),Less Than 8 ft.,0,7,3,1,0,20260423,ATL,NYK,42500123659,27960,0,0,1626157|1628384|1628404|1628973|1630540
Shot Chart Detail,0042500123,666,1630552,Jalen Johnson,1610612752,Atlanta Hawks,4,0,54,Missed Shot,Driving Dunk Shot,2PT Field Goal,Restricted Area,Center(C),Less Than 8 ft.,2,11,20,1,0,20260423,ATL,NYK,42500123666,28260,0,0,1626157|1628384|1628404|1628973|1630540
Shot Chart Detail,0042500123,669,1630552,Jalen Johnson,1610612752,Atlanta Hawks,4,0,52,Made Shot,Putback Layup Shot,2PT Field Goal,Restricted Area,Center(C),Less Than 8 ft.,0,0,0,1,1,20260423,ATL,NYK,42500123669,28280,0,0,1626157|1628384|1628404|1628973|1630540
Shot Chart Detail,0042500123,680,203468,CJ McCollum,1610612752,Atlanta Hawks,4,0,12,Made Shot,Fadeaway Jump Shot,2PT Field Goal,Mid-Range,Right Side(R),8-16 ft.,15,91,130,1,1,20260423,ATL,NYK,42500123680,28680,0,1,1626157|1628384|1628404|1628973|1630540
Shot Chart Detail,0042500124,8,1630168,Onyeka Okongwu,1610612752,Atlanta Hawks,1,11,18,Missed Shot,Jump Shot,3PT Field Goal,Above the Break 3,Center(C),24+ ft.,24,6,248,1,0,20260425,ATL,NYK,425001248,420,0,0,1626157|1628384|1628404|1628969|1628973
Shot Chart Detail,0042500124,11,1630552,Jalen Johnson,1610612752,Atlanta Hawks,1,11,9,Made Shot,Driving Floating Bank Jump Shot,2PT Field Goal,In The Paint (Non-RA),Center(C),Less Than 8 ft.,5,12,54,1,1,20260425,ATL,NYK,4250012411,510,0,1,1626157|1628384|1628404|1628969|1628973
Shot Chart Detail,0042500124,16,203468,CJ McCollum,1610612752,Atlanta Hawks,1,10,41,Missed Shot,Jump Shot,3PT Field Goal,Above the Break 3,Right Side Center(RC),24+ ft.,25,224,121,1,0,20260425,ATL,NYK,4250012416,790,0,0,1626157|1628384|1628404|1628969|1628973
Shot Chart Detail,0042500124,26,1629638,Nickeil Alexander-Walker,1610612752,Atlanta Hawks,1,9,54,Made Shot,Jump Shot,3PT Field Goal,Left Corner 3,Left Side(L),24+ ft.,22,-224,-19,1,1,20260425,ATL,NYK,4250012426,1260,0,1,1626157|1628384|1628404|1628969|1628973
Shot Chart Detail,0042500124,30,1629638,Nickeil Alexander-Walker,1610612752,Atlanta Hawks,1,9,8,Missed Shot,Pullup Jump shot,3PT Field Goal,Left Corner 3,Left Side(L),24+ ft.,23,-227,58,1,0,20260425,ATL,NYK,4250012430,1720,0,0,1626157|1628384|1628404|1628969|1628973
Shot Chart Detail,0042500124,35,203468,CJ McCollum,1610612752,Atlanta Hawks,1,8,37,Made Shot,Driving Floating Bank Jump Shot,2PT Field Goal,In The Paint (Non-RA),Center(C),Less Than 8 ft.,7,66,39,1,1,20260425,ATL,NYK,4250012435,2030,0,0,1626157|1628384|1628404|1628969|1628973
Shot Chart Detail,0042500124,37,1630700,Dyson Daniels,1610612752,Atlanta Hawks,1,8,13,Made Shot,Driving Finger Roll Layup Shot,2PT Field Goal,Restricted Area,Center(C),Less Than 8 ft.,1,7,16,1,1,20260425,ATL,NYK,4250012437,2270,0,0,1626157|1628384|1628404|1628969|1628973
Shot Chart Detail,0042500124,40,1629638,Nickeil Alexander-Walker,1610612752,Atlanta Hawks,1,7,39,Made Shot,Jump Shot,3PT Field Goal,Right Corner 3,Right Side(R),24+ ft.,24,239,59,1,1,20260425,ATL,NYK,4250012440,2610,0,1,1626157|1628384|1628404|1628969|1628973
Shot Chart Detail,0042500124,44,1629638,Nickeil Alexander-Walker,1610612752,Atlanta Hawks,1,7,25,Missed Shot,Jump Shot,3PT Field Goal,Above the Break 3,Right Side Center(RC),24+ ft.,25,109,235,1,0,20260425,ATL,NYK,4250012444,2750,0,0,1626157|1628384|1628404|1628969|1628973
Shot Chart Detail,0042500124,63,1630700,Dyson Daniels,1610612752,Atlanta Hawks,1,5,41,Missed Shot,Running Layup Shot,2PT Field Goal,Restricted Area,Center(C),Less Than 8 ft.,1,10,15,1,0,20260425,ATL,NYK,4250012463,3790,0,0,1626157|1628384|1628404|1628969|1628973
Shot Chart Detail,0042500124,67,1630700,Dyson Daniels,1610612752,Atlanta Hawks,1,5,14,Missed Shot,Jump Shot,3PT Field Goal,Above the Break 3,Center(C),24+ ft.,25,-58,246,1,0,20260425,ATL,NYK,4250012467,4060,0,0,1626157|1628384|1628404|1628969|1628973
Shot Chart Detail,0042500124,90,1629216,Gabe Vincent,1610612752,Atlanta Hawks,1,4,19,Made Shot,Jump Shot,3PT Field Goal,Left Corner 3,Left Side(L),24+ ft.,22,-228,-10,1,1,20260425,ATL,NYK,4250012490,4610,0,1,203903|1628404|1629011|1630540|1630631
Shot Chart Detail,0042500124,98,1631243,Mouhamed Gueye,1610612752,Atlanta Hawks,1,3,43,Missed Shot,Jump Shot,3PT Field Goal,Left Corner 3,Left Side(L),24+ ft.,22,-229,-9,1,0,20260425,ATL,NYK,4250012498,4970,0,0,203903|1628404|1629011|1630540|1630631
Shot Chart Detail,0042500124,115,203468,CJ McCollum,1610612752,Atlanta Hawks,1,3,19,Made Shot,Pullup Jump shot,2PT Field Goal,In The Paint (Non-RA),Center(C),8-16 ft.,11,25,112,1,1,20260425,ATL,NYK,42500124115,5210,0,0,203903|1628384|1628973|1629011|1630540
Shot Chart Detail,0042500124,124,1630228,Jonathan Kuminga,1610612752,Atlanta Hawks,1,2,26,Missed Shot,Jump Shot,3PT Field Goal,Left Corner 3,Left Side(L),24+ ft.,23,-232,-35,1,0,20260425,ATL,NYK,42500124124,5740,0,0,203903|1628384|1628973|1629011|1630540
Shot Chart Detail,0042500124,129,1630228,Jonathan Kuminga,1610612752,Atlanta Hawks,1,1,57,Missed Shot,Jump Shot,3PT Field Goal,Above the Break 3,Left Side Center(LC),24+ ft.,25,-167,196,1,0,20260425,ATL,NYK,42500124129,6030,0,0,203903|1628384|1628973|1629011|1630540
Shot Chart Detail,0042500124,133,1630228,Jonathan Kuminga,1610612752,Atlanta Hawks,1,1,25,Missed Shot,Pullup Jump shot,2PT Field Goal,In The Paint (Non-RA),Center(C),Less Than 8 ft.,4,37,21,1,0,20260425,ATL,NYK,42500124133,6350,0,0,203903|1628384|1628973|1629011|1630540
Shot Chart Detail,0042500124,138,203468,CJ McCollum,1610612752,Atlanta Hawks,1,1,1,Missed Shot,Pullup Jump shot,2PT Field Goal,Mid-Range,Left Side Center(LC),16-24 ft.,17,-114,136,1,0,20260425,ATL,NYK,42500124138,6590,0,0,203903|1628384|1628973|1629011|1630540
Shot Chart Detail,0042500124,142,1629638,Nickeil Alexander-Walker,1610612752,Atlanta Hawks,1,0,16,Missed Shot,Pullup Jump shot,3PT Field Goal,Above the Break 3,Center(C),24+ ft.,25,77,242,1,0,20260425,ATL,NYK,42500124142,7040,0,0,203903|1628384|1628973|1629011|1630540
Shot Chart Detail,0042500124,179,203468,CJ McCollum,1610612752,Atlanta Hawks,2,11,41,Made Shot,Pullup Jump shot,2PT Field Goal,Mid-Range,Right Side Center(RC),16-24 ft.,16,127,100,1,1,20260425,ATL,NYK,42500124179,7390,0,0,203903|1626157|1628384|1628969|1630631
Shot Chart Detail,0042500124,187,203468,CJ McCollum,1610612752,Atlanta Hawks,2,11,8,Missed Shot,Step Back Jump shot,3PT Field Goal,Above the Break 3,Center(C),24+ ft.,25,-21,253,1,0,20260425,ATL,NYK,42500124187,7720,0,0,203903|1626157|1628384|1628969|1630631
Shot Chart Detail,0042500124,196,1630228,Jonathan Kuminga,1610612752,Atlanta Hawks,2,10,36,Missed Shot,Jump Shot,3PT Field Goal,Left Corner 3,Left Side(L),24+ ft.,22,-229,-8,1,0,20260425,ATL,NYK,42500124196,8040,0,0,203903|1626157|1628384|1628969|1630631
Shot Chart Detail,0042500124,202,1630228,Jonathan Kuminga,1610612752,Atlanta Hawks,2,9,59,Made Shot,Driving Finger Roll Layup Shot,2PT Field Goal,In The Paint (Non-RA),Center(C),Less Than 8 ft.,6,1,65,1,1,20260425,ATL,NYK,42500124202,8410,0,0,203903|1626157|1628384|1628969|1630631
Shot Chart Detail,0042500124,210,1629216,Gabe Vincent,1610612752,Atlanta Hawks,2,9,39,Missed Shot,Pullup Jump shot,2PT Field Goal,In The Paint (Non-RA),Center(C),8-16 ft.,11,-43,111,1,0,20260425,ATL,NYK,42500124210,8610,0,0,203903|1626157|1628384|1628969|1630631
Shot Chart Detail,0042500124,222,1630552,Jalen Johnson,1610612752,Atlanta Hawks,2,9,0,Missed Shot,Driving Floating Bank Jump Shot,2PT Field Goal,Restricted Area,Center(C),Less Than 8 ft.,3,-6,39,1,0,20260425,ATL,NYK,42500124222,9000,0,0,203903|1626157|1628404|1628969|1630631
Shot Chart Detail,0042500124,228,1629216,Gabe Vincent,1610612752,Atlanta Hawks,2,8,32,Made Shot,Jump Shot,3PT Field Goal,Right Corner 3,Right Side(R),24+ ft.,23,234,12,1,1,20260425,ATL,NYK,42500124228,9280,0,1,203903|1626157|1628404|1628969|1630631
Shot Chart Detail,0042500124,237,1629216,Gabe Vincent,1610612752,Atlanta Hawks,2,8,8,Missed Shot,Pullup Jump shot,3PT Field Goal,Above the Break 3,Left Side Center(LC),24+ ft.,26,-127,227,1,0,20260425,ATL,NYK,42500124237,9520,0,0,203903|1626157|1628404|1628969|1630631
Shot Chart Detail,0042500124,241,1630168,Onyeka Okongwu,1610612752,Atlanta Hawks,2,7,41,Made Shot,Alley Oop Dunk Shot,2PT Field Goal,Restricted Area,Center(C),Less Than 8 ft.,2,9,20,1,1,20260425,ATL,NYK,42500124241,9790,0,1,203903|1626157|1628404|1628969|1630631
Shot Chart Detail,0042500124,258,1630552,Jalen Johnson,1610612752,Atlanta Hawks,2,7,7,Missed Shot,Turnaround Jump Shot,2PT Field Goal,In The Paint (Non-RA),Center(C),8-16 ft.,11,-33,111,1,0,20260425,ATL,NYK,42500124258,10130,0,0,1626157|1628384|1628404|1628973|1630540
Shot Chart Detail,0042500124,270,1630552,Jalen Johnson,1610612752,Atlanta Hawks,2,6,28,Made Shot,Cutting Finger Roll Layup Shot,2PT Field Goal,Restricted Area,Center(C),Less Than 8 ft.,1,1,10,1,1,20260425,ATL,NYK,42500124270,10520,0,1,1628384|1628404|1628973|1629011|1630540
Shot Chart Detail,0042500124,291,1630228,Jonathan Kuminga,1610612752,Atlanta Hawks,2,4,56,Missed Shot,Jump Shot,3PT Field Goal,Right Corner 3,Right Side(R),24+ ft.,23,232,60,1,0,20260425,ATL,NYK,42500124291,11440,0,0,1628384|1628404|1628973|1629011|1630540
Shot Chart Detail,0042500124,298,1630552,Jalen Johnson,1610612752,Atlanta Hawks,2,4,21,Missed Shot,Pullup Jump shot,3PT Field Goal,Above the Break 3,Right Side Center(RC),24+ ft.,25,178,184,1,0,20260425,ATL,NYK,42500124298,11790,0,0,1628384|1628404|1628973|1629011|1630540
Shot Chart Detail,0042500124,307,1630168,Onyeka Okongwu,1610612752,Atlanta Hawks,2,3,41,Made Shot,Cutting Finger Roll Layup Shot,2PT Field Goal,Restricted Area,Center(C),Less Than 8 ft.,0,5,7,1,1,20260425,ATL,NYK,42500124307,12190,0,1,1628384|1628404|1628973|1629011|1630540
Shot Chart Detail,0042500124,310,203468,CJ McCollum,1610612752,Atlanta Hawks,2,3,0,Made Shot,Driving Floating Jump Shot,2PT Field Goal,Restricted Area,Center(C),Less Than 8 ft.,2,-22,12,1,1,20260425,ATL,NYK,42500124310,12600,0,1,1628384|1628404|1628973|1629011|1630540
Shot Chart Detail,0042500124,321,1629638,Nickeil Alexander-Walker,1610612752,Atlanta Hawks,2,2,30,Made Shot,Jump Shot,3PT Field Goal,Above the Break 3,Right Side Center(RC),24+ ft.,25,100,236,1,1,20260425,ATL,NYK,42500124321,12900,0,1,1626157|1628384|1628404|1628969|1628973
Shot Chart Detail,0042500124,331,203468,CJ McCollum,1610612752,Atlanta Hawks,2,1,51,Made Shot,Driving Floating Jump Shot,2PT Field Goal,In The Paint (Non-RA),Center(C),8-16 ft.,8,-9,83,1,1,20260425,ATL,NYK,42500124331,13290,0,1,1626157|1628384|1628404|1628969|1628973
Shot Chart Detail,0042500124,346,203468,CJ McCollum,1610612752,Atlanta Hawks,2,0,43,Made Shot,Pullup Jump shot,2PT Field Goal,In The Paint (Non-RA),Center(C),8-16 ft.,10,27,101,1,1,20260425,ATL,NYK,42500124346,13970,0,0,1626157|1628384|1628404|1628969|1628973
Shot Chart Detail,0042500124,355,203468,CJ McCollum,1610612752,Atlanta Hawks,2,0,3,Made Shot,Driving Layup Shot,2PT Field Goal,Restricted Area,Center(C),Less Than 8 ft.,1,10,16,1,1,20260425,ATL,NYK,42500124355,14370,0,0,1628384|1628404|1628969|1629011|1630540
Shot Chart Detail,0042500124,374,1630552,Jalen Johnson,1610612752,Atlanta Hawks,3,11,20,Missed Shot,Running Jump Shot,3PT Field Goal,Above the Break 3,Right Side Center(RC),24+ ft.,25,88,243,1,0,20260425,ATL,NYK,42500124374,14800,0,0,1626157|1628384|1628404|1628969|1628973
Shot Chart Detail,0042500124,378,1629638,Nickeil Alexander-Walker,1610612752,Atlanta Hawks,3,11,0,Made Shot,Pullup Jump shot,3PT Field Goal,Left Corner 3,Left Side(L),24+ ft.,23,-234,31,1,1,20260425,ATL,NYK,42500124378,15000,0,1,1626157|1628384|1628404|1628969|1628973
Shot Chart Detail,0042500124,385,1630168,Onyeka Okongwu,1610612752,Atlanta Hawks,3,10,22,Missed Shot,Jump Shot,3PT Field Goal,Right Corner 3,Right Side(R),24+ ft.,23,232,21,1,0,20260425,ATL,NYK,42500124385,15380,0,0,1626157|1628384|1628404|1628969|1630631
Shot Chart Detail,0042500124,388,1630552,Jalen Johnson,1610612752,Atlanta Hawks,3,10,12,Missed Shot,Driving Floating Jump Shot,2PT Field Goal,In The Paint (Non-RA),Center(C),Less Than 8 ft.,5,1,52,1,0,20260425,ATL,NYK,42500124388,15480,0,0,1626157|1628384|1628404|1628969|1630631
Shot Chart Detail,0042500124,396,203468,CJ McCollum,1610612752,Atlanta Hawks,3,9,55,Made Shot,Pullup Jump shot,2PT Field Goal,Mid-Range,Left Side Center(LC),16-24 ft.,19,-132,147,1,1,20260425,ATL,NYK,42500124396,15650,0,1,1626157|1628384|1628404|1628969|1630631
Shot Chart Detail,0042500124,400,1629638,Nickeil Alexander-Walker,1610612752,Atlanta Hawks,3,9,20,Missed Shot,Pullup Jump shot,3PT Field Goal,Above the Break 3,Center(C),24+ ft.,25,66,247,1,0,20260425,ATL,NYK,42500124400,16000,0,0,1626157|1628384|1628404|1628969|1630631
Shot Chart Detail,0042500124,407,1630168,Onyeka Okongwu,1610612752,Atlanta Hawks,3,8,43,Made Shot,Driving Layup Shot,2PT Field Goal,Restricted Area,Center(C),Less Than 8 ft.,3,27,29,1,1,20260425,ATL,NYK,42500124407,16370,0,1,1626157|1628384|1628404|1628969|1630631
Shot Chart Detail,0042500124,417,1629638,Nickeil Alexander-Walker,1610612752,Atlanta Hawks,3,7,41,Missed Shot,Cutting Finger Roll Layup Shot,2PT Field Goal,Restricted Area,Center(C),Less Than 8 ft.,3,11,29,1,0,20260425,ATL,NYK,42500124417,16990,0,0,1626157|1628384|1628404|1628969|1630631
Shot Chart Detail,0042500124,425,1630700,Dyson Daniels,1610612752,Atlanta Hawks,3,7,2,Missed Shot,Jump Shot,3PT Field Goal,Above the Break 3,Center(C),24+ ft.,26,-65,252,1,0,20260425,ATL,NYK,42500124425,17380,0,0,203903|1626157|1628384|1628404|1630631
Shot Chart Detail,0042500124,436,203468,CJ McCollum,1610612752,Atlanta Hawks,3,6,40,Missed Shot,Pullup Jump shot,3PT Field Goal,Above the Break 3,Left Side Center(LC),24+ ft.,25,-186,171,1,0,20260425,ATL,NYK,42500124436,17600,0,0,203903|1626157|1628384|1628404|1630631
Shot Chart Detail,0042500124,440,1630552,Jalen Johnson,1610612752,Atlanta Hawks,3,6,16,Missed Shot,Pullup Jump shot,3PT Field Goal,Above the Break 3,Left Side Center(LC),24+ ft.,25,-169,192,1,0,20260425,ATL,NYK,42500124440,17840,0,0,203903|1626157|1628384|1628404|1630631
Shot Chart Detail,0042500124,444,1630552,Jalen Johnson,1610612752,Atlanta Hawks,3,5,47,Missed Shot,Pullup Jump shot,2PT Field Goal,In The Paint (Non-RA),Center(C),8-16 ft.,11,34,110,1,0,20260425,ATL,NYK,42500124444,18130,0,0,203903|1626157|1628384|1628404|1630631
Shot Chart Detail,0042500124,446,203468,CJ McCollum,1610612752,Atlanta Hawks,3,5,44,Missed Shot,Jump Shot,3PT Field Goal,Above the Break 3,Right Side Center(RC),24+ ft.,26,98,243,1,0,20260425,ATL,NYK,42500124446,18160,0,0,203903|1626157|1628384|1628404|1630631
Shot Chart Detail,0042500124,460,1629216,Gabe Vincent,1610612752,Atlanta Hawks,3,5,20,Made Shot,Driving Layup Shot,2PT Field Goal,Restricted Area,Center(C),Less Than 8 ft.,1,-10,11,1,1,20260425,ATL,NYK,42500124460,18400,0,0,203903|1626157|1628404|1628973|1630540
Shot Chart Detail,0042500124,466,1630552,Jalen Johnson,1610612752,Atlanta Hawks,3,4,54,Made Shot,Floating Jump shot,2PT Field Goal,In The Paint (Non-RA),Center(C),Less Than 8 ft.,5,6,56,1,1,20260425,ATL,NYK,42500124466,18660,0,1,203903|1628404|1628973|1629011|1630540
Shot Chart Detail,0042500124,488,1630228,Jonathan Kuminga,1610612752,Atlanta Hawks,3,3,13,Missed Shot,Step Back Jump shot,3PT Field Goal,Right Corner 3,Right Side(R),24+ ft.,23,229,55,1,0,20260425,ATL,NYK,42500124488,19670,0,0,203903|1626157|1628384|1628973|1630540
Shot Chart Detail,0042500124,490,1630700,Dyson Daniels,1610612752,Atlanta Hawks,3,3,9,Made Shot,Tip Layup Shot,2PT Field Goal,Restricted Area,Center(C),Less Than 8 ft.,0,0,0,1,1,20260425,ATL,NYK,42500124490,19710,0,0,203903|1626157|1628384|1628973|1630540
Shot Chart Detail,0042500124,494,1630168,Onyeka Okongwu,1610612752,Atlanta Hawks,3,2,39,Missed Shot,Running Layup Shot,2PT Field Goal,Restricted Area,Center(C),Less Than 8 ft.,2,15,15,1,0,20260425,ATL,NYK,42500124494,20010,0,0,203903|1626157|1628384|1628973|1630540
Shot Chart Detail,0042500124,496,1630700,Dyson Daniels,1610612752,Atlanta Hawks,3,2,36,Missed Shot,Tip Layup Shot,2PT Field Goal,Restricted Area,Center(C),Less Than 8 ft.,0,0,0,1,0,20260425,ATL,NYK,42500124496,20040,0,0,203903|1626157|1628384|1628973|1630540
Shot Chart Detail,0042500124,500,1630552,Jalen Johnson,1610612752,Atlanta Hawks,3,2,10,Made Shot,Jump Shot,3PT Field Goal,Above the Break 3,Right Side Center(RC),24+ ft.,25,196,166,1,1,20260425,ATL,NYK,42500124500,20300,0,1,203903|1626157|1628384|1628973|1630540
Shot Chart Detail,0042500124,507,203468,CJ McCollum,1610612752,Atlanta Hawks,3,1,29,Missed Shot,Pullup Jump shot,2PT Field Goal,Mid-Range,Center(C),8-16 ft.,15,-16,155,1,0,20260425,ATL,NYK,42500124507,20710,0,0,203903|1626157|1628384|1628973|1630540
Shot Chart Detail,0042500124,525,1630552,Jalen Johnson,1610612752,Atlanta Hawks,3,0,30,Missed Shot,Jump Shot,3PT Field Goal,Above the Break 3,Left Side Center(LC),24+ ft.,25,-119,225,1,0,20260425,ATL,NYK,42500124525,21300,0,0,203903|1626157|1628384|1628973|1630540
Shot Chart Detail,0042500124,530,1629216,Gabe Vincent,1610612752,Atlanta Hawks,3,0,0,Missed Shot,Pullup Jump shot,3PT Field Goal,Above the Break 3,Left Side Center(LC),24+ ft.,36,-159,323,1,0,20260425,ATL,NYK,42500124530,21600,0,0,203903|1626157|1628384|1628973|1630540
Shot Chart Detail,0042500124,553,203468,CJ McCollum,1610612752,Atlanta Hawks,4,11,6,Missed Shot,Driving Reverse Layup Shot,2PT Field Goal,Restricted Area,Center(C),Less Than 8 ft.,2,-4,24,1,0,20260425,ATL,NYK,42500124553,22140,0,0,203903|1626157|1628384|1628973|1630540
Shot Chart Detail,0042500124,559,1630228,Jonathan Kuminga,1610612752,Atlanta Hawks,4,10,28,Missed Shot,Pullup Jump shot,3PT Field Goal,Above the Break 3,Right Side Center(RC),24+ ft.,25,132,221,1,0,20260425,ATL,NYK,42500124559,22520,0,0,203903|1626157|1628384|1628973|1630540
Shot Chart Detail,0042500124,561,1630557,Corey Kispert,1610612752,Atlanta Hawks,4,10,24,Made Shot,Putback Layup Shot,2PT Field Goal,Restricted Area,Center(C),Less Than 8 ft.,1,17,8,1,1,20260425,ATL,NYK,42500124561,22560,0,0,203903|1626157|1628384|1628973|1630540
Shot Chart Detail,0042500124,571,1630557,Corey Kispert,1610612752,Atlanta Hawks,4,9,39,Missed Shot,Step Back Jump shot,3PT Field Goal,Right Corner 3,Right Side(R),24+ ft.,23,228,66,1,0,20260425,ATL,NYK,42500124571,23010,0,0,203903|1628384|1628973|1629011|1630540
Shot Chart Detail,0042500124,576,1630228,Jonathan Kuminga,1610612752,Atlanta Hawks,4,8,59,Made Shot,Pullup Jump shot,2PT Field Goal,In The Paint (Non-RA),Center(C),8-16 ft.,12,32,119,1,1,20260425,ATL,NYK,42500124576,23410,0,0,203903|1628384|1628973|1629011|1630540
Shot Chart Detail,0042500124,580,1630557,Corey Kispert,1610612752,Atlanta Hawks,4,8,29,Missed Shot,Jump Shot,3PT Field Goal,Above the Break 3,Left Side Center(LC),24+ ft.,25,-200,155,1,0,20260425,ATL,NYK,42500124580,23710,0,0,203903|1628384|1628973|1629011|1630540
Shot Chart Detail,0042500124,590,1629638,Nickeil Alexander-Walker,1610612752,Atlanta Hawks,4,8,25,Made Shot,Jump Shot,3PT Field Goal,Above the Break 3,Left Side Center(LC),24+ ft.,25,-181,183,1,1,20260425,ATL,NYK,42500124590,23750,0,1,203903|1626157|1628384|1628404|1628973
Shot Chart Detail,0042500124,609,1630557,Corey Kispert,1610612752,Atlanta Hawks,4,7,38,Missed Shot,Jump Shot,3PT Field Goal,Above the Break 3,Left Side Center(LC),24+ ft.,25,-102,231,1,0,20260425,ATL,NYK,42500124609,24220,0,0,1626157|1628384|1628404|1628973|1630540
Shot Chart Detail,0042500124,613,1630228,Jonathan Kuminga,1610612752,Atlanta Hawks,4,7,18,Made Shot,Driving Layup Shot,2PT Field Goal,Restricted Area,Center(C),Less Than 8 ft.,2,27,9,1,1,20260425,ATL,NYK,42500124613,24420,0,0,1626157|1628384|1628404|1628973|1630540
Shot Chart Detail,0042500124,647,1630700,Dyson Daniels,1610612752,Atlanta Hawks,4,4,39,Made Shot,Running Layup Shot,2PT Field Goal,Restricted Area,Center(C),Less Than 8 ft.,1,10,6,1,1,20260425,ATL,NYK,42500124647,26010,0,0,1628384|1628404|1628973|1629011|1630540
Shot Chart Detail,0042500124,653,1629638,Nickeil Alexander-Walker,1610612752,Atlanta Hawks,4,4,10,Missed Shot,Jump Shot,3PT Field Goal,Right Corner 3,Right Side(R),24+ ft.,23,235,3,1,0,20260425,ATL,NYK,42500124653,26300,0,0,1628384|1628404|1628973|1629011|1630540
Shot Chart Detail,0042500124,655,1630168,Onyeka Okongwu,1610612752,Atlanta Hawks,4,4,5,Made Shot,Jump Shot,3PT Field Goal,Above the Break 3,Center(C),24+ ft.,25,38,253,1,1,20260425,ATL,NYK,42500124655,26350,0,1,1628384|1628404|1628973|1629011|1630540
Shot Chart Detail,0042500124,688,1642258,Zaccharie Risacher,1610612752,Atlanta Hawks,4,3,4,Missed Shot,Jump Shot,3PT Field Goal,Above the Break 3,Left Side Center(LC),24+ ft.,24,-109,220,1,0,20260425,ATL,NYK,42500124688,26960,0,0,1629013|1630574|1630631|1642278|1642885
Shot Chart Detail,0042500124,693,1642854,Asa Newell,1610612752,Atlanta Hawks,4,2,31,Missed Shot,Driving Dunk Shot,2PT Field Goal,Restricted Area,Center(C),Less Than 8 ft.,2,6,21,1,0,20260425,ATL,NYK,42500124693,27290,0,0,1629013|1630574|1630631|1642278|1642885
Shot Chart Detail,0042500124,697,1630811,Keaton Wallace,1610612752,Atlanta Hawks,4,2,22,Missed Shot,Driving Floating Jump Shot,2PT Field Goal,Mid-Range,Right Side(R),8-16 ft.,13,126,45,1,0,20260425,ATL,NYK,42500124697,27380,0,0,1629013|1630574|1630631|1642278|1642885
Shot Chart Detail,0042500124,705,1642854,Asa Newell,1610612752,Atlanta Hawks,4,1,47,Made Shot,Dunk Shot,2PT Field Goal,Restricted Area,Center(C),Less Than 8 ft.,0,-1,4,1,1,20260425,ATL,NYK,42500124705,27730,0,1,1629013|1630574|1630631|1642278|1642885
Shot Chart Detail,0042500124,712,1630557,Corey Kispert,1610612752,Atlanta Hawks,4,1,5,Missed Shot,Running Layup Shot,2PT Field Goal,Restricted Area,Center(C),Less Than 8 ft.,1,-10,5,1,0,20260425,ATL,NYK,42500124712,28150,0,0,1629013|1630574|1630631|1642278|1642885
Shot Chart Detail,0042500124,714,1628396,Tony Bradley,1610612752,Atlanta Hawks,4,1,4,Made Shot,Tip Layup Shot,2PT Field Goal,Restricted Area,Center(C),Less Than 8 ft.,0,0,0,1,1,20260425,ATL,NYK,42500124714,28160,0,0,1629013|1630574|1630631|1642278|1642885
Shot Chart Detail,0042500124,723,1642258,Zaccharie Risacher,1610612752,Atlanta Hawks,4,0,37,Made Shot,Running Jump Shot,3PT Field Goal,Above the Break 3,Left Side Center(LC),24+ ft.,25,-194,159,1,1,20260425,ATL,NYK,42500124723,28430,0,1,1629013|1630574|1630631|1642278|1642885
Shot Chart Detail,0042500124,726,1630557,Corey Kispert,1610612752,Atlanta Hawks,4,0,4,Missed Shot,Driving Layup Shot,2PT Field Goal,In The Paint (Non-RA),Center(C),8-16 ft.,8,-6,85,1,0,20260425,ATL,NYK,42500124726,28760,0,0,1629013|1630574|1630631|1642278|1642885
Shot Chart Detail,0042500124,729,1630811,Keaton Wallace,1610612752,Atlanta Hawks,4,0,0,Missed Shot,Jump Shot,3PT Field Goal,Above the Break 3,Right Side Center(RC),24+ ft.,25,154,203,1,0,20260425,ATL,NYK,42500124729,28800,0,0,1629013|1630574|1630631|1642278|1642885
Shot Chart Detail,0042500124,733,1630557,Corey Kispert,1610612752,Atlanta Hawks,4,0,3,Missed Shot,Putback Layup Shot,2PT Field Goal,Restricted Area,Center(C),Less Than 8 ft.,3,10,36,1,0,20260425,ATL,NYK,42500124733,28770,0,0,1629013|1630574|1630631|1642278|1642885
Shot Chart Detail,0042500125,10,1630700,Dyson Daniels,1610612752,Atlanta Hawks,1,11,22,Made Shot,Turnaround Hook Shot,2PT Field Goal,Restricted Area,Center(C),Less Than 8 ft.,3,6,38,1,1,20260428,NYK,ATL,4250012510,380,0,0,1626157|1628384|1628404|1628969|1628973
Shot Chart Detail,0042500125,13,1630700,Dyson Daniels,1610612752,Atlanta Hawks,1,10,39,Made Shot,Tip Layup Shot,2PT Field Goal,In The Paint (Non-RA),Center(C),Less Than 8 ft.,6,-6,68,1,1,20260428,NYK,ATL,4250012513,810,0,0,1626157|1628384|1628404|1628969|1628973
Shot Chart Detail,0042500125,16,1630168,Onyeka Okongwu,1610612752,Atlanta Hawks,1,10,5,Missed Shot,Driving Hook Shot,2PT Field Goal,In The Paint (Non-RA),Center(C),Less Than 8 ft.,4,2,43,1,0,20260428,NYK,ATL,4250012516,1150,0,0,1626157|1628384|1628404|1628969|1628973
Shot Chart Detail,0042500125,19,203468,CJ McCollum,1610612752,Atlanta Hawks,1,10,41,Missed Shot,Driving Floating Jump Shot,2PT Field Goal,In The Paint (Non-RA),Center(C),Less Than 8 ft.,5,-4,55,1,0,20260428,NYK,ATL,4250012519,790,0,0,1626157|1628384|1628404|1628969|1628973
Shot Chart Detail,0042500125,24,1630552,Jalen Johnson,1610612752,Atlanta Hawks,1,9,26,Missed Shot,Jump Shot,3PT Field Goal,Above the Break 3,Right Side Center(RC),24+ ft.,25,105,234,1,0,20260428,NYK,ATL,4250012524,1540,0,0,1626157|1628384|1628404|1628969|1628973
Shot Chart Detail,0042500125,29,203468,CJ McCollum,1610612752,Atlanta Hawks,1,8,59,Made Shot,Pullup Jump shot,2PT Field Goal,Mid-Range,Left Side Center(LC),16-24 ft.,16,-107,127,1,1,20260428,NYK,ATL,4250012529,1810,0,1,1626157|1628384|1628404|1628969|1628973
Shot Chart Detail,0042500125,37,1630700,Dyson Daniels,1610612752,Atlanta Hawks,1,8,31,Made Shot,Driving Reverse Layup Shot,2PT Field Goal,Restricted Area,Center(C),Less Than 8 ft.,1,-6,8,1,1,20260428,NYK,ATL,4250012537,2090,0,0,1626157|1628384|1628404|1628969|1628973
Shot Chart Detail,0042500125,43,1630168,Onyeka Okongwu,1610612752,Atlanta Hawks,1,7,52,Missed Shot,Jump Shot,3PT Field Goal,Above the Break 3,Center(C),24+ ft.,25,75,245,1,0,20260428,NYK,ATL,4250012543,2480,0,0,1626157|1628384|1628404|1628969|1628973
Shot Chart Detail,0042500125,59,1630228,Jonathan Kuminga,1610612752,Atlanta Hawks,1,6,24,Missed Shot,Jump Shot,3PT Field Goal,Left Corner 3,Left Side(L),24+ ft.,22,-228,-8,1,0,20260428,NYK,ATL,4250012559,3360,0,0,1626157|1628384|1628404|1628969|1628973
Shot Chart Detail,0042500125,63,1630552,Jalen Johnson,1610612752,Atlanta Hawks,1,5,49,Made Shot,Driving Floating Bank Jump Shot,2PT Field Goal,In The Paint (Non-RA),Center(C),Less Than 8 ft.,6,50,47,1,1,20260428,NYK,ATL,4250012563,3710,0,1,1626157|1628384|1628404|1628969|1628973
Shot Chart Detail,0042500125,71,1629216,Gabe Vincent,1610612752,Atlanta Hawks,1,5,22,Missed Shot,Pullup Jump shot,3PT Field Goal,Above the Break 3,Left Side Center(LC),24+ ft.,25,-136,221,1,0,20260428,NYK,ATL,4250012571,3980,0,0,1626157|1628384|1628404|1628973|1630540
Shot Chart Detail,0042500125,73,1630552,Jalen Johnson,1610612752,Atlanta Hawks,1,5,16,Made Shot,Jump Shot,3PT Field Goal,Above the Break 3,Center(C),24+ ft.,25,-22,250,1,1,20260428,NYK,ATL,4250012573,4040,0,1,1626157|1628384|1628404|1628973|1630540
Shot Chart Detail,0042500125,76,1629638,Nickeil Alexander-Walker,1610612752,Atlanta Hawks,1,5,0,Missed Shot,Jump Shot,3PT Field Goal,Left Corner 3,Left Side(L),24+ ft.,22,-225,45,1,0,20260428,NYK,ATL,4250012576,4200,0,0,1626157|1628384|1628404|1628973|1630540
Shot Chart Detail,0042500125,79,1630228,Jonathan Kuminga,1610612752,Atlanta Hawks,1,4,33,Made Shot,Turnaround Jump Shot,2PT Field Goal,Mid-Range,Left Side(L),8-16 ft.,8,-82,19,1,1,20260428,NYK,ATL,4250012579,4470,0,0,1626157|1628384|1628404|1628973|1630540
Shot Chart Detail,0042500125,97,1630228,Jonathan Kuminga,1610612752,Atlanta Hawks,1,3,44,Made Shot,Alley Oop Dunk Shot,2PT Field Goal,Restricted Area,Center(C),Less Than 8 ft.,1,-11,-7,1,1,20260428,NYK,ATL,4250012597,4960,0,1,1626157|1628404|1628973|1629011|1630540
Shot Chart Detail,0042500125,101,1630552,Jalen Johnson,1610612752,Atlanta Hawks,1,3,23,Made Shot,Running Dunk Shot,2PT Field Goal,Restricted Area,Center(C),Less Than 8 ft.,1,-4,13,1,1,20260428,NYK,ATL,42500125101,5170,0,0,1626157|1628404|1628973|1629011|1630540
Shot Chart Detail,0042500125,104,1630228,Jonathan Kuminga,1610612752,Atlanta Hawks,1,2,59,Missed Shot,Step Back Jump shot,2PT Field Goal,Mid-Range,Right Side(R),8-16 ft.,15,150,41,1,0,20260428,NYK,ATL,42500125104,5410,0,0,1626157|1628404|1628973|1629011|1630540
Shot Chart Detail,0042500125,108,1630228,Jonathan Kuminga,1610612752,Atlanta Hawks,1,2,18,Missed Shot,Fadeaway Jump Shot,2PT Field Goal,In The Paint (Non-RA),Center(C),8-16 ft.,11,49,105,1,0,20260428,NYK,ATL,42500125108,5820,0,0,1626157|1628404|1628973|1629011|1630540
Shot Chart Detail,0042500125,124,1630700,Dyson Daniels,1610612752,Atlanta Hawks,1,1,49,Missed Shot,Driving Hook Shot,2PT Field Goal,Restricted Area,Center(C),Less Than 8 ft.,2,20,21,1,0,20260428,NYK,ATL,42500125124,6110,0,0,203903|1628384|1628973|1629011|1630540
Shot Chart Detail,0042500125,140,203468,CJ McCollum,1610612752,Atlanta Hawks,1,0,47,Made Shot,Pullup Jump shot,2PT Field Goal,In The Paint (Non-RA),Left Side(L),8-16 ft.,9,-69,62,1,1,20260428,NYK,ATL,42500125140,6730,0,0,203903|1628384|1628973|1629011|1630540
Shot Chart Detail,0042500125,148,1630228,Jonathan Kuminga,1610612752,Atlanta Hawks,1,0,21,Missed Shot,Jump Bank Shot,3PT Field Goal,Above the Break 3,Right Side Center(RC),24+ ft.,24,206,138,1,0,20260428,NYK,ATL,42500125148,6990,0,0,203903|1628384|1628973|1629011|1630540
Shot Chart Detail,0042500125,152,1630228,Jonathan Kuminga,1610612752,Atlanta Hawks,1,0,1,Missed Shot,Pullup Jump shot,3PT Field Goal,Above the Break 3,Right Side Center(RC),24+ ft.,32,141,298,1,0,20260428,NYK,ATL,42500125152,7190,0,0,203903|1628384|1628973|1629011|1630540
Shot Chart Detail,0042500125,168,1629638,Nickeil Alexander-Walker,1610612752,Atlanta Hawks,2,11,37,Made Shot,Jump Shot,3PT Field Goal,Left Corner 3,Left Side(L),24+ ft.,23,-232,6,1,1,20260428,NYK,ATL,42500125168,7430,0,1,203903|1626157|1628384|1628969|1630631
Shot Chart Detail,0042500125,173,203468,CJ McCollum,1610612752,Atlanta Hawks,2,11,7,Missed Shot,Step Back Jump shot,3PT Field Goal,Above the Break 3,Left Side Center(LC),24+ ft.,24,-159,187,1,0,20260428,NYK,ATL,42500125173,7730,0,0,203903|1626157|1628384|1628969|1630631
Shot Chart Detail,0042500125,191,1630228,Jonathan Kuminga,1610612752,Atlanta Hawks,2,9,56,Made Shot,Driving Dunk Shot,2PT Field Goal,Restricted Area,Center(C),Less Than 8 ft.,1,9,16,1,1,20260428,NYK,ATL,42500125191,8440,0,0,203903|1626157|1628384|1628969|1630631
Shot Chart Detail,0042500125,200,1630552,Jalen Johnson,1610612752,Atlanta Hawks,2,9,23,Missed Shot,Pullup Jump shot,2PT Field Goal,Mid-Range,Left Side(L),8-16 ft.,9,-89,38,1,0,20260428,NYK,ATL,42500125200,8770,0,0,203903|1626157|1628384|1628969|1630631
Shot Chart Detail,0042500125,215,1630552,Jalen Johnson,1610612752,Atlanta Hawks,2,8,42,Missed Shot,Pullup Jump shot,2PT Field Goal,In The Paint (Non-RA),Center(C),Less Than 8 ft.,5,-37,35,1,0,20260428,NYK,ATL,42500125215,9180,0,0,1626157|1628404|1628969|1629011|1630631
Shot Chart Detail,0042500125,223,1629216,Gabe Vincent,1610612752,Atlanta Hawks,2,8,12,Made Shot,Jump Shot,3PT Field Goal,Right Corner 3,Right Side(R),24+ ft.,23,232,24,1,1,20260428,NYK,ATL,42500125223,9480,0,1,1626157|1628404|1628969|1629011|1630631
Shot Chart Detail,0042500125,229,1629216,Gabe Vincent,1610612752,Atlanta Hawks,2,7,39,Missed Shot,Running Jump Shot,3PT Field Goal,Above the Break 3,Right Side Center(RC),24+ ft.,25,152,208,1,0,20260428,NYK,ATL,42500125229,9810,0,0,1626157|1628404|1628969|1629011|1630631
Shot Chart Detail,0042500125,231,1630552,Jalen Johnson,1610612752,Atlanta Hawks,2,7,30,Missed Shot,Turnaround Fadeaway shot,2PT Field Goal,Mid-Range,Right Side(R),8-16 ft.,10,98,27,1,0,20260428,NYK,ATL,42500125231,9900,0,0,1626157|1628404|1628969|1629011|1630631
Shot Chart Detail,0042500125,235,1630557,Corey Kispert,1610612752,Atlanta Hawks,2,7,20,Missed Shot,Running Jump Shot,3PT Field Goal,Above the Break 3,Left Side Center(LC),24+ ft.,25,-190,176,1,0,20260428,NYK,ATL,42500125235,10000,0,0,1626157|1628404|1628969|1629011|1630631
Shot Chart Detail,0042500125,238,1629638,Nickeil Alexander-Walker,1610612752,Atlanta Hawks,2,6,48,Missed Shot,Pullup Jump shot,3PT Field Goal,Above the Break 3,Center(C),24+ ft.,24,-13,248,1,0,20260428,NYK,ATL,42500125238,10320,0,0,1626157|1628404|1628969|1629011|1630631
Shot Chart Detail,0042500125,241,1630552,Jalen Johnson,1610612752,Atlanta Hawks,2,6,10,Made Shot,Driving Dunk Shot,2PT Field Goal,Restricted Area,Center(C),Less Than 8 ft.,0,4,5,1,1,20260428,NYK,ATL,42500125241,10700,0,0,1626157|1628404|1628969|1629011|1630631
Shot Chart Detail,0042500125,256,1630700,Dyson Daniels,1610612752,Atlanta Hawks,2,5,29,Made Shot,Jump Shot,3PT Field Goal,Above the Break 3,Left Side Center(LC),24+ ft.,24,-96,227,1,1,20260428,NYK,ATL,42500125256,11110,0,1,1626157|1628384|1628404|1628973|1630540
Shot Chart Detail,0042500125,260,203468,CJ McCollum,1610612752,Atlanta Hawks,2,4,39,Missed Shot,Pullup Jump shot,2PT Field Goal,Mid-Range,Right Side(R),16-24 ft.,16,158,46,1,0,20260428,NYK,ATL,42500125260,11610,0,0,1626157|1628384|1628404|1628973|1630540
Shot Chart Detail,0042500125,262,1630168,Onyeka Okongwu,1610612752,Atlanta Hawks,2,4,34,Made Shot,Floating Jump shot,2PT Field Goal,In The Paint (Non-RA),Center(C),Less Than 8 ft.,5,-1,55,1,1,20260428,NYK,ATL,42500125262,11660,0,1,1626157|1628384|1628404|1628973|1630540
Shot Chart Detail,0042500125,265,1629216,Gabe Vincent,1610612752,Atlanta Hawks,2,4,1,Missed Shot,Jump Shot,3PT Field Goal,Above the Break 3,Right Side Center(RC),24+ ft.,25,110,227,1,0,20260428,NYK,ATL,42500125265,11990,0,0,1626157|1628384|1628404|1628973|1630540
Shot Chart Detail,0042500125,273,1630700,Dyson Daniels,1610612752,Atlanta Hawks,2,3,35,Missed Shot,Jump Shot,3PT Field Goal,Above the Break 3,Center(C),24+ ft.,26,82,257,1,0,20260428,NYK,ATL,42500125273,12250,0,0,1626157|1628384|1628404|1628973|1630540
Shot Chart Detail,0042500125,286,1629638,Nickeil Alexander-Walker,1610612752,Atlanta Hawks,2,2,53,Made Shot,Jump Shot,3PT Field Goal,Above the Break 3,Right Side Center(RC),24+ ft.,25,100,237,1,1,20260428,NYK,ATL,42500125286,12670,0,1,1626157|1628384|1628404|1628969|1628973
Shot Chart Detail,0042500125,297,1630168,Onyeka Okongwu,1610612752,Atlanta Hawks,2,2,23,Made Shot,Jump Shot,3PT Field Goal,Right Corner 3,Right Side(R),24+ ft.,23,230,26,1,1,20260428,NYK,ATL,42500125297,12970,0,1,1626157|1628384|1628404|1628973|1630540
Shot Chart Detail,0042500125,300,1630552,Jalen Johnson,1610612752,Atlanta Hawks,2,1,52,Made Shot,Cutting Dunk Shot,2PT Field Goal,Restricted Area,Center(C),Less Than 8 ft.,0,-1,9,1,1,20260428,NYK,ATL,42500125300,13280,0,1,1626157|1628384|1628404|1628973|1630540
Shot Chart Detail,0042500125,305,203468,CJ McCollum,1610612752,Atlanta Hawks,2,1,37,Missed Shot,Driving Floating Jump Shot,2PT Field Goal,In The Paint (Non-RA),Center(C),8-16 ft.,9,6,90,1,0,20260428,NYK,ATL,42500125305,13430,0,0,1626157|1628384|1628404|1628973|1630540
Shot Chart Detail,0042500125,309,1630168,Onyeka Okongwu,1610612752,Atlanta Hawks,2,1,25,Missed Shot,Driving Floating Jump Shot,2PT Field Goal,Mid-Range,Left Side Center(LC),16-24 ft.,18,-96,153,1,0,20260428,NYK,ATL,42500125309,13550,0,0,1626157|1628384|1628404|1628973|1630540
Shot Chart Detail,0042500125,341,1629638,Nickeil Alexander-Walker,1610612752,Atlanta Hawks,2,0,4,Missed Shot,Jump Shot,3PT Field Goal,Right Corner 3,Right Side(R),24+ ft.,23,234,-8,1,0,20260428,NYK,ATL,42500125341,14360,0,0,1628384|1628404|1629011|1629013|1630540
Shot Chart Detail,0042500125,353,1630552,Jalen Johnson,1610612752,Atlanta Hawks,3,11,43,Missed Shot,Jump Shot,3PT Field Goal,Above the Break 3,Right Side Center(RC),24+ ft.,25,168,189,1,0,20260428,NYK,ATL,42500125353,14570,0,0,1626157|1628384|1628404|1628969|1628973
Shot Chart Detail,0042500125,360,1629638,Nickeil Alexander-Walker,1610612752,Atlanta Hawks,3,10,58,Missed Shot,Jump Shot,3PT Field Goal,Above the Break 3,Center(C),24+ ft.,25,39,253,1,0,20260428,NYK,ATL,42500125360,15020,0,0,1626157|1628384|1628404|1628969|1628973
Shot Chart Detail,0042500125,364,1630168,Onyeka Okongwu,1610612752,Atlanta Hawks,3,10,41,Made Shot,Jump Shot,3PT Field Goal,Above the Break 3,Center(C),24+ ft.,25,-17,257,1,1,20260428,NYK,ATL,42500125364,15190,0,1,1626157|1628384|1628404|1628969|1628973
Shot Chart Detail,0042500125,370,1630700,Dyson Daniels,1610612752,Atlanta Hawks,3,9,55,Made Shot,Driving Floating Jump Shot,2PT Field Goal,In The Paint (Non-RA),Center(C),8-16 ft.,12,-7,120,1,1,20260428,NYK,ATL,42500125370,15650,0,1,1626157|1628384|1628404|1628969|1628973
Shot Chart Detail,0042500125,374,1629638,Nickeil Alexander-Walker,1610612752,Atlanta Hawks,3,9,23,Made Shot,Driving Layup Shot,2PT Field Goal,In The Paint (Non-RA),Center(C),Less Than 8 ft.,6,-31,62,1,1,20260428,NYK,ATL,42500125374,15970,0,0,1626157|1628384|1628404|1628969|1628973
Shot Chart Detail,0042500125,388,1629638,Nickeil Alexander-Walker,1610612752,Atlanta Hawks,3,8,33,Made Shot,Cutting Dunk Shot,2PT Field Goal,Restricted Area,Center(C),Less Than 8 ft.,0,0,5,1,1,20260428,NYK,ATL,42500125388,16470,0,1,1626157|1628384|1628404|1628969|1628973
Shot Chart Detail,0042500125,392,1630552,Jalen Johnson,1610612752,Atlanta Hawks,3,7,54,Missed Shot,Pullup Jump shot,2PT Field Goal,Mid-Range,Right Side(R),16-24 ft.,19,185,60,1,0,20260428,NYK,ATL,42500125392,16860,0,0,1626157|1628384|1628404|1628969|1628973
Shot Chart Detail,0042500125,396,203468,CJ McCollum,1610612752,Atlanta Hawks,3,7,31,Missed Shot,Jump Shot,3PT Field Goal,Left Corner 3,Left Side(L),24+ ft.,22,-229,8,1,0,20260428,NYK,ATL,42500125396,17090,0,0,1626157|1628384|1628404|1628969|1628973
Shot Chart Detail,0042500125,401,1629638,Nickeil Alexander-Walker,1610612752,Atlanta Hawks,3,7,2,Made Shot,Jump Shot,3PT Field Goal,Left Corner 3,Left Side(L),24+ ft.,23,-228,37,1,1,20260428,NYK,ATL,42500125401,17380,0,1,1626157|1628384|1628404|1628969|1628973
Shot Chart Detail,0042500125,404,1630700,Dyson Daniels,1610612752,Atlanta Hawks,3,6,22,Made Shot,Cutting Finger Roll Layup Shot,2PT Field Goal,Restricted Area,Center(C),Less Than 8 ft.,1,-16,7,1,1,20260428,NYK,ATL,42500125404,17780,0,1,1626157|1628384|1628404|1628969|1628973
Shot Chart Detail,0042500125,407,1630700,Dyson Daniels,1610612752,Atlanta Hawks,3,5,40,Missed Shot,Floating Jump shot,2PT Field Goal,In The Paint (Non-RA),Center(C),Less Than 8 ft.,4,11,43,1,0,20260428,NYK,ATL,42500125407,18200,0,0,1626157|1628384|1628404|1628969|1628973
Shot Chart Detail,0042500125,418,1629638,Nickeil Alexander-Walker,1610612752,Atlanta Hawks,3,4,59,Made Shot,Jump Shot,3PT Field Goal,Right Corner 3,Right Side(R),24+ ft.,24,235,62,1,1,20260428,NYK,ATL,42500125418,18610,0,1,203903|1626157|1628404|1628973|1630540
Shot Chart Detail,0042500125,432,1630552,Jalen Johnson,1610612752,Atlanta Hawks,3,4,13,Missed Shot,Fadeaway Jump Shot,3PT Field Goal,Left Corner 3,Left Side(L),24+ ft.,22,-228,11,1,0,20260428,NYK,ATL,42500125432,19070,0,0,203903|1628384|1628973|1629011|1630540
Shot Chart Detail,0042500125,462,1630228,Jonathan Kuminga,1610612752,Atlanta Hawks,3,2,34,Missed Shot,Jump Shot,3PT Field Goal,Right Corner 3,Right Side(R),24+ ft.,24,235,73,1,0,20260428,NYK,ATL,42500125462,20060,0,0,203903|1628384|1629011|1630540|1630631
Shot Chart Detail,0042500125,466,203468,CJ McCollum,1610612752,Atlanta Hawks,3,2,5,Missed Shot,Driving Layup Shot,2PT Field Goal,In The Paint (Non-RA),Center(C),Less Than 8 ft.,4,36,28,1,0,20260428,NYK,ATL,42500125466,20350,0,0,203903|1628384|1629011|1630540|1630631
Shot Chart Detail,0042500125,486,1630228,Jonathan Kuminga,1610612752,Atlanta Hawks,3,1,28,Made Shot,Jump Shot,3PT Field Goal,Right Corner 3,Right Side(R),24+ ft.,23,237,27,1,1,20260428,NYK,ATL,42500125486,20720,0,1,203903|1626157|1628384|1630540|1630631
Shot Chart Detail,0042500125,492,203468,CJ McCollum,1610612752,Atlanta Hawks,3,0,56,Missed Shot,Driving Floating Jump Shot,2PT Field Goal,Restricted Area,Center(C),Less Than 8 ft.,3,17,34,1,0,20260428,NYK,ATL,42500125492,21040,0,0,203903|1626157|1628384|1630540|1630631
Shot Chart Detail,0042500125,496,1630168,Onyeka Okongwu,1610612752,Atlanta Hawks,3,0,38,Made Shot,Driving Floating Jump Shot,2PT Field Goal,In The Paint (Non-RA),Center(C),Less Than 8 ft.,5,-7,50,1,1,20260428,NYK,ATL,42500125496,21220,0,1,203903|1626157|1628384|1630540|1630631
Shot Chart Detail,0042500125,534,1630557,Corey Kispert,1610612752,Atlanta Hawks,4,11,29,Missed Shot,Running Jump Shot,3PT Field Goal,Above the Break 3,Left Side Center(LC),24+ ft.,25,-189,174,1,0,20260428,NYK,ATL,42500125534,21910,0,0,203903|1628384|1628969|1628973|1629011
Shot Chart Detail,0042500125,537,1630168,Onyeka Okongwu,1610612752,Atlanta Hawks,4,11,7,Made Shot,Alley Oop Dunk Shot,2PT Field Goal,Restricted Area,Center(C),Less Than 8 ft.,1,4,16,1,1,20260428,NYK,ATL,42500125537,22130,0,1,203903|1628384|1628969|1628973|1629011
Shot Chart Detail,0042500125,562,1630168,Onyeka Okongwu,1610612752,Atlanta Hawks,4,9,38,Made Shot,Layup Shot,2PT Field Goal,Restricted Area,Center(C),Less Than 8 ft.,1,-9,11,1,1,20260428,NYK,ATL,42500125562,23020,0,1,203903|1628404|1628969|1628973|1629011
Shot Chart Detail,0042500125,571,1629638,Nickeil Alexander-Walker,1610612752,Atlanta Hawks,4,9,13,Missed Shot,Jump Shot,3PT Field Goal,Above the Break 3,Left Side Center(LC),24+ ft.,25,-168,195,1,0,20260428,NYK,ATL,42500125571,23270,0,0,203903|1628404|1628969|1628973|1629011
Shot Chart Detail,0042500125,574,1630552,Jalen Johnson,1610612752,Atlanta Hawks,4,8,38,Made Shot,Driving Dunk Shot,2PT Field Goal,Restricted Area,Center(C),Less Than 8 ft.,1,-5,10,1,1,20260428,NYK,ATL,42500125574,23620,0,0,203903|1628404|1628969|1628973|1629011
Shot Chart Detail,0042500125,588,1630168,Onyeka Okongwu,1610612752,Atlanta Hawks,4,7,51,Missed Shot,Jump Shot,3PT Field Goal,Right Corner 3,Right Side(R),24+ ft.,22,225,4,1,0,20260428,NYK,ATL,42500125588,24090,0,0,203903|1628404|1628969|1628973|1629011
Shot Chart Detail,0042500125,591,1629216,Gabe Vincent,1610612752,Atlanta Hawks,4,7,17,Missed Shot,Jump Shot,3PT Field Goal,Above the Break 3,Left Side Center(LC),24+ ft.,25,-109,233,1,0,20260428,NYK,ATL,42500125591,24430,0,0,203903|1628404|1628969|1628973|1629011
Shot Chart Detail,0042500125,595,1630700,Dyson Daniels,1610612752,Atlanta Hawks,4,6,43,Missed Shot,Jump Shot,3PT Field Goal,Right Corner 3,Right Side(R),24+ ft.,24,237,50,1,0,20260428,NYK,ATL,42500125595,24770,0,0,203903|1628404|1628969|1628973|1629011
Shot Chart Detail,0042500125,612,1629216,Gabe Vincent,1610612752,Atlanta Hawks,4,6,4,Missed Shot,Pullup Jump shot,3PT Field Goal,Above the Break 3,Center(C),24+ ft.,25,-6,259,1,0,20260428,NYK,ATL,42500125612,25160,0,0,1626157|1628384|1628969|1628973|1630540
Shot Chart Detail,0042500125,618,1630700,Dyson Daniels,1610612752,Atlanta Hawks,4,5,46,Made Shot,Jump Shot,3PT Field Goal,Right Corner 3,Right Side(R),24+ ft.,23,230,21,1,1,20260428,NYK,ATL,42500125618,25340,0,1,1626157|1628384|1628969|1628973|1630540
Shot Chart Detail,0042500125,622,1630552,Jalen Johnson,1610612752,Atlanta Hawks,4,5,7,Missed Shot,Jump Shot,3PT Field Goal,Above the Break 3,Right Side Center(RC),24+ ft.,25,116,223,1,0,20260428,NYK,ATL,42500125622,25730,0,0,1626157|1628384|1628969|1628973|1630540
Shot Chart Detail,0042500125,624,203468,CJ McCollum,1610612752,Atlanta Hawks,4,5,3,Made Shot,Fadeaway Jump Shot,2PT Field Goal,Mid-Range,Left Side(L),8-16 ft.,8,-86,7,1,1,20260428,NYK,ATL,42500125624,25770,0,0,1626157|1628384|1628969|1628973|1630540
Shot Chart Detail,0042500125,627,1630552,Jalen Johnson,1610612752,Atlanta Hawks,4,4,32,Made Shot,Driving Floating Bank Jump Shot,2PT Field Goal,Restricted Area,Center(C),Less Than 8 ft.,2,-22,1,1,1,20260428,NYK,ATL,42500125627,26080,0,0,1626157|1628384|1628969|1628973|1630540
Shot Chart Detail,0042500125,639,1631243,Mouhamed Gueye,1610612752,Atlanta Hawks,4,4,0,Missed Shot,Jump Shot,3PT Field Goal,Above the Break 3,Right Side Center(RC),24+ ft.,25,151,201,1,0,20260428,NYK,ATL,42500125639,26400,0,0,1626157|1628384|1628969|1628973|1630540
Shot Chart Detail,0042500125,655,1627741,Buddy Hield,1610612752,Atlanta Hawks,4,3,16,Made Shot,Driving Layup Shot,2PT Field Goal,Restricted Area,Center(C),Less Than 8 ft.,1,11,10,1,1,20260428,NYK,ATL,42500125655,26840,0,1,1629013|1630574|1630631|1631110|1642278
Shot Chart Detail,0042500125,659,1629216,Gabe Vincent,1610612752,Atlanta Hawks,4,2,42,Made Shot,Jump Shot,3PT Field Goal,Right Corner 3,Right Side(R),24+ ft.,22,221,12,1,1,20260428,NYK,ATL,42500125659,27180,0,1,1629013|1630574|1630631|1631110|1642278
Shot Chart Detail,0042500125,663,1627741,Buddy Hield,1610612752,Atlanta Hawks,4,2,3,Missed Shot,Pullup Jump shot,2PT Field Goal,Mid-Range,Left Side Center(LC),16-24 ft.,17,-88,147,1,0,20260428,NYK,ATL,42500125663,27570,0,0,1629013|1630574|1630631|1631110|1642278
Shot Chart Detail,0042500125,684,1630557,Corey Kispert,1610612752,Atlanta Hawks,4,1,18,Missed Shot,Jump Shot,3PT Field Goal,Above the Break 3,Right Side Center(RC),24+ ft.,26,161,210,1,0,20260428,NYK,ATL,42500125684,28020,0,0,1629013|1630574|1631110|1642278|1642359
Shot Chart Detail,0042500125,688,1630811,Keaton Wallace,1610612752,Atlanta Hawks,4,0,48,Missed Shot,Pullup Jump shot,3PT Field Goal,Above the Break 3,Right Side Center(RC),24+ ft.,27,113,246,1,0,20260428,NYK,ATL,42500125688,28320,0,0,1629013|1630574|1631110|1642278|1642359
Shot Chart Detail,0042500125,696,1630557,Corey Kispert,1610612752,Atlanta Hawks,4,0,23,Missed Shot,Driving Floating Jump Shot,2PT Field Goal,Mid-Range,Left Side(L),8-16 ft.,12,-92,79,1,0,20260428,NYK,ATL,42500125696,28570,0,0,1629013|1630574|1631110|1642278|1642359
Shot Chart Detail,0042500125,701,1627741,Buddy Hield,1610612752,Atlanta Hawks,4,0,11,Made Shot,Jump Shot,3PT Field Goal,Above the Break 3,Left Side Center(LC),24+ ft.,26,-135,233,1,1,20260428,NYK,ATL,42500125701,28690,0,1,1629013|1630574|1631110|1642278|1642359
Shot Chart Detail,0042500126,16,1630552,Jalen Johnson,1610612752,Atlanta Hawks,1,10,35,Made Shot,Cutting Dunk Shot,2PT Field Goal,Restricted Area,Center(C),Less Than 8 ft.,0,5,6,1,1,20260430,ATL,NYK,4250012616,850,0,1,1626157|1628384|1628404|1628969|1628973
Shot Chart Detail,0042500126,25,1630168,Onyeka Okongwu,1610612752,Atlanta Hawks,1,9,30,Made Shot,Cutting Layup Shot,2PT Field Goal,Restricted Area,Center(C),Less Than 8 ft.,1,16,10,1,1,20260430,ATL,NYK,4250012625,1500,0,1,1626157|1628384|1628404|1628969|1628973
Shot Chart Detail,0042500126,30,1629638,Nickeil Alexander-Walker,1610612752,Atlanta Hawks,1,9,13,Made Shot,Running Jump Shot,3PT Field Goal,Left Corner 3,Left Side(L),24+ ft.,22,-227,2,1,1,20260430,ATL,NYK,4250012630,1670,0,1,1626157|1628384|1628404|1628969|1628973
Shot Chart Detail,0042500126,33,1630700,Dyson Daniels,1610612752,Atlanta Hawks,1,8,36,Missed Shot,Jump Shot,3PT Field Goal,Left Corner 3,Left Side(L),24+ ft.,23,-229,41,1,0,20260430,ATL,NYK,4250012633,2040,0,0,1626157|1628384|1628404|1628969|1628973
Shot Chart Detail,0042500126,36,1630552,Jalen Johnson,1610612752,Atlanta Hawks,1,8,11,Made Shot,Pullup Jump shot,2PT Field Goal,In The Paint (Non-RA),Center(C),8-16 ft.,13,31,131,1,1,20260430,ATL,NYK,4250012636,2290,0,0,1626157|1628384|1628404|1628969|1628973
Shot Chart Detail,0042500126,39,203468,CJ McCollum,1610612752,Atlanta Hawks,1,7,37,Missed Shot,Pullup Jump shot,3PT Field Goal,Above the Break 3,Right Side Center(RC),24+ ft.,26,127,232,1,0,20260430,ATL,NYK,4250012639,2630,0,0,1626157|1628384|1628404|1628969|1628973
Shot Chart Detail,0042500126,43,1630168,Onyeka Okongwu,1610612752,Atlanta Hawks,1,7,12,Missed Shot,Jump Shot,3PT Field Goal,Above the Break 3,Right Side Center(RC),24+ ft.,25,134,221,1,0,20260430,ATL,NYK,4250012643,2880,0,0,1626157|1628384|1628404|1628969|1628973
Shot Chart Detail,0042500126,53,1631243,Mouhamed Gueye,1610612752,Atlanta Hawks,1,6,44,Missed Shot,Jump Shot,3PT Field Goal,Right Corner 3,Right Side(R),24+ ft.,24,240,7,1,0,20260430,ATL,NYK,4250012653,3160,0,0,1626157|1628384|1628404|1628969|1628973
Shot Chart Detail,0042500126,58,1630700,Dyson Daniels,1610612752,Atlanta Hawks,1,6,6,Missed Shot,Cutting Layup Shot,2PT Field Goal,Restricted Area,Center(C),Less Than 8 ft.,2,18,18,1,0,20260430,ATL,NYK,4250012658,3540,0,0,1626157|1628384|1628404|1628969|1628973
Shot Chart Detail,0042500126,73,1630552,Jalen Johnson,1610612752,Atlanta Hawks,1,5,0,Missed Shot,Turnaround Jump Shot,2PT Field Goal,In The Paint (Non-RA),Center(C),8-16 ft.,10,-4,107,1,0,20260430,ATL,NYK,4250012673,4200,0,0,1626157|1628384|1628404|1628969|1628973
Shot Chart Detail,0042500126,87,1631243,Mouhamed Gueye,1610612752,Atlanta Hawks,1,4,10,Made Shot,Alley Oop Dunk Shot,2PT Field Goal,Restricted Area,Center(C),Less Than 8 ft.,0,5,7,1,1,20260430,ATL,NYK,4250012687,4700,0,1,1626157|1628404|1628973|1629011|1630540
Shot Chart Detail,0042500126,118,1630552,Jalen Johnson,1610612752,Atlanta Hawks,1,2,21,Missed Shot,Driving Floating Jump Shot,2PT Field Goal,In The Paint (Non-RA),Center(C),8-16 ft.,8,-2,80,1,0,20260430,ATL,NYK,42500126118,5790,0,0,203903|1628384|1628973|1629011|1630540
Shot Chart Detail,0042500126,121,203468,CJ McCollum,1610612752,Atlanta Hawks,1,2,1,Made Shot,Driving Floating Jump Shot,2PT Field Goal,Mid-Range,Left Side(L),8-16 ft.,10,-92,46,1,1,20260430,ATL,NYK,42500126121,5990,0,0,203903|1628384|1628973|1629011|1630540
Shot Chart Detail,0042500126,132,203468,CJ McCollum,1610612752,Atlanta Hawks,1,1,15,Missed Shot,Running Layup Shot,2PT Field Goal,In The Paint (Non-RA),Center(C),Less Than 8 ft.,6,48,36,1,0,20260430,ATL,NYK,42500126132,6450,0,0,203903|1628384|1628973|1629011|1630540
Shot Chart Detail,0042500126,144,1629638,Nickeil Alexander-Walker,1610612752,Atlanta Hawks,1,0,52,Missed Shot,Pullup Jump shot,3PT Field Goal,Above the Break 3,Left Side Center(LC),24+ ft.,25,-167,190,1,0,20260430,ATL,NYK,42500126144,6680,0,0,203903|1626157|1628384|1628969|1628973
Shot Chart Detail,0042500126,147,203468,CJ McCollum,1610612752,Atlanta Hawks,1,0,33,Missed Shot,Driving Layup Shot,2PT Field Goal,Restricted Area,Center(C),Less Than 8 ft.,1,5,15,1,0,20260430,ATL,NYK,42500126147,6870,0,0,203903|1626157|1628384|1628969|1628973
Shot Chart Detail,0042500126,186,1630228,Jonathan Kuminga,1610612752,Atlanta Hawks,2,10,28,Missed Shot,Turnaround Jump Shot,2PT Field Goal,In The Paint (Non-RA),Center(C),8-16 ft.,12,-32,123,1,0,20260430,ATL,NYK,42500126186,8120,0,0,203903|1626157|1628384|1628969|1630631
Shot Chart Detail,0042500126,194,1630552,Jalen Johnson,1610612752,Atlanta Hawks,2,10,5,Missed Shot,Driving Layup Shot,2PT Field Goal,In The Paint (Non-RA),Center(C),Less Than 8 ft.,4,-5,42,1,0,20260430,ATL,NYK,42500126194,8350,0,0,203903|1626157|1628384|1628969|1630631
Shot Chart Detail,0042500126,210,1630552,Jalen Johnson,1610612752,Atlanta Hawks,2,9,5,Missed Shot,Jump Shot,3PT Field Goal,Above the Break 3,Right Side Center(RC),24+ ft.,25,148,212,1,0,20260430,ATL,NYK,42500126210,8950,0,0,1626157|1628404|1628969|1629011|1630631
Shot Chart Detail,0042500126,218,1630228,Jonathan Kuminga,1610612752,Atlanta Hawks,2,8,47,Made Shot,Jump Shot,3PT Field Goal,Above the Break 3,Right Side Center(RC),24+ ft.,24,189,162,1,1,20260430,ATL,NYK,42500126218,9130,0,1,1626157|1628404|1628969|1629011|1630631
Shot Chart Detail,0042500126,226,1629216,Gabe Vincent,1610612752,Atlanta Hawks,2,8,16,Missed Shot,Jump Shot,3PT Field Goal,Right Corner 3,Right Side(R),24+ ft.,23,233,-13,1,0,20260430,ATL,NYK,42500126226,9440,0,0,1626157|1628404|1628969|1629011|1630631
Shot Chart Detail,0042500126,253,1630228,Jonathan Kuminga,1610612752,Atlanta Hawks,2,6,57,Missed Shot,Turnaround Jump Shot,2PT Field Goal,In The Paint (Non-RA),Center(C),8-16 ft.,9,-26,94,1,0,20260430,ATL,NYK,42500126253,10230,0,0,1628384|1628404|1628969|1628973|1629011
Shot Chart Detail,0042500126,261,1630700,Dyson Daniels,1610612752,Atlanta Hawks,2,6,32,Made Shot,Jump Shot,3PT Field Goal,Above the Break 3,Right Side Center(RC),24+ ft.,25,131,223,1,1,20260430,ATL,NYK,42500126261,10480,0,1,1628384|1628404|1628969|1628973|1629011
Shot Chart Detail,0042500126,265,1630700,Dyson Daniels,1610612752,Atlanta Hawks,2,6,1,Missed Shot,Jump Shot,3PT Field Goal,Above the Break 3,Center(C),24+ ft.,25,-61,248,1,0,20260430,ATL,NYK,42500126265,10790,0,0,1628384|1628404|1628969|1628973|1629011
Shot Chart Detail,0042500126,267,1630552,Jalen Johnson,1610612752,Atlanta Hawks,2,5,59,Missed Shot,Tip Layup Shot,2PT Field Goal,Restricted Area,Center(C),Less Than 8 ft.,0,0,0,1,0,20260430,ATL,NYK,42500126267,10810,0,0,1628384|1628404|1628969|1628973|1629011
Shot Chart Detail,0042500126,270,1631243,Mouhamed Gueye,1610612752,Atlanta Hawks,2,5,31,Missed Shot,Jump Shot,3PT Field Goal,Left Corner 3,Left Side(L),24+ ft.,22,-229,-13,1,0,20260430,ATL,NYK,42500126270,11090,0,0,1628384|1628404|1628969|1628973|1629011
Shot Chart Detail,0042500126,276,1630228,Jonathan Kuminga,1610612752,Atlanta Hawks,2,5,5,Missed Shot,Jump Shot,3PT Field Goal,Left Corner 3,Left Side(L),24+ ft.,23,-230,-9,1,0,20260430,ATL,NYK,42500126276,11350,0,0,1628384|1628404|1628969|1628973|1629011
Shot Chart Detail,0042500126,281,1630552,Jalen Johnson,1610612752,Atlanta Hawks,2,4,45,Missed Shot,Driving Floating Bank Jump Shot,2PT Field Goal,Restricted Area,Center(C),Less Than 8 ft.,2,-15,17,1,0,20260430,ATL,NYK,42500126281,11550,0,0,1628384|1628404|1628969|1628973|1629011
Shot Chart Detail,0042500126,305,203468,CJ McCollum,1610612752,Atlanta Hawks,2,4,30,Missed Shot,Pullup Jump shot,2PT Field Goal,Mid-Range,Center(C),16-24 ft.,18,37,178,1,0,20260430,ATL,NYK,42500126305,11700,0,0,1626157|1628384|1628404|1628969|1628973
Shot Chart Detail,0042500126,307,203468,CJ McCollum,1610612752,Atlanta Hawks,2,4,26,Made Shot,Jump Shot,3PT Field Goal,Above the Break 3,Left Side Center(LC),24+ ft.,25,-103,233,1,1,20260430,ATL,NYK,42500126307,11740,0,1,1626157|1628384|1628404|1628969|1628973
Shot Chart Detail,0042500126,319,1630557,Corey Kispert,1610612752,Atlanta Hawks,2,3,30,Missed Shot,Driving Floating Jump Shot,2PT Field Goal,In The Paint (Non-RA),Center(C),Less Than 8 ft.,8,0,80,1,0,20260430,ATL,NYK,42500126319,12300,0,0,1626157|1628384|1628404|1628969|1628973
Shot Chart Detail,0042500126,321,203468,CJ McCollum,1610612752,Atlanta Hawks,2,3,27,Made Shot,Putback Layup Shot,2PT Field Goal,Restricted Area,Center(C),Less Than 8 ft.,1,7,11,1,1,20260430,ATL,NYK,42500126321,12330,0,0,1626157|1628384|1628404|1628969|1628973
Shot Chart Detail,0042500126,328,1630552,Jalen Johnson,1610612752,Atlanta Hawks,2,2,59,Made Shot,Driving Layup Shot,2PT Field Goal,Restricted Area,Center(C),Less Than 8 ft.,2,-1,22,1,1,20260430,ATL,NYK,42500126328,12610,0,0,1626157|1628384|1628404|1628969|1628973
Shot Chart Detail,0042500126,335,1630552,Jalen Johnson,1610612752,Atlanta Hawks,2,2,31,Made Shot,Pullup Jump shot,2PT Field Goal,Mid-Range,Center(C),16-24 ft.,18,-50,183,1,1,20260430,ATL,NYK,42500126335,12890,0,0,1626157|1628384|1628404|1628969|1628973
Shot Chart Detail,0042500126,338,1630552,Jalen Johnson,1610612752,Atlanta Hawks,2,2,11,Missed Shot,Running Pull-Up Jump Shot,3PT Field Goal,Above the Break 3,Center(C),24+ ft.,25,-2,253,1,0,20260430,ATL,NYK,42500126338,13090,0,0,1626157|1628384|1628404|1628969|1628973
Shot Chart Detail,0042500126,350,203468,CJ McCollum,1610612752,Atlanta Hawks,2,1,43,Missed Shot,Jump Shot,3PT Field Goal,Above the Break 3,Center(C),24+ ft.,25,-76,244,1,0,20260430,ATL,NYK,42500126350,13370,0,0,1626157|1628384|1628404|1628969|1628973
Shot Chart Detail,0042500126,354,1629638,Nickeil Alexander-Walker,1610612752,Atlanta Hawks,2,1,14,Missed Shot,Jump Shot,3PT Field Goal,Above the Break 3,Right Side Center(RC),24+ ft.,25,208,152,1,0,20260430,ATL,NYK,42500126354,13660,0,0,1626157|1628384|1628404|1628969|1628973
Shot Chart Detail,0042500126,359,1629638,Nickeil Alexander-Walker,1610612752,Atlanta Hawks,2,0,33,Missed Shot,Pullup Jump shot,2PT Field Goal,Mid-Range,Left Side(L),8-16 ft.,15,-88,123,1,0,20260430,ATL,NYK,42500126359,14070,0,0,1626157|1628384|1628404|1628969|1628973
Shot Chart Detail,0042500126,369,1630557,Corey Kispert,1610612752,Atlanta Hawks,2,0,0,Missed Shot,Pullup Jump shot,3PT Field Goal,Above the Break 3,Left Side Center(LC),24+ ft.,34,-183,294,1,0,20260430,ATL,NYK,42500126369,14400,0,0,1628384|1628404|1628969|1628973|1630540
Shot Chart Detail,0042500126,377,1630168,Onyeka Okongwu,1610612752,Atlanta Hawks,3,11,47,Missed Shot,Reverse Layup Shot,2PT Field Goal,Restricted Area,Center(C),Less Than 8 ft.,3,-37,14,1,0,20260430,ATL,NYK,42500126377,14530,0,0,1626157|1628384|1628404|1628969|1628973
Shot Chart Detail,0042500126,380,1642258,Zaccharie Risacher,1610612752,Atlanta Hawks,3,11,30,Missed Shot,Layup Shot,2PT Field Goal,Restricted Area,Center(C),Less Than 8 ft.,3,-16,27,1,0,20260430,ATL,NYK,42500126380,14700,0,0,1626157|1628384|1628404|1628969|1628973
Shot Chart Detail,0042500126,384,203468,CJ McCollum,1610612752,Atlanta Hawks,3,11,14,Missed Shot,Driving Floating Bank Jump Shot,2PT Field Goal,Mid-Range,Left Side(L),8-16 ft.,12,-109,58,1,0,20260430,ATL,NYK,42500126384,14860,0,0,1626157|1628384|1628404|1628969|1628973
Shot Chart Detail,0042500126,387,203468,CJ McCollum,1610612752,Atlanta Hawks,3,10,46,Missed Shot,Driving Layup Shot,2PT Field Goal,Restricted Area,Center(C),Less Than 8 ft.,1,-10,9,1,0,20260430,ATL,NYK,42500126387,15140,0,0,1626157|1628384|1628404|1628969|1628973
Shot Chart Detail,0042500126,391,1642258,Zaccharie Risacher,1610612752,Atlanta Hawks,3,10,26,Made Shot,Hook Shot,2PT Field Goal,Restricted Area,Center(C),Less Than 8 ft.,3,-2,35,1,1,20260430,ATL,NYK,42500126391,15340,0,1,1626157|1628384|1628404|1628969|1628973
Shot Chart Detail,0042500126,395,1629638,Nickeil Alexander-Walker,1610612752,Atlanta Hawks,3,9,59,Missed Shot,Jump Shot,3PT Field Goal,Right Corner 3,Right Side(R),24+ ft.,23,233,-2,1,0,20260430,ATL,NYK,42500126395,15610,0,0,1626157|1628384|1628404|1628969|1628973
Shot Chart Detail,0042500126,397,1642258,Zaccharie Risacher,1610612752,Atlanta Hawks,3,9,53,Missed Shot,Jump Shot,3PT Field Goal,Above the Break 3,Center(C),24+ ft.,25,-54,250,1,0,20260430,ATL,NYK,42500126397,15670,0,0,1626157|1628384|1628404|1628969|1628973
Shot Chart Detail,0042500126,404,203468,CJ McCollum,1610612752,Atlanta Hawks,3,9,21,Missed Shot,Jump Shot,3PT Field Goal,Above the Break 3,Left Side Center(LC),24+ ft.,25,-179,179,1,0,20260430,ATL,NYK,42500126404,15990,0,0,1626157|1628384|1628404|1628969|1628973
Shot Chart Detail,0042500126,408,203468,CJ McCollum,1610612752,Atlanta Hawks,3,8,56,Made Shot,Cutting Layup Shot,2PT Field Goal,Restricted Area,Center(C),Less Than 8 ft.,2,-13,16,1,1,20260430,ATL,NYK,42500126408,16240,0,1,1626157|1628384|1628404|1628969|1628973
Shot Chart Detail,0042500126,417,1630552,Jalen Johnson,1610612752,Atlanta Hawks,3,8,13,Made Shot,Jump Shot,3PT Field Goal,Above the Break 3,Center(C),24+ ft.,24,-58,241,1,1,20260430,ATL,NYK,42500126417,16670,0,1,1626157|1628384|1628404|1628969|1628973
Shot Chart Detail,0042500126,422,1629638,Nickeil Alexander-Walker,1610612752,Atlanta Hawks,3,7,34,Made Shot,Cutting Layup Shot,2PT Field Goal,Restricted Area,Center(C),Less Than 8 ft.,2,17,15,1,1,20260430,ATL,NYK,42500126422,17060,0,1,1626157|1628384|1628404|1628969|1628973
Shot Chart Detail,0042500126,426,1630552,Jalen Johnson,1610612752,Atlanta Hawks,3,7,9,Made Shot,Jump Shot,3PT Field Goal,Above the Break 3,Right Side Center(RC),24+ ft.,25,150,210,1,1,20260430,ATL,NYK,42500126426,17310,0,1,1626157|1628384|1628404|1628969|1628973
Shot Chart Detail,0042500126,430,1642258,Zaccharie Risacher,1610612752,Atlanta Hawks,3,6,34,Made Shot,Running Layup Shot,2PT Field Goal,Restricted Area,Center(C),Less Than 8 ft.,0,-7,5,1,1,20260430,ATL,NYK,42500126430,17660,0,1,1626157|1628384|1628404|1628969|1628973
Shot Chart Detail,0042500126,435,1630552,Jalen Johnson,1610612752,Atlanta Hawks,3,5,55,Made Shot,Pullup Jump shot,2PT Field Goal,In The Paint (Non-RA),Center(C),8-16 ft.,12,7,124,1,1,20260430,ATL,NYK,42500126435,18050,0,0,1626157|1628384|1628404|1628969|1628973
Shot Chart Detail,0042500126,454,1627741,Buddy Hield,1610612752,Atlanta Hawks,3,5,4,Made Shot,Cutting Layup Shot,2PT Field Goal,Restricted Area,Center(C),Less Than 8 ft.,3,29,21,1,1,20260430,ATL,NYK,42500126454,18560,0,1,203903|1626157|1628404|1628973|1630540
Shot Chart Detail,0042500126,458,1630168,Onyeka Okongwu,1610612752,Atlanta Hawks,3,4,38,Missed Shot,Jump Shot,3PT Field Goal,Right Corner 3,Right Side(R),24+ ft.,23,235,20,1,0,20260430,ATL,NYK,42500126458,18820,0,0,203903|1626157|1628404|1628973|1630540
Shot Chart Detail,0042500126,465,1627741,Buddy Hield,1610612752,Atlanta Hawks,3,3,57,Made Shot,Jump Shot,3PT Field Goal,Above the Break 3,Left Side Center(LC),24+ ft.,25,-129,220,1,1,20260430,ATL,NYK,42500126465,19230,0,1,203903|1626157|1628404|1628973|1630540
Shot Chart Detail,0042500126,469,1630228,Jonathan Kuminga,1610612752,Atlanta Hawks,3,3,24,Missed Shot,Jump Shot,3PT Field Goal,Above the Break 3,Left Side Center(LC),24+ ft.,25,-125,219,1,0,20260430,ATL,NYK,42500126469,19560,0,0,203903|1626157|1628404|1628973|1630540
Shot Chart Detail,0042500126,473,1630552,Jalen Johnson,1610612752,Atlanta Hawks,3,2,58,Missed Shot,Jump Shot,3PT Field Goal,Above the Break 3,Center(C),24+ ft.,25,67,246,1,0,20260430,ATL,NYK,42500126473,19820,0,0,203903|1626157|1628404|1628973|1630540
Shot Chart Detail,0042500126,493,1629638,Nickeil Alexander-Walker,1610612752,Atlanta Hawks,3,2,20,Missed Shot,Step Back Jump shot,2PT Field Goal,Mid-Range,Right Side Center(RC),16-24 ft.,21,91,197,1,0,20260430,ATL,NYK,42500126493,20200,0,0,203903|1629013|1630540|1630574|1630631
Shot Chart Detail,0042500126,495,1629638,Nickeil Alexander-Walker,1610612752,Atlanta Hawks,3,2,11,Made Shot,Driving Layup Shot,2PT Field Goal,In The Paint (Non-RA),Center(C),Less Than 8 ft.,4,-31,29,1,1,20260430,ATL,NYK,42500126495,20290,0,1,203903|1629013|1630540|1630574|1630631
Shot Chart Detail,0042500126,511,1630228,Jonathan Kuminga,1610612752,Atlanta Hawks,3,1,7,Made Shot,Alley Oop Dunk Shot,2PT Field Goal,Restricted Area,Center(C),Less Than 8 ft.,1,2,11,1,1,20260430,ATL,NYK,42500126511,20930,0,1,203903|1629013|1630540|1630574|1630631
Shot Chart Detail,0042500126,514,1630228,Jonathan Kuminga,1610612752,Atlanta Hawks,3,0,27,Made Shot,Pullup Jump shot,2PT Field Goal,Mid-Range,Center(C),16-24 ft.,16,-32,163,1,1,20260430,ATL,NYK,42500126514,21330,0,1,203903|1629013|1630540|1630574|1630631
Shot Chart Detail,0042500126,523,1629216,Gabe Vincent,1610612752,Atlanta Hawks,3,0,0,Missed Shot,Driving Floating Jump Shot,2PT Field Goal,In The Paint (Non-RA),Center(C),Less Than 8 ft.,6,16,62,1,0,20260430,ATL,NYK,42500126523,21600,0,0,203903|1629013|1630540|1630574|1630631
Shot Chart Detail,0042500126,548,203468,CJ McCollum,1610612752,Atlanta Hawks,4,11,3,Missed Shot,Driving Floating Jump Shot,2PT Field Goal,In The Paint (Non-RA),Center(C),Less Than 8 ft.,6,-61,27,1,0,20260430,ATL,NYK,42500126548,22170,0,0,1629013|1630574|1631110|1642278|1642885
Shot Chart Detail,0042500126,550,1630168,Onyeka Okongwu,1610612752,Atlanta Hawks,4,11,1,Made Shot,Tip Layup Shot,2PT Field Goal,Restricted Area,Center(C),Less Than 8 ft.,0,0,0,1,1,20260430,ATL,NYK,42500126550,22190,0,0,1629013|1630574|1631110|1642278|1642885
Shot Chart Detail,0042500126,563,1630168,Onyeka Okongwu,1610612752,Atlanta Hawks,4,10,2,Missed Shot,Driving Hook Shot,2PT Field Goal,In The Paint (Non-RA),Center(C),8-16 ft.,9,0,95,1,0,20260430,ATL,NYK,42500126563,22780,0,0,1629013|1630574|1631110|1642278|1642885
Shot Chart Detail,0042500126,582,1630557,Corey Kispert,1610612752,Atlanta Hawks,4,8,48,Made Shot,Running Pull-Up Jump Shot,3PT Field Goal,Above the Break 3,Left Side Center(LC),24+ ft.,26,-97,243,1,1,20260430,ATL,NYK,42500126582,23520,0,1,1629013|1630574|1631110|1642278|1642885
Shot Chart Detail,0042500126,590,1642258,Zaccharie Risacher,1610612752,Atlanta Hawks,4,7,59,Made Shot,Jump Shot,2PT Field Goal,In The Paint (Non-RA),Center(C),8-16 ft.,12,-9,121,1,1,20260430,ATL,NYK,42500126590,24010,0,1,1629013|1630574|1631110|1642278|1642885
Shot Chart Detail,0042500126,599,1630811,Keaton Wallace,1610612752,Atlanta Hawks,4,7,23,Missed Shot,Driving Floating Jump Shot,2PT Field Goal,In The Paint (Non-RA),Center(C),8-16 ft.,11,-11,111,1,0,20260430,ATL,NYK,42500126599,24370,0,0,1629013|1631110|1642278|1642359|1642885
Shot Chart Detail,0042500126,618,1630811,Keaton Wallace,1610612752,Atlanta Hawks,4,5,54,Missed Shot,Pullup Jump shot,3PT Field Goal,Above the Break 3,Right Side Center(RC),24+ ft.,28,152,243,1,0,20260430,ATL,NYK,42500126618,25260,0,0,1629013|1631110|1642278|1642359|1642885
Shot Chart Detail,0042500126,620,1642258,Zaccharie Risacher,1610612752,Atlanta Hawks,4,5,51,Missed Shot,Hook Shot,2PT Field Goal,Restricted Area,Center(C),Less Than 8 ft.,2,1,26,1,0,20260430,ATL,NYK,42500126620,25290,0,0,1629013|1631110|1642278|1642359|1642885
Shot Chart Detail,0042500126,623,1630557,Corey Kispert,1610612752,Atlanta Hawks,4,5,38,Missed Shot,Turnaround Jump Shot,2PT Field Goal,In The Paint (Non-RA),Center(C),8-16 ft.,9,17,98,1,0,20260430,ATL,NYK,42500126623,25420,0,0,1629013|1631110|1642278|1642359|1642885
Shot Chart Detail,0042500126,636,1630811,Keaton Wallace,1610612752,Atlanta Hawks,4,5,2,Made Shot,Driving Dunk Shot,2PT Field Goal,Restricted Area,Center(C),Less Than 8 ft.,0,-2,5,1,1,20260430,ATL,NYK,42500126636,25780,0,0,1629013|1630574|1642278|1642359|1642885
Shot Chart Detail,0042500126,644,1630811,Keaton Wallace,1610612752,Atlanta Hawks,4,4,17,Made Shot,Driving Floating Jump Shot,2PT Field Goal,In The Paint (Non-RA),Center(C),8-16 ft.,11,-33,108,1,1,20260430,ATL,NYK,42500126644,26230,0,0,1629013|1630574|1642278|1642359|1642885
Shot Chart Detail,0042500126,648,1630557,Corey Kispert,1610612752,Atlanta Hawks,4,3,48,Missed Shot,Pullup Jump shot,3PT Field Goal,Above the Break 3,Left Side Center(LC),24+ ft.,25,-170,190,1,0,20260430,ATL,NYK,42500126648,26520,0,0,1629013|1630574|1642278|1642359|1642885
Shot Chart Detail,0042500126,655,1630557,Corey Kispert,1610612752,Atlanta Hawks,4,3,0,Missed Shot,Pullup Jump shot,3PT Field Goal,Above the Break 3,Right Side Center(RC),24+ ft.,26,96,243,1,0,20260430,ATL,NYK,42500126655,27000,0,0,1629013|1630574|1642278|1642359|1642885
Shot Chart Detail,0042500126,663,1642258,Zaccharie Risacher,1610612752,Atlanta Hawks,4,2,14,Made Shot,Driving Layup Shot,2PT Field Goal,Restricted Area,Center(C),Less Than 8 ft.,3,21,29,1,1,20260430,ATL,NYK,42500126663,27460,0,1,1629013|1630574|1642278|1642359|1642885
Shot Chart Detail,0042500126,668,1642258,Zaccharie Risacher,1610612752,Atlanta Hawks,4,1,39,Missed Shot,Jump Shot,3PT Field Goal,Above the Break 3,Right Side Center(RC),24+ ft.,25,108,234,1,0,20260430,ATL,NYK,42500126668,27810,0,0,1629013|1630574|1642278|1642359|1642885
Shot Chart Detail,0042500126,672,1630811,Keaton Wallace,1610612752,Atlanta Hawks,4,1,17,Missed Shot,Driving Layup Shot,2PT Field Goal,Restricted Area,Center(C),Less Than 8 ft.,3,2,30,1,0,20260430,ATL,NYK,42500126672,28030,0,0,1629013|1630574|1642278|1642359|1642885
Shot Chart Detail,0042500126,679,1628396,Tony Bradley,1610612752,Atlanta Hawks,4,0,50,Made Shot,Jump Shot,3PT Field Goal,Right Corner 3,Right Side(R),24+ ft.,23,232,32,1,1,20260430,ATL,NYK,42500126679,28300,0,1,1629013|1630574|1642278|1642359|1642885
Shot Chart Detail,0042500126,684,1630557,Corey Kispert,1610612752,Atlanta Hawks,4,0,27,Missed Shot,Jump Shot,3PT Field Goal,Left Corner 3,Left Side(L),24+ ft.,23,-232,21,1,0,20260430,ATL,NYK,42500126684,28530,0,0,1629013|1630574|1642278|1642359|1642885
Shot Chart Detail,0042500126,686,1642258,Zaccharie Risacher,1610612752,Atlanta Hawks,4,0,20,Missed Shot,Step Back Jump shot,3PT Field Goal,Left Corner 3,Left Side(L),24+ ft.,24,-237,73,1,0,20260430,ATL,NYK,42500126686,28600,0,0,1629013|1630574|1642278|1642359|1642885
Shot Chart Detail,0042500211,7,203954,Joel Embiid,1610612752,Philadelphia 76ers,1,11,35,Missed Shot,Pullup Jump shot,3PT Field Goal,Above the Break 3,Center(C),24+ ft.,38,-43,378,1,0,20260504,NYK,PHI,425002117,250,0,0,1626157|1628384|1628404|1628969|1628973
Shot Chart Detail,0042500211,13,202331,Paul George,1610612752,Philadelphia 76ers,1,11,17,Missed Shot,Fadeaway Bank shot,2PT Field Goal,Mid-Range,Right Side(R),16-24 ft.,19,199,10,1,0,20260504,NYK,PHI,4250021113,430,0,0,1626157|1628384|1628404|1628969|1628973
Shot Chart Detail,0042500211,23,1642845,VJ Edgecombe,1610612752,Philadelphia 76ers,1,10,21,Made Shot,Pullup Jump shot,2PT Field Goal,Mid-Range,Left Side(L),8-16 ft.,14,-145,13,1,1,20260504,NYK,PHI,4250021123,990,0,0,1626157|1628384|1628404|1628969|1628973
Shot Chart Detail,0042500211,30,203954,Joel Embiid,1610612752,Philadelphia 76ers,1,9,26,Missed Shot,Pullup Jump shot,2PT Field Goal,In The Paint (Non-RA),Center(C),8-16 ft.,13,26,136,1,0,20260504,NYK,PHI,4250021130,1540,0,0,1626157|1628384|1628404|1628969|1628973
Shot Chart Detail,0042500211,36,202331,Paul George,1610612752,Philadelphia 76ers,1,9,5,Missed Shot,Pullup Jump shot,3PT Field Goal,Above the Break 3,Right Side Center(RC),24+ ft.,25,109,230,1,0,20260504,NYK,PHI,4250021136,1750,0,0,1626157|1628384|1628404|1628969|1628973
Shot Chart Detail,0042500211,39,202331,Paul George,1610612752,Philadelphia 76ers,1,8,39,Made Shot,Jump Shot,3PT Field Goal,Above the Break 3,Center(C),24+ ft.,25,72,248,1,1,20260504,NYK,PHI,4250021139,2010,0,1,1626157|1628384|1628404|1628969|1628973
Shot Chart Detail,0042500211,43,1642845,VJ Edgecombe,1610612752,Philadelphia 76ers,1,8,1,Made Shot,Jump Shot,3PT Field Goal,Right Corner 3,Right Side(R),24+ ft.,24,240,-1,1,1,20260504,NYK,PHI,4250021143,2390,0,0,1626157|1628384|1628404|1628969|1628973
Shot Chart Detail,0042500211,46,203954,Joel Embiid,1610612752,Philadelphia 76ers,1,7,21,Missed Shot,Jump Shot,2PT Field Goal,Mid-Range,Right Side Center(RC),16-24 ft.,17,89,153,1,0,20260504,NYK,PHI,4250021146,2790,0,0,1626157|1628384|1628404|1628969|1628973
Shot Chart Detail,0042500211,55,1630178,Tyrese Maxey,1610612752,Philadelphia 76ers,1,11,33,Missed Shot,Tip Layup Shot,2PT Field Goal,Restricted Area,Center(C),Less Than 8 ft.,1,-4,11,1,0,20260504,NYK,PHI,4250021155,270,0,0,1626157|1628384|1628404|1628969|1628973
Shot Chart Detail,0042500211,68,202331,Paul George,1610612752,Philadelphia 76ers,1,6,35,Made Shot,Pullup Jump shot,3PT Field Goal,Above the Break 3,Center(C),24+ ft.,26,-16,260,1,1,20260504,NYK,PHI,4250021168,3250,0,0,1628384|1628404|1628969|1628973|1629011
Shot Chart Detail,0042500211,71,1642845,VJ Edgecombe,1610612752,Philadelphia 76ers,1,6,8,Missed Shot,Jump Shot,3PT Field Goal,Above the Break 3,Left Side Center(LC),24+ ft.,25,-140,208,1,0,20260504,NYK,PHI,4250021171,3520,0,0,1628384|1628404|1628969|1628973|1629011
Shot Chart Detail,0042500211,75,1626162,Kelly Oubre Jr.,1610612752,Philadelphia 76ers,1,5,33,Made Shot,Cutting Dunk Shot,2PT Field Goal,Restricted Area,Center(C),Less Than 8 ft.,0,5,-2,1,1,20260504,NYK,PHI,4250021175,3870,0,1,1628384|1628404|1628969|1628973|1629011
Shot Chart Detail,0042500211,91,203954,Joel Embiid,1610612752,Philadelphia 76ers,1,4,8,Made Shot,Step Back Jump shot,2PT Field Goal,Mid-Range,Left Side Center(LC),16-24 ft.,20,-86,183,1,1,20260504,NYK,PHI,4250021191,4720,0,0,203903|1628404|1628973|1629011|1630540
Shot Chart Detail,0042500211,93,203954,Joel Embiid,1610612752,Philadelphia 76ers,1,3,34,Missed Shot,Fadeaway Jump Shot,2PT Field Goal,Mid-Range,Left Side(L),8-16 ft.,9,-82,51,1,0,20260504,NYK,PHI,4250021193,5060,0,0,203903|1628404|1628973|1629011|1630540
Shot Chart Detail,0042500211,102,202331,Paul George,1610612752,Philadelphia 76ers,1,3,1,Missed Shot,Pullup Jump shot,2PT Field Goal,In The Paint (Non-RA),Center(C),8-16 ft.,9,-44,83,1,0,20260504,NYK,PHI,42500211102,5390,0,0,203903|1628384|1628973|1629011|1630540
Shot Chart Detail,0042500211,110,1629656,Quentin Grimes,1610612752,Philadelphia 76ers,1,2,44,Missed Shot,Jump Shot,3PT Field Goal,Above the Break 3,Left Side Center(LC),24+ ft.,25,-131,214,1,0,20260504,NYK,PHI,42500211110,5560,0,0,203903|1628384|1628973|1629011|1630540
Shot Chart Detail,0042500211,138,1626162,Kelly Oubre Jr.,1610612752,Philadelphia 76ers,1,1,32,Missed Shot,Driving Layup Shot,2PT Field Goal,Restricted Area,Center(C),Less Than 8 ft.,3,7,38,1,0,20260504,NYK,PHI,42500211138,6280,0,0,203903|1628384|1628973|1629011|1630540
Shot Chart Detail,0042500211,149,203954,Joel Embiid,1610612752,Philadelphia 76ers,1,0,36,Missed Shot,Cutting Finger Roll Layup Shot,2PT Field Goal,Restricted Area,Center(C),Less Than 8 ft.,1,-6,11,1,0,20260504,NYK,PHI,42500211149,6840,0,0,203903|1628384|1628973|1629011|1630540
Shot Chart Detail,0042500211,175,1626162,Kelly Oubre Jr.,1610612752,Philadelphia 76ers,2,11,28,Missed Shot,Jump Shot,3PT Field Goal,Left Corner 3,Left Side(L),24+ ft.,23,-232,13,1,0,20260504,NYK,PHI,42500211175,7520,0,0,1626157|1628384|1628969|1630540|1630631
Shot Chart Detail,0042500211,179,1629656,Quentin Grimes,1610612752,Philadelphia 76ers,2,11,0,Missed Shot,Jump Shot,3PT Field Goal,Left Corner 3,Left Side(L),24+ ft.,23,-234,-7,1,0,20260504,NYK,PHI,42500211179,7800,0,0,1626157|1628384|1628969|1630540|1630631
Shot Chart Detail,0042500211,184,202331,Paul George,1610612752,Philadelphia 76ers,2,10,31,Made Shot,Pullup Jump shot,3PT Field Goal,Above the Break 3,Left Side Center(LC),24+ ft.,25,-131,218,1,1,20260504,NYK,PHI,42500211184,8090,0,0,1626157|1628384|1628969|1630540|1630631
Shot Chart Detail,0042500211,187,202331,Paul George,1610612752,Philadelphia 76ers,2,10,3,Missed Shot,Step Back Jump shot,2PT Field Goal,Mid-Range,Center(C),16-24 ft.,18,-40,183,1,0,20260504,NYK,PHI,42500211187,8370,0,0,1626157|1628384|1628969|1630540|1630631
Shot Chart Detail,0042500211,191,1626162,Kelly Oubre Jr.,1610612752,Philadelphia 76ers,2,9,52,Made Shot,Cutting Dunk Shot,2PT Field Goal,Restricted Area,Center(C),Less Than 8 ft.,0,-5,3,1,1,20260504,NYK,PHI,42500211191,8480,0,1,1626157|1628384|1628969|1630540|1630631
Shot Chart Detail,0042500211,195,1642845,VJ Edgecombe,1610612752,Philadelphia 76ers,2,9,27,Missed Shot,Jump Shot,3PT Field Goal,Above the Break 3,Right Side Center(RC),24+ ft.,25,229,104,1,0,20260504,NYK,PHI,42500211195,8730,0,0,1626157|1628384|1628969|1630540|1630631
Shot Chart Detail,0042500211,208,1626162,Kelly Oubre Jr.,1610612752,Philadelphia 76ers,2,8,43,Made Shot,Jump Shot,3PT Field Goal,Above the Break 3,Right Side Center(RC),24+ ft.,24,179,173,1,1,20260504,NYK,PHI,42500211208,9170,0,1,1626157|1628404|1628969|1629011|1630631
Shot Chart Detail,0042500211,215,1630178,Tyrese Maxey,1610612752,Philadelphia 76ers,2,8,11,Missed Shot,Fadeaway Jump Shot,2PT Field Goal,Mid-Range,Right Side Center(RC),16-24 ft.,18,107,151,1,0,20260504,NYK,PHI,42500211215,9490,0,0,1626157|1628404|1628969|1629011|1630631
Shot Chart Detail,0042500211,232,1630178,Tyrese Maxey,1610612752,Philadelphia 76ers,2,7,4,Missed Shot,Running Jump Shot,3PT Field Goal,Above the Break 3,Right Side Center(RC),24+ ft.,26,161,208,1,0,20260504,NYK,PHI,42500211232,10160,0,0,1626157|1628384|1628404|1628969|1630631
Shot Chart Detail,0042500211,234,1630178,Tyrese Maxey,1610612752,Philadelphia 76ers,2,6,58,Made Shot,Driving Layup Shot,2PT Field Goal,Restricted Area,Center(C),Less Than 8 ft.,0,7,6,1,1,20260504,NYK,PHI,42500211234,10220,0,1,1626157|1628384|1628404|1628969|1630631
Shot Chart Detail,0042500211,247,203954,Joel Embiid,1610612752,Philadelphia 76ers,2,6,18,Made Shot,Driving Layup Shot,2PT Field Goal,Restricted Area,Center(C),Less Than 8 ft.,2,-12,24,1,1,20260504,NYK,PHI,42500211247,10620,0,0,1626157|1628384|1628404|1628969|1628973
Shot Chart Detail,0042500211,250,203954,Joel Embiid,1610612752,Philadelphia 76ers,2,5,44,Missed Shot,Jump Shot,3PT Field Goal,Above the Break 3,Center(C),24+ ft.,25,44,247,1,0,20260504,NYK,PHI,42500211250,10960,0,0,1626157|1628384|1628404|1628969|1628973
Shot Chart Detail,0042500211,258,1630178,Tyrese Maxey,1610612752,Philadelphia 76ers,2,5,11,Missed Shot,Running Pull-Up Jump Shot,3PT Field Goal,Above the Break 3,Right Side Center(RC),24+ ft.,25,140,216,1,0,20260504,NYK,PHI,42500211258,11290,0,0,1626157|1628384|1628404|1628969|1628973
Shot Chart Detail,0042500211,266,1642845,VJ Edgecombe,1610612752,Philadelphia 76ers,2,4,29,Missed Shot,Turnaround Hook Shot,2PT Field Goal,Mid-Range,Right Side(R),8-16 ft.,14,88,117,1,0,20260504,NYK,PHI,42500211266,11710,0,0,1626157|1628384|1628404|1628969|1628973
Shot Chart Detail,0042500211,272,1626162,Kelly Oubre Jr.,1610612752,Philadelphia 76ers,2,3,47,Missed Shot,Driving Layup Shot,2PT Field Goal,Restricted Area,Center(C),Less Than 8 ft.,0,6,3,1,0,20260504,NYK,PHI,42500211272,12130,0,0,1626157|1628384|1628404|1628969|1628973
Shot Chart Detail,0042500211,279,1626162,Kelly Oubre Jr.,1610612752,Philadelphia 76ers,2,3,9,Made Shot,Pullup Jump shot,2PT Field Goal,In The Paint (Non-RA),Right Side(R),8-16 ft.,9,80,52,1,1,20260504,NYK,PHI,42500211279,12510,0,1,1626157|1628384|1628404|1628969|1628973
Shot Chart Detail,0042500211,285,1630178,Tyrese Maxey,1610612752,Philadelphia 76ers,2,2,40,Made Shot,Driving Floating Bank Jump Shot,2PT Field Goal,In The Paint (Non-RA),Center(C),Less Than 8 ft.,6,54,30,1,1,20260504,NYK,PHI,42500211285,12800,0,0,1626157|1628384|1628404|1628969|1628973
Shot Chart Detail,0042500211,298,203954,Joel Embiid,1610612752,Philadelphia 76ers,2,2,4,Missed Shot,Pullup Jump shot,2PT Field Goal,Mid-Range,Center(C),8-16 ft.,14,4,143,1,0,20260504,NYK,PHI,42500211298,13160,0,0,1628384|1628404|1628969|1628973|1630574
Shot Chart Detail,0042500211,305,203954,Joel Embiid,1610612752,Philadelphia 76ers,2,1,49,Made Shot,Cutting Layup Shot,2PT Field Goal,Restricted Area,Center(C),Less Than 8 ft.,1,-9,9,1,1,20260504,NYK,PHI,42500211305,13310,0,1,1628384|1628404|1628969|1628973|1630574
Shot Chart Detail,0042500211,308,202331,Paul George,1610612752,Philadelphia 76ers,2,1,20,Made Shot,Pullup Jump shot,2PT Field Goal,Mid-Range,Center(C),16-24 ft.,20,9,209,1,1,20260504,NYK,PHI,42500211308,13600,0,0,1628384|1628404|1628969|1628973|1630574
Shot Chart Detail,0042500211,311,1630178,Tyrese Maxey,1610612752,Philadelphia 76ers,2,0,57,Made Shot,Driving Reverse Layup Shot,2PT Field Goal,Restricted Area,Center(C),Less Than 8 ft.,1,4,14,1,1,20260504,NYK,PHI,42500211311,13830,0,0,1628384|1628404|1628969|1628973|1630574
Shot Chart Detail,0042500211,319,1630178,Tyrese Maxey,1610612752,Philadelphia 76ers,2,0,32,Missed Shot,Pullup Jump shot,3PT Field Goal,Above the Break 3,Center(C),24+ ft.,25,48,255,1,0,20260504,NYK,PHI,42500211319,14080,0,0,1628404|1628969|1628973|1630540|1630574
Shot Chart Detail,0042500211,337,203954,Joel Embiid,1610612752,Philadelphia 76ers,3,11,11,Missed Shot,Jump Shot,2PT Field Goal,Mid-Range,Center(C),8-16 ft.,15,53,149,1,0,20260504,NYK,PHI,42500211337,14890,0,0,1626157|1628384|1628404|1628969|1628973
Shot Chart Detail,0042500211,339,1626162,Kelly Oubre Jr.,1610612752,Philadelphia 76ers,3,11,8,Made Shot,Putback Layup Shot,2PT Field Goal,Restricted Area,Center(C),Less Than 8 ft.,1,11,11,1,1,20260504,NYK,PHI,42500211339,14920,0,0,1626157|1628384|1628404|1628969|1628973
Shot Chart Detail,0042500211,342,1630178,Tyrese Maxey,1610612752,Philadelphia 76ers,3,10,38,Missed Shot,Running Layup Shot,2PT Field Goal,Restricted Area,Center(C),Less Than 8 ft.,0,7,0,1,0,20260504,NYK,PHI,42500211342,15220,0,0,1626157|1628384|1628404|1628969|1628973
Shot Chart Detail,0042500211,350,202331,Paul George,1610612752,Philadelphia 76ers,3,9,50,Made Shot,Jump Shot,3PT Field Goal,Above the Break 3,Center(C),24+ ft.,27,72,263,1,1,20260504,NYK,PHI,42500211350,15700,0,1,1626157|1628384|1628404|1628969|1628973
Shot Chart Detail,0042500211,361,1642845,VJ Edgecombe,1610612752,Philadelphia 76ers,3,8,40,Made Shot,Driving Dunk Shot,2PT Field Goal,Restricted Area,Center(C),Less Than 8 ft.,1,10,4,1,1,20260504,NYK,PHI,42500211361,16400,0,0,1626157|1628384|1628404|1628969|1628973
Shot Chart Detail,0042500211,365,1642845,VJ Edgecombe,1610612752,Philadelphia 76ers,3,8,10,Missed Shot,Pullup Jump shot,2PT Field Goal,Mid-Range,Right Side(R),8-16 ft.,9,91,10,1,0,20260504,NYK,PHI,42500211365,16700,0,0,1626157|1628384|1628404|1628969|1628973
Shot Chart Detail,0042500211,368,1642845,VJ Edgecombe,1610612752,Philadelphia 76ers,3,7,59,Made Shot,Driving Finger Roll Layup Shot,2PT Field Goal,Restricted Area,Center(C),Less Than 8 ft.,1,-12,2,1,1,20260504,NYK,PHI,42500211368,16810,0,0,1626157|1628384|1628404|1628969|1628973
Shot Chart Detail,0042500211,371,202331,Paul George,1610612752,Philadelphia 76ers,3,7,20,Missed Shot,Jump Shot,3PT Field Goal,Above the Break 3,Left Side Center(LC),24+ ft.,25,-234,102,1,0,20260504,NYK,PHI,42500211371,17200,0,0,1626157|1628384|1628404|1628969|1628973
Shot Chart Detail,0042500211,383,1642845,VJ Edgecombe,1610612752,Philadelphia 76ers,3,6,31,Missed Shot,Driving Layup Shot,2PT Field Goal,Restricted Area,Center(C),Less Than 8 ft.,2,-16,13,1,0,20260504,NYK,PHI,42500211383,17690,0,0,1626157|1628384|1628404|1628969|1628973
Shot Chart Detail,0042500211,387,202331,Paul George,1610612752,Philadelphia 76ers,3,6,3,Made Shot,Driving Floating Jump Shot,2PT Field Goal,In The Paint (Non-RA),Center(C),Less Than 8 ft.,4,5,48,1,1,20260504,NYK,PHI,42500211387,17970,0,0,1626157|1628384|1628404|1628969|1628973
Shot Chart Detail,0042500211,410,1642348,Justin Edwards,1610612752,Philadelphia 76ers,3,5,10,Made Shot,Jump Shot,3PT Field Goal,Above the Break 3,Center(C),24+ ft.,25,37,251,1,1,20260504,NYK,PHI,42500211410,18500,0,1,1628404|1628969|1628973|1629011|1630540
Shot Chart Detail,0042500211,414,203083,Andre Drummond,1610612752,Philadelphia 76ers,3,4,37,Missed Shot,Jump Shot,3PT Field Goal,Left Corner 3,Left Side(L),24+ ft.,23,-229,39,1,0,20260504,NYK,PHI,42500211414,18830,0,0,1628404|1628969|1628973|1629011|1630540
Shot Chart Detail,0042500211,435,1642348,Justin Edwards,1610612752,Philadelphia 76ers,3,3,29,Missed Shot,Step Back Jump shot,3PT Field Goal,Left Corner 3,Left Side(L),24+ ft.,24,-234,63,1,0,20260504,NYK,PHI,42500211435,19510,0,0,203903|1628384|1628973|1629011|1630540
Shot Chart Detail,0042500211,437,1642845,VJ Edgecombe,1610612752,Philadelphia 76ers,3,3,22,Made Shot,Jump Shot,3PT Field Goal,Above the Break 3,Center(C),24+ ft.,26,-71,257,1,1,20260504,NYK,PHI,42500211437,19580,0,1,203903|1628384|1628973|1629011|1630540
Shot Chart Detail,0042500211,440,1642845,VJ Edgecombe,1610612752,Philadelphia 76ers,3,2,49,Missed Shot,Pullup Jump shot,3PT Field Goal,Above the Break 3,Right Side Center(RC),24+ ft.,25,150,205,1,0,20260504,NYK,PHI,42500211440,19910,0,0,203903|1628384|1628973|1629011|1630540
Shot Chart Detail,0042500211,477,1629656,Quentin Grimes,1610612752,Philadelphia 76ers,3,1,2,Missed Shot,Driving Layup Shot,2PT Field Goal,Restricted Area,Center(C),Less Than 8 ft.,1,-6,11,1,0,20260504,NYK,PHI,42500211477,20980,0,0,203903|1628384|1628973|1630540|1630574
Shot Chart Detail,0042500211,481,1631230,Dominick Barlow,1610612752,Philadelphia 76ers,3,0,29,Made Shot,Driving Hook Shot,2PT Field Goal,Restricted Area,Center(C),Less Than 8 ft.,1,2,12,1,1,20260504,NYK,PHI,42500211481,21310,0,1,203903|1628384|1628973|1630540|1630574
Shot Chart Detail,0042500211,484,1629656,Quentin Grimes,1610612752,Philadelphia 76ers,3,0,0,Made Shot,Step Back Jump shot,3PT Field Goal,Above the Break 3,Left Side Center(LC),24+ ft.,25,-217,141,1,1,20260504,NYK,PHI,42500211484,21600,0,0,203903|1628384|1628973|1630540|1630574
Shot Chart Detail,0042500211,493,1631207,Dalen Terry,1610612752,Philadelphia 76ers,4,11,48,Missed Shot,Step Back Jump shot,3PT Field Goal,Above the Break 3,Right Side Center(RC),24+ ft.,26,130,227,1,0,20260504,NYK,PHI,42500211493,21720,0,0,203903|1629013|1630540|1630574|1630631
Shot Chart Detail,0042500211,505,1630570,Trendon Watford,1610612752,Philadelphia 76ers,4,10,33,Missed Shot,Driving Layup Shot,2PT Field Goal,Restricted Area,Center(C),Less Than 8 ft.,1,12,8,1,0,20260504,NYK,PHI,42500211505,22470,0,0,203903|1629013|1630540|1630574|1630631
Shot Chart Detail,0042500211,527,1631230,Dominick Barlow,1610612752,Philadelphia 76ers,4,9,40,Made Shot,Pullup Jump shot,2PT Field Goal,In The Paint (Non-RA),Center(C),8-16 ft.,11,-36,104,1,1,20260504,NYK,PHI,42500211527,23000,0,1,203903|1629013|1630574|1630631|1642278
Shot Chart Detail,0042500211,533,1631207,Dalen Terry,1610612752,Philadelphia 76ers,4,9,22,Made Shot,Running Jump Shot,3PT Field Goal,Above the Break 3,Right Side Center(RC),24+ ft.,24,197,139,1,1,20260504,NYK,PHI,42500211533,23180,0,1,203903|1629013|1630574|1630631|1642278
Shot Chart Detail,0042500211,537,1631207,Dalen Terry,1610612752,Philadelphia 76ers,4,8,46,Missed Shot,Driving Floating Bank Jump Shot,2PT Field Goal,In The Paint (Non-RA),Center(C),8-16 ft.,11,-48,99,1,0,20260504,NYK,PHI,42500211537,23540,0,0,203903|1629013|1630574|1630631|1642278
Shot Chart Detail,0042500211,539,1631133,Jabari Walker,1610612752,Philadelphia 76ers,4,8,43,Missed Shot,Floating Jump shot,2PT Field Goal,In The Paint (Non-RA),Center(C),8-16 ft.,9,-33,88,1,0,20260504,NYK,PHI,42500211539,23570,0,0,203903|1629013|1630574|1630631|1642278
Shot Chart Detail,0042500211,544,1630570,Trendon Watford,1610612752,Philadelphia 76ers,4,8,31,Missed Shot,Driving Hook Shot,2PT Field Goal,In The Paint (Non-RA),Center(C),Less Than 8 ft.,4,16,38,1,0,20260504,NYK,PHI,42500211544,23690,0,0,203903|1629013|1630574|1642278|1642359
Shot Chart Detail,0042500211,554,1631207,Dalen Terry,1610612752,Philadelphia 76ers,4,8,2,Missed Shot,Driving Floating Jump Shot,2PT Field Goal,In The Paint (Non-RA),Center(C),Less Than 8 ft.,6,16,62,1,0,20260504,NYK,PHI,42500211554,23980,0,0,203903|1629013|1630574|1642278|1642359
Shot Chart Detail,0042500211,566,1631230,Dominick Barlow,1610612752,Philadelphia 76ers,4,7,18,Made Shot,Driving Layup Shot,2PT Field Goal,Restricted Area,Center(C),Less Than 8 ft.,1,-11,8,1,1,20260504,NYK,PHI,42500211566,24420,0,1,1629013|1630574|1642278|1642359|1642885
Shot Chart Detail,0042500211,583,1642348,Justin Edwards,1610612752,Philadelphia 76ers,4,5,53,Missed Shot,Jump Shot,3PT Field Goal,Above the Break 3,Left Side Center(LC),24+ ft.,26,-145,221,1,0,20260504,NYK,PHI,42500211583,25270,0,0,1629013|1630574|1642278|1642359|1642885
Shot Chart Detail,0042500211,596,1630570,Trendon Watford,1610612752,Philadelphia 76ers,4,4,42,Missed Shot,Jump Shot,3PT Field Goal,Above the Break 3,Right Side Center(RC),24+ ft.,25,178,184,1,0,20260504,NYK,PHI,42500211596,25980,0,0,1629013|1630574|1642278|1642359|1642885
Shot Chart Detail,0042500211,613,1631133,Jabari Walker,1610612752,Philadelphia 76ers,4,3,55,Missed Shot,Cutting Layup Shot,2PT Field Goal,Restricted Area,Center(C),Less Than 8 ft.,0,-7,7,1,0,20260504,NYK,PHI,42500211613,26450,0,0,1629013|1630574|1642278|1642359|1642885
Shot Chart Detail,0042500211,630,1630570,Trendon Watford,1610612752,Philadelphia 76ers,4,2,49,Made Shot,Driving Floating Bank Jump Shot,2PT Field Goal,Restricted Area,Center(C),Less Than 8 ft.,3,23,21,1,1,20260504,NYK,PHI,42500211630,27110,0,0,1629013|1630574|1642278|1642359|1642885
Shot Chart Detail,0042500211,633,1642348,Justin Edwards,1610612752,Philadelphia 76ers,4,2,18,Made Shot,Jump Shot,3PT Field Goal,Above the Break 3,Center(C),24+ ft.,25,-17,252,1,1,20260504,NYK,PHI,42500211633,27420,0,1,1629013|1630574|1642278|1642359|1642885
Shot Chart Detail,0042500211,637,1641780,Johni Broome,1610612752,Philadelphia 76ers,4,1,46,Missed Shot,Jump Shot,3PT Field Goal,Above the Break 3,Left Side Center(LC),24+ ft.,26,-153,214,1,0,20260504,NYK,PHI,42500211637,27740,0,0,1629013|1630574|1642278|1642359|1642885
Shot Chart Detail,0042500212,9,1626162,Kelly Oubre Jr.,1610612752,Philadelphia 76ers,1,11,30,Made Shot,Running Dunk Shot,2PT Field Goal,Restricted Area,Center(C),Less Than 8 ft.,1,-15,-4,1,1,20260506,NYK,PHI,425002129,300,0,1,1626157|1628384|1628404|1628969|1628973
Shot Chart Detail,0042500212,13,202331,Paul George,1610612752,Philadelphia 76ers,1,10,54,Made Shot,Jump Shot,2PT Field Goal,Mid-Range,Left Side(L),8-16 ft.,11,-112,37,1,1,20260506,NYK,PHI,4250021213,660,0,0,1626157|1628384|1628404|1628969|1628973
Shot Chart Detail,0042500212,16,202331,Paul George,1610612752,Philadelphia 76ers,1,10,12,Made Shot,Pullup Jump shot,3PT Field Goal,Above the Break 3,Left Side Center(LC),24+ ft.,25,-138,210,1,1,20260506,NYK,PHI,4250021216,1080,0,0,1626157|1628384|1628404|1628969|1628973
Shot Chart Detail,0042500212,40,202331,Paul George,1610612752,Philadelphia 76ers,1,8,15,Made Shot,Jump Shot,3PT Field Goal,Left Corner 3,Left Side(L),24+ ft.,23,-230,26,1,1,20260506,NYK,PHI,4250021240,2250,0,1,1626157|1628384|1628404|1628969|1628973
Shot Chart Detail,0042500212,44,202331,Paul George,1610612752,Philadelphia 76ers,1,7,50,Made Shot,Jump Shot,3PT Field Goal,Left Corner 3,Left Side(L),24+ ft.,22,-225,-22,1,1,20260506,NYK,PHI,4250021244,2500,0,1,1626157|1628384|1628404|1628969|1628973
Shot Chart Detail,0042500212,48,1630178,Tyrese Maxey,1610612752,Philadelphia 76ers,1,7,29,Made Shot,Running Reverse Layup Shot,2PT Field Goal,Restricted Area,Center(C),Less Than 8 ft.,0,4,-2,1,1,20260506,NYK,PHI,4250021248,2710,0,0,1626157|1628384|1628404|1628969|1628973
Shot Chart Detail,0042500212,51,1630178,Tyrese Maxey,1610612752,Philadelphia 76ers,1,7,20,Missed Shot,Running Jump Shot,3PT Field Goal,Above the Break 3,Right Side Center(RC),24+ ft.,24,127,208,1,0,20260506,NYK,PHI,4250021251,2800,0,0,1626157|1628384|1628404|1628969|1628973
Shot Chart Detail,0042500212,59,1630178,Tyrese Maxey,1610612752,Philadelphia 76ers,1,6,35,Missed Shot,Driving Floating Jump Shot,2PT Field Goal,In The Paint (Non-RA),Center(C),Less Than 8 ft.,6,40,55,1,0,20260506,NYK,PHI,4250021259,3250,0,0,1626157|1628384|1628404|1628969|1628973
Shot Chart Detail,0042500212,63,1642845,VJ Edgecombe,1610612752,Philadelphia 76ers,1,6,3,Made Shot,Driving Floating Jump Shot,2PT Field Goal,In The Paint (Non-RA),Center(C),Less Than 8 ft.,7,60,43,1,1,20260506,NYK,PHI,4250021263,3570,0,0,1626157|1628384|1628404|1628969|1628973
Shot Chart Detail,0042500212,71,202331,Paul George,1610612752,Philadelphia 76ers,1,5,40,Missed Shot,Jump Shot,3PT Field Goal,Right Corner 3,Right Side(R),24+ ft.,23,230,-13,1,0,20260506,NYK,PHI,4250021271,3800,0,0,1626157|1628384|1628404|1628969|1628973
Shot Chart Detail,0042500212,75,1642845,VJ Edgecombe,1610612752,Philadelphia 76ers,1,5,8,Missed Shot,Driving Layup Shot,2PT Field Goal,In The Paint (Non-RA),Center(C),Less Than 8 ft.,4,20,42,1,0,20260506,NYK,PHI,4250021275,4120,0,0,1626157|1628384|1628404|1628969|1628973
Shot Chart Detail,0042500212,85,1630178,Tyrese Maxey,1610612752,Philadelphia 76ers,1,5,2,Missed Shot,Step Back Jump shot,2PT Field Goal,Mid-Range,Center(C),16-24 ft.,20,34,198,1,0,20260506,NYK,PHI,4250021285,4180,0,0,203903|1626157|1628404|1628973|1630540
Shot Chart Detail,0042500212,87,202331,Paul George,1610612752,Philadelphia 76ers,1,4,50,Missed Shot,Pullup Jump shot,3PT Field Goal,Above the Break 3,Left Side Center(LC),24+ ft.,25,-108,227,1,0,20260506,NYK,PHI,4250021287,4300,0,0,203903|1626157|1628404|1628973|1630540
Shot Chart Detail,0042500212,102,1626162,Kelly Oubre Jr.,1610612752,Philadelphia 76ers,1,3,58,Made Shot,Jump Shot,3PT Field Goal,Right Corner 3,Right Side(R),24+ ft.,23,232,5,1,1,20260506,NYK,PHI,42500212102,4820,0,1,203903|1628404|1628973|1630540|1630574
Shot Chart Detail,0042500212,109,1626162,Kelly Oubre Jr.,1610612752,Philadelphia 76ers,1,3,25,Made Shot,Jump Shot,3PT Field Goal,Left Corner 3,Left Side(L),24+ ft.,22,-228,8,1,1,20260506,NYK,PHI,42500212109,5150,0,1,203903|1628404|1628973|1630540|1630574
Shot Chart Detail,0042500212,125,1629656,Quentin Grimes,1610612752,Philadelphia 76ers,1,2,49,Missed Shot,Step Back Jump shot,2PT Field Goal,In The Paint (Non-RA),Center(C),8-16 ft.,12,-9,126,1,0,20260506,NYK,PHI,42500212125,5510,0,0,203903|1628384|1628973|1630540|1630574
Shot Chart Detail,0042500212,178,1629656,Quentin Grimes,1610612752,Philadelphia 76ers,1,0,14,Made Shot,Jump Shot,3PT Field Goal,Right Corner 3,Right Side(R),24+ ft.,23,232,41,1,1,20260506,NYK,PHI,42500212178,7060,0,1,203903|1628384|1628973|1630540|1631110
Shot Chart Detail,0042500212,192,1630178,Tyrese Maxey,1610612752,Philadelphia 76ers,2,11,45,Made Shot,Cutting Dunk Shot,2PT Field Goal,Restricted Area,Center(C),Less Than 8 ft.,1,6,11,1,1,20260506,NYK,PHI,42500212192,7350,0,1,1626157|1628384|1628969|1630540|1630631
Shot Chart Detail,0042500212,210,1630178,Tyrese Maxey,1610612752,Philadelphia 76ers,2,10,23,Missed Shot,Driving Layup Shot,2PT Field Goal,Restricted Area,Center(C),Less Than 8 ft.,1,-1,15,1,0,20260506,NYK,PHI,42500212210,8170,0,0,1628384|1628404|1628969|1630540|1630631
Shot Chart Detail,0042500212,220,1630178,Tyrese Maxey,1610612752,Philadelphia 76ers,2,9,59,Made Shot,Jump Shot,3PT Field Goal,Above the Break 3,Left Side Center(LC),24+ ft.,24,-110,221,1,1,20260506,NYK,PHI,42500212220,8410,0,1,1628384|1628404|1628969|1630540|1630631
Shot Chart Detail,0042500212,224,1629656,Quentin Grimes,1610612752,Philadelphia 76ers,2,9,30,Missed Shot,Driving Reverse Layup Shot,2PT Field Goal,Restricted Area,Center(C),Less Than 8 ft.,1,10,9,1,0,20260506,NYK,PHI,42500212224,8700,0,0,1628384|1628404|1628969|1630540|1630631
Shot Chart Detail,0042500212,229,1630178,Tyrese Maxey,1610612752,Philadelphia 76ers,2,9,7,Made Shot,Turnaround Fadeaway shot,2PT Field Goal,Mid-Range,Right Side(R),8-16 ft.,13,114,68,1,1,20260506,NYK,PHI,42500212229,8930,0,0,1628384|1628404|1628969|1630540|1630631
Shot Chart Detail,0042500212,235,1630178,Tyrese Maxey,1610612752,Philadelphia 76ers,2,8,34,Made Shot,Fadeaway Jump Shot,2PT Field Goal,Mid-Range,Left Side Center(LC),16-24 ft.,17,-89,152,1,1,20260506,NYK,PHI,42500212235,9260,0,0,1628384|1628404|1628969|1630540|1630631
Shot Chart Detail,0042500212,238,202331,Paul George,1610612752,Philadelphia 76ers,2,8,4,Missed Shot,Step Back Jump shot,3PT Field Goal,Above the Break 3,Center(C),24+ ft.,25,7,256,1,0,20260506,NYK,PHI,42500212238,9560,0,0,1628384|1628404|1628969|1630540|1630631
Shot Chart Detail,0042500212,263,1626162,Kelly Oubre Jr.,1610612752,Philadelphia 76ers,2,7,9,Missed Shot,Cutting Dunk Shot,2PT Field Goal,Restricted Area,Center(C),Less Than 8 ft.,2,5,27,1,0,20260506,NYK,PHI,42500212263,10110,0,0,203903|1628404|1628969|1628973|1630574
Shot Chart Detail,0042500212,268,1630178,Tyrese Maxey,1610612752,Philadelphia 76ers,2,6,43,Missed Shot,Running Pull-Up Jump Shot,3PT Field Goal,Above the Break 3,Right Side Center(RC),24+ ft.,27,143,239,1,0,20260506,NYK,PHI,42500212268,10370,0,0,203903|1628404|1628969|1628973|1630574
Shot Chart Detail,0042500212,270,203083,Andre Drummond,1610612752,Philadelphia 76ers,2,6,40,Made Shot,Tip Layup Shot,2PT Field Goal,Restricted Area,Center(C),Less Than 8 ft.,0,0,0,1,1,20260506,NYK,PHI,42500212270,10400,0,0,203903|1628404|1628969|1628973|1630574
Shot Chart Detail,0042500212,275,1630178,Tyrese Maxey,1610612752,Philadelphia 76ers,2,6,11,Made Shot,Driving Layup Shot,2PT Field Goal,Restricted Area,Center(C),Less Than 8 ft.,1,-9,10,1,1,20260506,NYK,PHI,42500212275,10690,0,0,203903|1628404|1628969|1628973|1630574
Shot Chart Detail,0042500212,280,1630178,Tyrese Maxey,1610612752,Philadelphia 76ers,2,5,43,Missed Shot,Driving Floating Jump Shot,2PT Field Goal,In The Paint (Non-RA),Right Side(R),8-16 ft.,8,62,62,1,0,20260506,NYK,PHI,42500212280,10970,0,0,203903|1628404|1628969|1628973|1630574
Shot Chart Detail,0042500212,284,1626162,Kelly Oubre Jr.,1610612752,Philadelphia 76ers,2,5,22,Made Shot,Dunk Shot,2PT Field Goal,Restricted Area,Center(C),Less Than 8 ft.,0,-4,-2,1,1,20260506,NYK,PHI,42500212284,11180,0,1,203903|1628404|1628969|1628973|1630574
Shot Chart Detail,0042500212,302,1642845,VJ Edgecombe,1610612752,Philadelphia 76ers,2,4,12,Missed Shot,Floating Jump shot,2PT Field Goal,Restricted Area,Center(C),Less Than 8 ft.,1,-6,19,1,0,20260506,NYK,PHI,42500212302,11880,0,0,1628384|1628404|1628969|1628973|1629013
Shot Chart Detail,0042500212,306,1630178,Tyrese Maxey,1610612752,Philadelphia 76ers,2,3,37,Missed Shot,Turnaround Bank shot,2PT Field Goal,In The Paint (Non-RA),Right Side(R),8-16 ft.,8,47,68,1,0,20260506,NYK,PHI,42500212306,12230,0,0,1628384|1628404|1628969|1628973|1629013
Shot Chart Detail,0042500212,317,202331,Paul George,1610612752,Philadelphia 76ers,2,3,8,Made Shot,Jump Shot,2PT Field Goal,Mid-Range,Left Side(L),8-16 ft.,13,-137,24,1,1,20260506,NYK,PHI,42500212317,12520,0,1,1628384|1628404|1628969|1628973|1629013
Shot Chart Detail,0042500212,327,1626162,Kelly Oubre Jr.,1610612752,Philadelphia 76ers,2,2,39,Missed Shot,Jump Shot,3PT Field Goal,Above the Break 3,Left Side Center(LC),24+ ft.,26,-159,211,1,0,20260506,NYK,PHI,42500212327,12810,0,0,1628384|1628404|1628969|1628973|1629013
Shot Chart Detail,0042500212,333,1626162,Kelly Oubre Jr.,1610612752,Philadelphia 76ers,2,2,0,Missed Shot,Turnaround Jump Shot,2PT Field Goal,In The Paint (Non-RA),Center(C),8-16 ft.,11,26,117,1,0,20260506,NYK,PHI,42500212333,13200,0,0,1628384|1628404|1628969|1628973|1629013
Shot Chart Detail,0042500212,338,1629656,Quentin Grimes,1610612752,Philadelphia 76ers,2,1,30,Missed Shot,Pullup Jump shot,3PT Field Goal,Above the Break 3,Right Side Center(RC),24+ ft.,25,126,226,1,0,20260506,NYK,PHI,42500212338,13500,0,0,1628384|1628404|1628969|1628973|1629013
Shot Chart Detail,0042500212,344,1630178,Tyrese Maxey,1610612752,Philadelphia 76ers,2,0,55,Missed Shot,Fadeaway Jump Shot,2PT Field Goal,Mid-Range,Center(C),8-16 ft.,15,-12,151,1,0,20260506,NYK,PHI,42500212344,13850,0,0,1628384|1628404|1628969|1628973|1629013
Shot Chart Detail,0042500212,351,202331,Paul George,1610612752,Philadelphia 76ers,2,0,31,Missed Shot,Jump Shot,3PT Field Goal,Right Corner 3,Right Side(R),24+ ft.,23,234,11,1,0,20260506,NYK,PHI,42500212351,14090,0,0,1628384|1628404|1628969|1628973|1629013
Shot Chart Detail,0042500212,353,1642845,VJ Edgecombe,1610612752,Philadelphia 76ers,2,0,27,Made Shot,Driving Layup Shot,2PT Field Goal,Restricted Area,Center(C),Less Than 8 ft.,2,-16,13,1,1,20260506,NYK,PHI,42500212353,14130,0,1,1628384|1628404|1628969|1628973|1629013
Shot Chart Detail,0042500212,357,1642845,VJ Edgecombe,1610612752,Philadelphia 76ers,2,0,5,Made Shot,Jump Shot,3PT Field Goal,Above the Break 3,Left Side Center(LC),24+ ft.,25,-135,213,1,1,20260506,NYK,PHI,42500212357,14350,0,1,1628384|1628404|1628969|1628973|1629013
Shot Chart Detail,0042500212,367,1642845,VJ Edgecombe,1610612752,Philadelphia 76ers,2,0,0,Missed Shot,Pullup Jump shot,3PT Field Goal,Above the Break 3,Center(C),24+ ft.,24,12,241,1,0,20260506,NYK,PHI,42500212367,14400,0,0,1628384|1628404|1628969|1628973|1629013
Shot Chart Detail,0042500212,375,202331,Paul George,1610612752,Philadelphia 76ers,3,11,47,Missed Shot,Jump Shot,3PT Field Goal,Above the Break 3,Left Side Center(LC),24+ ft.,25,-94,241,1,0,20260506,NYK,PHI,42500212375,14530,0,0,1626157|1628384|1628404|1628969|1628973
Shot Chart Detail,0042500212,386,1642845,VJ Edgecombe,1610612752,Philadelphia 76ers,3,10,39,Made Shot,Jump Shot,3PT Field Goal,Left Corner 3,Left Side(L),24+ ft.,24,-244,18,1,1,20260506,NYK,PHI,42500212386,15210,0,1,1626157|1628384|1628404|1628969|1628973
Shot Chart Detail,0042500212,395,1626162,Kelly Oubre Jr.,1610612752,Philadelphia 76ers,3,9,37,Missed Shot,Driving Floating Jump Shot,2PT Field Goal,Restricted Area,Center(C),Less Than 8 ft.,0,-2,8,1,0,20260506,NYK,PHI,42500212395,15830,0,0,1626157|1628384|1628404|1628969|1628973
Shot Chart Detail,0042500212,399,203083,Andre Drummond,1610612752,Philadelphia 76ers,3,9,36,Made Shot,Tip Layup Shot,2PT Field Goal,Restricted Area,Center(C),Less Than 8 ft.,0,-6,5,1,1,20260506,NYK,PHI,42500212399,15840,0,0,1626157|1628384|1628404|1628969|1628973
Shot Chart Detail,0042500212,400,1630178,Tyrese Maxey,1610612752,Philadelphia 76ers,3,9,7,Made Shot,Driving Floating Bank Jump Shot,2PT Field Goal,Restricted Area,Center(C),Less Than 8 ft.,1,16,6,1,1,20260506,NYK,PHI,42500212400,16130,0,0,1626157|1628384|1628404|1628969|1628973
Shot Chart Detail,0042500212,404,202331,Paul George,1610612752,Philadelphia 76ers,3,8,33,Made Shot,Jump Shot,3PT Field Goal,Above the Break 3,Left Side Center(LC),24+ ft.,27,-206,176,1,1,20260506,NYK,PHI,42500212404,16470,0,1,1626157|1628384|1628404|1628969|1628973
Shot Chart Detail,0042500212,411,1626162,Kelly Oubre Jr.,1610612752,Philadelphia 76ers,3,8,7,Made Shot,Driving Layup Shot,2PT Field Goal,Restricted Area,Center(C),Less Than 8 ft.,1,1,13,1,1,20260506,NYK,PHI,42500212411,16730,0,1,1626157|1628384|1628404|1628969|1628973
Shot Chart Detail,0042500212,419,1642845,VJ Edgecombe,1610612752,Philadelphia 76ers,3,7,34,Made Shot,Pullup Jump shot,2PT Field Goal,Mid-Range,Right Side Center(RC),16-24 ft.,20,64,191,1,1,20260506,NYK,PHI,42500212419,17060,0,0,1626157|1628384|1628404|1628969|1628973
Shot Chart Detail,0042500212,423,202331,Paul George,1610612752,Philadelphia 76ers,3,6,47,Made Shot,Step Back Jump shot,3PT Field Goal,Left Corner 3,Left Side(L),24+ ft.,23,-225,67,1,1,20260506,NYK,PHI,42500212423,17530,0,1,1626157|1628384|1628404|1628969|1628973
Shot Chart Detail,0042500212,435,202331,Paul George,1610612752,Philadelphia 76ers,3,5,46,Missed Shot,Step Back Jump shot,3PT Field Goal,Above the Break 3,Left Side Center(LC),24+ ft.,25,-165,196,1,0,20260506,NYK,PHI,42500212435,18140,0,0,1626157|1628384|1628404|1628969|1628973
Shot Chart Detail,0042500212,439,1626162,Kelly Oubre Jr.,1610612752,Philadelphia 76ers,3,5,6,Missed Shot,Jump Shot,3PT Field Goal,Above the Break 3,Center(C),24+ ft.,26,43,259,1,0,20260506,NYK,PHI,42500212439,18540,0,0,1626157|1628384|1628404|1628969|1628973
Shot Chart Detail,0042500212,468,1631230,Dominick Barlow,1610612752,Philadelphia 76ers,3,2,56,Made Shot,Dunk Shot,2PT Field Goal,Restricted Area,Center(C),Less Than 8 ft.,1,7,16,1,1,20260506,NYK,PHI,42500212468,19840,0,0,1628384|1628404|1628969|1628973|1629013
Shot Chart Detail,0042500212,473,1642845,VJ Edgecombe,1610612752,Philadelphia 76ers,3,2,14,Made Shot,Jump Shot,3PT Field Goal,Right Corner 3,Right Side(R),24+ ft.,23,234,25,1,1,20260506,NYK,PHI,42500212473,20260,0,1,1628384|1628404|1628969|1628973|1629013
Shot Chart Detail,0042500212,493,1631230,Dominick Barlow,1610612752,Philadelphia 76ers,3,0,59,Made Shot,Dunk Shot,2PT Field Goal,Restricted Area,Center(C),Less Than 8 ft.,0,0,8,1,1,20260506,NYK,PHI,42500212493,21010,0,1,1628384|1628404|1628969|1628973|1630540
Shot Chart Detail,0042500212,512,1630178,Tyrese Maxey,1610612752,Philadelphia 76ers,3,0,2,Missed Shot,Driving Floating Jump Shot,2PT Field Goal,Mid-Range,Left Side(L),8-16 ft.,11,-82,76,1,0,20260506,NYK,PHI,42500212512,21580,0,0,1628384|1628969|1629013|1630540|1631110
Shot Chart Detail,0042500212,526,202331,Paul George,1610612752,Philadelphia 76ers,4,11,36,Missed Shot,Pullup Jump shot,2PT Field Goal,Mid-Range,Right Side Center(RC),16-24 ft.,18,78,167,1,0,20260506,NYK,PHI,42500212526,21840,0,0,1626157|1628404|1628969|1630540|1630631
Shot Chart Detail,0042500212,530,1631230,Dominick Barlow,1610612752,Philadelphia 76ers,4,10,59,Made Shot,Cutting Layup Shot,2PT Field Goal,Restricted Area,Center(C),Less Than 8 ft.,1,-11,-5,1,1,20260506,NYK,PHI,42500212530,22210,0,1,1626157|1628404|1628969|1630540|1630631
Shot Chart Detail,0042500212,533,202331,Paul George,1610612752,Philadelphia 76ers,4,10,28,Missed Shot,Jump Shot,3PT Field Goal,Left Corner 3,Left Side(L),24+ ft.,23,-232,18,1,0,20260506,NYK,PHI,42500212533,22520,0,0,1626157|1628404|1628969|1630540|1630631
Shot Chart Detail,0042500212,535,1630178,Tyrese Maxey,1610612752,Philadelphia 76ers,4,10,16,Missed Shot,Fadeaway Jump Shot,2PT Field Goal,Mid-Range,Right Side(R),8-16 ft.,15,109,115,1,0,20260506,NYK,PHI,42500212535,22640,0,0,1626157|1628404|1628969|1630540|1630631
Shot Chart Detail,0042500212,539,1630178,Tyrese Maxey,1610612752,Philadelphia 76ers,4,10,0,Missed Shot,Jump Shot,3PT Field Goal,Right Corner 3,Right Side(R),24+ ft.,22,224,34,1,0,20260506,NYK,PHI,42500212539,22800,0,0,1626157|1628404|1628969|1630540|1630631
Shot Chart Detail,0042500212,543,202331,Paul George,1610612752,Philadelphia 76ers,4,9,20,Missed Shot,Turnaround Fadeaway shot,2PT Field Goal,Mid-Range,Left Side Center(LC),16-24 ft.,17,-114,134,1,0,20260506,NYK,PHI,42500212543,23200,0,0,1626157|1628404|1628969|1630540|1630631
Shot Chart Detail,0042500212,556,1630178,Tyrese Maxey,1610612752,Philadelphia 76ers,4,8,43,Made Shot,Step Back Jump shot,2PT Field Goal,Mid-Range,Right Side(R),8-16 ft.,14,127,68,1,1,20260506,NYK,PHI,42500212556,23570,0,0,1626157|1628384|1628404|1628973|1630540
Shot Chart Detail,0042500212,558,1642845,VJ Edgecombe,1610612752,Philadelphia 76ers,4,8,7,Missed Shot,Cutting Layup Shot,2PT Field Goal,Restricted Area,Center(C),Less Than 8 ft.,2,16,21,1,0,20260506,NYK,PHI,42500212558,23930,0,0,1626157|1628384|1628404|1628973|1630540
Shot Chart Detail,0042500212,565,202331,Paul George,1610612752,Philadelphia 76ers,4,7,35,Missed Shot,Fadeaway Jump Shot,2PT Field Goal,Mid-Range,Right Side(R),8-16 ft.,12,125,23,1,0,20260506,NYK,PHI,42500212565,24250,0,0,1626157|1628384|1628404|1628973|1630540
Shot Chart Detail,0042500212,576,1626162,Kelly Oubre Jr.,1610612752,Philadelphia 76ers,4,6,52,Made Shot,Jump Shot,3PT Field Goal,Right Corner 3,Right Side(R),24+ ft.,23,234,5,1,1,20260506,NYK,PHI,42500212576,24680,0,1,1626157|1628384|1628404|1628973|1630540
Shot Chart Detail,0042500212,580,1642845,VJ Edgecombe,1610612752,Philadelphia 76ers,4,6,1,Missed Shot,Jump Shot,3PT Field Goal,Above the Break 3,Right Side Center(RC),24+ ft.,24,159,189,1,0,20260506,NYK,PHI,42500212580,25190,0,0,1626157|1628384|1628404|1628973|1630540
Shot Chart Detail,0042500212,584,1626162,Kelly Oubre Jr.,1610612752,Philadelphia 76ers,4,5,28,Missed Shot,Jump Shot,3PT Field Goal,Above the Break 3,Right Side Center(RC),24+ ft.,26,108,238,1,0,20260506,NYK,PHI,42500212584,25520,0,0,1626157|1628384|1628404|1628973|1630540
Shot Chart Detail,0042500212,587,1642845,VJ Edgecombe,1610612752,Philadelphia 76ers,4,4,42,Missed Shot,Step Back Jump shot,3PT Field Goal,Left Corner 3,Left Side(L),24+ ft.,23,-232,48,1,0,20260506,NYK,PHI,42500212587,25980,0,0,1626157|1628384|1628404|1628973|1630540
Shot Chart Detail,0042500212,591,1630178,Tyrese Maxey,1610612752,Philadelphia 76ers,4,4,16,Missed Shot,Driving Layup Shot,2PT Field Goal,Restricted Area,Center(C),Less Than 8 ft.,2,0,21,1,0,20260506,NYK,PHI,42500212591,26240,0,0,1626157|1628384|1628404|1628973|1630540
Shot Chart Detail,0042500212,593,1630178,Tyrese Maxey,1610612752,Philadelphia 76ers,4,4,7,Missed Shot,Jump Shot,3PT Field Goal,Right Corner 3,Right Side(R),24+ ft.,23,222,68,1,0,20260506,NYK,PHI,42500212593,26330,0,0,1626157|1628384|1628404|1628973|1630540
Shot Chart Detail,0042500212,599,1642845,VJ Edgecombe,1610612752,Philadelphia 76ers,4,3,21,Missed Shot,Pullup Jump shot,3PT Field Goal,Above the Break 3,Right Side Center(RC),24+ ft.,26,112,242,1,0,20260506,NYK,PHI,42500212599,26790,0,0,1626157|1628384|1628404|1628969|1628973
Shot Chart Detail,0042500212,635,1630178,Tyrese Maxey,1610612752,Philadelphia 76ers,4,1,0,Made Shot,Driving Layup Shot,2PT Field Goal,Restricted Area,Center(C),Less Than 8 ft.,2,23,12,1,1,20260506,NYK,PHI,42500212635,28200,0,0,1626157|1628404|1628969|1628973|1630540
Shot Chart Detail,0042500212,638,202331,Paul George,1610612752,Philadelphia 76ers,4,0,27,Missed Shot,Jump Shot,3PT Field Goal,Above the Break 3,Left Side Center(LC),24+ ft.,26,-206,169,1,0,20260506,NYK,PHI,42500212638,28530,0,0,1626157|1628404|1628969|1628973|1630540
Shot Chart Detail,0042500212,649,1630178,Tyrese Maxey,1610612752,Philadelphia 76ers,4,0,16,Missed Shot,Pullup Jump shot,3PT Field Goal,Above the Break 3,Right Side Center(RC),24+ ft.,25,188,176,1,0,20260506,NYK,PHI,42500212649,28640,0,0,1628404|1628969|1628973|1629013|1630540
Shot Chart Detail,0042500213,7,1626162,Kelly Oubre Jr.,1610612752,Philadelphia 76ers,1,11,55,Made Shot,Driving Layup Shot,2PT Field Goal,Restricted Area,Center(C),Less Than 8 ft.,2,4,22,1,1,20260508,PHI,NYK,425002137,50,0,0,1626157|1628404|1628969|1628973|1630540
Shot Chart Detail,0042500213,10,202331,Paul George,1610612752,Philadelphia 76ers,1,11,20,Made Shot,Jump Shot,3PT Field Goal,Above the Break 3,Right Side Center(RC),24+ ft.,28,116,258,1,1,20260508,PHI,NYK,4250021310,400,0,1,1626157|1628404|1628969|1628973|1630540
Shot Chart Detail,0042500213,20,202331,Paul George,1610612752,Philadelphia 76ers,1,10,45,Missed Shot,Running Jump Shot,3PT Field Goal,Above the Break 3,Right Side Center(RC),24+ ft.,27,180,206,1,0,20260508,PHI,NYK,4250021320,750,0,0,1626157|1628404|1628969|1628973|1630540
Shot Chart Detail,0042500213,25,202331,Paul George,1610612752,Philadelphia 76ers,1,10,13,Made Shot,Cutting Dunk Shot,2PT Field Goal,Restricted Area,Center(C),Less Than 8 ft.,1,9,8,1,1,20260508,PHI,NYK,4250021325,1070,0,1,1626157|1628404|1628969|1628973|1630540
Shot Chart Detail,0042500213,28,1642845,VJ Edgecombe,1610612752,Philadelphia 76ers,1,9,38,Missed Shot,Jump Shot,3PT Field Goal,Right Corner 3,Right Side(R),24+ ft.,23,230,43,1,0,20260508,PHI,NYK,4250021328,1420,0,0,1626157|1628404|1628969|1628973|1630540
Shot Chart Detail,0042500213,37,203954,Joel Embiid,1610612752,Philadelphia 76ers,1,8,40,Missed Shot,Cutting Layup Shot,2PT Field Goal,Restricted Area,Center(C),Less Than 8 ft.,3,25,17,1,0,20260508,PHI,NYK,4250021337,2000,0,0,1626157|1628404|1628969|1628973|1630540
Shot Chart Detail,0042500213,45,202331,Paul George,1610612752,Philadelphia 76ers,1,8,18,Missed Shot,Pullup Jump shot,2PT Field Goal,Mid-Range,Left Side(L),8-16 ft.,12,-92,80,1,0,20260508,PHI,NYK,4250021345,2220,0,0,1626157|1628404|1628969|1628973|1630540
Shot Chart Detail,0042500213,48,202331,Paul George,1610612752,Philadelphia 76ers,1,8,13,Made Shot,Step Back Jump shot,2PT Field Goal,Mid-Range,Left Side(L),8-16 ft.,11,-116,-12,1,1,20260508,PHI,NYK,4250021348,2270,0,0,1626157|1628404|1628969|1628973|1630540
Shot Chart Detail,0042500213,53,1642845,VJ Edgecombe,1610612752,Philadelphia 76ers,1,7,37,Made Shot,Alley Oop Dunk Shot,2PT Field Goal,Restricted Area,Center(C),Less Than 8 ft.,3,25,26,1,1,20260508,PHI,NYK,4250021353,2630,0,1,1626157|1628404|1628969|1628973|1630540
Shot Chart Detail,0042500213,57,1642845,VJ Edgecombe,1610612752,Philadelphia 76ers,1,7,25,Made Shot,Running Alley Oop Dunk Shot,2PT Field Goal,Restricted Area,Center(C),Less Than 8 ft.,1,-1,13,1,1,20260508,PHI,NYK,4250021357,2750,0,1,1626157|1628404|1628969|1628973|1630540
Shot Chart Detail,0042500213,61,203954,Joel Embiid,1610612752,Philadelphia 76ers,1,6,53,Made Shot,Jump Shot,2PT Field Goal,In The Paint (Non-RA),Center(C),8-16 ft.,13,-54,125,1,1,20260508,PHI,NYK,4250021361,3070,0,0,1626157|1628404|1628969|1628973|1630540
Shot Chart Detail,0042500213,65,202331,Paul George,1610612752,Philadelphia 76ers,1,6,27,Made Shot,Jump Shot,3PT Field Goal,Above the Break 3,Right Side Center(RC),24+ ft.,25,188,179,1,1,20260508,PHI,NYK,4250021365,3330,0,1,1626157|1628404|1628969|1628973|1630540
Shot Chart Detail,0042500213,82,1626162,Kelly Oubre Jr.,1610612752,Philadelphia 76ers,1,5,12,Missed Shot,Jump Shot,3PT Field Goal,Right Corner 3,Right Side(R),24+ ft.,23,235,24,1,0,20260508,PHI,NYK,4250021382,4080,0,0,1628404|1628969|1628973|1629011|1630540
Shot Chart Detail,0042500213,85,202331,Paul George,1610612752,Philadelphia 76ers,1,4,44,Made Shot,Step Back Jump shot,3PT Field Goal,Left Corner 3,Left Side(L),24+ ft.,23,-237,14,1,1,20260508,PHI,NYK,4250021385,4360,0,0,1628404|1628969|1628973|1629011|1630540
Shot Chart Detail,0042500213,88,1630178,Tyrese Maxey,1610612752,Philadelphia 76ers,1,4,16,Made Shot,Driving Reverse Layup Shot,2PT Field Goal,Restricted Area,Center(C),Less Than 8 ft.,1,-2,11,1,1,20260508,PHI,NYK,4250021388,4640,0,1,1628404|1628969|1628973|1629011|1630540
Shot Chart Detail,0042500213,97,202331,Paul George,1610612752,Philadelphia 76ers,1,3,39,Made Shot,Turnaround Fadeaway shot,2PT Field Goal,Mid-Range,Right Side Center(RC),16-24 ft.,20,107,176,1,1,20260508,PHI,NYK,4250021397,5010,0,0,1628404|1628969|1628973|1629011|1630540
Shot Chart Detail,0042500213,100,1626162,Kelly Oubre Jr.,1610612752,Philadelphia 76ers,1,3,3,Missed Shot,Cutting Layup Shot,2PT Field Goal,Restricted Area,Center(C),Less Than 8 ft.,1,-6,11,1,0,20260508,PHI,NYK,42500213100,5370,0,0,1628404|1628969|1628973|1629011|1630540
Shot Chart Detail,0042500213,112,1626162,Kelly Oubre Jr.,1610612752,Philadelphia 76ers,1,2,56,Missed Shot,Turnaround Jump Shot,2PT Field Goal,In The Paint (Non-RA),Center(C),8-16 ft.,12,-1,125,1,0,20260508,PHI,NYK,42500213112,5440,0,0,203903|1628404|1628969|1628973|1629011
Shot Chart Detail,0042500213,122,202331,Paul George,1610612752,Philadelphia 76ers,1,2,20,Missed Shot,Pullup Jump shot,2PT Field Goal,Mid-Range,Center(C),16-24 ft.,19,38,188,1,0,20260508,PHI,NYK,42500213122,5800,0,0,203903|1628969|1628973|1629011|1629013
Shot Chart Detail,0042500213,142,1629656,Quentin Grimes,1610612752,Philadelphia 76ers,1,1,7,Missed Shot,Step Back Jump shot,3PT Field Goal,Above the Break 3,Right Side Center(RC),24+ ft.,26,156,219,1,0,20260508,PHI,NYK,42500213142,6530,0,0,203903|1628969|1628973|1629011|1629013
Shot Chart Detail,0042500213,146,203954,Joel Embiid,1610612752,Philadelphia 76ers,1,0,40,Made Shot,Driving Hook Shot,2PT Field Goal,In The Paint (Non-RA),Center(C),Less Than 8 ft.,5,2,58,1,1,20260508,PHI,NYK,42500213146,6800,0,0,203903|1628969|1628973|1629011|1629013
Shot Chart Detail,0042500213,149,1642845,VJ Edgecombe,1610612752,Philadelphia 76ers,1,0,25,Missed Shot,Running Layup Shot,2PT Field Goal,Restricted Area,Center(C),Less Than 8 ft.,1,12,4,1,0,20260508,PHI,NYK,42500213149,6950,0,0,203903|1628969|1628973|1629011|1629013
Shot Chart Detail,0042500213,153,1629656,Quentin Grimes,1610612752,Philadelphia 76ers,1,0,1,Missed Shot,Driving Reverse Layup Shot,2PT Field Goal,Restricted Area,Center(C),Less Than 8 ft.,1,12,8,1,0,20260508,PHI,NYK,42500213153,7190,0,0,203903|1628969|1628973|1629011|1629013
Shot Chart Detail,0042500213,167,1630178,Tyrese Maxey,1610612752,Philadelphia 76ers,2,11,25,Made Shot,Driving Finger Roll Layup Shot,2PT Field Goal,Restricted Area,Center(C),Less Than 8 ft.,2,-11,-17,1,1,20260508,PHI,NYK,42500213167,7550,0,0,203903|1626157|1628404|1629013|1630631
Shot Chart Detail,0042500213,172,1642845,VJ Edgecombe,1610612752,Philadelphia 76ers,2,10,37,Missed Shot,Jump Shot,3PT Field Goal,Above the Break 3,Right Side Center(RC),24+ ft.,29,152,253,1,0,20260508,PHI,NYK,42500213172,8030,0,0,203903|1626157|1628404|1629013|1630631
Shot Chart Detail,0042500213,183,203954,Joel Embiid,1610612752,Philadelphia 76ers,2,10,4,Missed Shot,Pullup Jump shot,2PT Field Goal,In The Paint (Non-RA),Center(C),8-16 ft.,10,20,100,1,0,20260508,PHI,NYK,42500213183,8360,0,0,203903|1626157|1628404|1629013|1630631
Shot Chart Detail,0042500213,187,202331,Paul George,1610612752,Philadelphia 76ers,2,9,32,Missed Shot,Driving Layup Shot,2PT Field Goal,In The Paint (Non-RA),Center(C),Less Than 8 ft.,4,31,30,1,0,20260508,PHI,NYK,42500213187,8680,0,0,203903|1626157|1628404|1629013|1630631
Shot Chart Detail,0042500213,192,1630178,Tyrese Maxey,1610612752,Philadelphia 76ers,2,9,16,Made Shot,Running Finger Roll Layup Shot,2PT Field Goal,Restricted Area,Center(C),Less Than 8 ft.,2,12,16,1,1,20260508,PHI,NYK,42500213192,8840,0,1,203903|1626157|1628404|1629013|1630631
Shot Chart Detail,0042500213,196,203954,Joel Embiid,1610612752,Philadelphia 76ers,2,8,40,Missed Shot,Driving Layup Shot,2PT Field Goal,Restricted Area,Center(C),Less Than 8 ft.,0,6,0,1,0,20260508,PHI,NYK,42500213196,9200,0,0,203903|1626157|1628404|1629013|1630631
Shot Chart Detail,0042500213,220,1626162,Kelly Oubre Jr.,1610612752,Philadelphia 76ers,2,7,58,Missed Shot,Jump Shot,3PT Field Goal,Above the Break 3,Right Side Center(RC),24+ ft.,28,157,235,1,0,20260508,PHI,NYK,42500213220,9620,0,0,1628404|1628969|1629011|1629013|1630631
Shot Chart Detail,0042500213,222,203954,Joel Embiid,1610612752,Philadelphia 76ers,2,7,47,Missed Shot,Jump Shot,2PT Field Goal,In The Paint (Non-RA),Center(C),8-16 ft.,14,67,129,1,0,20260508,PHI,NYK,42500213222,9730,0,0,1628404|1628969|1629011|1629013|1630631
Shot Chart Detail,0042500213,245,1630178,Tyrese Maxey,1610612752,Philadelphia 76ers,2,6,40,Made Shot,Step Back Jump shot,2PT Field Goal,In The Paint (Non-RA),Center(C),8-16 ft.,13,-56,126,1,1,20260508,PHI,NYK,42500213245,10400,0,0,1628404|1628969|1628973|1629011|1630540
Shot Chart Detail,0042500213,248,1626162,Kelly Oubre Jr.,1610612752,Philadelphia 76ers,2,5,57,Missed Shot,Pullup Jump shot,2PT Field Goal,Mid-Range,Center(C),8-16 ft.,15,-1,153,1,0,20260508,PHI,NYK,42500213248,10830,0,0,1628404|1628969|1628973|1629011|1630540
Shot Chart Detail,0042500213,252,1626162,Kelly Oubre Jr.,1610612752,Philadelphia 76ers,2,5,48,Missed Shot,Fadeaway Jump Shot,2PT Field Goal,In The Paint (Non-RA),Center(C),8-16 ft.,9,40,85,1,0,20260508,PHI,NYK,42500213252,10920,0,0,1628404|1628969|1628973|1629011|1630540
Shot Chart Detail,0042500213,256,203083,Andre Drummond,1610612752,Philadelphia 76ers,2,5,29,Missed Shot,Running Jump Shot,3PT Field Goal,Left Corner 3,Left Side(L),24+ ft.,23,-235,-8,1,0,20260508,PHI,NYK,42500213256,11110,0,0,1628404|1628969|1628973|1629011|1630540
Shot Chart Detail,0042500213,279,1626162,Kelly Oubre Jr.,1610612752,Philadelphia 76ers,2,4,30,Made Shot,Driving Finger Roll Layup Shot,2PT Field Goal,Restricted Area,Center(C),Less Than 8 ft.,0,-7,-2,1,1,20260508,PHI,NYK,42500213279,11700,0,1,1628404|1628969|1628973|1629011|1629013
Shot Chart Detail,0042500213,283,202331,Paul George,1610612752,Philadelphia 76ers,2,4,0,Missed Shot,Pullup Jump shot,2PT Field Goal,Mid-Range,Right Side(R),8-16 ft.,15,159,17,1,0,20260508,PHI,NYK,42500213283,12000,0,0,1628404|1628969|1628973|1629011|1629013
Shot Chart Detail,0042500213,307,203954,Joel Embiid,1610612752,Philadelphia 76ers,2,2,14,Made Shot,Jump Shot,2PT Field Goal,Mid-Range,Left Side(L),8-16 ft.,15,-87,131,1,1,20260508,PHI,NYK,42500213307,13060,0,0,1628404|1628969|1628973|1629011|1629013
Shot Chart Detail,0042500213,328,1630178,Tyrese Maxey,1610612752,Philadelphia 76ers,2,0,34,Missed Shot,Driving Floating Jump Shot,2PT Field Goal,In The Paint (Non-RA),Left Side(L),8-16 ft.,8,-56,58,1,0,20260508,PHI,NYK,42500213328,14060,0,0,1628404|1628969|1628973|1629013|1630574
Shot Chart Detail,0042500213,330,1626162,Kelly Oubre Jr.,1610612752,Philadelphia 76ers,2,0,34,Made Shot,Tip Layup Shot,2PT Field Goal,Restricted Area,Center(C),Less Than 8 ft.,0,0,0,1,1,20260508,PHI,NYK,42500213330,14060,0,0,1628404|1628969|1628973|1629013|1630574
Shot Chart Detail,0042500213,332,1626162,Kelly Oubre Jr.,1610612752,Philadelphia 76ers,2,0,0,Made Shot,Jump Shot,3PT Field Goal,Right Corner 3,Right Side(R),24+ ft.,23,233,5,1,1,20260508,PHI,NYK,42500213332,14400,0,1,1628404|1628969|1628973|1629013|1630574
Shot Chart Detail,0042500213,346,202331,Paul George,1610612752,Philadelphia 76ers,3,11,16,Missed Shot,Jump Shot,3PT Field Goal,Above the Break 3,Right Side Center(RC),24+ ft.,29,192,220,1,0,20260508,PHI,NYK,42500213346,14840,0,0,1626157|1628404|1628969|1628973|1630540
Shot Chart Detail,0042500213,352,1626162,Kelly Oubre Jr.,1610612752,Philadelphia 76ers,3,10,38,Made Shot,Cutting Layup Shot,2PT Field Goal,Restricted Area,Center(C),Less Than 8 ft.,3,-17,34,1,1,20260508,PHI,NYK,42500213352,15220,0,1,1626157|1628404|1628969|1628973|1630540
Shot Chart Detail,0042500213,355,1642845,VJ Edgecombe,1610612752,Philadelphia 76ers,3,10,11,Made Shot,Jump Shot,3PT Field Goal,Above the Break 3,Right Side Center(RC),24+ ft.,24,224,91,1,1,20260508,PHI,NYK,42500213355,15490,0,1,1626157|1628404|1628969|1628973|1630540
Shot Chart Detail,0042500213,360,202331,Paul George,1610612752,Philadelphia 76ers,3,9,39,Missed Shot,Pullup Jump shot,2PT Field Goal,Mid-Range,Right Side(R),8-16 ft.,12,123,7,1,0,20260508,PHI,NYK,42500213360,15810,0,0,1626157|1628404|1628969|1628973|1630540
Shot Chart Detail,0042500213,368,203954,Joel Embiid,1610612752,Philadelphia 76ers,3,9,9,Missed Shot,Jump Shot,3PT Field Goal,Above the Break 3,Center(C),24+ ft.,26,61,256,1,0,20260508,PHI,NYK,42500213368,16110,0,0,1626157|1628404|1628969|1628973|1630540
Shot Chart Detail,0042500213,370,1626162,Kelly Oubre Jr.,1610612752,Philadelphia 76ers,3,9,3,Missed Shot,Driving Layup Shot,2PT Field Goal,In The Paint (Non-RA),Center(C),Less Than 8 ft.,4,-44,18,1,0,20260508,PHI,NYK,42500213370,16170,0,0,1626157|1628404|1628969|1628973|1630540
Shot Chart Detail,0042500213,374,203954,Joel Embiid,1610612752,Philadelphia 76ers,3,8,35,Made Shot,Driving Dunk Shot,2PT Field Goal,Restricted Area,Center(C),Less Than 8 ft.,2,-5,20,1,1,20260508,PHI,NYK,42500213374,16450,0,1,1626157|1628404|1628969|1628973|1630540
Shot Chart Detail,0042500213,380,1630178,Tyrese Maxey,1610612752,Philadelphia 76ers,3,7,47,Made Shot,Driving Finger Roll Layup Shot,2PT Field Goal,Restricted Area,Center(C),Less Than 8 ft.,1,2,16,1,1,20260508,PHI,NYK,42500213380,16930,0,1,1626157|1628404|1628969|1628973|1630540
Shot Chart Detail,0042500213,389,1630178,Tyrese Maxey,1610612752,Philadelphia 76ers,3,7,23,Missed Shot,Step Back Jump shot,3PT Field Goal,Above the Break 3,Left Side Center(LC),24+ ft.,28,-129,251,1,0,20260508,PHI,NYK,42500213389,17170,0,0,1626157|1628404|1628969|1628973|1630540
Shot Chart Detail,0042500213,395,1630178,Tyrese Maxey,1610612752,Philadelphia 76ers,3,6,55,Made Shot,Driving Finger Roll Layup Shot,2PT Field Goal,Restricted Area,Center(C),Less Than 8 ft.,3,-11,29,1,1,20260508,PHI,NYK,42500213395,17450,0,1,1626157|1628404|1628969|1628973|1630540
Shot Chart Detail,0042500213,406,203954,Joel Embiid,1610612752,Philadelphia 76ers,3,6,19,Made Shot,Jump Shot,2PT Field Goal,Mid-Range,Center(C),16-24 ft.,20,11,207,1,1,20260508,PHI,NYK,42500213406,17810,0,1,1628404|1628969|1628973|1629011|1630540
Shot Chart Detail,0042500213,410,1626162,Kelly Oubre Jr.,1610612752,Philadelphia 76ers,3,5,45,Made Shot,Cutting Dunk Shot,2PT Field Goal,Restricted Area,Center(C),Less Than 8 ft.,3,-6,32,1,1,20260508,PHI,NYK,42500213410,18150,0,1,1628404|1628969|1628973|1629011|1630540
Shot Chart Detail,0042500213,413,202331,Paul George,1610612752,Philadelphia 76ers,3,5,11,Missed Shot,Pullup Jump shot,2PT Field Goal,Mid-Range,Right Side(R),8-16 ft.,10,103,28,1,0,20260508,PHI,NYK,42500213413,18490,0,0,1628404|1628969|1628973|1629011|1630540
Shot Chart Detail,0042500213,417,1626162,Kelly Oubre Jr.,1610612752,Philadelphia 76ers,3,4,37,Made Shot,Jump Shot,3PT Field Goal,Right Corner 3,Right Side(R),24+ ft.,23,225,65,1,1,20260508,PHI,NYK,42500213417,18830,0,1,1628404|1628969|1628973|1629011|1630540
Shot Chart Detail,0042500213,434,1642845,VJ Edgecombe,1610612752,Philadelphia 76ers,3,4,3,Made Shot,Running Dunk Shot,2PT Field Goal,Restricted Area,Center(C),Less Than 8 ft.,2,-17,23,1,1,20260508,PHI,NYK,42500213434,19170,0,0,1628404|1628969|1628973|1629011|1629013
Shot Chart Detail,0042500213,466,203954,Joel Embiid,1610612752,Philadelphia 76ers,3,2,34,Missed Shot,Hook Shot,2PT Field Goal,In The Paint (Non-RA),Center(C),Less Than 8 ft.,4,2,44,1,0,20260508,PHI,NYK,42500213466,20060,0,0,203903|1628973|1629011|1629013|1630540
Shot Chart Detail,0042500213,468,203954,Joel Embiid,1610612752,Philadelphia 76ers,3,2,28,Made Shot,Driving Layup Shot,2PT Field Goal,Restricted Area,Center(C),Less Than 8 ft.,3,-23,20,1,1,20260508,PHI,NYK,42500213468,20120,0,0,203903|1628973|1629011|1629013|1630540
Shot Chart Detail,0042500213,473,203954,Joel Embiid,1610612752,Philadelphia 76ers,3,2,10,Missed Shot,Jump Shot,2PT Field Goal,Mid-Range,Center(C),16-24 ft.,19,17,190,1,0,20260508,PHI,NYK,42500213473,20300,0,0,203903|1628973|1629011|1629013|1630540
Shot Chart Detail,0042500213,478,1642845,VJ Edgecombe,1610612752,Philadelphia 76ers,3,1,36,Missed Shot,Jump Shot,3PT Field Goal,Above the Break 3,Center(C),24+ ft.,26,-5,269,1,0,20260508,PHI,NYK,42500213478,20640,0,0,203903|1628973|1629011|1629013|1630540
Shot Chart Detail,0042500213,493,203954,Joel Embiid,1610612752,Philadelphia 76ers,3,1,0,Missed Shot,Jump Shot,3PT Field Goal,Above the Break 3,Left Side Center(LC),24+ ft.,26,-131,233,1,0,20260508,PHI,NYK,42500213493,21000,0,0,203903|1628969|1628973|1629011|1629013
Shot Chart Detail,0042500213,499,1629656,Quentin Grimes,1610612752,Philadelphia 76ers,3,0,26,Missed Shot,Jump Shot,3PT Field Goal,Left Corner 3,Left Side(L),24+ ft.,25,-248,64,1,0,20260508,PHI,NYK,42500213499,21340,0,0,203903|1628969|1628973|1629011|1629013
Shot Chart Detail,0042500213,501,202331,Paul George,1610612752,Philadelphia 76ers,3,0,22,Missed Shot,Jump Shot,3PT Field Goal,Above the Break 3,Right Side Center(RC),24+ ft.,29,150,249,1,0,20260508,PHI,NYK,42500213501,21380,0,0,203903|1628969|1628973|1629011|1629013
Shot Chart Detail,0042500213,511,1642845,VJ Edgecombe,1610612752,Philadelphia 76ers,3,0,0,Missed Shot,Jump Shot,3PT Field Goal,Above the Break 3,Center(C),24+ ft.,27,18,277,1,0,20260508,PHI,NYK,42500213511,21600,0,0,1628404|1628969|1629011|1629013|1630540
Shot Chart Detail,0042500213,523,202331,Paul George,1610612752,Philadelphia 76ers,4,11,42,Missed Shot,Turnaround Jump Shot,2PT Field Goal,Mid-Range,Left Side Center(LC),16-24 ft.,17,-82,158,1,0,20260508,PHI,NYK,42500213523,21780,0,0,203903|1626157|1628404|1629013|1630631
Shot Chart Detail,0042500213,529,1629656,Quentin Grimes,1610612752,Philadelphia 76ers,4,11,0,Made Shot,Jump Shot,3PT Field Goal,Above the Break 3,Right Side Center(RC),24+ ft.,26,191,185,1,1,20260508,PHI,NYK,42500213529,22200,0,1,203903|1626157|1628404|1629013|1630631
Shot Chart Detail,0042500213,542,1630178,Tyrese Maxey,1610612752,Philadelphia 76ers,4,9,58,Made Shot,Driving Layup Shot,2PT Field Goal,Restricted Area,Center(C),Less Than 8 ft.,3,-25,18,1,1,20260508,PHI,NYK,42500213542,22820,0,1,203903|1626157|1628404|1629013|1630631
Shot Chart Detail,0042500213,546,1630178,Tyrese Maxey,1610612752,Philadelphia 76ers,4,9,20,Missed Shot,Fadeaway Jump Shot,2PT Field Goal,Mid-Range,Right Side(R),8-16 ft.,9,89,23,1,0,20260508,PHI,NYK,42500213546,23200,0,0,203903|1626157|1628404|1629013|1630631
Shot Chart Detail,0042500213,550,1629656,Quentin Grimes,1610612752,Philadelphia 76ers,4,8,54,Made Shot,Jump Shot,3PT Field Goal,Above the Break 3,Center(C),24+ ft.,27,37,270,1,1,20260508,PHI,NYK,42500213550,23460,0,1,203903|1626157|1628404|1629013|1630631
Shot Chart Detail,0042500213,561,1626162,Kelly Oubre Jr.,1610612752,Philadelphia 76ers,4,8,20,Missed Shot,Jump Shot,3PT Field Goal,Above the Break 3,Right Side Center(RC),24+ ft.,24,225,92,1,0,20260508,PHI,NYK,42500213561,23800,0,0,1626157|1628404|1628969|1628973|1629013
Shot Chart Detail,0042500213,565,202331,Paul George,1610612752,Philadelphia 76ers,4,7,43,Missed Shot,Jump Shot,3PT Field Goal,Above the Break 3,Right Side Center(RC),24+ ft.,24,219,110,1,0,20260508,PHI,NYK,42500213565,24170,0,0,1626157|1628404|1628969|1628973|1629013
Shot Chart Detail,0042500213,569,1631230,Dominick Barlow,1610612752,Philadelphia 76ers,4,7,27,Made Shot,Running Dunk Shot,2PT Field Goal,Restricted Area,Center(C),Less Than 8 ft.,1,-4,15,1,1,20260508,PHI,NYK,42500213569,24330,0,1,1626157|1628404|1628969|1628973|1629013
Shot Chart Detail,0042500213,573,1626162,Kelly Oubre Jr.,1610612752,Philadelphia 76ers,4,6,37,Missed Shot,Pullup Jump shot,2PT Field Goal,Restricted Area,Center(C),Less Than 8 ft.,2,-2,28,1,0,20260508,PHI,NYK,42500213573,24830,0,0,1626157|1628404|1628969|1628973|1629013
Shot Chart Detail,0042500213,599,1629656,Quentin Grimes,1610612752,Philadelphia 76ers,4,5,10,Missed Shot,Jump Shot,3PT Field Goal,Above the Break 3,Right Side Center(RC),24+ ft.,25,216,137,1,0,20260508,PHI,NYK,42500213599,25700,0,0,1626157|1628404|1628969|1628973|1629013
Shot Chart Detail,0042500213,605,203954,Joel Embiid,1610612752,Philadelphia 76ers,4,4,25,Missed Shot,Step Back Jump shot,3PT Field Goal,Above the Break 3,Center(C),24+ ft.,28,31,279,1,0,20260508,PHI,NYK,42500213605,26150,0,0,1626157|1628404|1628969|1628973|1629013
Shot Chart Detail,0042500213,607,1630178,Tyrese Maxey,1610612752,Philadelphia 76ers,4,4,20,Made Shot,Jump Shot,3PT Field Goal,Right Corner 3,Right Side(R),24+ ft.,22,223,2,1,1,20260508,PHI,NYK,42500213607,26200,0,0,1626157|1628404|1628969|1628973|1629013
Shot Chart Detail,0042500213,610,1630178,Tyrese Maxey,1610612752,Philadelphia 76ers,4,3,53,Missed Shot,Pullup Jump shot,3PT Field Goal,Above the Break 3,Left Side Center(LC),24+ ft.,28,-183,222,1,0,20260508,PHI,NYK,42500213610,26470,0,0,1626157|1628404|1628969|1628973|1629013
Shot Chart Detail,0042500213,617,202331,Paul George,1610612752,Philadelphia 76ers,4,3,35,Missed Shot,Jump Shot,3PT Field Goal,Above the Break 3,Center(C),24+ ft.,28,-40,283,1,0,20260508,PHI,NYK,42500213617,26650,0,0,1626157|1628404|1628969|1628973|1629013
Shot Chart Detail,0042500213,623,203954,Joel Embiid,1610612752,Philadelphia 76ers,4,3,6,Made Shot,Cutting Dunk Shot,2PT Field Goal,Restricted Area,Center(C),Less Than 8 ft.,1,-6,18,1,1,20260508,PHI,NYK,42500213623,26940,0,1,1626157|1628404|1628969|1628973|1629013
Shot Chart Detail,0042500213,627,203954,Joel Embiid,1610612752,Philadelphia 76ers,4,2,26,Missed Shot,Jump Shot,3PT Field Goal,Above the Break 3,Center(C),24+ ft.,27,23,275,1,0,20260508,PHI,NYK,42500213627,27340,0,0,1626157|1628404|1628969|1628973|1629013
Shot Chart Detail,0042500213,659,1630570,Trendon Watford,1610612752,Philadelphia 76ers,4,1,30,Made Shot,Driving Layup Shot,2PT Field Goal,Restricted Area,Center(C),Less Than 8 ft.,2,-2,22,1,1,20260508,PHI,NYK,42500213659,27900,0,1,1630574|1631110|1642278|1642359|1642885
Shot Chart Detail,0042500213,666,1631133,Jabari Walker,1610612752,Philadelphia 76ers,4,1,8,Missed Shot,Jump Shot,3PT Field Goal,Above the Break 3,Center(C),24+ ft.,27,-20,275,1,0,20260508,PHI,NYK,42500213666,28120,0,0,1630574|1631110|1642278|1642359|1642885
Shot Chart Detail,0042500213,670,1631207,Dalen Terry,1610612752,Philadelphia 76ers,4,0,44,Missed Shot,Fadeaway Jump Shot,2PT Field Goal,In The Paint (Non-RA),Center(C),8-16 ft.,10,-2,100,1,0,20260508,PHI,NYK,42500213670,28360,0,0,1630574|1631110|1642278|1642359|1642885
Shot Chart Detail,0042500213,674,1631207,Dalen Terry,1610612752,Philadelphia 76ers,4,0,22,Missed Shot,Running Layup Shot,2PT Field Goal,In The Paint (Non-RA),Center(C),Less Than 8 ft.,4,-33,37,1,0,20260508,PHI,NYK,42500213674,28580,0,0,1630574|1631110|1642278|1642359|1642885
Shot Chart Detail,0042500214,7,1630178,Tyrese Maxey,1610612752,Philadelphia 76ers,1,11,39,Made Shot,Driving Finger Roll Layup Shot,2PT Field Goal,Restricted Area,Center(C),Less Than 8 ft.,2,-12,22,1,1,20260510,PHI,NYK,425002147,210,0,1,1626157|1628404|1628969|1628973|1630540
Shot Chart Detail,0042500214,10,1642845,VJ Edgecombe,1610612752,Philadelphia 76ers,1,11,5,Missed Shot,Jump Shot,3PT Field Goal,Above the Break 3,Right Side Center(RC),24+ ft.,26,150,224,1,0,20260510,PHI,NYK,4250021410,550,0,0,1626157|1628404|1628969|1628973|1630540
Shot Chart Detail,0042500214,16,202331,Paul George,1610612752,Philadelphia 76ers,1,10,26,Missed Shot,Jump Shot,3PT Field Goal,Above the Break 3,Left Side Center(LC),24+ ft.,25,-167,194,1,0,20260510,PHI,NYK,4250021416,940,0,0,1626157|1628404|1628969|1628973|1630540
Shot Chart Detail,0042500214,22,1630178,Tyrese Maxey,1610612752,Philadelphia 76ers,1,9,47,Made Shot,Driving Floating Jump Shot,2PT Field Goal,In The Paint (Non-RA),Center(C),Less Than 8 ft.,5,-6,55,1,1,20260510,PHI,NYK,4250021422,1330,0,0,1626157|1628404|1628969|1628973|1630540
Shot Chart Detail,0042500214,25,1626162,Kelly Oubre Jr.,1610612752,Philadelphia 76ers,1,9,14,Missed Shot,Jump Shot,3PT Field Goal,Above the Break 3,Right Side Center(RC),24+ ft.,27,206,179,1,0,20260510,PHI,NYK,4250021425,1660,0,0,1626157|1628404|1628969|1628973|1630540
Shot Chart Detail,0042500214,27,1642845,VJ Edgecombe,1610612752,Philadelphia 76ers,1,9,12,Missed Shot,Putback Layup Shot,2PT Field Goal,Restricted Area,Center(C),Less Than 8 ft.,0,0,0,1,0,20260510,PHI,NYK,4250021427,1680,0,0,1626157|1628404|1628969|1628973|1630540
Shot Chart Detail,0042500214,32,1630178,Tyrese Maxey,1610612752,Philadelphia 76ers,1,8,57,Missed Shot,Running Pull-Up Jump Shot,3PT Field Goal,Above the Break 3,Center(C),24+ ft.,26,-40,264,1,0,20260510,PHI,NYK,4250021432,1830,0,0,1626157|1628404|1628969|1628973|1630540
Shot Chart Detail,0042500214,35,1630178,Tyrese Maxey,1610612752,Philadelphia 76ers,1,8,53,Missed Shot,Jump Shot,3PT Field Goal,Above the Break 3,Right Side Center(RC),24+ ft.,27,164,219,1,0,20260510,PHI,NYK,4250021435,1870,0,0,1626157|1628404|1628969|1628973|1630540
Shot Chart Detail,0042500214,41,1642845,VJ Edgecombe,1610612752,Philadelphia 76ers,1,8,28,Missed Shot,Jump Shot,3PT Field Goal,Left Corner 3,Left Side(L),24+ ft.,23,-234,-15,1,0,20260510,PHI,NYK,4250021441,2120,0,0,1626157|1628404|1628969|1628973|1630540
Shot Chart Detail,0042500214,45,203954,Joel Embiid,1610612752,Philadelphia 76ers,1,8,10,Made Shot,Pullup Jump shot,2PT Field Goal,Mid-Range,Center(C),8-16 ft.,15,61,147,1,1,20260510,PHI,NYK,4250021445,2300,0,1,1626157|1628404|1628969|1628973|1630540
Shot Chart Detail,0042500214,54,1626162,Kelly Oubre Jr.,1610612752,Philadelphia 76ers,1,7,9,Missed Shot,Driving Floating Jump Shot,2PT Field Goal,In The Paint (Non-RA),Center(C),Less Than 8 ft.,7,28,73,1,0,20260510,PHI,NYK,4250021454,2910,0,0,1626157|1628404|1628969|1628973|1630540
Shot Chart Detail,0042500214,58,1630178,Tyrese Maxey,1610612752,Philadelphia 76ers,1,6,49,Missed Shot,Driving Floating Bank Jump Shot,2PT Field Goal,Mid-Range,Left Side(L),16-24 ft.,17,-148,88,1,0,20260510,PHI,NYK,4250021458,3110,0,0,1626157|1628404|1628969|1628973|1630540
Shot Chart Detail,0042500214,60,1626162,Kelly Oubre Jr.,1610612752,Philadelphia 76ers,1,6,46,Made Shot,Putback Layup Shot,2PT Field Goal,Restricted Area,Center(C),Less Than 8 ft.,1,16,11,1,1,20260510,PHI,NYK,4250021460,3140,0,0,1626157|1628404|1628969|1628973|1630540
Shot Chart Detail,0042500214,63,203954,Joel Embiid,1610612752,Philadelphia 76ers,1,6,17,Made Shot,Jump Shot,3PT Field Goal,Above the Break 3,Left Side Center(LC),24+ ft.,25,-119,222,1,1,20260510,PHI,NYK,4250021463,3430,0,1,1626157|1628404|1628969|1628973|1630540
Shot Chart Detail,0042500214,67,1626162,Kelly Oubre Jr.,1610612752,Philadelphia 76ers,1,5,48,Made Shot,Driving Layup Shot,2PT Field Goal,Restricted Area,Center(C),Less Than 8 ft.,2,-27,9,1,1,20260510,PHI,NYK,4250021467,3720,0,1,1626157|1628404|1628969|1628973|1630540
Shot Chart Detail,0042500214,70,1642845,VJ Edgecombe,1610612752,Philadelphia 76ers,1,5,9,Missed Shot,Driving Floating Jump Shot,2PT Field Goal,In The Paint (Non-RA),Center(C),Less Than 8 ft.,7,18,73,1,0,20260510,PHI,NYK,4250021470,4110,0,0,1626157|1628404|1628969|1628973|1630540
Shot Chart Detail,0042500214,75,203954,Joel Embiid,1610612752,Philadelphia 76ers,1,4,27,Made Shot,Jump Shot,3PT Field Goal,Above the Break 3,Left Side Center(LC),24+ ft.,26,-108,241,1,1,20260510,PHI,NYK,4250021475,4530,0,1,1626157|1628969|1628973|1629011|1630540
Shot Chart Detail,0042500214,83,1630178,Tyrese Maxey,1610612752,Philadelphia 76ers,1,3,49,Made Shot,Driving Finger Roll Layup Shot,2PT Field Goal,In The Paint (Non-RA),Center(C),Less Than 8 ft.,5,11,51,1,1,20260510,PHI,NYK,4250021483,4910,0,0,1626157|1628969|1628973|1629011|1630540
Shot Chart Detail,0042500214,87,1630178,Tyrese Maxey,1610612752,Philadelphia 76ers,1,3,10,Missed Shot,Jump Shot,3PT Field Goal,Above the Break 3,Left Side Center(LC),24+ ft.,27,-129,241,1,0,20260510,PHI,NYK,4250021487,5300,0,0,1626157|1628969|1628973|1629011|1630540
Shot Chart Detail,0042500214,104,1626162,Kelly Oubre Jr.,1610612752,Philadelphia 76ers,1,2,36,Made Shot,Driving Layup Shot,2PT Field Goal,In The Paint (Non-RA),Center(C),Less Than 8 ft.,5,11,56,1,1,20260510,PHI,NYK,42500214104,5640,0,0,203903|1628404|1628973|1629011|1629013
Shot Chart Detail,0042500214,114,1630178,Tyrese Maxey,1610612752,Philadelphia 76ers,1,1,53,Missed Shot,Driving Floating Bank Jump Shot,2PT Field Goal,In The Paint (Non-RA),Center(C),Less Than 8 ft.,4,40,29,1,0,20260510,PHI,NYK,42500214114,6070,0,0,203903|1628404|1628973|1629011|1629013
Shot Chart Detail,0042500214,123,203083,Andre Drummond,1610612752,Philadelphia 76ers,1,1,46,Made Shot,Tip Layup Shot,2PT Field Goal,Restricted Area,Center(C),Less Than 8 ft.,0,0,0,1,1,20260510,PHI,NYK,42500214123,6140,0,0,203903|1628404|1628973|1629011|1629013
Shot Chart Detail,0042500214,125,1642348,Justin Edwards,1610612752,Philadelphia 76ers,1,1,1,Missed Shot,Jump Shot,3PT Field Goal,Left Corner 3,Left Side(L),24+ ft.,23,-235,-5,1,0,20260510,PHI,NYK,42500214125,6590,0,0,203903|1628404|1628973|1629011|1629013
Shot Chart Detail,0042500214,127,203083,Andre Drummond,1610612752,Philadelphia 76ers,1,0,58,Missed Shot,Tip Layup Shot,2PT Field Goal,Restricted Area,Center(C),Less Than 8 ft.,0,0,0,1,0,20260510,PHI,NYK,42500214127,6620,0,0,203903|1628404|1628973|1629011|1629013
Shot Chart Detail,0042500214,159,202331,Paul George,1610612752,Philadelphia 76ers,2,11,33,Made Shot,Jump Shot,2PT Field Goal,Mid-Range,Right Side Center(RC),16-24 ft.,18,103,153,1,1,20260510,PHI,NYK,42500214159,7470,0,1,203903|1626157|1628404|1629013|1630631
Shot Chart Detail,0042500214,170,202331,Paul George,1610612752,Philadelphia 76ers,2,10,50,Missed Shot,Jump Shot,3PT Field Goal,Right Corner 3,Right Side(R),24+ ft.,24,239,24,1,0,20260510,PHI,NYK,42500214170,7900,0,0,203903|1626157|1628404|1629013|1630631
Shot Chart Detail,0042500214,185,202331,Paul George,1610612752,Philadelphia 76ers,2,9,52,Made Shot,Fadeaway Jump Shot,2PT Field Goal,Restricted Area,Center(C),Less Than 8 ft.,3,-38,8,1,1,20260510,PHI,NYK,42500214185,8480,0,0,203903|1626157|1628404|1629013|1630631
Shot Chart Detail,0042500214,188,1642845,VJ Edgecombe,1610612752,Philadelphia 76ers,2,9,23,Made Shot,Driving Finger Roll Layup Shot,2PT Field Goal,Restricted Area,Center(C),Less Than 8 ft.,1,-10,-8,1,1,20260510,PHI,NYK,42500214188,8770,0,0,203903|1626157|1628404|1629013|1630631
Shot Chart Detail,0042500214,193,1629656,Quentin Grimes,1610612752,Philadelphia 76ers,2,8,57,Missed Shot,Running Finger Roll Layup Shot,2PT Field Goal,Restricted Area,Center(C),Less Than 8 ft.,1,10,6,1,0,20260510,PHI,NYK,42500214193,9030,0,0,203903|1626157|1628404|1629013|1630631
Shot Chart Detail,0042500214,214,203954,Joel Embiid,1610612752,Philadelphia 76ers,2,8,11,Made Shot,Jump Shot,2PT Field Goal,Mid-Range,Left Side(L),16-24 ft.,16,-169,-10,1,1,20260510,PHI,NYK,42500214214,9490,0,1,1626157|1628969|1629011|1630540|1630631
Shot Chart Detail,0042500214,218,203954,Joel Embiid,1610612752,Philadelphia 76ers,2,7,26,Made Shot,Driving Finger Roll Layup Shot,2PT Field Goal,Restricted Area,Center(C),Less Than 8 ft.,1,10,14,1,1,20260510,PHI,NYK,42500214218,9940,0,1,1626157|1628969|1629011|1630540|1630631
Shot Chart Detail,0042500214,240,1630178,Tyrese Maxey,1610612752,Philadelphia 76ers,2,6,28,Made Shot,Running Finger Roll Layup Shot,2PT Field Goal,Restricted Area,Center(C),Less Than 8 ft.,2,0,21,1,1,20260510,PHI,NYK,42500214240,10520,0,0,1628404|1628969|1628973|1629011|1630540
Shot Chart Detail,0042500214,242,1642845,VJ Edgecombe,1610612752,Philadelphia 76ers,2,6,0,Missed Shot,Pullup Jump shot,3PT Field Goal,Above the Break 3,Right Side Center(RC),24+ ft.,26,114,242,1,0,20260510,PHI,NYK,42500214242,10800,0,0,1628404|1628969|1628973|1629011|1630540
Shot Chart Detail,0042500214,249,1630178,Tyrese Maxey,1610612752,Philadelphia 76ers,2,5,31,Missed Shot,Driving Finger Roll Layup Shot,2PT Field Goal,In The Paint (Non-RA),Center(C),Less Than 8 ft.,4,-2,48,1,0,20260510,PHI,NYK,42500214249,11090,0,0,1628404|1628969|1628973|1629011|1630540
Shot Chart Detail,0042500214,261,1642845,VJ Edgecombe,1610612752,Philadelphia 76ers,2,4,57,Made Shot,Driving Finger Roll Layup Shot,2PT Field Goal,Restricted Area,Center(C),Less Than 8 ft.,0,-5,6,1,1,20260510,PHI,NYK,42500214261,11430,0,0,1626157|1628404|1628969|1628973|1630540
Shot Chart Detail,0042500214,269,1642845,VJ Edgecombe,1610612752,Philadelphia 76ers,2,4,22,Missed Shot,Pullup Jump shot,2PT Field Goal,In The Paint (Non-RA),Center(C),8-16 ft.,13,-10,131,1,0,20260510,PHI,NYK,42500214269,11780,0,0,1626157|1628404|1628969|1628973|1630540
Shot Chart Detail,0042500214,271,203954,Joel Embiid,1610612752,Philadelphia 76ers,2,4,20,Made Shot,Tip Layup Shot,2PT Field Goal,Restricted Area,Center(C),Less Than 8 ft.,0,0,0,1,1,20260510,PHI,NYK,42500214271,11800,0,0,1626157|1628404|1628969|1628973|1630540
Shot Chart Detail,0042500214,290,203083,Andre Drummond,1610612752,Philadelphia 76ers,2,3,11,Made Shot,Dunk Shot,2PT Field Goal,Restricted Area,Center(C),Less Than 8 ft.,0,-6,-1,1,1,20260510,PHI,NYK,42500214290,12490,0,1,1626157|1628404|1628969|1628973|1630540
Shot Chart Detail,0042500214,308,1642845,VJ Edgecombe,1610612752,Philadelphia 76ers,2,2,35,Missed Shot,Jump Shot,3PT Field Goal,Right Corner 3,Right Side(R),24+ ft.,23,230,14,1,0,20260510,PHI,NYK,42500214308,12850,0,0,1628404|1628969|1628973|1629011|1630540
Shot Chart Detail,0042500214,322,1629656,Quentin Grimes,1610612752,Philadelphia 76ers,2,1,51,Made Shot,Jump Shot,3PT Field Goal,Left Corner 3,Left Side(L),24+ ft.,23,-235,41,1,1,20260510,PHI,NYK,42500214322,13290,0,1,1628404|1628969|1628973|1629011|1630540
Shot Chart Detail,0042500214,346,1629656,Quentin Grimes,1610612752,Philadelphia 76ers,2,0,1,Made Shot,Step Back Jump shot,3PT Field Goal,Above the Break 3,Left Side Center(LC),24+ ft.,25,-214,146,1,1,20260510,PHI,NYK,42500214346,14390,0,1,1628404|1628969|1628973|1630540|1630574
Shot Chart Detail,0042500214,361,202331,Paul George,1610612752,Philadelphia 76ers,3,11,28,Made Shot,Jump Shot,3PT Field Goal,Above the Break 3,Right Side Center(RC),24+ ft.,25,228,105,1,1,20260510,PHI,NYK,42500214361,14720,0,1,1626157|1628404|1628969|1628973|1630540
Shot Chart Detail,0042500214,369,203954,Joel Embiid,1610612752,Philadelphia 76ers,3,10,45,Made Shot,Step Back Jump shot,2PT Field Goal,Mid-Range,Right Side(R),8-16 ft.,15,105,113,1,1,20260510,PHI,NYK,42500214369,15150,0,0,1626157|1628404|1628969|1628973|1630540
Shot Chart Detail,0042500214,382,202331,Paul George,1610612752,Philadelphia 76ers,3,9,42,Missed Shot,Jump Shot,3PT Field Goal,Above the Break 3,Right Side Center(RC),24+ ft.,26,227,141,1,0,20260510,PHI,NYK,42500214382,15780,0,0,1628404|1628969|1628973|1629011|1630540
Shot Chart Detail,0042500214,386,203954,Joel Embiid,1610612752,Philadelphia 76ers,3,9,15,Made Shot,Jump Shot,2PT Field Goal,Mid-Range,Left Side Center(LC),16-24 ft.,20,-105,179,1,1,20260510,PHI,NYK,42500214386,16050,0,1,1628404|1628969|1628973|1629011|1630540
Shot Chart Detail,0042500214,390,1642845,VJ Edgecombe,1610612752,Philadelphia 76ers,3,8,43,Made Shot,Driving Layup Shot,2PT Field Goal,In The Paint (Non-RA),Center(C),Less Than 8 ft.,4,-29,28,1,1,20260510,PHI,NYK,42500214390,16370,0,1,1628404|1628969|1628973|1629011|1630540
Shot Chart Detail,0042500214,394,1630178,Tyrese Maxey,1610612752,Philadelphia 76ers,3,8,13,Missed Shot,Pullup Jump shot,3PT Field Goal,Above the Break 3,Center(C),24+ ft.,27,64,263,1,0,20260510,PHI,NYK,42500214394,16670,0,0,1628404|1628969|1628973|1629011|1630540
Shot Chart Detail,0042500214,403,1629656,Quentin Grimes,1610612752,Philadelphia 76ers,3,7,55,Missed Shot,Running Jump Shot,3PT Field Goal,Above the Break 3,Left Side Center(LC),24+ ft.,27,-165,225,1,0,20260510,PHI,NYK,42500214403,16850,0,0,1628404|1628969|1628973|1629011|1630540
Shot Chart Detail,0042500214,405,1630178,Tyrese Maxey,1610612752,Philadelphia 76ers,3,7,52,Made Shot,Jump Shot,3PT Field Goal,Above the Break 3,Right Side Center(RC),24+ ft.,28,110,262,1,1,20260510,PHI,NYK,42500214405,16880,0,1,1628404|1628969|1628973|1629011|1630540
Shot Chart Detail,0042500214,413,1630178,Tyrese Maxey,1610612752,Philadelphia 76ers,3,7,4,Missed Shot,Jump Shot,3PT Field Goal,Above the Break 3,Right Side Center(RC),24+ ft.,24,192,147,1,0,20260510,PHI,NYK,42500214413,17360,0,0,1628404|1628969|1628973|1629011|1630540
Shot Chart Detail,0042500214,417,1631230,Dominick Barlow,1610612752,Philadelphia 76ers,3,6,44,Made Shot,Cutting Layup Shot,2PT Field Goal,Restricted Area,Center(C),Less Than 8 ft.,3,-36,16,1,1,20260510,PHI,NYK,42500214417,17560,0,1,1628404|1628969|1628973|1629011|1630540
Shot Chart Detail,0042500214,424,1642845,VJ Edgecombe,1610612752,Philadelphia 76ers,3,6,7,Made Shot,Driving Layup Shot,2PT Field Goal,Restricted Area,Center(C),Less Than 8 ft.,2,20,18,1,1,20260510,PHI,NYK,42500214424,17930,0,1,1628404|1628969|1628973|1629011|1630540
Shot Chart Detail,0042500214,431,1642845,VJ Edgecombe,1610612752,Philadelphia 76ers,3,5,21,Missed Shot,Pullup Jump shot,3PT Field Goal,Above the Break 3,Left Side Center(LC),24+ ft.,28,-137,249,1,0,20260510,PHI,NYK,42500214431,18390,0,0,1628404|1628969|1628973|1629011|1630540
Shot Chart Detail,0042500214,434,1629656,Quentin Grimes,1610612752,Philadelphia 76ers,3,4,40,Missed Shot,Jump Shot,3PT Field Goal,Above the Break 3,Right Side Center(RC),24+ ft.,27,114,252,1,0,20260510,PHI,NYK,42500214434,18800,0,0,1628404|1628969|1628973|1629011|1630540
Shot Chart Detail,0042500214,448,203083,Andre Drummond,1610612752,Philadelphia 76ers,3,3,33,Missed Shot,Driving Finger Roll Layup Shot,2PT Field Goal,In The Paint (Non-RA),Center(C),Less Than 8 ft.,4,-47,17,1,0,20260510,PHI,NYK,42500214448,19470,0,0,1626157|1628404|1628969|1628973|1630540
Shot Chart Detail,0042500214,457,1630178,Tyrese Maxey,1610612752,Philadelphia 76ers,3,2,59,Missed Shot,Jump Shot,3PT Field Goal,Above the Break 3,Center(C),24+ ft.,27,26,275,1,0,20260510,PHI,NYK,42500214457,19810,0,0,1626157|1628404|1628969|1628973|1630540
Shot Chart Detail,0042500214,473,1630178,Tyrese Maxey,1610612752,Philadelphia 76ers,3,2,34,Missed Shot,Turnaround Fadeaway shot,2PT Field Goal,In The Paint (Non-RA),Center(C),8-16 ft.,13,-16,137,1,0,20260510,PHI,NYK,42500214473,20060,0,0,1626157|1628969|1629013|1630540|1630631
Shot Chart Detail,0042500214,480,202331,Paul George,1610612752,Philadelphia 76ers,3,2,9,Missed Shot,Pullup Jump shot,2PT Field Goal,Mid-Range,Left Side(L),16-24 ft.,16,-156,48,1,0,20260510,PHI,NYK,42500214480,20310,0,0,1628969|1629013|1630540|1630574|1630631
Shot Chart Detail,0042500214,496,1630178,Tyrese Maxey,1610612752,Philadelphia 76ers,3,1,16,Made Shot,Driving Bank Hook Shot,2PT Field Goal,In The Paint (Non-RA),Center(C),Less Than 8 ft.,5,-44,29,1,1,20260510,PHI,NYK,42500214496,20840,0,0,203903|1629013|1630540|1630574|1630631
Shot Chart Detail,0042500214,506,1626162,Kelly Oubre Jr.,1610612752,Philadelphia 76ers,3,0,59,Made Shot,Driving Layup Shot,2PT Field Goal,Restricted Area,Center(C),Less Than 8 ft.,2,1,20,1,1,20260510,PHI,NYK,42500214506,21010,0,0,203903|1629013|1630540|1630574|1630631
Shot Chart Detail,0042500214,517,1629656,Quentin Grimes,1610612752,Philadelphia 76ers,3,0,34,Missed Shot,Step Back Jump shot,3PT Field Goal,Above the Break 3,Center(C),24+ ft.,28,-34,279,1,0,20260510,PHI,NYK,42500214517,21260,0,0,203903|1629013|1630574|1630631|1642278
Shot Chart Detail,0042500214,534,1642845,VJ Edgecombe,1610612752,Philadelphia 76ers,4,11,40,Missed Shot,Step Back Jump shot,3PT Field Goal,Above the Break 3,Left Side Center(LC),24+ ft.,25,-162,197,1,0,20260510,PHI,NYK,42500214534,21800,0,0,1629013|1630574|1630631|1642278|1642359
Shot Chart Detail,0042500214,553,1642348,Justin Edwards,1610612752,Philadelphia 76ers,4,10,42,Missed Shot,Jump Shot,3PT Field Goal,Above the Break 3,Left Side Center(LC),24+ ft.,28,-134,253,1,0,20260510,PHI,NYK,42500214553,22380,0,0,1629013|1630574|1630631|1642278|1642359
Shot Chart Detail,0042500214,559,1642845,VJ Edgecombe,1610612752,Philadelphia 76ers,4,10,30,Missed Shot,Pullup Jump shot,2PT Field Goal,In The Paint (Non-RA),Right Side(R),8-16 ft.,11,76,88,1,0,20260510,PHI,NYK,42500214559,22500,0,0,1629013|1630574|1630631|1642278|1642359
Shot Chart Detail,0042500214,565,1642348,Justin Edwards,1610612752,Philadelphia 76ers,4,10,13,Missed Shot,Running Jump Shot,3PT Field Goal,Above the Break 3,Right Side Center(RC),24+ ft.,27,184,200,1,0,20260510,PHI,NYK,42500214565,22670,0,0,1629013|1630574|1630631|1642278|1642359
Shot Chart Detail,0042500214,569,1631207,Dalen Terry,1610612752,Philadelphia 76ers,4,9,48,Missed Shot,Running Layup Shot,2PT Field Goal,Restricted Area,Center(C),Less Than 8 ft.,3,15,26,1,0,20260510,PHI,NYK,42500214569,22920,0,0,1629013|1630574|1630631|1642278|1642359
Shot Chart Detail,0042500214,573,1642348,Justin Edwards,1610612752,Philadelphia 76ers,4,9,30,Missed Shot,Pullup Jump shot,3PT Field Goal,Above the Break 3,Left Side Center(LC),24+ ft.,27,-179,210,1,0,20260510,PHI,NYK,42500214573,23100,0,0,1629013|1630574|1630631|1642278|1642359
Shot Chart Detail,0042500214,587,1631207,Dalen Terry,1610612752,Philadelphia 76ers,4,8,55,Made Shot,Jump Shot,3PT Field Goal,Above the Break 3,Right Side Center(RC),24+ ft.,24,218,121,1,1,20260510,PHI,NYK,42500214587,23450,0,1,1630574|1631110|1642278|1642359|1642885
Shot Chart Detail,0042500214,597,1631230,Dominick Barlow,1610612752,Philadelphia 76ers,4,8,8,Missed Shot,Driving Layup Shot,2PT Field Goal,In The Paint (Non-RA),Center(C),Less Than 8 ft.,5,-55,23,1,0,20260510,PHI,NYK,42500214597,23920,0,0,1630574|1631110|1642278|1642359|1642885
Shot Chart Detail,0042500214,602,1631230,Dominick Barlow,1610612752,Philadelphia 76ers,4,7,35,Made Shot,Cutting Dunk Shot,2PT Field Goal,Restricted Area,Center(C),Less Than 8 ft.,1,0,16,1,1,20260510,PHI,NYK,42500214602,24250,0,1,1630574|1631110|1642278|1642359|1642885
Shot Chart Detail,0042500214,605,1642348,Justin Edwards,1610612752,Philadelphia 76ers,4,7,4,Made Shot,Pullup Jump shot,2PT Field Goal,Mid-Range,Center(C),16-24 ft.,18,51,175,1,1,20260510,PHI,NYK,42500214605,24560,0,1,1630574|1631110|1642278|1642359|1642885
Shot Chart Detail,0042500214,613,1642348,Justin Edwards,1610612752,Philadelphia 76ers,4,6,32,Missed Shot,Pullup Jump shot,3PT Field Goal,Above the Break 3,Left Side Center(LC),24+ ft.,27,-185,206,1,0,20260510,PHI,NYK,42500214613,24880,0,0,1630574|1631110|1642278|1642359|1642885
Shot Chart Detail,0042500214,617,1641737,Adem Bona,1610612752,Philadelphia 76ers,4,5,46,Made Shot,Turnaround Hook Shot,2PT Field Goal,In The Paint (Non-RA),Center(C),Less Than 8 ft.,4,1,48,1,1,20260510,PHI,NYK,42500214617,25340,0,0,1630574|1631110|1642278|1642359|1642885
Shot Chart Detail,0042500214,623,1642348,Justin Edwards,1610612752,Philadelphia 76ers,4,5,9,Made Shot,Driving Layup Shot,2PT Field Goal,Restricted Area,Center(C),Less Than 8 ft.,2,-18,23,1,1,20260510,PHI,NYK,42500214623,25710,0,1,1630574|1631110|1642278|1642359|1642885
Shot Chart Detail,0042500214,627,1631133,Jabari Walker,1610612752,Philadelphia 76ers,4,4,36,Missed Shot,Cutting Layup Shot,2PT Field Goal,In The Paint (Non-RA),Center(C),Less Than 8 ft.,4,-18,36,1,0,20260510,PHI,NYK,42500214627,26040,0,0,1630574|1631110|1642278|1642359|1642885
Shot Chart Detail,0042500214,630,1641737,Adem Bona,1610612752,Philadelphia 76ers,4,4,31,Made Shot,Putback Layup Shot,2PT Field Goal,In The Paint (Non-RA),Center(C),Less Than 8 ft.,4,-20,38,1,1,20260510,PHI,NYK,42500214630,26090,0,0,1630574|1631110|1642278|1642359|1642885
Shot Chart Detail,0042500214,633,1631207,Dalen Terry,1610612752,Philadelphia 76ers,4,4,18,Made Shot,Running Dunk Shot,2PT Field Goal,Restricted Area,Center(C),Less Than 8 ft.,2,-13,20,1,1,20260510,PHI,NYK,42500214633,26220,0,0,1630574|1631110|1642278|1642359|1642885
Shot Chart Detail,0042500214,646,1631207,Dalen Terry,1610612752,Philadelphia 76ers,4,3,35,Made Shot,Step Back Jump shot,2PT Field Goal,Mid-Range,Left Side Center(LC),16-24 ft.,18,-66,168,1,1,20260510,PHI,NYK,42500214646,26650,0,0,1630574|1631110|1642278|1642359|1642885
Shot Chart Detail,0042500214,656,1642348,Justin Edwards,1610612752,Philadelphia 76ers,4,3,0,Made Shot,Pullup Jump shot,2PT Field Goal,Mid-Range,Left Side Center(LC),16-24 ft.,16,-78,144,1,1,20260510,PHI,NYK,42500214656,27000,0,1,1630574|1631110|1642278|1642359|1642885
Shot Chart Detail,0042500214,666,1641780,Johni Broome,1610612752,Philadelphia 76ers,4,2,20,Made Shot,Driving Layup Shot,2PT Field Goal,Restricted Area,Center(C),Less Than 8 ft.,2,-20,13,1,1,20260510,PHI,NYK,42500214666,27400,0,0,1630574|1631110|1642278|1642359|1642885
Shot Chart Detail,0042500214,669,1641780,Johni Broome,1610612752,Philadelphia 76ers,4,1,52,Missed Shot,Jump Shot,3PT Field Goal,Above the Break 3,Left Side Center(LC),24+ ft.,26,-190,191,1,0,20260510,PHI,NYK,42500214669,27680,0,0,1630574|1631110|1642278|1642359|1642885
Shot Chart Detail,0042500214,675,1642348,Justin Edwards,1610612752,Philadelphia 76ers,4,1,32,Missed Shot,Running Jump Shot,3PT Field Goal,Above the Break 3,Left Side Center(LC),24+ ft.,27,-146,228,1,0,20260510,PHI,NYK,42500214675,27880,0,0,1630574|1631110|1642278|1642359|1642885
Shot Chart Detail,0042500214,679,1630570,Trendon Watford,1610612752,Philadelphia 76ers,4,1,17,Made Shot,Driving Floating Jump Shot,2PT Field Goal,In The Paint (Non-RA),Center(C),Less Than 8 ft.,4,-10,44,1,1,20260510,PHI,NYK,42500214679,28030,0,0,1630574|1631110|1642278|1642359|1642885
Shot Chart Detail,0042500214,686,1641780,Johni Broome,1610612752,Philadelphia 76ers,4,0,55,Made Shot,Jump Shot,3PT Field Goal,Above the Break 3,Right Side Center(RC),24+ ft.,27,134,241,1,1,20260510,PHI,NYK,42500214686,28250,0,1,1630574|1631110|1642278|1642359|1642885
Shot Chart Detail,0042500214,690,1641780,Johni Broome,1610612752,Philadelphia 76ers,4,0,40,Missed Shot,Jump Shot,3PT Field Goal,Above the Break 3,Right Side Center(RC),24+ ft.,26,211,158,1,0,20260510,PHI,NYK,42500214690,28400,0,0,1630574|1631110|1642278|1642359|1642885
Shot Chart Detail,0042500214,694,1641780,Johni Broome,1610612752,Philadelphia 76ers,4,0,14,Made Shot,Running Dunk Shot,2PT Field Goal,Restricted Area,Center(C),Less Than 8 ft.,2,-9,18,1,1,20260510,PHI,NYK,42500214694,28660,0,1,1630574|1631110|1642278|1642359|1642885
Shot Chart Detail,0042500301,9,1628386,Jarrett Allen,1610612752,Cleveland Cavaliers,1,11,16,Missed Shot,Cutting Layup Shot,2PT Field Goal,Restricted Area,Center(C),Less Than 8 ft.,2,20,7,1,0,20260519,NYK,CLE,425003019,440,0,0,1626157|1628384|1628404|1628969|1628973
Shot Chart Detail,0042500301,11,201935,James Harden,1610612752,Cleveland Cavaliers,1,11,10,Made Shot,Driving Floating Jump Shot,2PT Field Goal,In The Paint (Non-RA),Center(C),Less Than 8 ft.,5,-26,54,1,1,20260519,NYK,CLE,4250030111,500,0,1,1626157|1628384|1628404|1628969|1628973
Shot Chart Detail,0042500301,22,1630596,Evan Mobley,1610612752,Cleveland Cavaliers,1,10,12,Missed Shot,Jump Shot,3PT Field Goal,Above the Break 3,Right Side Center(RC),24+ ft.,25,102,231,1,0,20260519,NYK,CLE,4250030122,1080,0,0,1626157|1628384|1628404|1628969|1628973
Shot Chart Detail,0042500301,29,1628378,Donovan Mitchell,1610612752,Cleveland Cavaliers,1,9,24,Made Shot,Pullup Jump shot,3PT Field Goal,Above the Break 3,Center(C),24+ ft.,25,-49,247,1,1,20260519,NYK,CLE,4250030129,1560,0,1,1626157|1628384|1628404|1628969|1628973
Shot Chart Detail,0042500301,35,1628378,Donovan Mitchell,1610612752,Cleveland Cavaliers,1,8,44,Made Shot,Running Layup Shot,2PT Field Goal,Restricted Area,Center(C),Less Than 8 ft.,2,-13,16,1,1,20260519,NYK,CLE,4250030135,1960,0,0,1626157|1628384|1628404|1628969|1628973
Shot Chart Detail,0042500301,41,1628378,Donovan Mitchell,1610612752,Cleveland Cavaliers,1,8,8,Made Shot,Driving Layup Shot,2PT Field Goal,Restricted Area,Center(C),Less Than 8 ft.,1,6,8,1,1,20260519,NYK,CLE,4250030141,2320,0,1,1626157|1628384|1628404|1628969|1628973
Shot Chart Detail,0042500301,46,1628378,Donovan Mitchell,1610612752,Cleveland Cavaliers,1,7,20,Missed Shot,Pullup Jump shot,3PT Field Goal,Above the Break 3,Left Side Center(LC),24+ ft.,25,-164,197,1,0,20260519,NYK,CLE,4250030146,2800,0,0,1626157|1628384|1628404|1628969|1628973
Shot Chart Detail,0042500301,50,201935,James Harden,1610612752,Cleveland Cavaliers,1,6,51,Missed Shot,Driving Layup Shot,2PT Field Goal,Restricted Area,Center(C),Less Than 8 ft.,0,1,1,1,0,20260519,NYK,CLE,4250030150,3090,0,0,1626157|1628384|1628404|1628969|1628973
Shot Chart Detail,0042500301,61,1629622,Max Strus,1610612752,Cleveland Cavaliers,1,6,15,Missed Shot,Jump Shot,3PT Field Goal,Left Corner 3,Left Side(L),24+ ft.,23,-234,4,1,0,20260519,NYK,CLE,4250030161,3450,0,0,1626157|1628384|1628404|1628969|1628973
Shot Chart Detail,0042500301,67,1629731,Dean Wade,1610612752,Cleveland Cavaliers,1,5,49,Missed Shot,Jump Shot,3PT Field Goal,Left Corner 3,Left Side(L),24+ ft.,23,-234,47,1,0,20260519,NYK,CLE,4250030167,3710,0,0,1626157|1628384|1628404|1628969|1628973
Shot Chart Detail,0042500301,69,1628386,Jarrett Allen,1610612752,Cleveland Cavaliers,1,5,43,Missed Shot,Driving Bank Hook Shot,2PT Field Goal,Restricted Area,Center(C),Less Than 8 ft.,0,7,4,1,0,20260519,NYK,CLE,4250030169,3770,0,0,1626157|1628384|1628404|1628969|1628973
Shot Chart Detail,0042500301,72,201935,James Harden,1610612752,Cleveland Cavaliers,1,5,11,Missed Shot,Driving Floating Jump Shot,2PT Field Goal,In The Paint (Non-RA),Center(C),Less Than 8 ft.,5,-21,47,1,0,20260519,NYK,CLE,4250030172,4090,0,0,1626157|1628384|1628404|1628969|1628973
Shot Chart Detail,0042500301,74,1630241,Sam Merrill,1610612752,Cleveland Cavaliers,1,5,7,Missed Shot,Jump Shot,3PT Field Goal,Above the Break 3,Right Side Center(RC),24+ ft.,24,167,176,1,0,20260519,NYK,CLE,4250030174,4130,0,0,1626157|1628384|1628404|1628969|1628973
Shot Chart Detail,0042500301,84,203471,Dennis Schröder,1610612752,Cleveland Cavaliers,1,4,53,Made Shot,Jump Shot,3PT Field Goal,Left Corner 3,Left Side(L),24+ ft.,23,-230,32,1,1,20260519,NYK,CLE,4250030184,4270,0,1,1626157|1628969|1628973|1629011|1630540
Shot Chart Detail,0042500301,96,203471,Dennis Schröder,1610612752,Cleveland Cavaliers,1,3,57,Missed Shot,Jump Shot,3PT Field Goal,Above the Break 3,Center(C),24+ ft.,25,-77,248,1,0,20260519,NYK,CLE,4250030196,4830,0,0,203903|1628969|1628973|1629011|1630540
Shot Chart Detail,0042500301,108,203471,Dennis Schröder,1610612752,Cleveland Cavaliers,1,3,21,Missed Shot,Driving Floating Jump Shot,2PT Field Goal,In The Paint (Non-RA),Center(C),Less Than 8 ft.,7,-51,58,1,0,20260519,NYK,CLE,42500301108,5190,0,0,203903|1628969|1628973|1629011|1630540
Shot Chart Detail,0042500301,114,1630241,Sam Merrill,1610612752,Cleveland Cavaliers,1,2,29,Missed Shot,Jump Shot,3PT Field Goal,Left Corner 3,Left Side(L),24+ ft.,23,-230,29,1,0,20260519,NYK,CLE,42500301114,5710,0,0,203903|1628969|1628973|1629011|1630540
Shot Chart Detail,0042500301,118,1629622,Max Strus,1610612752,Cleveland Cavaliers,1,2,15,Missed Shot,Running Jump Shot,3PT Field Goal,Above the Break 3,Left Side Center(LC),24+ ft.,25,-169,189,1,0,20260519,NYK,CLE,42500301118,5850,0,0,203903|1628969|1628973|1629011|1630540
Shot Chart Detail,0042500301,131,1628378,Donovan Mitchell,1610612752,Cleveland Cavaliers,1,1,32,Missed Shot,Jump Shot,3PT Field Goal,Right Corner 3,Right Side(R),24+ ft.,23,235,36,1,0,20260519,NYK,CLE,42500301131,6280,0,0,203903|1628404|1628973|1629011|1630540
Shot Chart Detail,0042500301,137,203471,Dennis Schröder,1610612752,Cleveland Cavaliers,1,1,9,Missed Shot,Jump Shot,3PT Field Goal,Left Corner 3,Left Side(L),24+ ft.,23,-233,47,1,0,20260519,NYK,CLE,42500301137,6510,0,0,203903|1628404|1628973|1629011|1630540
Shot Chart Detail,0042500301,141,1630241,Sam Merrill,1610612752,Cleveland Cavaliers,1,0,47,Made Shot,Running Layup Shot,2PT Field Goal,Restricted Area,Center(C),Less Than 8 ft.,2,-20,7,1,1,20260519,NYK,CLE,42500301141,6730,0,1,203903|1628404|1628973|1629011|1630540
Shot Chart Detail,0042500301,148,1628378,Donovan Mitchell,1610612752,Cleveland Cavaliers,1,0,17,Missed Shot,Fadeaway Jump Shot,2PT Field Goal,Mid-Range,Right Side(R),8-16 ft.,15,91,130,1,0,20260519,NYK,CLE,42500301148,7030,0,0,203903|1628404|1628973|1629011|1630540
Shot Chart Detail,0042500301,167,1630596,Evan Mobley,1610612752,Cleveland Cavaliers,2,11,36,Missed Shot,Fadeaway Jump Shot,2PT Field Goal,Mid-Range,Center(C),16-24 ft.,19,-38,190,1,0,20260519,NYK,CLE,42500301167,7440,0,0,203903|1626157|1628404|1630540|1630631
Shot Chart Detail,0042500301,171,1628378,Donovan Mitchell,1610612752,Cleveland Cavaliers,2,11,17,Made Shot,Driving Layup Shot,2PT Field Goal,Restricted Area,Center(C),Less Than 8 ft.,1,10,5,1,1,20260519,NYK,CLE,42500301171,7630,0,0,203903|1626157|1628404|1630540|1630631
Shot Chart Detail,0042500301,175,1630596,Evan Mobley,1610612752,Cleveland Cavaliers,2,10,34,Missed Shot,Jump Shot,3PT Field Goal,Above the Break 3,Left Side Center(LC),24+ ft.,25,-136,211,1,0,20260519,NYK,CLE,42500301175,8060,0,0,203903|1626157|1628404|1630540|1630631
Shot Chart Detail,0042500301,179,1630596,Evan Mobley,1610612752,Cleveland Cavaliers,2,10,6,Made Shot,Driving Floating Bank Jump Shot,2PT Field Goal,Mid-Range,Left Side(L),8-16 ft.,9,-81,49,1,1,20260519,NYK,CLE,42500301179,8340,0,0,203903|1626157|1628404|1630540|1630631
Shot Chart Detail,0042500301,182,203471,Dennis Schröder,1610612752,Cleveland Cavaliers,2,9,34,Missed Shot,Jump Shot,3PT Field Goal,Above the Break 3,Left Side Center(LC),24+ ft.,26,-158,215,1,0,20260519,NYK,CLE,42500301182,8660,0,0,203903|1626157|1628404|1630540|1630631
Shot Chart Detail,0042500301,185,1630596,Evan Mobley,1610612752,Cleveland Cavaliers,2,9,5,Made Shot,Driving Layup Shot,2PT Field Goal,Restricted Area,Center(C),Less Than 8 ft.,2,-21,13,1,1,20260519,NYK,CLE,42500301185,8950,0,0,203903|1626157|1628404|1630540|1630631
Shot Chart Detail,0042500301,187,203471,Dennis Schröder,1610612752,Cleveland Cavaliers,2,8,42,Missed Shot,Driving Layup Shot,2PT Field Goal,Restricted Area,Center(C),Less Than 8 ft.,0,7,-3,1,0,20260519,NYK,CLE,42500301187,9180,0,0,203903|1626157|1628404|1630540|1630631
Shot Chart Detail,0042500301,205,1629731,Dean Wade,1610612752,Cleveland Cavaliers,2,8,15,Made Shot,Jump Shot,3PT Field Goal,Right Corner 3,Right Side(R),24+ ft.,23,232,32,1,1,20260519,NYK,CLE,42500301205,9450,0,1,1626157|1628969|1629011|1629013|1630631
Shot Chart Detail,0042500301,220,201935,James Harden,1610612752,Cleveland Cavaliers,2,6,49,Made Shot,Driving Floating Jump Shot,2PT Field Goal,In The Paint (Non-RA),Center(C),Less Than 8 ft.,5,1,53,1,1,20260519,NYK,CLE,42500301220,10310,0,0,1628384|1628969|1628973|1629011|1629013
Shot Chart Detail,0042500301,243,1630241,Sam Merrill,1610612752,Cleveland Cavaliers,2,4,50,Made Shot,Jump Shot,3PT Field Goal,Above the Break 3,Right Side Center(RC),24+ ft.,24,114,221,1,1,20260519,NYK,CLE,42500301243,11500,0,1,1628384|1628404|1628969|1628973|1629011
Shot Chart Detail,0042500301,247,201935,James Harden,1610612752,Cleveland Cavaliers,2,4,26,Made Shot,Running Pull-Up Jump Shot,3PT Field Goal,Above the Break 3,Center(C),24+ ft.,30,16,307,1,1,20260519,NYK,CLE,42500301247,11740,0,0,1628384|1628404|1628969|1628973|1629011
Shot Chart Detail,0042500301,254,1629731,Dean Wade,1610612752,Cleveland Cavaliers,2,3,50,Missed Shot,Jump Shot,3PT Field Goal,Left Corner 3,Left Side(L),24+ ft.,23,-230,10,1,0,20260519,NYK,CLE,42500301254,12100,0,0,1626157|1628384|1628404|1628969|1628973
Shot Chart Detail,0042500301,263,1628386,Jarrett Allen,1610612752,Cleveland Cavaliers,2,2,59,Missed Shot,Driving Hook Shot,2PT Field Goal,In The Paint (Non-RA),Center(C),Less Than 8 ft.,4,-12,44,1,0,20260519,NYK,CLE,42500301263,12610,0,0,1626157|1628384|1628404|1628969|1628973
Shot Chart Detail,0042500301,281,1628378,Donovan Mitchell,1610612752,Cleveland Cavaliers,2,2,1,Made Shot,Jump Shot,3PT Field Goal,Above the Break 3,Right Side Center(RC),24+ ft.,25,119,223,1,1,20260519,NYK,CLE,42500301281,13190,0,1,1626157|1628384|1628404|1628969|1628973
Shot Chart Detail,0042500301,298,1629622,Max Strus,1610612752,Cleveland Cavaliers,2,1,8,Made Shot,Jump Shot,3PT Field Goal,Above the Break 3,Left Side Center(LC),24+ ft.,25,-161,199,1,1,20260519,NYK,CLE,42500301298,13720,0,1,1626157|1628384|1628404|1628969|1628973
Shot Chart Detail,0042500301,308,1628378,Donovan Mitchell,1610612752,Cleveland Cavaliers,2,0,3,Made Shot,Jump Shot,3PT Field Goal,Above the Break 3,Left Side Center(LC),24+ ft.,26,-173,196,1,1,20260519,NYK,CLE,42500301308,14370,0,1,1626157|1628384|1628404|1628969|1628973
Shot Chart Detail,0042500301,318,1628378,Donovan Mitchell,1610612752,Cleveland Cavaliers,3,11,42,Missed Shot,Pullup Jump shot,3PT Field Goal,Right Corner 3,Right Side(R),24+ ft.,24,235,63,1,0,20260519,NYK,CLE,42500301318,14580,0,0,1626157|1628384|1628404|1628969|1628973
Shot Chart Detail,0042500301,324,1628378,Donovan Mitchell,1610612752,Cleveland Cavaliers,3,11,25,Made Shot,Running Layup Shot,2PT Field Goal,Restricted Area,Center(C),Less Than 8 ft.,0,0,8,1,1,20260519,NYK,CLE,42500301324,14750,0,0,1626157|1628384|1628404|1628969|1628973
Shot Chart Detail,0042500301,330,201935,James Harden,1610612752,Cleveland Cavaliers,3,10,41,Missed Shot,Jump Shot,3PT Field Goal,Above the Break 3,Right Side Center(RC),24+ ft.,26,175,205,1,0,20260519,NYK,CLE,42500301330,15190,0,0,1626157|1628384|1628404|1628969|1628973
Shot Chart Detail,0042500301,344,1630596,Evan Mobley,1610612752,Cleveland Cavaliers,3,9,30,Made Shot,Jump Shot,3PT Field Goal,Right Corner 3,Right Side(R),24+ ft.,22,228,20,1,1,20260519,NYK,CLE,42500301344,15900,0,1,1626157|1628384|1628404|1628969|1628973
Shot Chart Detail,0042500301,347,1629731,Dean Wade,1610612752,Cleveland Cavaliers,3,8,59,Made Shot,Jump Shot,3PT Field Goal,Right Corner 3,Right Side(R),24+ ft.,23,233,8,1,1,20260519,NYK,CLE,42500301347,16210,0,1,1626157|1628384|1628404|1628969|1628973
Shot Chart Detail,0042500301,351,1628378,Donovan Mitchell,1610612752,Cleveland Cavaliers,3,8,28,Missed Shot,Jump Shot,3PT Field Goal,Above the Break 3,Right Side Center(RC),24+ ft.,25,199,153,1,0,20260519,NYK,CLE,42500301351,16520,0,0,1626157|1628384|1628404|1628969|1628973
Shot Chart Detail,0042500301,353,1630596,Evan Mobley,1610612752,Cleveland Cavaliers,3,8,21,Missed Shot,Driving Floating Bank Jump Shot,2PT Field Goal,Restricted Area,Center(C),Less Than 8 ft.,2,-11,20,1,0,20260519,NYK,CLE,42500301353,16590,0,0,1626157|1628384|1628404|1628969|1628973
Shot Chart Detail,0042500301,362,1628378,Donovan Mitchell,1610612752,Cleveland Cavaliers,3,8,5,Made Shot,Running Layup Shot,2PT Field Goal,Restricted Area,Center(C),Less Than 8 ft.,0,-4,4,1,1,20260519,NYK,CLE,42500301362,16750,0,0,1626157|1628384|1628404|1628969|1628973
Shot Chart Detail,0042500301,365,1628378,Donovan Mitchell,1610612752,Cleveland Cavaliers,3,7,24,Made Shot,Driving Layup Shot,2PT Field Goal,Restricted Area,Center(C),Less Than 8 ft.,1,10,15,1,1,20260519,NYK,CLE,42500301365,17160,0,0,1626157|1628384|1628404|1628969|1628973
Shot Chart Detail,0042500301,369,1630596,Evan Mobley,1610612752,Cleveland Cavaliers,3,7,8,Made Shot,Dunk Shot,2PT Field Goal,Restricted Area,Center(C),Less Than 8 ft.,0,-5,-7,1,1,20260519,NYK,CLE,42500301369,17320,0,1,1626157|1628384|1628404|1628969|1628973
Shot Chart Detail,0042500301,386,1629622,Max Strus,1610612752,Cleveland Cavaliers,3,6,9,Missed Shot,Jump Shot,3PT Field Goal,Above the Break 3,Center(C),24+ ft.,26,4,260,1,0,20260519,NYK,CLE,42500301386,17910,0,0,1626157|1628384|1628404|1628969|1628973
Shot Chart Detail,0042500301,391,1630241,Sam Merrill,1610612752,Cleveland Cavaliers,3,5,38,Made Shot,Pullup Jump shot,3PT Field Goal,Right Corner 3,Right Side(R),24+ ft.,24,233,66,1,1,20260519,NYK,CLE,42500301391,18220,0,1,1626157|1628384|1628404|1628969|1628973
Shot Chart Detail,0042500301,395,1629622,Max Strus,1610612752,Cleveland Cavaliers,3,5,13,Missed Shot,Jump Shot,3PT Field Goal,Above the Break 3,Right Side Center(RC),24+ ft.,26,176,201,1,0,20260519,NYK,CLE,42500301395,18470,0,0,1626157|1628384|1628404|1628969|1628973
Shot Chart Detail,0042500301,397,201935,James Harden,1610612752,Cleveland Cavaliers,3,5,11,Missed Shot,Jump Shot,3PT Field Goal,Above the Break 3,Center(C),24+ ft.,25,-7,250,1,0,20260519,NYK,CLE,42500301397,18490,0,0,1626157|1628384|1628404|1628969|1628973
Shot Chart Detail,0042500301,409,1628386,Jarrett Allen,1610612752,Cleveland Cavaliers,3,5,3,Made Shot,Cutting Layup Shot,2PT Field Goal,In The Paint (Non-RA),Center(C),Less Than 8 ft.,5,-1,53,1,1,20260519,NYK,CLE,42500301409,18570,0,1,203903|1628969|1628973|1629011|1630540
Shot Chart Detail,0042500301,416,1628386,Jarrett Allen,1610612752,Cleveland Cavaliers,3,4,34,Made Shot,Layup Shot,2PT Field Goal,Restricted Area,Center(C),Less Than 8 ft.,1,-4,11,1,1,20260519,NYK,CLE,42500301416,18860,0,1,203903|1628969|1628973|1629011|1630540
Shot Chart Detail,0042500301,421,1630241,Sam Merrill,1610612752,Cleveland Cavaliers,3,4,1,Missed Shot,Jump Shot,3PT Field Goal,Right Corner 3,Right Side(R),24+ ft.,23,232,58,1,0,20260519,NYK,CLE,42500301421,19190,0,0,203903|1628969|1628973|1629011|1630540
Shot Chart Detail,0042500301,423,201935,James Harden,1610612752,Cleveland Cavaliers,3,3,55,Made Shot,Driving Layup Shot,2PT Field Goal,Restricted Area,Center(C),Less Than 8 ft.,0,2,8,1,1,20260519,NYK,CLE,42500301423,19250,0,1,203903|1628969|1628973|1629011|1630540
Shot Chart Detail,0042500301,433,1630596,Evan Mobley,1610612752,Cleveland Cavaliers,3,3,26,Made Shot,Driving Hook Shot,2PT Field Goal,In The Paint (Non-RA),Center(C),Less Than 8 ft.,6,56,30,1,1,20260519,NYK,CLE,42500301433,19540,0,1,203903|1628969|1628973|1629011|1630540
Shot Chart Detail,0042500301,439,1630241,Sam Merrill,1610612752,Cleveland Cavaliers,3,3,5,Made Shot,Jump Shot,3PT Field Goal,Above the Break 3,Left Side Center(LC),24+ ft.,24,-206,141,1,1,20260519,NYK,CLE,42500301439,19750,0,1,203903|1628969|1628973|1629011|1630540
Shot Chart Detail,0042500301,448,203471,Dennis Schröder,1610612752,Cleveland Cavaliers,3,2,45,Missed Shot,Driving Finger Roll Layup Shot,2PT Field Goal,Restricted Area,Center(C),Less Than 8 ft.,2,-1,26,1,0,20260519,NYK,CLE,42500301448,19950,0,0,203903|1628404|1628973|1629011|1630540
Shot Chart Detail,0042500301,463,1628378,Donovan Mitchell,1610612752,Cleveland Cavaliers,3,2,10,Made Shot,Driving Layup Shot,2PT Field Goal,Restricted Area,Center(C),Less Than 8 ft.,2,-11,20,1,1,20260519,NYK,CLE,42500301463,20300,0,0,203903|1628404|1628973|1629011|1630540
Shot Chart Detail,0042500301,473,1630596,Evan Mobley,1610612752,Cleveland Cavaliers,3,1,57,Missed Shot,Jump Shot,3PT Field Goal,Left Corner 3,Left Side(L),24+ ft.,22,-225,-4,1,0,20260519,NYK,CLE,42500301473,20430,0,0,203903|1628404|1628973|1629011|1630540
Shot Chart Detail,0042500301,476,203471,Dennis Schröder,1610612752,Cleveland Cavaliers,3,1,37,Missed Shot,Driving Floating Bank Jump Shot,2PT Field Goal,Restricted Area,Center(C),Less Than 8 ft.,2,26,10,1,0,20260519,NYK,CLE,42500301476,20630,0,0,203903|1628404|1628973|1629011|1630540
Shot Chart Detail,0042500301,491,1628378,Donovan Mitchell,1610612752,Cleveland Cavaliers,3,1,9,Made Shot,Driving Layup Shot,2PT Field Goal,Restricted Area,Center(C),Less Than 8 ft.,1,6,15,1,1,20260519,NYK,CLE,42500301491,20910,0,0,203903|1628404|1628973|1629011|1630540
Shot Chart Detail,0042500301,502,203471,Dennis Schröder,1610612752,Cleveland Cavaliers,3,0,35,Missed Shot,Driving Layup Shot,2PT Field Goal,Restricted Area,Center(C),Less Than 8 ft.,2,12,26,1,0,20260519,NYK,CLE,42500301502,21250,0,0,203903|1626157|1628404|1628973|1630540
Shot Chart Detail,0042500301,505,1628378,Donovan Mitchell,1610612752,Cleveland Cavaliers,3,0,31,Missed Shot,Jump Shot,3PT Field Goal,Above the Break 3,Right Side Center(RC),24+ ft.,25,123,220,1,0,20260519,NYK,CLE,42500301505,21290,0,0,203903|1626157|1628404|1628973|1630540
Shot Chart Detail,0042500301,520,201935,James Harden,1610612752,Cleveland Cavaliers,3,0,1,Missed Shot,Jump Shot,3PT Field Goal,Above the Break 3,Right Side Center(RC),24+ ft.,25,200,157,1,0,20260519,NYK,CLE,42500301520,21590,0,0,1628384|1628404|1628969|1628973|1630540
Shot Chart Detail,0042500301,535,1630596,Evan Mobley,1610612752,Cleveland Cavaliers,4,11,27,Missed Shot,Driving Hook Shot,2PT Field Goal,In The Paint (Non-RA),Center(C),Less Than 8 ft.,4,-29,31,1,0,20260519,NYK,CLE,42500301535,21930,0,0,203903|1626157|1628404|1630540|1630631
Shot Chart Detail,0042500301,549,1630241,Sam Merrill,1610612752,Cleveland Cavaliers,4,10,12,Missed Shot,Jump Shot,3PT Field Goal,Right Corner 3,Right Side(R),24+ ft.,22,227,-7,1,0,20260519,NYK,CLE,42500301549,22680,0,0,203903|1626157|1628404|1630540|1630631
Shot Chart Detail,0042500301,565,201935,James Harden,1610612752,Cleveland Cavaliers,4,9,34,Missed Shot,Step Back Jump shot,3PT Field Goal,Above the Break 3,Right Side Center(RC),24+ ft.,26,130,231,1,0,20260519,NYK,CLE,42500301565,23060,0,0,203903|1626157|1628969|1628973|1630540
Shot Chart Detail,0042500301,574,201935,James Harden,1610612752,Cleveland Cavaliers,4,9,0,Missed Shot,Driving Hook Shot,2PT Field Goal,In The Paint (Non-RA),Center(C),Less Than 8 ft.,4,23,35,1,0,20260519,NYK,CLE,42500301574,23400,0,0,203903|1626157|1628969|1628973|1629013
Shot Chart Detail,0042500301,578,1629731,Dean Wade,1610612752,Cleveland Cavaliers,4,8,39,Made Shot,Jump Shot,3PT Field Goal,Right Corner 3,Right Side(R),24+ ft.,23,233,0,1,1,20260519,NYK,CLE,42500301578,23610,0,1,203903|1626157|1628969|1628973|1629013
Shot Chart Detail,0042500301,587,1628378,Donovan Mitchell,1610612752,Cleveland Cavaliers,4,8,19,Made Shot,Jump Shot,3PT Field Goal,Above the Break 3,Right Side Center(RC),24+ ft.,25,161,199,1,1,20260519,NYK,CLE,42500301587,23810,0,1,1626157|1628969|1628973|1629011|1629013
Shot Chart Detail,0042500301,617,201935,James Harden,1610612752,Cleveland Cavaliers,4,5,58,Missed Shot,Pullup Jump shot,2PT Field Goal,Mid-Range,Right Side(R),16-24 ft.,20,184,94,1,0,20260519,NYK,CLE,42500301617,25220,0,0,1626157|1628384|1628969|1628973|1629013
Shot Chart Detail,0042500301,635,201935,James Harden,1610612752,Cleveland Cavaliers,4,4,21,Missed Shot,Step Back Jump shot,3PT Field Goal,Above the Break 3,Right Side Center(RC),24+ ft.,27,194,189,1,0,20260519,NYK,CLE,42500301635,26190,0,0,1626157|1628384|1628969|1628973|1629013
Shot Chart Detail,0042500301,639,1628378,Donovan Mitchell,1610612752,Cleveland Cavaliers,4,3,47,Missed Shot,Step Back Jump shot,3PT Field Goal,Above the Break 3,Center(C),24+ ft.,25,76,246,1,0,20260519,NYK,CLE,42500301639,26530,0,0,1626157|1628384|1628969|1628973|1629013
Shot Chart Detail,0042500301,645,1630596,Evan Mobley,1610612752,Cleveland Cavaliers,4,3,9,Made Shot,Jump Shot,3PT Field Goal,Above the Break 3,Right Side Center(RC),24+ ft.,25,124,225,1,1,20260519,NYK,CLE,42500301645,26910,0,1,1626157|1628384|1628969|1628973|1629013
Shot Chart Detail,0042500301,655,201935,James Harden,1610612752,Cleveland Cavaliers,4,2,17,Missed Shot,Jump Shot,3PT Field Goal,Above the Break 3,Left Side Center(LC),24+ ft.,25,-126,224,1,0,20260519,NYK,CLE,42500301655,27430,0,0,1626157|1628384|1628969|1628973|1629013
Shot Chart Detail,0042500301,660,1628378,Donovan Mitchell,1610612752,Cleveland Cavaliers,4,1,52,Missed Shot,Driving Finger Roll Layup Shot,2PT Field Goal,Restricted Area,Center(C),Less Than 8 ft.,2,22,10,1,0,20260519,NYK,CLE,42500301660,27680,0,0,1626157|1628384|1628969|1628973|1629013
Shot Chart Detail,0042500301,662,1628386,Jarrett Allen,1610612752,Cleveland Cavaliers,4,1,51,Made Shot,Tip Layup Shot,2PT Field Goal,Restricted Area,Center(C),Less Than 8 ft.,0,0,0,1,1,20260519,NYK,CLE,42500301662,27690,0,0,1626157|1628384|1628969|1628973|1629013
Shot Chart Detail,0042500301,665,1630596,Evan Mobley,1610612752,Cleveland Cavaliers,4,1,28,Missed Shot,Jump Shot,2PT Field Goal,In The Paint (Non-RA),Center(C),8-16 ft.,11,-7,113,1,0,20260519,NYK,CLE,42500301665,27920,0,0,1626157|1628384|1628969|1628973|1629013
Shot Chart Detail,0042500301,669,1628378,Donovan Mitchell,1610612752,Cleveland Cavaliers,4,1,1,Missed Shot,Driving Floating Jump Shot,2PT Field Goal,Mid-Range,Right Side(R),8-16 ft.,15,88,129,1,0,20260519,NYK,CLE,42500301669,28190,0,0,1626157|1628384|1628969|1628973|1629013
Shot Chart Detail,0042500301,675,201935,James Harden,1610612752,Cleveland Cavaliers,4,0,31,Made Shot,Turnaround Jump Shot,2PT Field Goal,In The Paint (Non-RA),Center(C),8-16 ft.,10,-9,108,1,1,20260519,NYK,CLE,42500301675,28490,0,0,1626157|1628384|1628969|1628973|1629013
Shot Chart Detail,0042500301,677,1630241,Sam Merrill,1610612752,Cleveland Cavaliers,4,0,2,Missed Shot,Jump Shot,3PT Field Goal,Above the Break 3,Center(C),24+ ft.,26,49,262,1,0,20260519,NYK,CLE,42500301677,28780,0,0,1626157|1628384|1628969|1628973|1629013
Shot Chart Detail,0042500301,694,1628378,Donovan Mitchell,1610612752,Cleveland Cavaliers,5,3,49,Missed Shot,Driving Finger Roll Layup Shot,2PT Field Goal,Restricted Area,Center(C),Less Than 8 ft.,2,12,16,1,0,20260519,NYK,CLE,42500301694,29510,1,0,1626157|1628384|1628969|1628973|1629013
Shot Chart Detail,0042500301,699,1630596,Evan Mobley,1610612752,Cleveland Cavaliers,5,3,19,Missed Shot,Jump Shot,3PT Field Goal,Above the Break 3,Left Side Center(LC),24+ ft.,24,-87,231,1,0,20260519,NYK,CLE,42500301699,29810,1,0,1626157|1628384|1628969|1628973|1629013
Shot Chart Detail,0042500301,705,201935,James Harden,1610612752,Cleveland Cavaliers,5,2,31,Missed Shot,Step Back Jump shot,3PT Field Goal,Above the Break 3,Center(C),24+ ft.,25,-55,248,1,0,20260519,NYK,CLE,42500301705,30290,1,0,1626157|1628384|1628969|1628973|1629013
Shot Chart Detail,0042500301,711,1630596,Evan Mobley,1610612752,Cleveland Cavaliers,5,1,58,Missed Shot,Jump Shot,3PT Field Goal,Above the Break 3,Right Side Center(RC),24+ ft.,26,131,231,1,0,20260519,NYK,CLE,42500301711,30620,1,0,1626157|1628384|1628969|1628973|1629013
Shot Chart Detail,0042500301,720,1629622,Max Strus,1610612752,Cleveland Cavaliers,5,1,45,Made Shot,Jump Shot,3PT Field Goal,Above the Break 3,Left Side Center(LC),24+ ft.,25,-178,182,1,1,20260519,NYK,CLE,42500301720,30750,1,1,1626157|1628384|1628404|1628969|1629013
Shot Chart Detail,0042500301,750,1628378,Donovan Mitchell,1610612752,Cleveland Cavaliers,5,0,32,Missed Shot,Pullup Jump shot,3PT Field Goal,Above the Break 3,Right Side Center(RC),24+ ft.,32,154,284,1,0,20260519,NYK,CLE,42500301750,31480,1,0,1628384|1628404|1628969|1628973|1629013
Shot Chart Detail,0042500301,761,1630596,Evan Mobley,1610612752,Cleveland Cavaliers,5,0,26,Missed Shot,Pullup Jump shot,3PT Field Goal,Above the Break 3,Right Side Center(RC),24+ ft.,26,130,234,1,0,20260519,NYK,CLE,42500301761,31540,1,0,1628384|1628404|1628969|1628973|1629013
Shot Chart Detail,0042500302,12,1630596,Evan Mobley,1610612752,Cleveland Cavaliers,1,11,4,Made Shot,Jump Shot,3PT Field Goal,Above the Break 3,Right Side Center(RC),24+ ft.,24,109,223,1,1,20260521,NYK,CLE,4250030212,560,0,1,1626157|1628384|1628404|1628969|1628973
Shot Chart Detail,0042500302,18,1630596,Evan Mobley,1610612752,Cleveland Cavaliers,1,10,26,Missed Shot,Driving Hook Shot,2PT Field Goal,In The Paint (Non-RA),Center(C),Less Than 8 ft.,6,-34,53,1,0,20260521,NYK,CLE,4250030218,940,0,0,1626157|1628384|1628404|1628969|1628973
Shot Chart Detail,0042500302,20,1628386,Jarrett Allen,1610612752,Cleveland Cavaliers,1,10,24,Made Shot,Tip Layup Shot,2PT Field Goal,Restricted Area,Center(C),Less Than 8 ft.,0,0,0,1,1,20260521,NYK,CLE,4250030220,960,0,0,1626157|1628384|1628404|1628969|1628973
Shot Chart Detail,0042500302,24,1630596,Evan Mobley,1610612752,Cleveland Cavaliers,1,9,44,Made Shot,Jump Shot,3PT Field Goal,Above the Break 3,Center(C),24+ ft.,25,39,249,1,1,20260521,NYK,CLE,4250030224,1360,0,1,1626157|1628384|1628404|1628969|1628973
Shot Chart Detail,0042500302,28,1628386,Jarrett Allen,1610612752,Cleveland Cavaliers,1,9,11,Made Shot,Layup Shot,2PT Field Goal,Restricted Area,Center(C),Less Than 8 ft.,1,5,16,1,1,20260521,NYK,CLE,4250030228,1690,0,1,1626157|1628384|1628404|1628969|1628973
Shot Chart Detail,0042500302,32,201935,James Harden,1610612752,Cleveland Cavaliers,1,8,40,Made Shot,Step Back Jump shot,3PT Field Goal,Above the Break 3,Left Side Center(LC),24+ ft.,25,-174,188,1,1,20260521,NYK,CLE,4250030232,2000,0,0,1626157|1628384|1628404|1628969|1628973
Shot Chart Detail,0042500302,38,201935,James Harden,1610612752,Cleveland Cavaliers,1,7,54,Missed Shot,Step Back Jump shot,3PT Field Goal,Above the Break 3,Right Side Center(RC),24+ ft.,25,78,238,1,0,20260521,NYK,CLE,4250030238,2460,0,0,1626157|1628384|1628404|1628969|1628973
Shot Chart Detail,0042500302,43,1628378,Donovan Mitchell,1610612752,Cleveland Cavaliers,1,7,37,Missed Shot,Driving Finger Roll Layup Shot,2PT Field Goal,Restricted Area,Center(C),Less Than 8 ft.,1,-2,10,1,0,20260521,NYK,CLE,4250030243,2630,0,0,1626157|1628384|1628404|1628969|1628973
Shot Chart Detail,0042500302,45,1628386,Jarrett Allen,1610612752,Cleveland Cavaliers,1,7,35,Missed Shot,Putback Layup Shot,2PT Field Goal,Restricted Area,Center(C),Less Than 8 ft.,2,-6,29,1,0,20260521,NYK,CLE,4250030245,2650,0,0,1626157|1628384|1628404|1628969|1628973
Shot Chart Detail,0042500302,49,1628378,Donovan Mitchell,1610612752,Cleveland Cavaliers,1,7,18,Missed Shot,Driving Floating Jump Shot,2PT Field Goal,In The Paint (Non-RA),Center(C),Less Than 8 ft.,5,29,42,1,0,20260521,NYK,CLE,4250030249,2820,0,0,1626157|1628384|1628404|1628969|1628973
Shot Chart Detail,0042500302,57,1630596,Evan Mobley,1610612752,Cleveland Cavaliers,1,6,42,Made Shot,Driving Reverse Layup Shot,2PT Field Goal,Restricted Area,Center(C),Less Than 8 ft.,0,1,-4,1,1,20260521,NYK,CLE,4250030257,3180,0,0,1626157|1628384|1628404|1628969|1628973
Shot Chart Detail,0042500302,66,1628386,Jarrett Allen,1610612752,Cleveland Cavaliers,1,5,59,Missed Shot,Driving Layup Shot,2PT Field Goal,Restricted Area,Center(C),Less Than 8 ft.,3,6,33,1,0,20260521,NYK,CLE,4250030266,3610,0,0,1626157|1628384|1628404|1628969|1628973
Shot Chart Detail,0042500302,69,1630241,Sam Merrill,1610612752,Cleveland Cavaliers,1,5,51,Missed Shot,Jump Shot,3PT Field Goal,Left Corner 3,Left Side(L),24+ ft.,23,-230,32,1,0,20260521,NYK,CLE,4250030269,3690,0,0,1626157|1628384|1628404|1628969|1628973
Shot Chart Detail,0042500302,78,1630241,Sam Merrill,1610612752,Cleveland Cavaliers,1,4,47,Missed Shot,Jump Shot,3PT Field Goal,Above the Break 3,Right Side Center(RC),24+ ft.,24,218,118,1,0,20260521,NYK,CLE,4250030278,4330,0,0,1626157|1628384|1628404|1628969|1628973
Shot Chart Detail,0042500302,82,1629731,Dean Wade,1610612752,Cleveland Cavaliers,1,4,26,Made Shot,Running Jump Shot,3PT Field Goal,Left Corner 3,Left Side(L),24+ ft.,24,-238,36,1,1,20260521,NYK,CLE,4250030282,4540,0,1,1626157|1628384|1628404|1628969|1628973
Shot Chart Detail,0042500302,86,1628386,Jarrett Allen,1610612752,Cleveland Cavaliers,1,3,53,Missed Shot,Driving Hook Shot,2PT Field Goal,Restricted Area,Center(C),Less Than 8 ft.,2,-26,0,1,0,20260521,NYK,CLE,4250030286,4870,0,0,1626157|1628384|1628404|1628969|1628973
Shot Chart Detail,0042500302,108,1630596,Evan Mobley,1610612752,Cleveland Cavaliers,1,2,45,Made Shot,Driving Reverse Dunk Shot,2PT Field Goal,Restricted Area,Center(C),Less Than 8 ft.,0,4,-3,1,1,20260521,NYK,CLE,42500302108,5550,0,1,1628969|1628973|1629011|1629013|1630540
Shot Chart Detail,0042500302,116,203471,Dennis Schröder,1610612752,Cleveland Cavaliers,1,2,21,Missed Shot,Driving Floating Bank Jump Shot,2PT Field Goal,In The Paint (Non-RA),Right Side(R),8-16 ft.,9,75,54,1,0,20260521,NYK,CLE,42500302116,5790,0,0,1628969|1628973|1629011|1629013|1630540
Shot Chart Detail,0042500302,120,1628378,Donovan Mitchell,1610612752,Cleveland Cavaliers,1,1,59,Missed Shot,Pullup Jump shot,3PT Field Goal,Above the Break 3,Right Side Center(RC),24+ ft.,25,131,217,1,0,20260521,NYK,CLE,42500302120,6010,0,0,1628969|1628973|1629011|1629013|1630540
Shot Chart Detail,0042500302,125,1630596,Evan Mobley,1610612752,Cleveland Cavaliers,1,1,26,Missed Shot,Pullup Jump shot,2PT Field Goal,Mid-Range,Center(C),16-24 ft.,17,-18,172,1,0,20260521,NYK,CLE,42500302125,6340,0,0,1628969|1628973|1629011|1629013|1630540
Shot Chart Detail,0042500302,129,1630241,Sam Merrill,1610612752,Cleveland Cavaliers,1,1,10,Made Shot,Running Reverse Layup Shot,2PT Field Goal,Restricted Area,Center(C),Less Than 8 ft.,2,20,0,1,1,20260521,NYK,CLE,42500302129,6500,0,1,1628969|1628973|1629011|1629013|1630540
Shot Chart Detail,0042500302,141,1630241,Sam Merrill,1610612752,Cleveland Cavaliers,1,0,14,Missed Shot,Jump Shot,3PT Field Goal,Above the Break 3,Right Side Center(RC),24+ ft.,25,152,206,1,0,20260521,NYK,CLE,42500302141,7060,0,0,1628969|1628973|1629011|1629013|1630540
Shot Chart Detail,0042500302,143,1628378,Donovan Mitchell,1610612752,Cleveland Cavaliers,1,0,0,Made Shot,Step Back Jump shot,3PT Field Goal,Above the Break 3,Left Side Center(LC),24+ ft.,26,-150,222,1,1,20260521,NYK,CLE,42500302143,7200,0,0,1628969|1628973|1629011|1629013|1630540
Shot Chart Detail,0042500302,156,1629622,Max Strus,1610612752,Cleveland Cavaliers,2,11,41,Missed Shot,Jump Shot,3PT Field Goal,Above the Break 3,Left Side Center(LC),24+ ft.,25,-197,169,1,0,20260521,NYK,CLE,42500302156,7390,0,0,1626157|1628404|1629013|1630540|1630631
Shot Chart Detail,0042500302,159,1628378,Donovan Mitchell,1610612752,Cleveland Cavaliers,2,11,9,Made Shot,Driving Finger Roll Layup Shot,2PT Field Goal,Restricted Area,Center(C),Less Than 8 ft.,1,12,13,1,1,20260521,NYK,CLE,42500302159,7710,0,0,1626157|1628404|1629013|1630540|1630631
Shot Chart Detail,0042500302,162,1629622,Max Strus,1610612752,Cleveland Cavaliers,2,10,43,Missed Shot,Layup Shot,2PT Field Goal,Restricted Area,Center(C),Less Than 8 ft.,1,0,15,1,0,20260521,NYK,CLE,42500302162,7970,0,0,1626157|1628404|1629013|1630540|1630631
Shot Chart Detail,0042500302,164,1629622,Max Strus,1610612752,Cleveland Cavaliers,2,10,42,Missed Shot,Tip Layup Shot,2PT Field Goal,Restricted Area,Center(C),Less Than 8 ft.,0,0,0,1,0,20260521,NYK,CLE,42500302164,7980,0,0,1626157|1628404|1629013|1630540|1630631
Shot Chart Detail,0042500302,166,1630596,Evan Mobley,1610612752,Cleveland Cavaliers,2,10,40,Made Shot,Tip Layup Shot,2PT Field Goal,Restricted Area,Center(C),Less Than 8 ft.,0,0,0,1,1,20260521,NYK,CLE,42500302166,8000,0,0,1626157|1628404|1629013|1630540|1630631
Shot Chart Detail,0042500302,168,203471,Dennis Schröder,1610612752,Cleveland Cavaliers,2,10,2,Missed Shot,Jump Shot,3PT Field Goal,Above the Break 3,Left Side Center(LC),24+ ft.,25,-227,122,1,0,20260521,NYK,CLE,42500302168,8380,0,0,1626157|1628404|1629013|1630540|1630631
Shot Chart Detail,0042500302,172,203471,Dennis Schröder,1610612752,Cleveland Cavaliers,2,9,40,Missed Shot,Running Layup Shot,2PT Field Goal,In The Paint (Non-RA),Center(C),Less Than 8 ft.,5,-50,17,1,0,20260521,NYK,CLE,42500302172,8600,0,0,1626157|1628404|1629013|1630540|1630631
Shot Chart Detail,0042500302,184,1629622,Max Strus,1610612752,Cleveland Cavaliers,2,10,41,Missed Shot,Tip Layup Shot,2PT Field Goal,Restricted Area,Center(C),Less Than 8 ft.,1,-6,10,1,0,20260521,NYK,CLE,42500302184,7990,0,0,1626157|1628404|1629013|1630540|1630631
Shot Chart Detail,0042500302,196,203471,Dennis Schröder,1610612752,Cleveland Cavaliers,2,9,4,Made Shot,Driving Layup Shot,2PT Field Goal,Restricted Area,Center(C),Less Than 8 ft.,1,15,7,1,1,20260521,NYK,CLE,42500302196,8960,0,1,203903|1626157|1628969|1629011|1630631
Shot Chart Detail,0042500302,201,1629731,Dean Wade,1610612752,Cleveland Cavaliers,2,8,34,Missed Shot,Jump Shot,3PT Field Goal,Above the Break 3,Right Side Center(RC),24+ ft.,25,100,233,1,0,20260521,NYK,CLE,42500302201,9260,0,0,203903|1626157|1628969|1629011|1630631
Shot Chart Detail,0042500302,205,1642281,Jaylon Tyson,1610612752,Cleveland Cavaliers,2,8,10,Missed Shot,Jump Shot,3PT Field Goal,Left Corner 3,Left Side(L),24+ ft.,23,-230,8,1,0,20260521,NYK,CLE,42500302205,9500,0,0,203903|1626157|1628969|1629011|1630631
Shot Chart Detail,0042500302,221,1630241,Sam Merrill,1610612752,Cleveland Cavaliers,2,7,36,Missed Shot,Jump Shot,3PT Field Goal,Above the Break 3,Center(C),24+ ft.,25,26,256,1,0,20260521,NYK,CLE,42500302221,9840,0,0,203903|1626157|1628384|1628969|1630631
Shot Chart Detail,0042500302,230,201935,James Harden,1610612752,Cleveland Cavaliers,2,7,2,Missed Shot,Driving Layup Shot,2PT Field Goal,Restricted Area,Center(C),Less Than 8 ft.,3,-32,2,1,0,20260521,NYK,CLE,42500302230,10180,0,0,203903|1628384|1628969|1628973|1629011
Shot Chart Detail,0042500302,233,1630241,Sam Merrill,1610612752,Cleveland Cavaliers,2,6,59,Missed Shot,Jump Shot,3PT Field Goal,Above the Break 3,Left Side Center(LC),24+ ft.,25,-135,218,1,0,20260521,NYK,CLE,42500302233,10210,0,0,203903|1628384|1628969|1628973|1629011
Shot Chart Detail,0042500302,236,201935,James Harden,1610612752,Cleveland Cavaliers,2,6,45,Missed Shot,Driving Floating Jump Shot,2PT Field Goal,In The Paint (Non-RA),Center(C),Less Than 8 ft.,7,-25,74,1,0,20260521,NYK,CLE,42500302236,10350,0,0,203903|1628384|1628969|1628973|1629011
Shot Chart Detail,0042500302,245,201935,James Harden,1610612752,Cleveland Cavaliers,2,5,59,Made Shot,Driving Floating Jump Shot,2PT Field Goal,In The Paint (Non-RA),Center(C),8-16 ft.,9,-10,94,1,1,20260521,NYK,CLE,42500302245,10810,0,0,203903|1628384|1628969|1628973|1629011
Shot Chart Detail,0042500302,249,1630241,Sam Merrill,1610612752,Cleveland Cavaliers,2,5,20,Missed Shot,Pullup Jump shot,3PT Field Goal,Above the Break 3,Center(C),24+ ft.,25,-15,256,1,0,20260521,NYK,CLE,42500302249,11200,0,0,203903|1628384|1628969|1628973|1629011
Shot Chart Detail,0042500302,277,1628378,Donovan Mitchell,1610612752,Cleveland Cavaliers,2,3,47,Missed Shot,Step Back Jump shot,3PT Field Goal,Above the Break 3,Center(C),24+ ft.,25,21,254,1,0,20260521,NYK,CLE,42500302277,12130,0,0,1628384|1628404|1628969|1628973|1629011
Shot Chart Detail,0042500302,295,201935,James Harden,1610612752,Cleveland Cavaliers,2,2,22,Made Shot,Jump Shot,3PT Field Goal,Above the Break 3,Left Side Center(LC),24+ ft.,26,-233,116,1,1,20260521,NYK,CLE,42500302295,12980,0,1,1626157|1628384|1628404|1628969|1628973
Shot Chart Detail,0042500302,299,1630596,Evan Mobley,1610612752,Cleveland Cavaliers,2,1,44,Missed Shot,Jump Shot,3PT Field Goal,Above the Break 3,Right Side Center(RC),24+ ft.,24,213,130,1,0,20260521,NYK,CLE,42500302299,13360,0,0,1626157|1628384|1628404|1628969|1628973
Shot Chart Detail,0042500302,303,201935,James Harden,1610612752,Cleveland Cavaliers,2,1,7,Made Shot,Driving Floating Jump Shot,2PT Field Goal,In The Paint (Non-RA),Center(C),Less Than 8 ft.,6,5,65,1,1,20260521,NYK,CLE,42500302303,13730,0,0,1626157|1628384|1628404|1628969|1628973
Shot Chart Detail,0042500302,306,201935,James Harden,1610612752,Cleveland Cavaliers,2,0,48,Missed Shot,Step Back Jump shot,3PT Field Goal,Above the Break 3,Right Side Center(RC),24+ ft.,24,131,210,1,0,20260521,NYK,CLE,42500302306,13920,0,0,1626157|1628384|1628404|1628969|1628973
Shot Chart Detail,0042500302,310,1628386,Jarrett Allen,1610612752,Cleveland Cavaliers,2,0,11,Made Shot,Layup Shot,2PT Field Goal,Restricted Area,Center(C),Less Than 8 ft.,1,-4,15,1,1,20260521,NYK,CLE,42500302310,14290,0,1,1626157|1628384|1628404|1628969|1628973
Shot Chart Detail,0042500302,326,1628386,Jarrett Allen,1610612752,Cleveland Cavaliers,3,11,43,Made Shot,Layup Shot,2PT Field Goal,Restricted Area,Center(C),Less Than 8 ft.,1,18,6,1,1,20260521,NYK,CLE,42500302326,14570,0,1,1626157|1628384|1628404|1628969|1628973
Shot Chart Detail,0042500302,331,201935,James Harden,1610612752,Cleveland Cavaliers,3,10,57,Missed Shot,Step Back Jump shot,3PT Field Goal,Above the Break 3,Left Side Center(LC),24+ ft.,24,-80,232,1,0,20260521,NYK,CLE,42500302331,15030,0,0,1626157|1628384|1628404|1628969|1628973
Shot Chart Detail,0042500302,335,1628378,Donovan Mitchell,1610612752,Cleveland Cavaliers,3,10,46,Missed Shot,Running Pull-Up Jump Shot,2PT Field Goal,In The Paint (Non-RA),Center(C),8-16 ft.,9,5,96,1,0,20260521,NYK,CLE,42500302335,15140,0,0,1626157|1628384|1628404|1628969|1628973
Shot Chart Detail,0042500302,339,1628378,Donovan Mitchell,1610612752,Cleveland Cavaliers,3,10,37,Made Shot,Driving Floating Jump Shot,2PT Field Goal,In The Paint (Non-RA),Center(C),8-16 ft.,8,6,82,1,1,20260521,NYK,CLE,42500302339,15230,0,1,1626157|1628384|1628404|1628969|1628973
Shot Chart Detail,0042500302,344,1628378,Donovan Mitchell,1610612752,Cleveland Cavaliers,3,9,55,Missed Shot,Jump Shot,3PT Field Goal,Above the Break 3,Right Side Center(RC),24+ ft.,24,229,90,1,0,20260521,NYK,CLE,42500302344,15650,0,0,1626157|1628384|1628404|1628969|1628973
Shot Chart Detail,0042500302,348,1628378,Donovan Mitchell,1610612752,Cleveland Cavaliers,3,9,41,Missed Shot,Turnaround Jump Shot,2PT Field Goal,In The Paint (Non-RA),Center(C),8-16 ft.,10,4,109,1,0,20260521,NYK,CLE,42500302348,15790,0,0,1626157|1628384|1628404|1628969|1628973
Shot Chart Detail,0042500302,362,201935,James Harden,1610612752,Cleveland Cavaliers,3,8,5,Missed Shot,Driving Floating Jump Shot,2PT Field Goal,In The Paint (Non-RA),Center(C),Less Than 8 ft.,5,11,53,1,0,20260521,NYK,CLE,42500302362,16750,0,0,1626157|1628384|1628404|1628969|1628973
Shot Chart Detail,0042500302,366,1629731,Dean Wade,1610612752,Cleveland Cavaliers,3,7,39,Missed Shot,Jump Shot,3PT Field Goal,Left Corner 3,Left Side(L),24+ ft.,22,-229,8,1,0,20260521,NYK,CLE,42500302366,17010,0,0,1626157|1628384|1628404|1628969|1628973
Shot Chart Detail,0042500302,369,1628386,Jarrett Allen,1610612752,Cleveland Cavaliers,3,7,5,Missed Shot,Driving Floating Jump Shot,2PT Field Goal,In The Paint (Non-RA),Right Side(R),8-16 ft.,8,42,69,1,0,20260521,NYK,CLE,42500302369,17350,0,0,1626157|1628384|1628404|1628969|1628973
Shot Chart Detail,0042500302,383,1629622,Max Strus,1610612752,Cleveland Cavaliers,3,6,33,Missed Shot,Pullup Jump shot,3PT Field Goal,Above the Break 3,Center(C),24+ ft.,25,10,253,1,0,20260521,NYK,CLE,42500302383,17670,0,0,1626157|1628384|1628404|1628969|1628973
Shot Chart Detail,0042500302,392,1630241,Sam Merrill,1610612752,Cleveland Cavaliers,3,5,52,Missed Shot,Jump Shot,3PT Field Goal,Above the Break 3,Left Side Center(LC),24+ ft.,24,-156,195,1,0,20260521,NYK,CLE,42500302392,18080,0,0,1626157|1628384|1628404|1628969|1628973
Shot Chart Detail,0042500302,405,1629622,Max Strus,1610612752,Cleveland Cavaliers,3,5,5,Made Shot,Jump Shot,3PT Field Goal,Right Corner 3,Right Side(R),24+ ft.,23,235,0,1,1,20260521,NYK,CLE,42500302405,18550,0,1,1626157|1628384|1628404|1628969|1628973
Shot Chart Detail,0042500302,410,201935,James Harden,1610612752,Cleveland Cavaliers,3,4,34,Missed Shot,Running Layup Shot,2PT Field Goal,Restricted Area,Center(C),Less Than 8 ft.,2,17,14,1,0,20260521,NYK,CLE,42500302410,18860,0,0,1626157|1628384|1628404|1628969|1628973
Shot Chart Detail,0042500302,412,1628386,Jarrett Allen,1610612752,Cleveland Cavaliers,3,4,33,Made Shot,Tip Layup Shot,2PT Field Goal,Restricted Area,Center(C),Less Than 8 ft.,0,0,0,1,1,20260521,NYK,CLE,42500302412,18870,0,0,1626157|1628384|1628404|1628969|1628973
Shot Chart Detail,0042500302,440,1628378,Donovan Mitchell,1610612752,Cleveland Cavaliers,3,2,53,Made Shot,Driving Floating Jump Shot,2PT Field Goal,In The Paint (Non-RA),Center(C),Less Than 8 ft.,6,6,68,1,1,20260521,NYK,CLE,42500302440,19870,0,0,1626157|1628404|1628969|1628973|1630540
Shot Chart Detail,0042500302,450,1628378,Donovan Mitchell,1610612752,Cleveland Cavaliers,3,2,17,Made Shot,Pullup Jump shot,3PT Field Goal,Above the Break 3,Right Side Center(RC),24+ ft.,27,152,225,1,1,20260521,NYK,CLE,42500302450,20230,0,0,203903|1626157|1628973|1629013|1630540
Shot Chart Detail,0042500302,453,1628378,Donovan Mitchell,1610612752,Cleveland Cavaliers,3,1,40,Made Shot,Driving Layup Shot,2PT Field Goal,Restricted Area,Center(C),Less Than 8 ft.,3,-23,26,1,1,20260521,NYK,CLE,42500302453,20600,0,0,203903|1626157|1628973|1629013|1630540
Shot Chart Detail,0042500302,471,1628378,Donovan Mitchell,1610612752,Cleveland Cavaliers,3,0,16,Made Shot,Driving Finger Roll Layup Shot,2PT Field Goal,Restricted Area,Center(C),Less Than 8 ft.,1,10,8,1,1,20260521,NYK,CLE,42500302471,21440,0,0,203903|1628973|1629011|1629013|1630540
Shot Chart Detail,0042500302,501,1642281,Jaylon Tyson,1610612752,Cleveland Cavaliers,4,10,50,Missed Shot,Jump Shot,3PT Field Goal,Above the Break 3,Left Side Center(LC),24+ ft.,24,-131,209,1,0,20260521,NYK,CLE,42500302501,22300,0,0,1626157|1628404|1629013|1630540|1630631
Shot Chart Detail,0042500302,530,1628378,Donovan Mitchell,1610612752,Cleveland Cavaliers,4,9,20,Missed Shot,Pullup Jump shot,2PT Field Goal,Mid-Range,Right Side(R),16-24 ft.,20,196,67,1,0,20260521,NYK,CLE,42500302530,23200,0,0,203903|1628969|1628973|1629011|1629013
Shot Chart Detail,0042500302,544,1642281,Jaylon Tyson,1610612752,Cleveland Cavaliers,4,8,59,Made Shot,Cutting Finger Roll Layup Shot,2PT Field Goal,Restricted Area,Center(C),Less Than 8 ft.,1,2,14,1,1,20260521,NYK,CLE,42500302544,23410,0,1,1628384|1628969|1628973|1629011|1629013
Shot Chart Detail,0042500302,548,1642281,Jaylon Tyson,1610612752,Cleveland Cavaliers,4,8,21,Missed Shot,Jump Shot,3PT Field Goal,Left Corner 3,Left Side(L),24+ ft.,23,-230,-23,1,0,20260521,NYK,CLE,42500302548,23790,0,0,1628384|1628969|1628973|1629011|1629013
Shot Chart Detail,0042500302,556,1628378,Donovan Mitchell,1610612752,Cleveland Cavaliers,4,7,51,Made Shot,Driving Floating Jump Shot,2PT Field Goal,Mid-Range,Right Side(R),8-16 ft.,12,107,71,1,1,20260521,NYK,CLE,42500302556,24090,0,1,1628384|1628969|1628973|1629011|1629013
Shot Chart Detail,0042500302,567,201935,James Harden,1610612752,Cleveland Cavaliers,4,7,16,Missed Shot,Driving Layup Shot,2PT Field Goal,Restricted Area,Center(C),Less Than 8 ft.,2,-20,17,1,0,20260521,NYK,CLE,42500302567,24440,0,0,1626157|1628384|1628404|1628969|1628973
Shot Chart Detail,0042500302,577,203471,Dennis Schröder,1610612752,Cleveland Cavaliers,4,6,34,Made Shot,Pullup Jump shot,2PT Field Goal,Mid-Range,Left Side(L),8-16 ft.,11,-103,51,1,1,20260521,NYK,CLE,42500302577,24860,0,0,1626157|1628384|1628404|1628969|1628973
Shot Chart Detail,0042500302,585,201935,James Harden,1610612752,Cleveland Cavaliers,4,5,52,Made Shot,Jump Shot,3PT Field Goal,Right Corner 3,Right Side(R),24+ ft.,23,230,-5,1,1,20260521,NYK,CLE,42500302585,25280,0,1,1626157|1628384|1628404|1628969|1628973
Shot Chart Detail,0042500302,595,1628378,Donovan Mitchell,1610612752,Cleveland Cavaliers,4,4,30,Missed Shot,Jump Shot,3PT Field Goal,Above the Break 3,Left Side Center(LC),24+ ft.,24,-129,214,1,0,20260521,NYK,CLE,42500302595,26100,0,0,1626157|1628384|1628404|1628969|1628973
Shot Chart Detail,0042500302,608,201935,James Harden,1610612752,Cleveland Cavaliers,4,3,52,Missed Shot,Pullup Jump shot,3PT Field Goal,Above the Break 3,Center(C),24+ ft.,26,75,255,1,0,20260521,NYK,CLE,42500302608,26480,0,0,1626157|1628384|1628404|1628969|1628973
Shot Chart Detail,0042500302,612,1628386,Jarrett Allen,1610612752,Cleveland Cavaliers,4,3,24,Missed Shot,Floating Jump shot,2PT Field Goal,In The Paint (Non-RA),Center(C),8-16 ft.,12,6,120,1,0,20260521,NYK,CLE,42500302612,26760,0,0,1626157|1628384|1628404|1628969|1628973
Shot Chart Detail,0042500302,619,1629622,Max Strus,1610612752,Cleveland Cavaliers,4,3,6,Missed Shot,Jump Shot,3PT Field Goal,Above the Break 3,Right Side Center(RC),24+ ft.,25,158,195,1,0,20260521,NYK,CLE,42500302619,26940,0,0,1626157|1628384|1628404|1628969|1628973
Shot Chart Detail,0042500302,631,201935,James Harden,1610612752,Cleveland Cavaliers,4,2,15,Made Shot,Running Pull-Up Jump Shot,2PT Field Goal,Restricted Area,Center(C),Less Than 8 ft.,3,21,31,1,1,20260521,NYK,CLE,42500302631,27450,0,0,1626157|1628384|1628404|1628969|1628973
Shot Chart Detail,0042500302,640,1628378,Donovan Mitchell,1610612752,Cleveland Cavaliers,4,1,37,Missed Shot,Step Back Jump shot,3PT Field Goal,Above the Break 3,Left Side Center(LC),24+ ft.,25,-179,184,1,0,20260521,NYK,CLE,42500302640,27830,0,0,1626157|1628384|1628969|1628973|1629013
Shot Chart Detail,0042500302,667,1628418,Thomas Bryant,1610612752,Cleveland Cavaliers,4,0,45,Missed Shot,Jump Shot,2PT Field Goal,Mid-Range,Right Side(R),8-16 ft.,13,134,29,1,0,20260521,NYK,CLE,42500302667,28350,0,0,1629013|1630540|1630631|1642278|1642359
Shot Chart Detail,0042500302,669,1641772,Nae'Qwan Tomlin,1610612752,Cleveland Cavaliers,4,0,42,Made Shot,Tip Layup Shot,2PT Field Goal,Restricted Area,Center(C),Less Than 8 ft.,0,0,0,1,1,20260521,NYK,CLE,42500302669,28380,0,0,1629013|1630540|1630631|1642278|1642359
Shot Chart Detail,0042500303,7,1630596,Evan Mobley,1610612752,Cleveland Cavaliers,1,11,36,Missed Shot,Jump Shot,3PT Field Goal,Above the Break 3,Left Side Center(LC),24+ ft.,25,-206,147,1,0,20260523,CLE,NYK,425003037,240,0,0,1626157|1628384|1628404|1628969|1628973
Shot Chart Detail,0042500303,21,1630596,Evan Mobley,1610612752,Cleveland Cavaliers,1,10,13,Missed Shot,Turnaround Hook Shot,2PT Field Goal,In The Paint (Non-RA),Center(C),Less Than 8 ft.,6,-4,62,1,0,20260523,CLE,NYK,4250030321,1070,0,0,1626157|1628384|1628404|1628969|1628973
Shot Chart Detail,0042500303,26,1628378,Donovan Mitchell,1610612752,Cleveland Cavaliers,1,9,41,Made Shot,Step Back Jump shot,2PT Field Goal,Mid-Range,Left Side Center(LC),16-24 ft.,22,-156,162,1,1,20260523,CLE,NYK,4250030326,1390,0,0,1626157|1628384|1628404|1628969|1628973
Shot Chart Detail,0042500303,29,1628386,Jarrett Allen,1610612752,Cleveland Cavaliers,1,9,15,Made Shot,Layup Shot,2PT Field Goal,Restricted Area,Center(C),Less Than 8 ft.,0,0,2,1,1,20260523,CLE,NYK,4250030329,1650,0,1,1626157|1628384|1628404|1628969|1628973
Shot Chart Detail,0042500303,32,1628386,Jarrett Allen,1610612752,Cleveland Cavaliers,1,8,43,Made Shot,Cutting Dunk Shot,2PT Field Goal,Restricted Area,Center(C),Less Than 8 ft.,0,-5,5,1,1,20260523,CLE,NYK,4250030332,1970,0,1,1626157|1628384|1628404|1628969|1628973
Shot Chart Detail,0042500303,41,201935,James Harden,1610612752,Cleveland Cavaliers,1,8,12,Missed Shot,Driving Floating Jump Shot,2PT Field Goal,Restricted Area,Center(C),Less Than 8 ft.,1,1,16,1,0,20260523,CLE,NYK,4250030341,2280,0,0,1626157|1628384|1628404|1628969|1628973
Shot Chart Detail,0042500303,44,1630596,Evan Mobley,1610612752,Cleveland Cavaliers,1,8,8,Made Shot,Putback Dunk Shot,2PT Field Goal,Restricted Area,Center(C),Less Than 8 ft.,1,4,11,1,1,20260523,CLE,NYK,4250030344,2320,0,0,1626157|1628384|1628404|1628969|1628973
Shot Chart Detail,0042500303,48,1628378,Donovan Mitchell,1610612752,Cleveland Cavaliers,1,7,33,Missed Shot,Pullup Jump shot,3PT Field Goal,Right Corner 3,Right Side(R),24+ ft.,23,225,58,1,0,20260523,CLE,NYK,4250030348,2670,0,0,1626157|1628384|1628404|1628969|1628973
Shot Chart Detail,0042500303,52,1630596,Evan Mobley,1610612752,Cleveland Cavaliers,1,7,5,Made Shot,Turnaround Hook Shot,2PT Field Goal,In The Paint (Non-RA),Left Side(L),8-16 ft.,11,-78,84,1,1,20260523,CLE,NYK,4250030352,2950,0,0,1626157|1628384|1628404|1628969|1628973
Shot Chart Detail,0042500303,54,1628378,Donovan Mitchell,1610612752,Cleveland Cavaliers,1,6,33,Made Shot,Driving Layup Shot,2PT Field Goal,Restricted Area,Center(C),Less Than 8 ft.,1,1,16,1,1,20260523,CLE,NYK,4250030354,3270,0,0,1626157|1628384|1628404|1628969|1628973
Shot Chart Detail,0042500303,64,201935,James Harden,1610612752,Cleveland Cavaliers,1,6,1,Made Shot,Step Back Jump shot,2PT Field Goal,In The Paint (Non-RA),Right Side(R),8-16 ft.,10,80,67,1,1,20260523,CLE,NYK,4250030364,3590,0,0,1626157|1628384|1628404|1628969|1628973
Shot Chart Detail,0042500303,69,201935,James Harden,1610612752,Cleveland Cavaliers,1,5,44,Made Shot,Driving Finger Roll Layup Shot,2PT Field Goal,Restricted Area,Center(C),Less Than 8 ft.,0,1,1,1,1,20260523,CLE,NYK,4250030369,3760,0,0,1626157|1628384|1628404|1628969|1628973
Shot Chart Detail,0042500303,74,201935,James Harden,1610612752,Cleveland Cavaliers,1,5,25,Missed Shot,Step Back Jump shot,3PT Field Goal,Above the Break 3,Right Side Center(RC),24+ ft.,24,211,127,1,0,20260523,CLE,NYK,4250030374,3950,0,0,1626157|1628384|1628404|1628969|1628973
Shot Chart Detail,0042500303,76,1630241,Sam Merrill,1610612752,Cleveland Cavaliers,1,5,21,Missed Shot,Pullup Jump shot,3PT Field Goal,Right Corner 3,Right Side(R),24+ ft.,23,229,31,1,0,20260523,CLE,NYK,4250030376,3990,0,0,1626157|1628384|1628404|1628969|1628973
Shot Chart Detail,0042500303,85,1628386,Jarrett Allen,1610612752,Cleveland Cavaliers,1,4,51,Made Shot,Driving Layup Shot,2PT Field Goal,Restricted Area,Center(C),Less Than 8 ft.,1,-2,10,1,1,20260523,CLE,NYK,4250030385,4290,0,1,1626157|1628969|1628973|1629013|1630540
Shot Chart Detail,0042500303,101,1630596,Evan Mobley,1610612752,Cleveland Cavaliers,1,4,12,Missed Shot,Jump Shot,3PT Field Goal,Above the Break 3,Center(C),24+ ft.,26,9,262,1,0,20260523,CLE,NYK,42500303101,4680,0,0,1626157|1628969|1628973|1629013|1630540
Shot Chart Detail,0042500303,112,1629622,Max Strus,1610612752,Cleveland Cavaliers,1,3,13,Made Shot,Jump Shot,3PT Field Goal,Above the Break 3,Left Side Center(LC),24+ ft.,26,-196,180,1,1,20260523,CLE,NYK,42500303112,5270,0,1,1626157|1628969|1628973|1629013|1630540
Shot Chart Detail,0042500303,122,1628378,Donovan Mitchell,1610612752,Cleveland Cavaliers,1,2,44,Made Shot,Step Back Jump shot,2PT Field Goal,Mid-Range,Right Side(R),8-16 ft.,13,96,101,1,1,20260523,CLE,NYK,42500303122,5560,0,0,1626157|1628404|1628973|1629013|1630540
Shot Chart Detail,0042500303,125,1629622,Max Strus,1610612752,Cleveland Cavaliers,1,1,51,Missed Shot,Jump Shot,3PT Field Goal,Above the Break 3,Right Side Center(RC),24+ ft.,24,224,110,1,0,20260523,CLE,NYK,42500303125,6090,0,0,1626157|1628404|1628973|1629013|1630540
Shot Chart Detail,0042500303,133,1629622,Max Strus,1610612752,Cleveland Cavaliers,1,1,21,Missed Shot,Jump Shot,3PT Field Goal,Left Corner 3,Left Side(L),24+ ft.,23,-235,21,1,0,20260523,CLE,NYK,42500303133,6390,0,0,1628404|1628973|1629011|1629013|1630540
Shot Chart Detail,0042500303,139,203471,Dennis Schröder,1610612752,Cleveland Cavaliers,1,0,49,Made Shot,Jump Shot,3PT Field Goal,Above the Break 3,Right Side Center(RC),24+ ft.,25,228,113,1,1,20260523,CLE,NYK,42500303139,6710,0,1,1628404|1628973|1629011|1629013|1630540
Shot Chart Detail,0042500303,153,1630241,Sam Merrill,1610612752,Cleveland Cavaliers,1,0,0,Missed Shot,Driving Floating Jump Shot,2PT Field Goal,In The Paint (Non-RA),Right Side(R),8-16 ft.,8,78,33,1,0,20260523,CLE,NYK,42500303153,7200,0,0,1626157|1628404|1628973|1629013|1630540
Shot Chart Detail,0042500303,157,1630596,Evan Mobley,1610612752,Cleveland Cavaliers,1,3,36,Missed Shot,Driving Layup Shot,2PT Field Goal,In The Paint (Non-RA),Center(C),Less Than 8 ft.,4,-5,43,1,0,20260523,CLE,NYK,42500303157,5040,0,0,1626157|1628969|1628973|1629013|1630540
Shot Chart Detail,0042500303,176,1628378,Donovan Mitchell,1610612752,Cleveland Cavaliers,2,11,9,Made Shot,Driving Floating Bank Jump Shot,2PT Field Goal,In The Paint (Non-RA),Right Side(R),8-16 ft.,9,80,43,1,1,20260523,CLE,NYK,42500303176,7710,0,0,1626157|1628404|1629013|1630540|1630631
Shot Chart Detail,0042500303,179,1630596,Evan Mobley,1610612752,Cleveland Cavaliers,2,10,39,Made Shot,Dunk Shot,2PT Field Goal,Restricted Area,Center(C),Less Than 8 ft.,0,7,0,1,1,20260523,CLE,NYK,42500303179,8010,0,1,1626157|1628404|1629013|1630540|1630631
Shot Chart Detail,0042500303,214,1628386,Jarrett Allen,1610612752,Cleveland Cavaliers,2,8,28,Made Shot,Layup Shot,2PT Field Goal,Restricted Area,Center(C),Less Than 8 ft.,1,-9,5,1,1,20260523,CLE,NYK,42500303214,9320,0,1,203903|1628404|1628969|1629011|1630631
Shot Chart Detail,0042500303,218,1628378,Donovan Mitchell,1610612752,Cleveland Cavaliers,2,8,4,Missed Shot,Pullup Jump shot,3PT Field Goal,Above the Break 3,Center(C),24+ ft.,30,-86,296,1,0,20260523,CLE,NYK,42500303218,9560,0,0,203903|1628404|1628969|1629011|1630631
Shot Chart Detail,0042500303,234,1642281,Jaylon Tyson,1610612752,Cleveland Cavaliers,2,7,31,Made Shot,Driving Layup Shot,2PT Field Goal,Restricted Area,Center(C),Less Than 8 ft.,1,6,-8,1,1,20260523,CLE,NYK,42500303234,9890,0,0,203903|1628384|1628969|1628973|1629011
Shot Chart Detail,0042500303,240,201935,James Harden,1610612752,Cleveland Cavaliers,2,7,4,Made Shot,Driving Finger Roll Layup Shot,2PT Field Goal,Restricted Area,Center(C),Less Than 8 ft.,0,2,5,1,1,20260523,CLE,NYK,42500303240,10160,0,0,203903|1628384|1628969|1628973|1629011
Shot Chart Detail,0042500303,253,201935,James Harden,1610612752,Cleveland Cavaliers,2,6,28,Made Shot,Pullup Jump shot,3PT Field Goal,Above the Break 3,Right Side Center(RC),24+ ft.,25,183,184,1,1,20260523,CLE,NYK,42500303253,10520,0,0,1626157|1628384|1628404|1628969|1628973
Shot Chart Detail,0042500303,256,201935,James Harden,1610612752,Cleveland Cavaliers,2,6,5,Missed Shot,Step Back Jump shot,3PT Field Goal,Above the Break 3,Left Side Center(LC),24+ ft.,25,-227,123,1,0,20260523,CLE,NYK,42500303256,10750,0,0,1626157|1628384|1628404|1628969|1628973
Shot Chart Detail,0042500303,258,1628386,Jarrett Allen,1610612752,Cleveland Cavaliers,2,6,1,Made Shot,Driving Reverse Layup Shot,2PT Field Goal,Restricted Area,Center(C),Less Than 8 ft.,0,4,2,1,1,20260523,CLE,NYK,42500303258,10790,0,0,1626157|1628384|1628404|1628969|1628973
Shot Chart Detail,0042500303,261,201935,James Harden,1610612752,Cleveland Cavaliers,2,5,40,Made Shot,Driving Finger Roll Layup Shot,2PT Field Goal,Restricted Area,Center(C),Less Than 8 ft.,1,7,13,1,1,20260523,CLE,NYK,42500303261,11000,0,1,1626157|1628384|1628404|1628969|1628973
Shot Chart Detail,0042500303,265,1642281,Jaylon Tyson,1610612752,Cleveland Cavaliers,2,5,17,Missed Shot,Jump Shot,3PT Field Goal,Above the Break 3,Left Side Center(LC),24+ ft.,27,-130,246,1,0,20260523,CLE,NYK,42500303265,11230,0,0,1626157|1628384|1628404|1628969|1628973
Shot Chart Detail,0042500303,273,201935,James Harden,1610612752,Cleveland Cavaliers,2,4,54,Made Shot,Driving Floating Jump Shot,2PT Field Goal,In The Paint (Non-RA),Right Side(R),8-16 ft.,10,65,88,1,1,20260523,CLE,NYK,42500303273,11460,0,0,1626157|1628384|1628404|1628969|1628973
Shot Chart Detail,0042500303,276,1629731,Dean Wade,1610612752,Cleveland Cavaliers,2,4,13,Missed Shot,Jump Shot,3PT Field Goal,Above the Break 3,Left Side Center(LC),24+ ft.,24,-232,89,1,0,20260523,CLE,NYK,42500303276,11870,0,0,1626157|1628384|1628404|1628969|1628973
Shot Chart Detail,0042500303,298,1629622,Max Strus,1610612752,Cleveland Cavaliers,2,2,37,Missed Shot,Jump Shot,3PT Field Goal,Above the Break 3,Right Side Center(RC),24+ ft.,24,124,216,1,0,20260523,CLE,NYK,42500303298,12830,0,0,1626157|1628384|1628404|1628969|1628973
Shot Chart Detail,0042500303,317,201935,James Harden,1610612752,Cleveland Cavaliers,2,0,58,Missed Shot,Step Back Jump shot,3PT Field Goal,Above the Break 3,Center(C),24+ ft.,26,28,268,1,0,20260523,CLE,NYK,42500303317,13820,0,0,1626157|1628384|1628404|1628969|1628973
Shot Chart Detail,0042500303,321,1629622,Max Strus,1610612752,Cleveland Cavaliers,2,0,44,Missed Shot,Jump Shot,3PT Field Goal,Right Corner 3,Right Side(R),24+ ft.,23,232,-5,1,0,20260523,CLE,NYK,42500303321,13960,0,0,1626157|1628384|1628404|1628969|1628973
Shot Chart Detail,0042500303,329,1628378,Donovan Mitchell,1610612752,Cleveland Cavaliers,2,0,30,Made Shot,Pullup Jump shot,3PT Field Goal,Above the Break 3,Right Side Center(RC),24+ ft.,25,202,155,1,1,20260523,CLE,NYK,42500303329,14100,0,0,1628384|1628404|1628969|1628973|1629013
Shot Chart Detail,0042500303,333,201935,James Harden,1610612752,Cleveland Cavaliers,2,0,0,Missed Shot,Jump Shot,3PT Field Goal,Above the Break 3,Left Side Center(LC),24+ ft.,24,-132,211,1,0,20260523,CLE,NYK,42500303333,14400,0,0,1628384|1628404|1628969|1629013|1630540
Shot Chart Detail,0042500303,350,1630596,Evan Mobley,1610612752,Cleveland Cavaliers,3,11,6,Made Shot,Jump Shot,3PT Field Goal,Above the Break 3,Right Side Center(RC),24+ ft.,24,199,150,1,1,20260523,CLE,NYK,42500303350,14940,0,1,1626157|1628384|1628404|1628969|1628973
Shot Chart Detail,0042500303,353,1628378,Donovan Mitchell,1610612752,Cleveland Cavaliers,3,10,34,Made Shot,Turnaround Fadeaway shot,2PT Field Goal,Mid-Range,Right Side(R),8-16 ft.,13,113,67,1,1,20260523,CLE,NYK,42500303353,15260,0,0,1626157|1628384|1628404|1628969|1628973
Shot Chart Detail,0042500303,365,1628378,Donovan Mitchell,1610612752,Cleveland Cavaliers,3,9,9,Missed Shot,Driving Floating Jump Shot,2PT Field Goal,Restricted Area,Center(C),Less Than 8 ft.,1,10,10,1,0,20260523,CLE,NYK,42500303365,16110,0,0,1626157|1628384|1628404|1628969|1628973
Shot Chart Detail,0042500303,369,1628378,Donovan Mitchell,1610612752,Cleveland Cavaliers,3,9,5,Made Shot,Jump Shot,3PT Field Goal,Right Corner 3,Right Side(R),24+ ft.,22,229,5,1,1,20260523,CLE,NYK,42500303369,16150,0,1,1626157|1628384|1628404|1628969|1628973
Shot Chart Detail,0042500303,379,1628378,Donovan Mitchell,1610612752,Cleveland Cavaliers,3,8,7,Missed Shot,Pullup Jump shot,3PT Field Goal,Above the Break 3,Left Side Center(LC),24+ ft.,24,-89,226,1,0,20260523,CLE,NYK,42500303379,16730,0,0,1626157|1628384|1628404|1628969|1628973
Shot Chart Detail,0042500303,403,1629622,Max Strus,1610612752,Cleveland Cavaliers,3,6,36,Missed Shot,Jump Shot,3PT Field Goal,Above the Break 3,Right Side Center(RC),24+ ft.,26,207,166,1,0,20260523,CLE,NYK,42500303403,17640,0,0,1626157|1628384|1628969|1628973|1629013
Shot Chart Detail,0042500303,407,1628378,Donovan Mitchell,1610612752,Cleveland Cavaliers,3,6,25,Made Shot,Driving Floating Jump Shot,2PT Field Goal,Restricted Area,Center(C),Less Than 8 ft.,2,15,24,1,1,20260523,CLE,NYK,42500303407,17750,0,1,1626157|1628384|1628969|1628973|1629013
Shot Chart Detail,0042500303,414,1629622,Max Strus,1610612752,Cleveland Cavaliers,3,5,39,Made Shot,Jump Shot,3PT Field Goal,Left Corner 3,Left Side(L),24+ ft.,22,-225,-16,1,1,20260523,CLE,NYK,42500303414,18210,0,1,1626157|1628384|1628969|1628973|1629013
Shot Chart Detail,0042500303,422,201935,James Harden,1610612752,Cleveland Cavaliers,3,5,17,Missed Shot,Jump Shot,3PT Field Goal,Above the Break 3,Right Side Center(RC),24+ ft.,26,161,206,1,0,20260523,CLE,NYK,42500303422,18430,0,0,1628384|1628969|1628973|1629011|1629013
Shot Chart Detail,0042500303,426,1628378,Donovan Mitchell,1610612752,Cleveland Cavaliers,3,4,50,Missed Shot,Driving Finger Roll Layup Shot,2PT Field Goal,Restricted Area,Center(C),Less Than 8 ft.,1,-11,15,1,0,20260523,CLE,NYK,42500303426,18700,0,0,1628384|1628969|1628973|1629011|1629013
Shot Chart Detail,0042500303,431,1628378,Donovan Mitchell,1610612752,Cleveland Cavaliers,3,4,21,Missed Shot,Pullup Jump shot,3PT Field Goal,Above the Break 3,Right Side Center(RC),24+ ft.,26,156,208,1,0,20260523,CLE,NYK,42500303431,18990,0,0,1628384|1628969|1628973|1629011|1629013
Shot Chart Detail,0042500303,444,201935,James Harden,1610612752,Cleveland Cavaliers,3,3,28,Made Shot,Step Back Jump shot,2PT Field Goal,Mid-Range,Center(C),8-16 ft.,14,22,147,1,1,20260523,CLE,NYK,42500303444,19520,0,0,1628969|1628973|1629011|1629013|1630540
Shot Chart Detail,0042500303,455,1629622,Max Strus,1610612752,Cleveland Cavaliers,3,2,48,Missed Shot,Jump Shot,3PT Field Goal,Left Corner 3,Left Side(L),24+ ft.,22,-227,-7,1,0,20260523,CLE,NYK,42500303455,19920,0,0,1628404|1628973|1629011|1629013|1630540
Shot Chart Detail,0042500303,463,1630596,Evan Mobley,1610612752,Cleveland Cavaliers,3,2,24,Made Shot,Cutting Dunk Shot,2PT Field Goal,Restricted Area,Center(C),Less Than 8 ft.,0,5,4,1,1,20260523,CLE,NYK,42500303463,20160,0,1,1628404|1628973|1629011|1629013|1630540
Shot Chart Detail,0042500303,469,1630241,Sam Merrill,1610612752,Cleveland Cavaliers,3,1,39,Made Shot,Jump Bank Shot,3PT Field Goal,Above the Break 3,Left Side Center(LC),24+ ft.,25,-223,117,1,1,20260523,CLE,NYK,42500303469,20610,0,1,1628404|1628973|1629011|1629013|1630540
Shot Chart Detail,0042500303,479,201935,James Harden,1610612752,Cleveland Cavaliers,3,0,54,Made Shot,Turnaround Jump Shot,2PT Field Goal,Restricted Area,Center(C),Less Than 8 ft.,0,-4,0,1,1,20260523,CLE,NYK,42500303479,21060,0,0,1628404|1628973|1629011|1629013|1630540
Shot Chart Detail,0042500303,484,1630596,Evan Mobley,1610612752,Cleveland Cavaliers,3,0,26,Missed Shot,Jump Shot,3PT Field Goal,Above the Break 3,Left Side Center(LC),24+ ft.,25,-121,222,1,0,20260523,CLE,NYK,42500303484,21340,0,0,1628404|1628973|1629011|1629013|1630540
Shot Chart Detail,0042500303,486,201935,James Harden,1610612752,Cleveland Cavaliers,3,0,10,Missed Shot,Step Back Jump shot,3PT Field Goal,Above the Break 3,Left Side Center(LC),24+ ft.,25,-145,205,1,0,20260523,CLE,NYK,42500303486,21500,0,0,1628404|1628973|1629011|1629013|1630540
Shot Chart Detail,0042500303,488,1630596,Evan Mobley,1610612752,Cleveland Cavaliers,3,0,6,Made Shot,Cutting Dunk Shot,2PT Field Goal,Restricted Area,Center(C),Less Than 8 ft.,1,-9,16,1,1,20260523,CLE,NYK,42500303488,21540,0,1,1628404|1628973|1629011|1629013|1630540
Shot Chart Detail,0042500303,504,1628378,Donovan Mitchell,1610612752,Cleveland Cavaliers,4,11,44,Missed Shot,Driving Floating Jump Shot,2PT Field Goal,In The Paint (Non-RA),Center(C),Less Than 8 ft.,5,-21,52,1,0,20260523,CLE,NYK,42500303504,21760,0,0,1626157|1628404|1628969|1629013|1630540
Shot Chart Detail,0042500303,510,1628378,Donovan Mitchell,1610612752,Cleveland Cavaliers,4,10,57,Missed Shot,Pullup Jump shot,3PT Field Goal,Above the Break 3,Left Side Center(LC),24+ ft.,26,-143,221,1,0,20260523,CLE,NYK,42500303510,22230,0,0,1626157|1628404|1628969|1629013|1630540
Shot Chart Detail,0042500303,515,1628386,Jarrett Allen,1610612752,Cleveland Cavaliers,4,10,24,Missed Shot,Floating Jump shot,2PT Field Goal,Mid-Range,Left Side(L),8-16 ft.,9,-96,14,1,0,20260523,CLE,NYK,42500303515,22560,0,0,1626157|1628404|1628969|1629013|1630540
Shot Chart Detail,0042500303,526,1629622,Max Strus,1610612752,Cleveland Cavaliers,4,10,2,Missed Shot,Cutting Layup Shot,2PT Field Goal,Restricted Area,Center(C),Less Than 8 ft.,1,9,15,1,0,20260523,CLE,NYK,42500303526,22780,0,0,1626157|1628404|1628969|1629013|1630540
Shot Chart Detail,0042500303,531,1630241,Sam Merrill,1610612752,Cleveland Cavaliers,4,9,49,Made Shot,Jump Shot,3PT Field Goal,Above the Break 3,Right Side Center(RC),24+ ft.,25,227,114,1,1,20260523,CLE,NYK,42500303531,22910,0,1,1626157|1628404|1628969|1629013|1630540
Shot Chart Detail,0042500303,547,1628386,Jarrett Allen,1610612752,Cleveland Cavaliers,4,8,39,Missed Shot,Floating Jump shot,2PT Field Goal,In The Paint (Non-RA),Center(C),8-16 ft.,12,55,108,1,0,20260523,CLE,NYK,42500303547,23610,0,0,1626157|1628404|1628969|1628973|1629013
Shot Chart Detail,0042500303,549,1628378,Donovan Mitchell,1610612752,Cleveland Cavaliers,4,8,30,Missed Shot,Driving Floating Jump Shot,2PT Field Goal,Restricted Area,Center(C),Less Than 8 ft.,2,0,25,1,0,20260523,CLE,NYK,42500303549,23700,0,0,1626157|1628404|1628969|1628973|1629013
Shot Chart Detail,0042500303,551,1628386,Jarrett Allen,1610612752,Cleveland Cavaliers,4,8,27,Made Shot,Tip Layup Shot,2PT Field Goal,Restricted Area,Center(C),Less Than 8 ft.,0,0,0,1,1,20260523,CLE,NYK,42500303551,23730,0,0,1626157|1628404|1628969|1628973|1629013
Shot Chart Detail,0042500303,556,1629622,Max Strus,1610612752,Cleveland Cavaliers,4,7,43,Made Shot,Jump Shot,3PT Field Goal,Above the Break 3,Right Side Center(RC),24+ ft.,26,208,164,1,1,20260523,CLE,NYK,42500303556,24170,0,1,1626157|1628404|1628969|1628973|1629013
Shot Chart Detail,0042500303,566,1629622,Max Strus,1610612752,Cleveland Cavaliers,4,7,0,Missed Shot,Jump Shot,3PT Field Goal,Above the Break 3,Left Side Center(LC),24+ ft.,25,-217,127,1,0,20260523,CLE,NYK,42500303566,24600,0,0,1626157|1628384|1628969|1628973|1629013
Shot Chart Detail,0042500303,575,1628378,Donovan Mitchell,1610612752,Cleveland Cavaliers,4,6,30,Missed Shot,Driving Floating Bank Jump Shot,2PT Field Goal,In The Paint (Non-RA),Right Side(R),8-16 ft.,8,76,42,1,0,20260523,CLE,NYK,42500303575,24900,0,0,1626157|1628384|1628969|1628973|1629013
Shot Chart Detail,0042500303,578,1630596,Evan Mobley,1610612752,Cleveland Cavaliers,4,5,48,Made Shot,Turnaround Fadeaway shot,2PT Field Goal,Mid-Range,Right Side(R),8-16 ft.,12,125,30,1,1,20260523,CLE,NYK,42500303578,25320,0,0,1626157|1628384|1628969|1628973|1629013
Shot Chart Detail,0042500303,581,1630596,Evan Mobley,1610612752,Cleveland Cavaliers,4,5,17,Missed Shot,Jump Shot,3PT Field Goal,Above the Break 3,Center(C),24+ ft.,25,-20,250,1,0,20260523,CLE,NYK,42500303581,25630,0,0,1626157|1628384|1628969|1628973|1629013
Shot Chart Detail,0042500303,585,1628378,Donovan Mitchell,1610612752,Cleveland Cavaliers,4,4,57,Made Shot,Running Jump Shot,3PT Field Goal,Above the Break 3,Right Side Center(RC),24+ ft.,28,222,172,1,1,20260523,CLE,NYK,42500303585,25830,0,1,1626157|1628384|1628969|1628973|1629013
Shot Chart Detail,0042500303,597,1630596,Evan Mobley,1610612752,Cleveland Cavaliers,4,4,19,Made Shot,Driving Finger Roll Layup Shot,2PT Field Goal,Restricted Area,Center(C),Less Than 8 ft.,0,-7,-5,1,1,20260523,CLE,NYK,42500303597,26210,0,1,1626157|1628384|1628969|1628973|1629013
Shot Chart Detail,0042500303,605,1630596,Evan Mobley,1610612752,Cleveland Cavaliers,4,3,43,Made Shot,Turnaround Jump Shot,2PT Field Goal,In The Paint (Non-RA),Center(C),8-16 ft.,8,4,82,1,1,20260523,CLE,NYK,42500303605,26570,0,0,1626157|1628384|1628969|1628973|1629013
Shot Chart Detail,0042500303,608,1628386,Jarrett Allen,1610612752,Cleveland Cavaliers,4,3,5,Made Shot,Dunk Shot,2PT Field Goal,Restricted Area,Center(C),Less Than 8 ft.,0,-1,3,1,1,20260523,CLE,NYK,42500303608,26950,0,1,1626157|1628384|1628969|1628973|1629013
Shot Chart Detail,0042500303,613,1630596,Evan Mobley,1610612752,Cleveland Cavaliers,4,2,29,Missed Shot,Jump Shot,3PT Field Goal,Above the Break 3,Right Side Center(RC),24+ ft.,26,224,142,1,0,20260523,CLE,NYK,42500303613,27310,0,0,1626157|1628384|1628969|1628973|1629013
Shot Chart Detail,0042500303,617,1628378,Donovan Mitchell,1610612752,Cleveland Cavaliers,4,1,59,Missed Shot,Pullup Jump shot,3PT Field Goal,Above the Break 3,Center(C),24+ ft.,25,13,250,1,0,20260523,CLE,NYK,42500303617,27610,0,0,1626157|1628384|1628969|1628973|1629013
Shot Chart Detail,0042500303,625,1630241,Sam Merrill,1610612752,Cleveland Cavaliers,4,1,45,Missed Shot,Jump Shot,3PT Field Goal,Above the Break 3,Center(C),24+ ft.,25,6,255,1,0,20260523,CLE,NYK,42500303625,27750,0,0,1628384|1628404|1628969|1628973|1629013
Shot Chart Detail,0042500303,634,1629622,Max Strus,1610612752,Cleveland Cavaliers,4,1,4,Made Shot,Jump Shot,3PT Field Goal,Above the Break 3,Center(C),24+ ft.,25,17,252,1,1,20260523,CLE,NYK,42500303634,28160,0,1,1628384|1628404|1628969|1628973|1629013
Shot Chart Detail,0042500303,641,1630596,Evan Mobley,1610612752,Cleveland Cavaliers,4,0,59,Missed Shot,Driving Floating Jump Shot,2PT Field Goal,In The Paint (Non-RA),Center(C),Less Than 8 ft.,7,-12,79,1,0,20260523,CLE,NYK,42500303641,28210,0,0,1628384|1628404|1628969|1628973|1629013
Shot Chart Detail,0042500303,650,1630596,Evan Mobley,1610612752,Cleveland Cavaliers,4,0,30,Made Shot,Driving Layup Shot,2PT Field Goal,Restricted Area,Center(C),Less Than 8 ft.,0,9,0,1,1,20260523,CLE,NYK,42500303650,28500,0,1,1628384|1628404|1628969|1628973|1629013
Shot Chart Detail,0042500303,656,1628378,Donovan Mitchell,1610612752,Cleveland Cavaliers,4,0,19,Missed Shot,Jump Shot,3PT Field Goal,Above the Break 3,Left Side Center(LC),24+ ft.,25,-197,168,1,0,20260523,CLE,NYK,42500303656,28610,0,0,1628384|1628404|1628969|1628973|1629013
Shot Chart Detail,0042500304,7,1630596,Evan Mobley,1610612752,Cleveland Cavaliers,1,11,45,Made Shot,Driving Floating Bank Jump Shot,2PT Field Goal,Restricted Area,Center(C),Less Than 8 ft.,2,23,13,1,1,20260525,CLE,NYK,425003047,150,0,1,1626157|1628384|1628404|1628969|1628973
Shot Chart Detail,0042500304,11,1628378,Donovan Mitchell,1610612752,Cleveland Cavaliers,1,11,17,Made Shot,Running Jump Shot,3PT Field Goal,Above the Break 3,Right Side Center(RC),24+ ft.,25,227,117,1,1,20260525,CLE,NYK,4250030411,430,0,1,1626157|1628384|1628404|1628969|1628973
Shot Chart Detail,0042500304,19,1628378,Donovan Mitchell,1610612752,Cleveland Cavaliers,1,10,22,Made Shot,Pullup Jump shot,3PT Field Goal,Above the Break 3,Right Side Center(RC),24+ ft.,27,108,254,1,1,20260525,CLE,NYK,4250030419,980,0,0,1626157|1628384|1628404|1628969|1628973
Shot Chart Detail,0042500304,22,1628378,Donovan Mitchell,1610612752,Cleveland Cavaliers,1,9,48,Missed Shot,Pullup Jump shot,3PT Field Goal,Above the Break 3,Left Side Center(LC),24+ ft.,29,-137,260,1,0,20260525,CLE,NYK,4250030422,1320,0,0,1626157|1628384|1628404|1628969|1628973
Shot Chart Detail,0042500304,26,1629622,Max Strus,1610612752,Cleveland Cavaliers,1,9,25,Missed Shot,Jump Shot,3PT Field Goal,Left Corner 3,Left Side(L),24+ ft.,23,-238,8,1,0,20260525,CLE,NYK,4250030426,1550,0,0,1626157|1628384|1628404|1628969|1628973
Shot Chart Detail,0042500304,30,1628378,Donovan Mitchell,1610612752,Cleveland Cavaliers,1,9,5,Made Shot,Driving Hook Shot,2PT Field Goal,In The Paint (Non-RA),Center(C),8-16 ft.,9,-42,90,1,1,20260525,CLE,NYK,4250030430,1750,0,0,1626157|1628384|1628404|1628969|1628973
Shot Chart Detail,0042500304,32,201935,James Harden,1610612752,Cleveland Cavaliers,1,8,33,Missed Shot,Step Back Jump shot,3PT Field Goal,Above the Break 3,Right Side Center(RC),24+ ft.,25,150,211,1,0,20260525,CLE,NYK,4250030432,2070,0,0,1626157|1628384|1628404|1628969|1628973
Shot Chart Detail,0042500304,38,1628386,Jarrett Allen,1610612752,Cleveland Cavaliers,1,8,10,Missed Shot,Cutting Layup Shot,2PT Field Goal,Restricted Area,Center(C),Less Than 8 ft.,1,9,11,1,0,20260525,CLE,NYK,4250030438,2300,0,0,1626157|1628384|1628404|1628969|1628973
Shot Chart Detail,0042500304,43,1630596,Evan Mobley,1610612752,Cleveland Cavaliers,1,7,51,Made Shot,Jump Shot,3PT Field Goal,Above the Break 3,Left Side Center(LC),24+ ft.,25,-179,184,1,1,20260525,CLE,NYK,4250030443,2490,0,1,1626157|1628384|1628404|1628969|1628973
Shot Chart Detail,0042500304,55,1628378,Donovan Mitchell,1610612752,Cleveland Cavaliers,1,6,40,Missed Shot,Pullup Jump shot,3PT Field Goal,Above the Break 3,Center(C),24+ ft.,28,-11,284,1,0,20260525,CLE,NYK,4250030455,3200,0,0,1626157|1628384|1628404|1628969|1628973
Shot Chart Detail,0042500304,57,1630596,Evan Mobley,1610612752,Cleveland Cavaliers,1,6,37,Made Shot,Putback Dunk Shot,2PT Field Goal,Restricted Area,Center(C),Less Than 8 ft.,0,0,0,1,1,20260525,CLE,NYK,4250030457,3230,0,0,1626157|1628384|1628404|1628969|1628973
Shot Chart Detail,0042500304,62,201935,James Harden,1610612752,Cleveland Cavaliers,1,6,10,Missed Shot,Running Jump Shot,3PT Field Goal,Above the Break 3,Right Side Center(RC),24+ ft.,25,217,128,1,0,20260525,CLE,NYK,4250030462,3500,0,0,1626157|1628384|1628404|1628969|1628973
Shot Chart Detail,0042500304,72,1629622,Max Strus,1610612752,Cleveland Cavaliers,1,5,43,Missed Shot,Jump Shot,3PT Field Goal,Right Corner 3,Right Side(R),24+ ft.,23,235,6,1,0,20260525,CLE,NYK,4250030472,3770,0,0,1626157|1628384|1628404|1628969|1628973
Shot Chart Detail,0042500304,80,201935,James Harden,1610612752,Cleveland Cavaliers,1,5,8,Missed Shot,Step Back Jump shot,3PT Field Goal,Above the Break 3,Left Side Center(LC),24+ ft.,25,-107,236,1,0,20260525,CLE,NYK,4250030480,4120,0,0,1626157|1628384|1628404|1628969|1628973
Shot Chart Detail,0042500304,84,1629731,Dean Wade,1610612752,Cleveland Cavaliers,1,4,48,Missed Shot,Jump Shot,3PT Field Goal,Above the Break 3,Right Side Center(RC),24+ ft.,24,189,157,1,0,20260525,CLE,NYK,4250030484,4320,0,0,1626157|1628384|1628404|1628969|1628973
Shot Chart Detail,0042500304,106,201935,James Harden,1610612752,Cleveland Cavaliers,1,3,30,Made Shot,Step Back Jump shot,2PT Field Goal,Mid-Range,Left Side Center(LC),16-24 ft.,22,-108,194,1,1,20260525,CLE,NYK,42500304106,5100,0,0,1626157|1628969|1628973|1629011|1630540
Shot Chart Detail,0042500304,120,1630241,Sam Merrill,1610612752,Cleveland Cavaliers,1,2,34,Made Shot,Step Back Jump shot,3PT Field Goal,Right Corner 3,Right Side(R),24+ ft.,24,232,76,1,1,20260525,CLE,NYK,42500304120,5660,0,1,1628404|1628973|1629011|1629013|1630540
Shot Chart Detail,0042500304,124,1628378,Donovan Mitchell,1610612752,Cleveland Cavaliers,1,2,12,Made Shot,Driving Floating Jump Shot,2PT Field Goal,Mid-Range,Center(C),8-16 ft.,15,1,155,1,1,20260525,CLE,NYK,42500304124,5880,0,0,1628404|1628973|1629011|1629013|1630540
Shot Chart Detail,0042500304,127,1630596,Evan Mobley,1610612752,Cleveland Cavaliers,1,1,42,Missed Shot,Driving Floating Jump Shot,2PT Field Goal,Restricted Area,Center(C),Less Than 8 ft.,1,5,11,1,0,20260525,CLE,NYK,42500304127,6180,0,0,1628404|1628973|1629011|1629013|1630540
Shot Chart Detail,0042500304,129,1642281,Jaylon Tyson,1610612752,Cleveland Cavaliers,1,1,40,Missed Shot,Tip Layup Shot,2PT Field Goal,Restricted Area,Center(C),Less Than 8 ft.,0,0,0,1,0,20260525,CLE,NYK,42500304129,6200,0,0,1628404|1628973|1629011|1629013|1630540
Shot Chart Detail,0042500304,132,1642281,Jaylon Tyson,1610612752,Cleveland Cavaliers,1,1,20,Missed Shot,Jump Shot,3PT Field Goal,Above the Break 3,Right Side Center(RC),24+ ft.,25,229,115,1,0,20260525,CLE,NYK,42500304132,6400,0,0,1628404|1628973|1629011|1629013|1630540
Shot Chart Detail,0042500304,137,1630596,Evan Mobley,1610612752,Cleveland Cavaliers,1,1,8,Missed Shot,Hook Shot,2PT Field Goal,Restricted Area,Center(C),Less Than 8 ft.,2,20,21,1,0,20260525,CLE,NYK,42500304137,6520,0,0,1628404|1628973|1629011|1629013|1630540
Shot Chart Detail,0042500304,142,1628378,Donovan Mitchell,1610612752,Cleveland Cavaliers,1,0,37,Missed Shot,Driving Layup Shot,2PT Field Goal,Restricted Area,Center(C),Less Than 8 ft.,2,25,6,1,0,20260525,CLE,NYK,42500304142,6830,0,0,1628404|1628973|1629011|1629013|1630540
Shot Chart Detail,0042500304,148,1628378,Donovan Mitchell,1610612752,Cleveland Cavaliers,1,0,0,Missed Shot,Step Back Jump shot,3PT Field Goal,Above the Break 3,Left Side Center(LC),24+ ft.,26,-156,214,1,0,20260525,CLE,NYK,42500304148,7200,0,0,1628404|1628973|1629011|1629013|1630540
Shot Chart Detail,0042500304,162,1630596,Evan Mobley,1610612752,Cleveland Cavaliers,2,11,37,Missed Shot,Jump Shot,3PT Field Goal,Left Corner 3,Left Side(L),24+ ft.,23,-230,2,1,0,20260525,CLE,NYK,42500304162,7430,0,0,1626157|1628404|1629013|1630540|1630631
Shot Chart Detail,0042500304,183,1630596,Evan Mobley,1610612752,Cleveland Cavaliers,2,10,8,Missed Shot,Driving Floating Jump Shot,2PT Field Goal,In The Paint (Non-RA),Center(C),Less Than 8 ft.,5,-29,41,1,0,20260525,CLE,NYK,42500304183,8320,0,0,1626157|1628404|1629013|1630540|1630631
Shot Chart Detail,0042500304,213,1631165,Keon Ellis,1610612752,Cleveland Cavaliers,2,8,27,Missed Shot,Jump Shot,3PT Field Goal,Left Corner 3,Left Side(L),24+ ft.,23,-234,26,1,0,20260525,CLE,NYK,42500304213,9330,0,0,1626157|1628384|1628969|1629011|1630631
Shot Chart Detail,0042500304,217,1628378,Donovan Mitchell,1610612752,Cleveland Cavaliers,2,8,7,Made Shot,Pullup Jump shot,3PT Field Goal,Above the Break 3,Right Side Center(RC),24+ ft.,27,108,248,1,1,20260525,CLE,NYK,42500304217,9530,0,0,1626157|1628384|1628969|1629011|1630631
Shot Chart Detail,0042500304,220,1628378,Donovan Mitchell,1610612752,Cleveland Cavaliers,2,7,39,Missed Shot,Driving Floating Jump Shot,2PT Field Goal,In The Paint (Non-RA),Center(C),8-16 ft.,11,25,112,1,0,20260525,CLE,NYK,42500304220,9810,0,0,1626157|1628384|1628969|1629011|1630631
Shot Chart Detail,0042500304,251,1629622,Max Strus,1610612752,Cleveland Cavaliers,2,5,43,Made Shot,Jump Shot,3PT Field Goal,Above the Break 3,Left Side Center(LC),24+ ft.,26,-127,237,1,1,20260525,CLE,NYK,42500304251,10970,0,1,1628384|1628969|1628973|1629011|1629013
Shot Chart Detail,0042500304,261,1629622,Max Strus,1610612752,Cleveland Cavaliers,2,5,11,Made Shot,Cutting Finger Roll Layup Shot,2PT Field Goal,Restricted Area,Center(C),Less Than 8 ft.,1,-17,-4,1,1,20260525,CLE,NYK,42500304261,11290,0,1,1628384|1628969|1628973|1629011|1629013
Shot Chart Detail,0042500304,271,1629622,Max Strus,1610612752,Cleveland Cavaliers,2,4,51,Missed Shot,Jump Shot,3PT Field Goal,Left Corner 3,Left Side(L),24+ ft.,22,-229,18,1,0,20260525,CLE,NYK,42500304271,11490,0,0,1628384|1628404|1628969|1628973|1629011
Shot Chart Detail,0042500304,281,1630596,Evan Mobley,1610612752,Cleveland Cavaliers,2,4,25,Made Shot,Turnaround Jump Shot,2PT Field Goal,In The Paint (Non-RA),Left Side(L),8-16 ft.,9,-59,79,1,1,20260525,CLE,NYK,42500304281,11750,0,1,1626157|1628384|1628404|1628969|1628973
Shot Chart Detail,0042500304,285,1628378,Donovan Mitchell,1610612752,Cleveland Cavaliers,2,3,49,Missed Shot,Pullup Jump shot,2PT Field Goal,Mid-Range,Center(C),16-24 ft.,17,16,173,1,0,20260525,CLE,NYK,42500304285,12110,0,0,1626157|1628384|1628404|1628969|1628973
Shot Chart Detail,0042500304,292,201935,James Harden,1610612752,Cleveland Cavaliers,2,3,26,Made Shot,Turnaround Jump Shot,2PT Field Goal,In The Paint (Non-RA),Right Side(R),8-16 ft.,9,51,86,1,1,20260525,CLE,NYK,42500304292,12340,0,0,1626157|1628384|1628404|1628969|1628973
Shot Chart Detail,0042500304,304,1628378,Donovan Mitchell,1610612752,Cleveland Cavaliers,2,2,19,Made Shot,Jump Shot,3PT Field Goal,Above the Break 3,Left Side Center(LC),24+ ft.,26,-163,206,1,1,20260525,CLE,NYK,42500304304,13010,0,1,1626157|1628384|1628404|1628969|1628973
Shot Chart Detail,0042500304,317,1630596,Evan Mobley,1610612752,Cleveland Cavaliers,2,1,9,Missed Shot,Jump Shot,3PT Field Goal,Above the Break 3,Right Side Center(RC),24+ ft.,25,233,104,1,0,20260525,CLE,NYK,42500304317,13710,0,0,1628384|1628969|1628973|1629011|1629013
Shot Chart Detail,0042500304,333,1628378,Donovan Mitchell,1610612752,Cleveland Cavaliers,2,0,1,Missed Shot,Driving Floating Jump Shot,2PT Field Goal,In The Paint (Non-RA),Center(C),8-16 ft.,10,44,90,1,0,20260525,CLE,NYK,42500304333,14390,0,0,1628384|1628969|1628973|1629011|1629013
Shot Chart Detail,0042500304,349,1628386,Jarrett Allen,1610612752,Cleveland Cavaliers,3,11,32,Made Shot,Alley Oop Dunk Shot,2PT Field Goal,Restricted Area,Center(C),Less Than 8 ft.,0,0,-1,1,1,20260525,CLE,NYK,42500304349,14680,0,1,1626157|1628384|1628404|1628969|1628973
Shot Chart Detail,0042500304,353,201935,James Harden,1610612752,Cleveland Cavaliers,3,11,3,Missed Shot,Running Jump Shot,3PT Field Goal,Above the Break 3,Right Side Center(RC),24+ ft.,25,212,147,1,0,20260525,CLE,NYK,42500304353,14970,0,0,1626157|1628384|1628404|1628969|1628973
Shot Chart Detail,0042500304,362,1628386,Jarrett Allen,1610612752,Cleveland Cavaliers,3,10,17,Missed Shot,Turnaround Hook Shot,2PT Field Goal,In The Paint (Non-RA),Center(C),Less Than 8 ft.,6,61,16,1,0,20260525,CLE,NYK,42500304362,15430,0,0,1626157|1628384|1628404|1628969|1628973
Shot Chart Detail,0042500304,368,1628386,Jarrett Allen,1610612752,Cleveland Cavaliers,3,9,57,Made Shot,Hook Shot,2PT Field Goal,Restricted Area,Center(C),Less Than 8 ft.,3,-31,9,1,1,20260525,CLE,NYK,42500304368,15630,0,1,1626157|1628384|1628404|1628969|1628973
Shot Chart Detail,0042500304,384,1629622,Max Strus,1610612752,Cleveland Cavaliers,3,8,33,Missed Shot,Driving Floating Jump Shot,2PT Field Goal,Restricted Area,Center(C),Less Than 8 ft.,2,21,10,1,0,20260525,CLE,NYK,42500304384,16470,0,0,1626157|1628384|1628404|1628969|1628973
Shot Chart Detail,0042500304,389,1630596,Evan Mobley,1610612752,Cleveland Cavaliers,3,8,10,Missed Shot,Jump Shot,3PT Field Goal,Above the Break 3,Left Side Center(LC),24+ ft.,25,-120,229,1,0,20260525,CLE,NYK,42500304389,16700,0,0,1626157|1628384|1628404|1628969|1628973
Shot Chart Detail,0042500304,400,1630241,Sam Merrill,1610612752,Cleveland Cavaliers,3,7,23,Missed Shot,Jump Shot,3PT Field Goal,Above the Break 3,Right Side Center(RC),24+ ft.,25,138,215,1,0,20260525,CLE,NYK,42500304400,17170,0,0,1626157|1628384|1628404|1628969|1628973
Shot Chart Detail,0042500304,404,1628378,Donovan Mitchell,1610612752,Cleveland Cavaliers,3,7,7,Missed Shot,Driving Floating Jump Shot,2PT Field Goal,In The Paint (Non-RA),Right Side(R),8-16 ft.,8,59,67,1,0,20260525,CLE,NYK,42500304404,17330,0,0,1626157|1628384|1628404|1628969|1628973
Shot Chart Detail,0042500304,422,1628378,Donovan Mitchell,1610612752,Cleveland Cavaliers,3,6,3,Made Shot,Step Back Jump shot,3PT Field Goal,Above the Break 3,Center(C),24+ ft.,25,53,250,1,1,20260525,CLE,NYK,42500304422,17970,0,0,1628384|1628404|1628969|1628973|1629011
Shot Chart Detail,0042500304,425,1628378,Donovan Mitchell,1610612752,Cleveland Cavaliers,3,5,32,Missed Shot,Running Pull-Up Jump Shot,3PT Field Goal,Above the Break 3,Left Side Center(LC),24+ ft.,25,-235,105,1,0,20260525,CLE,NYK,42500304425,18280,0,0,1628384|1628404|1628969|1628973|1629011
Shot Chart Detail,0042500304,429,201935,James Harden,1610612752,Cleveland Cavaliers,3,5,21,Missed Shot,Jump Shot,3PT Field Goal,Above the Break 3,Center(C),24+ ft.,24,40,242,1,0,20260525,CLE,NYK,42500304429,18390,0,0,1628384|1628404|1628969|1628973|1629011
Shot Chart Detail,0042500304,446,1630241,Sam Merrill,1610612752,Cleveland Cavaliers,3,4,13,Made Shot,Pullup Jump shot,2PT Field Goal,In The Paint (Non-RA),Left Side(L),8-16 ft.,9,-62,66,1,1,20260525,CLE,NYK,42500304446,19070,0,1,1628969|1628973|1629011|1629013|1630540
Shot Chart Detail,0042500304,450,1630596,Evan Mobley,1610612752,Cleveland Cavaliers,3,3,38,Made Shot,Cutting Dunk Shot,2PT Field Goal,Restricted Area,Center(C),Less Than 8 ft.,1,-5,9,1,1,20260525,CLE,NYK,42500304450,19420,0,1,1628969|1628973|1629011|1629013|1630540
Shot Chart Detail,0042500304,457,1630596,Evan Mobley,1610612752,Cleveland Cavaliers,3,2,58,Made Shot,Driving Layup Shot,2PT Field Goal,Restricted Area,Center(C),Less Than 8 ft.,0,-7,-1,1,1,20260525,CLE,NYK,42500304457,19820,0,0,1628969|1628973|1629011|1629013|1630540
Shot Chart Detail,0042500304,468,1642281,Jaylon Tyson,1610612752,Cleveland Cavaliers,3,2,25,Missed Shot,Step Back Jump shot,3PT Field Goal,Above the Break 3,Left Side Center(LC),24+ ft.,25,-192,174,1,0,20260525,CLE,NYK,42500304468,20150,0,0,1628969|1628973|1629011|1629013|1630540
Shot Chart Detail,0042500304,470,1642281,Jaylon Tyson,1610612752,Cleveland Cavaliers,3,2,17,Missed Shot,Jump Shot,3PT Field Goal,Above the Break 3,Center(C),24+ ft.,25,-15,250,1,0,20260525,CLE,NYK,42500304470,20230,0,0,1628969|1628973|1629011|1629013|1630540
Shot Chart Detail,0042500304,474,1642281,Jaylon Tyson,1610612752,Cleveland Cavaliers,3,2,1,Made Shot,Running Finger Roll Layup Shot,2PT Field Goal,Restricted Area,Center(C),Less Than 8 ft.,0,4,9,1,1,20260525,CLE,NYK,42500304474,20390,0,1,1628969|1628973|1629011|1629013|1630540
Shot Chart Detail,0042500304,477,1630596,Evan Mobley,1610612752,Cleveland Cavaliers,3,1,22,Made Shot,Alley Oop Dunk Shot,2PT Field Goal,Restricted Area,Center(C),Less Than 8 ft.,1,-11,8,1,1,20260525,CLE,NYK,42500304477,20780,0,1,1628969|1628973|1629011|1629013|1630540
Shot Chart Detail,0042500304,481,201935,James Harden,1610612752,Cleveland Cavaliers,3,1,9,Missed Shot,Jump Shot,3PT Field Goal,Above the Break 3,Left Side Center(LC),24+ ft.,25,-158,201,1,0,20260525,CLE,NYK,42500304481,20910,0,0,1628969|1628973|1629011|1629013|1630540
Shot Chart Detail,0042500304,483,1630241,Sam Merrill,1610612752,Cleveland Cavaliers,3,1,7,Missed Shot,Tip Layup Shot,2PT Field Goal,Restricted Area,Center(C),Less Than 8 ft.,0,0,0,1,0,20260525,CLE,NYK,42500304483,20930,0,0,1628969|1628973|1629011|1629013|1630540
Shot Chart Detail,0042500304,510,1628378,Donovan Mitchell,1610612752,Cleveland Cavaliers,3,0,0,Made Shot,Driving Layup Shot,2PT Field Goal,Restricted Area,Center(C),Less Than 8 ft.,1,6,9,1,1,20260525,CLE,NYK,42500304510,21600,0,0,1628384|1628404|1628973|1629011|1629013
Shot Chart Detail,0042500304,531,1630596,Evan Mobley,1610612752,Cleveland Cavaliers,4,11,35,Missed Shot,Turnaround Fadeaway shot,2PT Field Goal,In The Paint (Non-RA),Center(C),Less Than 8 ft.,7,-77,-8,1,0,20260525,CLE,NYK,42500304531,21850,0,0,1626157|1628384|1629013|1630540|1630631
Shot Chart Detail,0042500304,535,1630596,Evan Mobley,1610612752,Cleveland Cavaliers,4,10,55,Missed Shot,Driving Hook Shot,2PT Field Goal,In The Paint (Non-RA),Center(C),Less Than 8 ft.,7,71,8,1,0,20260525,CLE,NYK,42500304535,22250,0,0,1626157|1628384|1629013|1630540|1630631
Shot Chart Detail,0042500304,548,1628386,Jarrett Allen,1610612752,Cleveland Cavaliers,4,9,41,Made Shot,Cutting Dunk Shot,2PT Field Goal,Restricted Area,Center(C),Less Than 8 ft.,1,0,14,1,1,20260525,CLE,NYK,42500304548,22990,0,1,1626157|1628384|1629013|1630540|1630631
Shot Chart Detail,0042500304,555,1628378,Donovan Mitchell,1610612752,Cleveland Cavaliers,4,9,14,Made Shot,Fadeaway Jump Shot,2PT Field Goal,Mid-Range,Right Side Center(RC),16-24 ft.,16,109,130,1,1,20260525,CLE,NYK,42500304555,23260,0,0,1626157|1628384|1629013|1630540|1630631
Shot Chart Detail,0042500304,578,1642878,Tyrese Proctor,1610612752,Cleveland Cavaliers,4,8,20,Missed Shot,Jump Shot,3PT Field Goal,Above the Break 3,Right Side Center(RC),24+ ft.,25,172,190,1,0,20260525,CLE,NYK,42500304578,23800,0,0,203903|1629011|1629013|1630540|1630631
Shot Chart Detail,0042500304,594,1642281,Jaylon Tyson,1610612752,Cleveland Cavaliers,4,7,28,Missed Shot,Running Jump Shot,3PT Field Goal,Above the Break 3,Right Side Center(RC),24+ ft.,25,180,183,1,0,20260525,CLE,NYK,42500304594,24320,0,0,203903|1630574|1630631|1642278|1642885
Shot Chart Detail,0042500304,621,1628418,Thomas Bryant,1610612752,Cleveland Cavaliers,4,5,53,Missed Shot,Jump Shot,3PT Field Goal,Above the Break 3,Center(C),24+ ft.,25,-18,250,1,0,20260525,CLE,NYK,42500304621,25270,0,0,203903|1630574|1642278|1642359|1642885
Shot Chart Detail,0042500304,625,1641772,Nae'Qwan Tomlin,1610612752,Cleveland Cavaliers,4,5,25,Made Shot,Layup Shot,2PT Field Goal,Restricted Area,Center(C),Less Than 8 ft.,1,10,6,1,1,20260525,CLE,NYK,42500304625,25550,0,1,203903|1630574|1642278|1642359|1642885
Shot Chart Detail,0042500304,629,1628418,Thomas Bryant,1610612752,Cleveland Cavaliers,4,5,1,Missed Shot,Jump Shot,3PT Field Goal,Above the Break 3,Center(C),24+ ft.,24,-7,246,1,0,20260525,CLE,NYK,42500304629,25790,0,0,203903|1630574|1642278|1642359|1642885
Shot Chart Detail,0042500304,637,1631165,Keon Ellis,1610612752,Cleveland Cavaliers,4,4,17,Missed Shot,Jump Shot,3PT Field Goal,Above the Break 3,Left Side Center(LC),24+ ft.,25,-225,124,1,0,20260525,CLE,NYK,42500304637,26230,0,0,203903|1630574|1642278|1642359|1642885
Shot Chart Detail,0042500304,643,1642878,Tyrese Proctor,1610612752,Cleveland Cavaliers,4,3,49,Missed Shot,Step Back Jump shot,3PT Field Goal,Above the Break 3,Right Side Center(RC),24+ ft.,25,223,121,1,0,20260525,CLE,NYK,42500304643,26510,0,0,203903|1630574|1642278|1642359|1642885
Shot Chart Detail,0042500304,645,1628418,Thomas Bryant,1610612752,Cleveland Cavaliers,4,3,45,Made Shot,Jump Shot,3PT Field Goal,Above the Break 3,Right Side Center(RC),24+ ft.,25,163,199,1,1,20260525,CLE,NYK,42500304645,26550,0,1,203903|1630574|1642278|1642359|1642885
Shot Chart Detail,0042500304,651,1628418,Thomas Bryant,1610612752,Cleveland Cavaliers,4,3,21,Made Shot,Driving Layup Shot,2PT Field Goal,Restricted Area,Center(C),Less Than 8 ft.,0,7,1,1,1,20260525,CLE,NYK,42500304651,26790,0,1,203903|1630574|1642278|1642359|1642885
Shot Chart Detail,0042500304,654,1641772,Nae'Qwan Tomlin,1610612752,Cleveland Cavaliers,4,2,49,Missed Shot,Driving Finger Roll Layup Shot,2PT Field Goal,Restricted Area,Center(C),Less Than 8 ft.,3,2,30,1,0,20260525,CLE,NYK,42500304654,27110,0,0,203903|1630574|1642278|1642359|1642885
Shot Chart Detail,0042500304,658,1631165,Keon Ellis,1610612752,Cleveland Cavaliers,4,2,36,Made Shot,Running Jump Shot,3PT Field Goal,Above the Break 3,Right Side Center(RC),24+ ft.,26,229,127,1,1,20260525,CLE,NYK,42500304658,27240,0,1,203903|1630574|1642278|1642359|1642885
Shot Chart Detail,0042500304,670,1628418,Thomas Bryant,1610612752,Cleveland Cavaliers,4,1,42,Missed Shot,Jump Shot,3PT Field Goal,Above the Break 3,Center(C),24+ ft.,25,-5,257,1,0,20260525,CLE,NYK,42500304670,27780,0,0,203903|1630574|1642278|1642359|1642885
Shot Chart Detail,0042500304,674,1628418,Thomas Bryant,1610612752,Cleveland Cavaliers,4,1,17,Made Shot,Driving Layup Shot,2PT Field Goal,Restricted Area,Center(C),Less Than 8 ft.,0,2,-1,1,1,20260525,CLE,NYK,42500304674,28030,0,1,203903|1630574|1642278|1642359|1642885
Shot Chart Detail,0042500304,680,1628418,Thomas Bryant,1610612752,Cleveland Cavaliers,4,0,35,Made Shot,Jump Shot,3PT Field Goal,Above the Break 3,Center(C),24+ ft.,24,20,248,1,1,20260525,CLE,NYK,42500304680,28450,0,1,203903|1630574|1642278|1642359|1642885
Shot Chart Detail,0042500401,9,1641705,Victor Wembanyama,1610612752,San Antonio Spurs,1,11,22,Made Shot,Pullup Jump shot,2PT Field Goal,In The Paint (Non-RA),Center(C),8-16 ft.,15,65,136,1,1,20260603,SAS,NYK,425004019,380,0,0,1626157|1628384|1628404|1628969|1628973
Shot Chart Detail,0042500401,14,1641705,Victor Wembanyama,1610612752,San Antonio Spurs,1,10,31,Missed Shot,Pullup Jump shot,2PT Field Goal,In The Paint (Non-RA),Center(C),Less Than 8 ft.,7,-21,69,1,0,20260603,SAS,NYK,4250040114,890,0,0,1626157|1628384|1628404|1628969|1628973
Shot Chart Detail,0042500401,16,1630170,Devin Vassell,1610612752,San Antonio Spurs,1,10,29,Missed Shot,Jump Shot,3PT Field Goal,Above the Break 3,Center(C),24+ ft.,25,-49,254,1,0,20260603,SAS,NYK,4250040116,910,0,0,1626157|1628384|1628404|1628969|1628973
Shot Chart Detail,0042500401,18,1642264,Stephon Castle,1610612752,San Antonio Spurs,1,10,26,Missed Shot,Putback Layup Shot,2PT Field Goal,Restricted Area,Center(C),Less Than 8 ft.,1,-16,4,1,0,20260603,SAS,NYK,4250040118,940,0,0,1626157|1628384|1628404|1628969|1628973
Shot Chart Detail,0042500401,26,1642264,Stephon Castle,1610612752,San Antonio Spurs,1,9,47,Missed Shot,Cutting Layup Shot,2PT Field Goal,In The Paint (Non-RA),Center(C),Less Than 8 ft.,6,-66,16,1,0,20260603,SAS,NYK,4250040126,1330,0,0,1626157|1628384|1628404|1628969|1628973
Shot Chart Detail,0042500401,29,1641705,Victor Wembanyama,1610612752,San Antonio Spurs,1,9,36,Missed Shot,Turnaround Fadeaway shot,2PT Field Goal,In The Paint (Non-RA),Center(C),8-16 ft.,12,5,128,1,0,20260603,SAS,NYK,4250040129,1440,0,0,1626157|1628384|1628404|1628969|1628973
Shot Chart Detail,0042500401,33,1628368,De'Aaron Fox,1610612752,San Antonio Spurs,1,9,20,Missed Shot,Running Jump Shot,3PT Field Goal,Above the Break 3,Left Side Center(LC),24+ ft.,25,-210,141,1,0,20260603,SAS,NYK,4250040133,1600,0,0,1626157|1628384|1628404|1628969|1628973
Shot Chart Detail,0042500401,35,1630170,Devin Vassell,1610612752,San Antonio Spurs,1,9,19,Made Shot,Tip Layup Shot,2PT Field Goal,Restricted Area,Center(C),Less Than 8 ft.,0,0,0,1,1,20260603,SAS,NYK,4250040135,1610,0,0,1626157|1628384|1628404|1628969|1628973
Shot Chart Detail,0042500401,38,1628368,De'Aaron Fox,1610612752,San Antonio Spurs,1,8,36,Missed Shot,Step Back Jump shot,3PT Field Goal,Above the Break 3,Right Side Center(RC),24+ ft.,25,125,221,1,0,20260603,SAS,NYK,4250040138,2040,0,0,1626157|1628384|1628404|1628969|1628973
Shot Chart Detail,0042500401,43,1641705,Victor Wembanyama,1610612752,San Antonio Spurs,1,8,21,Made Shot,Running Jump Shot,3PT Field Goal,Above the Break 3,Center(C),24+ ft.,25,71,244,1,1,20260603,SAS,NYK,4250040143,2190,0,1,1626157|1628384|1628404|1628969|1628973
Shot Chart Detail,0042500401,49,1628368,De'Aaron Fox,1610612752,San Antonio Spurs,1,7,43,Missed Shot,Jump Shot,3PT Field Goal,Left Corner 3,Left Side(L),24+ ft.,24,-243,6,1,0,20260603,SAS,NYK,4250040149,2570,0,0,1626157|1628384|1628404|1628969|1628973
Shot Chart Detail,0042500401,61,1642264,Stephon Castle,1610612752,San Antonio Spurs,1,6,38,Missed Shot,Jump Shot,3PT Field Goal,Above the Break 3,Right Side Center(RC),24+ ft.,26,99,251,1,0,20260603,SAS,NYK,4250040161,3220,0,0,1626157|1628384|1628404|1628969|1628973
Shot Chart Detail,0042500401,74,1642264,Stephon Castle,1610612752,San Antonio Spurs,1,6,7,Made Shot,Pullup Jump shot,2PT Field Goal,In The Paint (Non-RA),Center(C),8-16 ft.,8,6,86,1,1,20260603,SAS,NYK,4250040174,3530,0,0,1626157|1628404|1628969|1628973|1629013
Shot Chart Detail,0042500401,77,1629640,Keldon Johnson,1610612752,San Antonio Spurs,1,5,47,Missed Shot,Running Layup Shot,2PT Field Goal,Restricted Area,Center(C),Less Than 8 ft.,2,-18,13,1,0,20260603,SAS,NYK,4250040177,3730,0,0,1626157|1628404|1628969|1628973|1629013
Shot Chart Detail,0042500401,93,1629640,Keldon Johnson,1610612752,San Antonio Spurs,1,4,54,Missed Shot,Jump Shot,3PT Field Goal,Right Corner 3,Right Side(R),24+ ft.,23,235,-5,1,0,20260603,SAS,NYK,4250040193,4260,0,0,1626157|1628384|1628969|1628973|1629013
Shot Chart Detail,0042500401,97,1630170,Devin Vassell,1610612752,San Antonio Spurs,1,4,36,Missed Shot,Running Pull-Up Jump Shot,3PT Field Goal,Right Corner 3,Right Side(R),24+ ft.,24,246,41,1,0,20260603,SAS,NYK,4250040197,4440,0,0,1626157|1628384|1628969|1628973|1629013
Shot Chart Detail,0042500401,117,1642844,Dylan Harper,1610612752,San Antonio Spurs,1,3,58,Made Shot,Running Pull-Up Jump Shot,2PT Field Goal,Restricted Area,Center(C),Less Than 8 ft.,3,5,32,1,1,20260603,SAS,NYK,42500401117,4820,0,0,1628384|1628973|1629011|1629013|1630540
Shot Chart Detail,0042500401,123,1642844,Dylan Harper,1610612752,San Antonio Spurs,1,3,25,Made Shot,Jump Shot,3PT Field Goal,Right Corner 3,Right Side(R),24+ ft.,23,230,52,1,1,20260603,SAS,NYK,42500401123,5150,0,1,1628384|1628973|1629011|1629013|1630540
Shot Chart Detail,0042500401,127,1630577,Julian Champagnie,1610612752,San Antonio Spurs,1,3,1,Made Shot,Jump Shot,3PT Field Goal,Right Corner 3,Right Side(R),24+ ft.,22,228,0,1,1,20260603,SAS,NYK,42500401127,5390,0,1,1628384|1628973|1629011|1629013|1630540
Shot Chart Detail,0042500401,131,1630577,Julian Champagnie,1610612752,San Antonio Spurs,1,2,43,Missed Shot,Running Jump Shot,3PT Field Goal,Above the Break 3,Right Side Center(RC),24+ ft.,25,119,222,1,0,20260603,SAS,NYK,42500401131,5570,0,0,1628384|1628973|1629011|1629013|1630540
Shot Chart Detail,0042500401,142,1630577,Julian Champagnie,1610612752,San Antonio Spurs,1,2,3,Made Shot,Jump Shot,3PT Field Goal,Left Corner 3,Left Side(L),24+ ft.,23,-235,13,1,1,20260603,SAS,NYK,42500401142,5970,0,1,1628384|1628973|1629011|1629013|1630540
Shot Chart Detail,0042500401,153,1642844,Dylan Harper,1610612752,San Antonio Spurs,1,1,28,Made Shot,Driving Floating Jump Shot,2PT Field Goal,In The Paint (Non-RA),Center(C),Less Than 8 ft.,7,9,73,1,1,20260603,SAS,NYK,42500401153,6320,0,1,1628384|1628973|1629011|1629013|1630540
Shot Chart Detail,0042500401,166,1641705,Victor Wembanyama,1610612752,San Antonio Spurs,1,0,58,Missed Shot,Fadeaway Bank shot,2PT Field Goal,Mid-Range,Left Side(L),8-16 ft.,11,-99,63,1,0,20260603,SAS,NYK,42500401166,6620,0,0,1626157|1628969|1629013|1630540|1630631
Shot Chart Detail,0042500401,174,1642264,Stephon Castle,1610612752,San Antonio Spurs,1,0,2,Missed Shot,Turnaround Jump Shot,2PT Field Goal,In The Paint (Non-RA),Center(C),8-16 ft.,11,-23,109,1,0,20260603,SAS,NYK,42500401174,7180,0,0,1626157|1628969|1629013|1630540|1630631
Shot Chart Detail,0042500401,182,1641705,Victor Wembanyama,1610612752,San Antonio Spurs,2,11,36,Missed Shot,Jump Bank Shot,3PT Field Goal,Above the Break 3,Left Side Center(LC),24+ ft.,30,-184,242,1,0,20260603,SAS,NYK,42500401182,7440,0,0,1626157|1628384|1629013|1630540|1630631
Shot Chart Detail,0042500401,188,203084,Harrison Barnes,1610612752,San Antonio Spurs,2,11,17,Missed Shot,Jump Shot,3PT Field Goal,Above the Break 3,Right Side Center(RC),24+ ft.,25,190,167,1,0,20260603,SAS,NYK,42500401188,7630,0,0,1626157|1628384|1629013|1630540|1630631
Shot Chart Detail,0042500401,204,1642264,Stephon Castle,1610612752,San Antonio Spurs,2,10,15,Made Shot,Driving Floating Bank Jump Shot,2PT Field Goal,Restricted Area,Center(C),Less Than 8 ft.,1,13,10,1,1,20260603,SAS,NYK,42500401204,8250,0,0,1626157|1628384|1629013|1630540|1630631
Shot Chart Detail,0042500401,216,1630170,Devin Vassell,1610612752,San Antonio Spurs,2,9,33,Missed Shot,Running Jump Shot,3PT Field Goal,Above the Break 3,Center(C),24+ ft.,27,7,274,1,0,20260603,SAS,NYK,42500401216,8670,0,0,1626157|1628384|1629013|1630540|1630631
Shot Chart Detail,0042500401,223,1641705,Victor Wembanyama,1610612752,San Antonio Spurs,2,8,47,Missed Shot,Driving Floating Bank Jump Shot,2PT Field Goal,Restricted Area,Center(C),Less Than 8 ft.,3,27,15,1,0,20260603,SAS,NYK,42500401223,9130,0,0,1626157|1628384|1629013|1630540|1630631
Shot Chart Detail,0042500401,227,1642844,Dylan Harper,1610612752,San Antonio Spurs,2,8,28,Missed Shot,Jump Shot,3PT Field Goal,Above the Break 3,Center(C),24+ ft.,26,43,257,1,0,20260603,SAS,NYK,42500401227,9320,0,0,1626157|1628384|1629013|1630540|1630631
Shot Chart Detail,0042500401,250,1630170,Devin Vassell,1610612752,San Antonio Spurs,2,7,36,Missed Shot,Pullup Jump shot,2PT Field Goal,In The Paint (Non-RA),Center(C),8-16 ft.,13,25,128,1,0,20260603,SAS,NYK,42500401250,9840,0,0,203903|1628404|1628969|1628973|1629011
Shot Chart Detail,0042500401,269,1628368,De'Aaron Fox,1610612752,San Antonio Spurs,2,6,47,Missed Shot,Step Back Jump shot,3PT Field Goal,Above the Break 3,Right Side Center(RC),24+ ft.,25,119,227,1,0,20260603,SAS,NYK,42500401269,10330,0,0,203903|1628969|1628973|1629011|1629013
Shot Chart Detail,0042500401,271,1628368,De'Aaron Fox,1610612752,San Antonio Spurs,2,6,41,Missed Shot,Pullup Jump shot,2PT Field Goal,In The Paint (Non-RA),Center(C),Less Than 8 ft.,6,1,60,1,0,20260603,SAS,NYK,42500401271,10390,0,0,203903|1628969|1628973|1629011|1629013
Shot Chart Detail,0042500401,277,1628368,De'Aaron Fox,1610612752,San Antonio Spurs,2,6,25,Made Shot,Running Finger Roll Layup Shot,2PT Field Goal,Restricted Area,Center(C),Less Than 8 ft.,0,-5,4,1,1,20260603,SAS,NYK,42500401277,10550,0,1,203903|1628969|1628973|1629011|1629013
Shot Chart Detail,0042500401,280,1630170,Devin Vassell,1610612752,San Antonio Spurs,2,5,55,Made Shot,Jump Shot,3PT Field Goal,Above the Break 3,Left Side Center(LC),24+ ft.,26,-152,214,1,1,20260603,SAS,NYK,42500401280,10850,0,1,203903|1628969|1628973|1629011|1629013
Shot Chart Detail,0042500401,290,1628368,De'Aaron Fox,1610612752,San Antonio Spurs,2,4,44,Missed Shot,Fadeaway Jump Shot,2PT Field Goal,In The Paint (Non-RA),Center(C),8-16 ft.,9,-40,85,1,0,20260603,SAS,NYK,42500401290,11560,0,0,203903|1628969|1628973|1629011|1629013
Shot Chart Detail,0042500401,293,1642844,Dylan Harper,1610612752,San Antonio Spurs,2,4,11,Made Shot,Driving Finger Roll Layup Shot,2PT Field Goal,Restricted Area,Center(C),Less Than 8 ft.,3,12,28,1,1,20260603,SAS,NYK,42500401293,11890,0,0,203903|1628969|1628973|1629011|1629013
Shot Chart Detail,0042500401,295,1642868,Carter Bryant,1610612752,San Antonio Spurs,2,3,45,Missed Shot,Jump Shot,3PT Field Goal,Right Corner 3,Right Side(R),24+ ft.,23,230,57,1,0,20260603,SAS,NYK,42500401295,12150,0,0,203903|1628969|1628973|1629011|1629013
Shot Chart Detail,0042500401,306,1629640,Keldon Johnson,1610612752,San Antonio Spurs,2,3,19,Made Shot,Jump Shot,3PT Field Goal,Left Corner 3,Left Side(L),24+ ft.,24,-243,7,1,1,20260603,SAS,NYK,42500401306,12410,0,1,203903|1628969|1628973|1629011|1629013
Shot Chart Detail,0042500401,310,1641705,Victor Wembanyama,1610612752,San Antonio Spurs,2,2,51,Missed Shot,Jump Shot,3PT Field Goal,Above the Break 3,Center(C),24+ ft.,29,1,290,1,0,20260603,SAS,NYK,42500401310,12690,0,0,203903|1628969|1628973|1629011|1629013
Shot Chart Detail,0042500401,328,1630577,Julian Champagnie,1610612752,San Antonio Spurs,2,1,59,Made Shot,Jump Shot,3PT Field Goal,Above the Break 3,Left Side Center(LC),24+ ft.,26,-200,179,1,1,20260603,SAS,NYK,42500401328,13210,0,1,1626157|1628384|1628969|1629013|1630631
Shot Chart Detail,0042500401,332,1630577,Julian Champagnie,1610612752,San Antonio Spurs,2,1,22,Made Shot,Jump Shot,3PT Field Goal,Left Corner 3,Left Side(L),24+ ft.,24,-241,0,1,1,20260603,SAS,NYK,42500401332,13580,0,1,1626157|1628384|1628969|1629013|1630631
Shot Chart Detail,0042500401,348,1642264,Stephon Castle,1610612752,San Antonio Spurs,2,0,47,Missed Shot,Step Back Jump shot,2PT Field Goal,In The Paint (Non-RA),Center(C),8-16 ft.,13,61,121,1,0,20260603,SAS,NYK,42500401348,13930,0,0,1626157|1628384|1628969|1628973|1629013
Shot Chart Detail,0042500401,352,1628368,De'Aaron Fox,1610612752,San Antonio Spurs,2,0,37,Made Shot,Running Dunk Shot,2PT Field Goal,Restricted Area,Center(C),Less Than 8 ft.,1,-12,7,1,1,20260603,SAS,NYK,42500401352,14030,0,0,1626157|1628384|1628969|1628973|1629013
Shot Chart Detail,0042500401,355,1630577,Julian Champagnie,1610612752,San Antonio Spurs,2,0,2,Made Shot,Jump Shot,3PT Field Goal,Right Corner 3,Right Side(R),24+ ft.,22,228,0,1,1,20260603,SAS,NYK,42500401355,14380,0,1,1626157|1628384|1628969|1628973|1629013
Shot Chart Detail,0042500401,368,1641705,Victor Wembanyama,1610612752,San Antonio Spurs,3,11,43,Missed Shot,Pullup Jump shot,2PT Field Goal,Mid-Range,Center(C),16-24 ft.,16,-2,163,1,0,20260603,SAS,NYK,42500401368,14570,0,0,1626157|1628384|1628404|1628969|1628973
Shot Chart Detail,0042500401,383,1630577,Julian Champagnie,1610612752,San Antonio Spurs,3,10,4,Missed Shot,Running Jump Shot,3PT Field Goal,Above the Break 3,Left Side Center(LC),24+ ft.,26,-213,155,1,0,20260603,SAS,NYK,42500401383,15560,0,0,1626157|1628384|1628404|1628969|1628973
Shot Chart Detail,0042500401,389,1642264,Stephon Castle,1610612752,San Antonio Spurs,3,9,31,Made Shot,Driving Floating Jump Shot,2PT Field Goal,Restricted Area,Center(C),Less Than 8 ft.,2,20,17,1,1,20260603,SAS,NYK,42500401389,15890,0,0,1626157|1628384|1628404|1628969|1628973
Shot Chart Detail,0042500401,404,1642264,Stephon Castle,1610612752,San Antonio Spurs,3,8,32,Missed Shot,Jump Shot,3PT Field Goal,Above the Break 3,Right Side Center(RC),24+ ft.,25,121,230,1,0,20260603,SAS,NYK,42500401404,16480,0,0,1626157|1628384|1628404|1628969|1628973
Shot Chart Detail,0042500401,408,1628368,De'Aaron Fox,1610612752,San Antonio Spurs,3,8,4,Missed Shot,Running Pull-Up Jump Shot,2PT Field Goal,In The Paint (Non-RA),Center(C),Less Than 8 ft.,5,-10,52,1,0,20260603,SAS,NYK,42500401408,16760,0,0,1626157|1628384|1628404|1628969|1628973
Shot Chart Detail,0042500401,410,1642264,Stephon Castle,1610612752,San Antonio Spurs,3,8,2,Made Shot,Tip Layup Shot,2PT Field Goal,Restricted Area,Center(C),Less Than 8 ft.,0,0,0,1,1,20260603,SAS,NYK,42500401410,16780,0,0,1626157|1628384|1628404|1628969|1628973
Shot Chart Detail,0042500401,417,1641705,Victor Wembanyama,1610612752,San Antonio Spurs,3,7,39,Missed Shot,Jump Shot,3PT Field Goal,Above the Break 3,Center(C),24+ ft.,25,-62,248,1,0,20260603,SAS,NYK,42500401417,17010,0,0,1626157|1628384|1628404|1628969|1628973
Shot Chart Detail,0042500401,419,1642264,Stephon Castle,1610612752,San Antonio Spurs,3,7,33,Missed Shot,Jump Shot,3PT Field Goal,Above the Break 3,Center(C),24+ ft.,26,75,258,1,0,20260603,SAS,NYK,42500401419,17070,0,0,1626157|1628384|1628404|1628969|1628973
Shot Chart Detail,0042500401,423,1642844,Dylan Harper,1610612752,San Antonio Spurs,3,7,7,Missed Shot,Running Pull-Up Jump Shot,2PT Field Goal,Mid-Range,Right Side(R),8-16 ft.,8,87,16,1,0,20260603,SAS,NYK,42500401423,17330,0,0,1626157|1628384|1628404|1628969|1628973
Shot Chart Detail,0042500401,428,1630577,Julian Champagnie,1610612752,San Antonio Spurs,3,6,58,Missed Shot,Jump Shot,3PT Field Goal,Above the Break 3,Left Side Center(LC),24+ ft.,26,-172,195,1,0,20260603,SAS,NYK,42500401428,17420,0,0,1626157|1628384|1628404|1628969|1628973
Shot Chart Detail,0042500401,437,1642844,Dylan Harper,1610612752,San Antonio Spurs,3,6,31,Made Shot,Driving Floating Jump Shot,2PT Field Goal,Restricted Area,Center(C),Less Than 8 ft.,3,13,35,1,1,20260603,SAS,NYK,42500401437,17690,0,0,1626157|1628384|1628404|1628969|1628973
Shot Chart Detail,0042500401,447,1642264,Stephon Castle,1610612752,San Antonio Spurs,3,5,58,Made Shot,Pullup Jump shot,2PT Field Goal,In The Paint (Non-RA),Center(C),8-16 ft.,9,-2,93,1,1,20260603,SAS,NYK,42500401447,18020,0,0,1626157|1628404|1628973|1629013|1630540
Shot Chart Detail,0042500401,449,1642844,Dylan Harper,1610612752,San Antonio Spurs,3,5,33,Missed Shot,Jump Shot,3PT Field Goal,Above the Break 3,Left Side Center(LC),24+ ft.,26,-137,222,1,0,20260603,SAS,NYK,42500401449,18270,0,0,1626157|1628404|1628973|1629013|1630540
Shot Chart Detail,0042500401,458,1630577,Julian Champagnie,1610612752,San Antonio Spurs,3,5,7,Missed Shot,Driving Floating Jump Shot,2PT Field Goal,In The Paint (Non-RA),Center(C),Less Than 8 ft.,6,26,62,1,0,20260603,SAS,NYK,42500401458,18530,0,0,1626157|1628404|1628973|1629013|1630540
Shot Chart Detail,0042500401,471,1642844,Dylan Harper,1610612752,San Antonio Spurs,3,4,35,Made Shot,Driving Reverse Layup Shot,2PT Field Goal,Restricted Area,Center(C),Less Than 8 ft.,1,16,3,1,1,20260603,SAS,NYK,42500401471,18850,0,1,1626157|1628404|1628973|1629013|1630540
Shot Chart Detail,0042500401,479,1642844,Dylan Harper,1610612752,San Antonio Spurs,3,3,50,Missed Shot,Jump Shot,3PT Field Goal,Right Corner 3,Right Side(R),24+ ft.,22,229,1,1,0,20260603,SAS,NYK,42500401479,19300,0,0,1626157|1628404|1628973|1629013|1630540
Shot Chart Detail,0042500401,484,1628368,De'Aaron Fox,1610612752,San Antonio Spurs,3,3,19,Made Shot,Pullup Jump shot,2PT Field Goal,In The Paint (Non-RA),Center(C),8-16 ft.,8,-11,82,1,1,20260603,SAS,NYK,42500401484,19610,0,0,1626157|1628404|1628973|1629013|1630540
Shot Chart Detail,0042500401,491,1628368,De'Aaron Fox,1610612752,San Antonio Spurs,3,2,41,Missed Shot,Driving Finger Roll Layup Shot,2PT Field Goal,Restricted Area,Center(C),Less Than 8 ft.,2,-23,5,1,0,20260603,SAS,NYK,42500401491,19990,0,0,1626157|1628404|1628973|1629013|1630540
Shot Chart Detail,0042500401,499,1629640,Keldon Johnson,1610612752,San Antonio Spurs,3,1,56,Missed Shot,Driving Floating Jump Shot,2PT Field Goal,Restricted Area,Center(C),Less Than 8 ft.,3,-31,3,1,0,20260603,SAS,NYK,42500401499,20440,0,0,1626157|1628404|1628973|1629013|1630540
Shot Chart Detail,0042500401,509,1630170,Devin Vassell,1610612752,San Antonio Spurs,3,1,52,Made Shot,Cutting Dunk Shot,2PT Field Goal,Restricted Area,Center(C),Less Than 8 ft.,1,-4,11,1,1,20260603,SAS,NYK,42500401509,20480,0,1,1628404|1628973|1629011|1629013|1630540
Shot Chart Detail,0042500401,515,1641705,Victor Wembanyama,1610612752,San Antonio Spurs,3,1,24,Missed Shot,Jump Shot,3PT Field Goal,Right Corner 3,Right Side(R),24+ ft.,24,235,51,1,0,20260603,SAS,NYK,42500401515,20760,0,0,1628404|1628973|1629011|1629013|1630540
Shot Chart Detail,0042500401,525,1641705,Victor Wembanyama,1610612752,San Antonio Spurs,3,0,28,Made Shot,Driving Dunk Shot,2PT Field Goal,Restricted Area,Center(C),Less Than 8 ft.,1,0,14,1,1,20260603,SAS,NYK,42500401525,21320,0,1,1628404|1628973|1629011|1629013|1630540
Shot Chart Detail,0042500401,529,1641705,Victor Wembanyama,1610612752,San Antonio Spurs,3,0,0,Missed Shot,Pullup Jump shot,3PT Field Goal,Above the Break 3,Center(C),24+ ft.,26,18,262,1,0,20260603,SAS,NYK,42500401529,21600,0,0,1628404|1628973|1629011|1629013|1630540
Shot Chart Detail,0042500401,546,1628368,De'Aaron Fox,1610612752,San Antonio Spurs,4,11,11,Missed Shot,Driving Floating Jump Shot,2PT Field Goal,In The Paint (Non-RA),Center(C),8-16 ft.,8,-2,87,1,0,20260603,SAS,NYK,42500401546,22090,0,0,1626157|1628384|1629013|1630540|1630631
Shot Chart Detail,0042500401,558,1641705,Victor Wembanyama,1610612752,San Antonio Spurs,4,10,16,Missed Shot,Turnaround Fadeaway shot,2PT Field Goal,Mid-Range,Left Side(L),8-16 ft.,9,-91,29,1,0,20260603,SAS,NYK,42500401558,22640,0,0,1626157|1628384|1629013|1630540|1630631
Shot Chart Detail,0042500401,562,1630170,Devin Vassell,1610612752,San Antonio Spurs,4,9,45,Missed Shot,Driving Layup Shot,2PT Field Goal,Restricted Area,Center(C),Less Than 8 ft.,2,27,9,1,0,20260603,SAS,NYK,42500401562,22950,0,0,1626157|1628384|1629013|1630540|1630631
Shot Chart Detail,0042500401,564,1641705,Victor Wembanyama,1610612752,San Antonio Spurs,4,9,44,Made Shot,Putback Layup Shot,2PT Field Goal,Restricted Area,Center(C),Less Than 8 ft.,1,-5,16,1,1,20260603,SAS,NYK,42500401564,22960,0,0,1626157|1628384|1629013|1630540|1630631
Shot Chart Detail,0042500401,567,1642264,Stephon Castle,1610612752,San Antonio Spurs,4,9,7,Made Shot,Turnaround Jump Shot,2PT Field Goal,In The Paint (Non-RA),Center(C),Less Than 8 ft.,5,-36,43,1,1,20260603,SAS,NYK,42500401567,23330,0,1,1626157|1628384|1629013|1630540|1630631
Shot Chart Detail,0042500401,570,1642264,Stephon Castle,1610612752,San Antonio Spurs,4,8,32,Made Shot,Jump Shot,3PT Field Goal,Above the Break 3,Left Side Center(LC),24+ ft.,25,-87,241,1,1,20260603,SAS,NYK,42500401570,23680,0,1,1626157|1628384|1629013|1630540|1630631
Shot Chart Detail,0042500401,575,1630170,Devin Vassell,1610612752,San Antonio Spurs,4,8,0,Missed Shot,Running Jump Shot,3PT Field Goal,Right Corner 3,Right Side(R),24+ ft.,23,234,13,1,0,20260603,SAS,NYK,42500401575,24000,0,0,1626157|1628384|1629013|1630540|1630631
Shot Chart Detail,0042500401,577,1642264,Stephon Castle,1610612752,San Antonio Spurs,4,7,56,Missed Shot,Jump Shot,3PT Field Goal,Above the Break 3,Center(C),24+ ft.,25,-7,258,1,0,20260603,SAS,NYK,42500401577,24040,0,0,1626157|1628384|1629013|1630540|1630631
Shot Chart Detail,0042500401,581,203084,Harrison Barnes,1610612752,San Antonio Spurs,4,7,41,Missed Shot,Running Jump Shot,3PT Field Goal,Above the Break 3,Left Side Center(LC),24+ ft.,26,-213,157,1,0,20260603,SAS,NYK,42500401581,24190,0,0,1626157|1628384|1629013|1630540|1630631
Shot Chart Detail,0042500401,583,1630170,Devin Vassell,1610612752,San Antonio Spurs,4,7,38,Made Shot,Tip Layup Shot,2PT Field Goal,Restricted Area,Center(C),Less Than 8 ft.,0,0,0,1,1,20260603,SAS,NYK,42500401583,24220,0,0,1626157|1628384|1629013|1630540|1630631
Shot Chart Detail,0042500401,602,1642264,Stephon Castle,1610612752,San Antonio Spurs,4,6,58,Missed Shot,Pullup Jump shot,2PT Field Goal,Restricted Area,Center(C),Less Than 8 ft.,3,-28,17,1,0,20260603,SAS,NYK,42500401602,24620,0,0,1628404|1628969|1628973|1629011|1630540
Shot Chart Detail,0042500401,622,1630577,Julian Champagnie,1610612752,San Antonio Spurs,4,6,19,Missed Shot,Jump Shot,3PT Field Goal,Above the Break 3,Left Side Center(LC),24+ ft.,25,-146,215,1,0,20260603,SAS,NYK,42500401622,25010,0,0,1628404|1628969|1628973|1629011|1629013
Shot Chart Detail,0042500401,637,1641705,Victor Wembanyama,1610612752,San Antonio Spurs,4,4,50,Made Shot,Pullup Jump shot,3PT Field Goal,Above the Break 3,Left Side Center(LC),24+ ft.,25,-116,232,1,1,20260603,SAS,NYK,42500401637,25900,0,0,1628404|1628969|1628973|1629011|1629013
Shot Chart Detail,0042500401,645,1641705,Victor Wembanyama,1610612752,San Antonio Spurs,4,4,16,Missed Shot,Driving Floating Bank Jump Shot,2PT Field Goal,Restricted Area,Center(C),Less Than 8 ft.,3,-31,13,1,0,20260603,SAS,NYK,42500401645,26240,0,0,1626157|1628384|1628404|1628973|1629013
Shot Chart Detail,0042500401,647,1641705,Victor Wembanyama,1610612752,San Antonio Spurs,4,4,7,Missed Shot,Jump Shot,3PT Field Goal,Right Corner 3,Right Side(R),24+ ft.,23,233,-11,1,0,20260603,SAS,NYK,42500401647,26330,0,0,1626157|1628384|1628404|1628973|1629013
Shot Chart Detail,0042500401,658,1641705,Victor Wembanyama,1610612752,San Antonio Spurs,4,3,24,Made Shot,Driving Layup Shot,2PT Field Goal,Restricted Area,Center(C),Less Than 8 ft.,1,-16,11,1,1,20260603,SAS,NYK,42500401658,26760,0,0,1626157|1628384|1628404|1628973|1629013
Shot Chart Detail,0042500401,664,1641705,Victor Wembanyama,1610612752,San Antonio Spurs,4,2,51,Missed Shot,Driving Floating Jump Shot,2PT Field Goal,In The Paint (Non-RA),Center(C),Less Than 8 ft.,6,1,66,1,0,20260603,SAS,NYK,42500401664,27090,0,0,1626157|1628384|1628404|1628973|1629013
Shot Chart Detail,0042500401,670,1630170,Devin Vassell,1610612752,San Antonio Spurs,4,2,18,Missed Shot,Jump Shot,3PT Field Goal,Above the Break 3,Right Side Center(RC),24+ ft.,25,222,131,1,0,20260603,SAS,NYK,42500401670,27420,0,0,1626157|1628384|1628404|1628973|1629013
Shot Chart Detail,0042500401,682,1628368,De'Aaron Fox,1610612752,San Antonio Spurs,4,1,31,Missed Shot,Pullup Jump shot,2PT Field Goal,In The Paint (Non-RA),Center(C),8-16 ft.,9,18,92,1,0,20260603,SAS,NYK,42500401682,27890,0,0,1626157|1628384|1628404|1628969|1628973
Shot Chart Detail,0042500401,691,1641705,Victor Wembanyama,1610612752,San Antonio Spurs,4,0,32,Missed Shot,Jump Shot,3PT Field Goal,Above the Break 3,Right Side Center(RC),24+ ft.,27,113,252,1,0,20260603,SAS,NYK,42500401691,28480,0,0,1626157|1628384|1628404|1628969|1628973
Shot Chart Detail,0042500401,713,1630577,Julian Champagnie,1610612752,San Antonio Spurs,4,0,13,Missed Shot,Jump Shot,3PT Field Goal,Above the Break 3,Left Side Center(LC),24+ ft.,25,-207,152,1,0,20260603,SAS,NYK,42500401713,28670,0,0,1628384|1628404|1628969|1628973|1629013
Shot Chart Detail,0042500402,7,1630170,Devin Vassell,1610612752,San Antonio Spurs,1,11,36,Made Shot,Jump Shot,3PT Field Goal,Above the Break 3,Center(C),24+ ft.,24,-36,247,1,1,20260605,SAS,NYK,425004027,240,0,1,1626157|1628384|1628404|1628969|1628973
Shot Chart Detail,0042500402,17,1628368,De'Aaron Fox,1610612752,San Antonio Spurs,1,10,28,Missed Shot,Running Pull-Up Jump Shot,2PT Field Goal,In The Paint (Non-RA),Center(C),Less Than 8 ft.,7,-22,69,1,0,20260605,SAS,NYK,4250040217,920,0,0,1626157|1628384|1628404|1628969|1628973
Shot Chart Detail,0042500402,26,1630577,Julian Champagnie,1610612752,San Antonio Spurs,1,9,59,Made Shot,Jump Shot,3PT Field Goal,Above the Break 3,Left Side Center(LC),24+ ft.,25,-203,146,1,1,20260605,SAS,NYK,4250040226,1210,0,1,1626157|1628384|1628404|1628969|1628973
Shot Chart Detail,0042500402,33,1642264,Stephon Castle,1610612752,San Antonio Spurs,1,9,34,Made Shot,Driving Floating Bank Jump Shot,2PT Field Goal,In The Paint (Non-RA),Center(C),Less Than 8 ft.,4,42,15,1,1,20260605,SAS,NYK,4250040233,1460,0,0,1626157|1628384|1628404|1628969|1628973
Shot Chart Detail,0042500402,36,1630577,Julian Champagnie,1610612752,San Antonio Spurs,1,9,0,Made Shot,Fadeaway Bank shot,3PT Field Goal,Left Corner 3,Left Side(L),24+ ft.,23,-233,-8,1,1,20260605,SAS,NYK,4250040236,1800,0,0,1626157|1628384|1628404|1628969|1628973
Shot Chart Detail,0042500402,39,1642264,Stephon Castle,1610612752,San Antonio Spurs,1,8,25,Missed Shot,Jump Shot,3PT Field Goal,Above the Break 3,Right Side Center(RC),24+ ft.,25,157,197,1,0,20260605,SAS,NYK,4250040239,2150,0,0,1626157|1628384|1628404|1628969|1628973
Shot Chart Detail,0042500402,43,1642264,Stephon Castle,1610612752,San Antonio Spurs,1,8,6,Missed Shot,Running Layup Shot,2PT Field Goal,In The Paint (Non-RA),Center(C),Less Than 8 ft.,5,56,-14,1,0,20260605,SAS,NYK,4250040243,2340,0,0,1626157|1628384|1628404|1628969|1628973
Shot Chart Detail,0042500402,54,1641705,Victor Wembanyama,1610612752,San Antonio Spurs,1,7,42,Made Shot,Cutting Dunk Shot,2PT Field Goal,Restricted Area,Center(C),Less Than 8 ft.,0,-2,-3,1,1,20260605,SAS,NYK,4250040254,2580,0,1,1626157|1628384|1628404|1628969|1628973
Shot Chart Detail,0042500402,58,1642264,Stephon Castle,1610612752,San Antonio Spurs,1,7,20,Missed Shot,Running Reverse Layup Shot,2PT Field Goal,Restricted Area,Center(C),Less Than 8 ft.,1,-17,-10,1,0,20260605,SAS,NYK,4250040258,2800,0,0,1626157|1628384|1628404|1628969|1628973
Shot Chart Detail,0042500402,61,1642844,Dylan Harper,1610612752,San Antonio Spurs,1,6,56,Made Shot,Driving Finger Roll Layup Shot,2PT Field Goal,Restricted Area,Center(C),Less Than 8 ft.,1,-12,0,1,1,20260605,SAS,NYK,4250040261,3040,0,1,1626157|1628384|1628404|1628969|1628973
Shot Chart Detail,0042500402,65,1641705,Victor Wembanyama,1610612752,San Antonio Spurs,1,6,20,Missed Shot,Jump Shot,3PT Field Goal,Above the Break 3,Right Side Center(RC),24+ ft.,24,98,227,1,0,20260605,SAS,NYK,4250040265,3400,0,0,1626157|1628384|1628404|1628969|1628973
Shot Chart Detail,0042500402,92,1642844,Dylan Harper,1610612752,San Antonio Spurs,1,5,27,Made Shot,Driving Dunk Shot,2PT Field Goal,Restricted Area,Center(C),Less Than 8 ft.,1,1,-11,1,1,20260605,SAS,NYK,4250040292,3930,0,1,1626157|1628969|1628973|1629013|1630540
Shot Chart Detail,0042500402,98,1642844,Dylan Harper,1610612752,San Antonio Spurs,1,5,0,Missed Shot,Jump Shot,3PT Field Goal,Above the Break 3,Left Side Center(LC),24+ ft.,25,-93,237,1,0,20260605,SAS,NYK,4250040298,4200,0,0,1626157|1628969|1628973|1629013|1630540
Shot Chart Detail,0042500402,112,1630170,Devin Vassell,1610612752,San Antonio Spurs,1,4,5,Missed Shot,Jump Shot,3PT Field Goal,Above the Break 3,Right Side Center(RC),24+ ft.,25,159,199,1,0,20260605,SAS,NYK,42500402112,4750,0,0,1626157|1628969|1628973|1629013|1630540
Shot Chart Detail,0042500402,125,1628368,De'Aaron Fox,1610612752,San Antonio Spurs,1,3,32,Made Shot,Pullup Jump shot,2PT Field Goal,In The Paint (Non-RA),Center(C),Less Than 8 ft.,7,77,2,1,1,20260605,SAS,NYK,42500402125,5080,0,0,1628384|1628973|1629011|1629013|1630540
Shot Chart Detail,0042500402,131,1630170,Devin Vassell,1610612752,San Antonio Spurs,1,3,6,Made Shot,Driving Finger Roll Layup Shot,2PT Field Goal,Restricted Area,Center(C),Less Than 8 ft.,1,17,-1,1,1,20260605,SAS,NYK,42500402131,5340,0,1,1628384|1628973|1629011|1629013|1630540
Shot Chart Detail,0042500402,140,1628368,De'Aaron Fox,1610612752,San Antonio Spurs,1,2,38,Made Shot,Jump Shot,3PT Field Goal,Above the Break 3,Left Side Center(LC),24+ ft.,25,-148,202,1,1,20260605,SAS,NYK,42500402140,5620,0,1,1628384|1628973|1629011|1629013|1630540
Shot Chart Detail,0042500402,150,1628368,De'Aaron Fox,1610612752,San Antonio Spurs,1,2,18,Made Shot,Driving Finger Roll Layup Shot,2PT Field Goal,Restricted Area,Center(C),Less Than 8 ft.,1,-17,-4,1,1,20260605,SAS,NYK,42500402150,5820,0,0,1628384|1628973|1629011|1629013|1630540
Shot Chart Detail,0042500402,154,1628368,De'Aaron Fox,1610612752,San Antonio Spurs,1,1,45,Made Shot,Running Alley Oop Layup Shot,2PT Field Goal,Restricted Area,Center(C),Less Than 8 ft.,1,-15,-10,1,1,20260605,SAS,NYK,42500402154,6150,0,1,1628384|1628973|1629011|1629013|1630540
Shot Chart Detail,0042500402,168,1641705,Victor Wembanyama,1610612752,San Antonio Spurs,1,0,12,Made Shot,Driving Layup Shot,2PT Field Goal,Restricted Area,Center(C),Less Than 8 ft.,2,-27,-6,1,1,20260605,SAS,NYK,42500402168,7080,0,1,1628384|1628973|1629011|1629013|1630540
Shot Chart Detail,0042500402,186,1642264,Stephon Castle,1610612752,San Antonio Spurs,2,11,32,Made Shot,Jump Shot,3PT Field Goal,Right Corner 3,Right Side(R),24+ ft.,23,229,-29,1,1,20260605,SAS,NYK,42500402186,7480,0,1,1626157|1628384|1629013|1630540|1630631
Shot Chart Detail,0042500402,189,1630577,Julian Champagnie,1610612752,San Antonio Spurs,2,10,52,Missed Shot,Jump Shot,3PT Field Goal,Above the Break 3,Right Side Center(RC),24+ ft.,24,108,222,1,0,20260605,SAS,NYK,42500402189,7880,0,0,1626157|1628384|1629013|1630540|1630631
Shot Chart Detail,0042500402,191,1642264,Stephon Castle,1610612752,San Antonio Spurs,2,10,41,Missed Shot,Driving Layup Shot,2PT Field Goal,In The Paint (Non-RA),Center(C),Less Than 8 ft.,5,4,58,1,0,20260605,SAS,NYK,42500402191,7990,0,0,1626157|1628384|1629013|1630540|1630631
Shot Chart Detail,0042500402,196,1641705,Victor Wembanyama,1610612752,San Antonio Spurs,2,10,28,Missed Shot,Running Pull-Up Jump Shot,3PT Field Goal,Above the Break 3,Left Side Center(LC),24+ ft.,24,-185,160,1,0,20260605,SAS,NYK,42500402196,8120,0,0,1626157|1628384|1629013|1630540|1630631
Shot Chart Detail,0042500402,230,1642264,Stephon Castle,1610612752,San Antonio Spurs,2,8,46,Missed Shot,Pullup Jump shot,2PT Field Goal,In The Paint (Non-RA),Center(C),8-16 ft.,11,-26,110,1,0,20260605,SAS,NYK,42500402230,9140,0,0,1626157|1628404|1628969|1630540|1630631
Shot Chart Detail,0042500402,238,1628368,De'Aaron Fox,1610612752,San Antonio Spurs,2,8,1,Made Shot,Driving Floating Jump Shot,2PT Field Goal,Restricted Area,Center(C),Less Than 8 ft.,0,-4,8,1,1,20260605,SAS,NYK,42500402238,9590,0,0,1626157|1628404|1628969|1630540|1630631
Shot Chart Detail,0042500402,254,1628368,De'Aaron Fox,1610612752,San Antonio Spurs,2,7,22,Missed Shot,Step Back Jump shot,2PT Field Goal,In The Paint (Non-RA),Center(C),8-16 ft.,9,-42,88,1,0,20260605,SAS,NYK,42500402254,9980,0,0,1626157|1628404|1628969|1629013|1630631
Shot Chart Detail,0042500402,259,1642844,Dylan Harper,1610612752,San Antonio Spurs,2,9,33,Missed Shot,Driving Layup Shot,2PT Field Goal,Restricted Area,Center(C),Less Than 8 ft.,0,5,0,1,0,20260605,SAS,NYK,42500402259,8670,0,0,1626157|1628384|1629013|1630540|1630631
Shot Chart Detail,0042500402,270,1642844,Dylan Harper,1610612752,San Antonio Spurs,2,6,49,Made Shot,Driving Reverse Layup Shot,2PT Field Goal,Restricted Area,Center(C),Less Than 8 ft.,2,-25,-9,1,1,20260605,SAS,NYK,42500402270,10310,0,1,1628384|1628404|1628969|1628973|1629011
Shot Chart Detail,0042500402,273,1628368,De'Aaron Fox,1610612752,San Antonio Spurs,2,6,13,Missed Shot,Driving Layup Shot,2PT Field Goal,Restricted Area,Center(C),Less Than 8 ft.,1,-2,11,1,0,20260605,SAS,NYK,42500402273,10670,0,0,1628384|1628404|1628969|1628973|1629011
Shot Chart Detail,0042500402,277,1630170,Devin Vassell,1610612752,San Antonio Spurs,2,5,56,Missed Shot,Running Jump Shot,3PT Field Goal,Left Corner 3,Left Side(L),24+ ft.,23,-234,25,1,0,20260605,SAS,NYK,42500402277,10840,0,0,1628384|1628404|1628969|1628973|1629011
Shot Chart Detail,0042500402,281,1642844,Dylan Harper,1610612752,San Antonio Spurs,2,5,42,Missed Shot,Running Finger Roll Layup Shot,2PT Field Goal,Restricted Area,Center(C),Less Than 8 ft.,1,-12,0,1,0,20260605,SAS,NYK,42500402281,10980,0,0,1628384|1628404|1628969|1628973|1629011
Shot Chart Detail,0042500402,286,1642844,Dylan Harper,1610612752,San Antonio Spurs,2,5,21,Missed Shot,Jump Shot,3PT Field Goal,Right Corner 3,Right Side(R),24+ ft.,22,225,-16,1,0,20260605,SAS,NYK,42500402286,11190,0,0,1628384|1628404|1628969|1628973|1629011
Shot Chart Detail,0042500402,305,1630577,Julian Champagnie,1610612752,San Antonio Spurs,2,4,56,Missed Shot,Jump Shot,3PT Field Goal,Above the Break 3,Right Side Center(RC),24+ ft.,24,136,202,1,0,20260605,SAS,NYK,42500402305,11440,0,0,1628384|1628969|1628973|1629011|1629013
Shot Chart Detail,0042500402,326,1629640,Keldon Johnson,1610612752,San Antonio Spurs,2,3,49,Missed Shot,Jump Shot,3PT Field Goal,Above the Break 3,Left Side Center(LC),24+ ft.,25,-123,225,1,0,20260605,SAS,NYK,42500402326,12110,0,0,1626157|1628384|1628969|1628973|1629013
Shot Chart Detail,0042500402,330,1642844,Dylan Harper,1610612752,San Antonio Spurs,2,3,20,Missed Shot,Driving Floating Jump Shot,2PT Field Goal,Restricted Area,Center(C),Less Than 8 ft.,2,21,5,1,0,20260605,SAS,NYK,42500402330,12400,0,0,1626157|1628384|1628969|1628973|1629013
Shot Chart Detail,0042500402,332,1630170,Devin Vassell,1610612752,San Antonio Spurs,2,3,15,Made Shot,Jump Shot,3PT Field Goal,Above the Break 3,Left Side Center(LC),24+ ft.,25,-157,201,1,1,20260605,SAS,NYK,42500402332,12450,0,1,1626157|1628384|1628969|1628973|1629013
Shot Chart Detail,0042500402,342,1630170,Devin Vassell,1610612752,San Antonio Spurs,2,2,45,Missed Shot,Driving Layup Shot,2PT Field Goal,Restricted Area,Center(C),Less Than 8 ft.,2,-22,12,1,0,20260605,SAS,NYK,42500402342,12750,0,0,1626157|1628384|1628969|1628973|1629013
Shot Chart Detail,0042500402,346,1630170,Devin Vassell,1610612752,San Antonio Spurs,2,2,14,Missed Shot,Jump Shot,3PT Field Goal,Above the Break 3,Right Side Center(RC),24+ ft.,24,156,189,1,0,20260605,SAS,NYK,42500402346,13060,0,0,1626157|1628384|1628969|1628973|1629013
Shot Chart Detail,0042500402,357,1630577,Julian Champagnie,1610612752,San Antonio Spurs,2,1,47,Missed Shot,Jump Shot,3PT Field Goal,Left Corner 3,Left Side(L),24+ ft.,24,-243,-10,1,0,20260605,SAS,NYK,42500402357,13330,0,0,1626157|1628384|1628969|1628973|1629013
Shot Chart Detail,0042500402,377,1628368,De'Aaron Fox,1610612752,San Antonio Spurs,2,0,0,Missed Shot,Pullup Jump shot,2PT Field Goal,In The Paint (Non-RA),Center(C),8-16 ft.,9,-4,90,1,0,20260605,SAS,NYK,42500402377,14400,0,0,1626157|1628384|1628969|1628973|1629013
Shot Chart Detail,0042500402,395,1641705,Victor Wembanyama,1610612752,San Antonio Spurs,3,10,46,Made Shot,Pullup Jump shot,2PT Field Goal,Mid-Range,Center(C),16-24 ft.,17,5,173,1,1,20260605,SAS,NYK,42500402395,15140,0,0,1626157|1628384|1628404|1628969|1628973
Shot Chart Detail,0042500402,398,1630577,Julian Champagnie,1610612752,San Antonio Spurs,3,10,19,Missed Shot,Driving Layup Shot,2PT Field Goal,In The Paint (Non-RA),Center(C),Less Than 8 ft.,5,45,37,1,0,20260605,SAS,NYK,42500402398,15410,0,0,1626157|1628384|1628404|1628969|1628973
Shot Chart Detail,0042500402,404,1642264,Stephon Castle,1610612752,San Antonio Spurs,3,10,0,Missed Shot,Running Layup Shot,2PT Field Goal,Restricted Area,Center(C),Less Than 8 ft.,3,-36,0,1,0,20260605,SAS,NYK,42500402404,15600,0,0,1626157|1628384|1628404|1628969|1628973
Shot Chart Detail,0042500402,412,1641705,Victor Wembanyama,1610612752,San Antonio Spurs,3,9,30,Missed Shot,Jump Shot,3PT Field Goal,Above the Break 3,Right Side Center(RC),24+ ft.,27,180,206,1,0,20260605,SAS,NYK,42500402412,15900,0,0,1626157|1628384|1628404|1628969|1628973
Shot Chart Detail,0042500402,420,1628368,De'Aaron Fox,1610612752,San Antonio Spurs,3,8,56,Made Shot,Running Pull-Up Jump Shot,2PT Field Goal,In The Paint (Non-RA),Center(C),Less Than 8 ft.,6,6,69,1,1,20260605,SAS,NYK,42500402420,16240,0,1,1626157|1628384|1628404|1628969|1628973
Shot Chart Detail,0042500402,433,1641705,Victor Wembanyama,1610612752,San Antonio Spurs,3,7,30,Made Shot,Dunk Shot,2PT Field Goal,Restricted Area,Center(C),Less Than 8 ft.,2,-2,20,1,1,20260605,SAS,NYK,42500402433,17100,0,1,1626157|1628384|1628969|1628973|1629013
Shot Chart Detail,0042500402,437,1630170,Devin Vassell,1610612752,San Antonio Spurs,3,6,50,Missed Shot,Jump Shot,3PT Field Goal,Left Corner 3,Left Side(L),24+ ft.,22,-229,-6,1,0,20260605,SAS,NYK,42500402437,17500,0,0,1626157|1628384|1628969|1628973|1629013
Shot Chart Detail,0042500402,439,1641705,Victor Wembanyama,1610612752,San Antonio Spurs,3,6,49,Missed Shot,Tip Layup Shot,2PT Field Goal,Restricted Area,Center(C),Less Than 8 ft.,0,0,0,1,0,20260605,SAS,NYK,42500402439,17510,0,0,1626157|1628384|1628969|1628973|1629013
Shot Chart Detail,0042500402,441,1641705,Victor Wembanyama,1610612752,San Antonio Spurs,3,6,48,Made Shot,Tip Layup Shot,2PT Field Goal,Restricted Area,Center(C),Less Than 8 ft.,0,0,0,1,1,20260605,SAS,NYK,42500402441,17520,0,0,1626157|1628384|1628969|1628973|1629013
Shot Chart Detail,0042500402,459,1642844,Dylan Harper,1610612752,San Antonio Spurs,3,5,48,Missed Shot,Jump Shot,3PT Field Goal,Above the Break 3,Left Side Center(LC),24+ ft.,24,-223,108,1,0,20260605,SAS,NYK,42500402459,18120,0,0,1628384|1628969|1628973|1629011|1629013
Shot Chart Detail,0042500402,461,1629640,Keldon Johnson,1610612752,San Antonio Spurs,3,5,45,Made Shot,Putback Layup Shot,2PT Field Goal,Restricted Area,Center(C),Less Than 8 ft.,1,6,10,1,1,20260605,SAS,NYK,42500402461,18150,0,0,1628384|1628969|1628973|1629011|1629013
Shot Chart Detail,0042500402,464,1642264,Stephon Castle,1610612752,San Antonio Spurs,3,5,10,Made Shot,Jump Shot,3PT Field Goal,Above the Break 3,Left Side Center(LC),24+ ft.,25,-150,211,1,1,20260605,SAS,NYK,42500402464,18500,0,1,1628384|1628969|1628973|1629011|1629013
Shot Chart Detail,0042500402,470,1641705,Victor Wembanyama,1610612752,San Antonio Spurs,3,4,41,Missed Shot,Running Alley Oop Dunk Shot,2PT Field Goal,Restricted Area,Center(C),Less Than 8 ft.,1,-10,11,1,0,20260605,SAS,NYK,42500402470,18790,0,0,1628384|1628969|1628973|1629011|1629013
Shot Chart Detail,0042500402,478,1641705,Victor Wembanyama,1610612752,San Antonio Spurs,3,3,45,Made Shot,Pullup Jump shot,3PT Field Goal,Above the Break 3,Right Side Center(RC),24+ ft.,26,138,225,1,1,20260605,SAS,NYK,42500402478,19350,0,0,1628384|1628969|1628973|1629011|1629013
Shot Chart Detail,0042500402,481,1642264,Stephon Castle,1610612752,San Antonio Spurs,3,3,19,Made Shot,Driving Finger Roll Layup Shot,2PT Field Goal,Restricted Area,Center(C),Less Than 8 ft.,1,16,11,1,1,20260605,SAS,NYK,42500402481,19610,0,0,1628384|1628969|1628973|1629011|1629013
Shot Chart Detail,0042500402,493,1642264,Stephon Castle,1610612752,San Antonio Spurs,3,2,49,Missed Shot,Pullup Jump shot,3PT Field Goal,Above the Break 3,Right Side Center(RC),24+ ft.,26,163,203,1,0,20260605,SAS,NYK,42500402493,19910,0,0,1628969|1629011|1629013|1630540|1630631
Shot Chart Detail,0042500402,496,1642264,Stephon Castle,1610612752,San Antonio Spurs,3,2,3,Missed Shot,Driving Floating Jump Shot,2PT Field Goal,In The Paint (Non-RA),Center(C),Less Than 8 ft.,7,-2,71,1,0,20260605,SAS,NYK,42500402496,20370,0,0,1628969|1629011|1629013|1630540|1630631
Shot Chart Detail,0042500402,509,1629640,Keldon Johnson,1610612752,San Antonio Spurs,3,0,56,Missed Shot,Jump Shot,3PT Field Goal,Above the Break 3,Left Side Center(LC),24+ ft.,25,-125,225,1,0,20260605,SAS,NYK,42500402509,21040,0,0,1628969|1629011|1629013|1630540|1630631
Shot Chart Detail,0042500402,518,1641705,Victor Wembanyama,1610612752,San Antonio Spurs,3,0,19,Made Shot,Pullup Jump shot,2PT Field Goal,Mid-Range,Center(C),8-16 ft.,14,-31,140,1,1,20260605,SAS,NYK,42500402518,21410,0,1,1628969|1629011|1629013|1630540|1630631
Shot Chart Detail,0042500402,534,1629640,Keldon Johnson,1610612752,San Antonio Spurs,4,11,34,Missed Shot,Driving Layup Shot,2PT Field Goal,Restricted Area,Center(C),Less Than 8 ft.,2,-23,13,1,0,20260605,SAS,NYK,42500402534,21860,0,0,1628969|1629011|1629013|1630540|1630631
Shot Chart Detail,0042500402,543,1641705,Victor Wembanyama,1610612752,San Antonio Spurs,4,10,44,Made Shot,Jump Shot,3PT Field Goal,Above the Break 3,Center(C),24+ ft.,27,56,266,1,1,20260605,SAS,NYK,42500402543,22360,0,1,1628969|1629011|1629013|1630540|1630631
Shot Chart Detail,0042500402,556,1642264,Stephon Castle,1610612752,San Antonio Spurs,4,10,11,Made Shot,Cutting Dunk Shot,2PT Field Goal,Restricted Area,Center(C),Less Than 8 ft.,2,-5,20,1,1,20260605,SAS,NYK,42500402556,22690,0,1,1626157|1628404|1628969|1628973|1629013
Shot Chart Detail,0042500402,569,1642844,Dylan Harper,1610612752,San Antonio Spurs,4,9,11,Made Shot,Running Finger Roll Layup Shot,2PT Field Goal,Restricted Area,Center(C),Less Than 8 ft.,1,7,9,1,1,20260605,SAS,NYK,42500402569,23290,0,0,1626157|1628404|1628969|1628973|1629013
Shot Chart Detail,0042500402,572,1641705,Victor Wembanyama,1610612752,San Antonio Spurs,4,8,40,Missed Shot,Alley Oop Layup shot,2PT Field Goal,Restricted Area,Center(C),Less Than 8 ft.,3,-27,19,1,0,20260605,SAS,NYK,42500402572,23600,0,0,1626157|1628404|1628969|1628973|1629013
Shot Chart Detail,0042500402,600,1642264,Stephon Castle,1610612752,San Antonio Spurs,4,6,58,Missed Shot,Pullup Jump shot,2PT Field Goal,Mid-Range,Right Side Center(RC),16-24 ft.,17,69,156,1,0,20260605,SAS,NYK,42500402600,24620,0,0,1626157|1628384|1628969|1628973|1630540
Shot Chart Detail,0042500402,611,1641705,Victor Wembanyama,1610612752,San Antonio Spurs,4,6,25,Missed Shot,Driving Layup Shot,2PT Field Goal,Restricted Area,Center(C),Less Than 8 ft.,2,-25,11,1,0,20260605,SAS,NYK,42500402611,24950,0,0,1626157|1628384|1628969|1628973|1630540
Shot Chart Detail,0042500402,622,1628368,De'Aaron Fox,1610612752,San Antonio Spurs,4,5,27,Made Shot,Step Back Jump shot,3PT Field Goal,Above the Break 3,Center(C),24+ ft.,25,-33,250,1,1,20260605,SAS,NYK,42500402622,25530,0,0,1626157|1628384|1628969|1628973|1630540
Shot Chart Detail,0042500402,628,1628368,De'Aaron Fox,1610612752,San Antonio Spurs,4,4,48,Made Shot,Driving Layup Shot,2PT Field Goal,Restricted Area,Center(C),Less Than 8 ft.,1,-13,11,1,1,20260605,SAS,NYK,42500402628,25920,0,0,1626157|1628384|1628969|1628973|1630540
Shot Chart Detail,0042500402,631,1641705,Victor Wembanyama,1610612752,San Antonio Spurs,4,4,17,Made Shot,Finger Roll Layup Shot,2PT Field Goal,Restricted Area,Center(C),Less Than 8 ft.,1,-13,11,1,1,20260605,SAS,NYK,42500402631,26230,0,0,1626157|1628384|1628969|1628973|1630540
Shot Chart Detail,0042500402,638,1630170,Devin Vassell,1610612752,San Antonio Spurs,4,3,55,Made Shot,Jump Shot,3PT Field Goal,Above the Break 3,Right Side Center(RC),24+ ft.,25,102,235,1,1,20260605,SAS,NYK,42500402638,26450,0,1,1626157|1628384|1628969|1628973|1629013
Shot Chart Detail,0042500402,646,1642844,Dylan Harper,1610612752,San Antonio Spurs,4,2,59,Made Shot,Driving Floating Jump Shot,2PT Field Goal,In The Paint (Non-RA),Center(C),Less Than 8 ft.,5,6,57,1,1,20260605,SAS,NYK,42500402646,27010,0,0,1626157|1628384|1628969|1628973|1629013
Shot Chart Detail,0042500402,660,1641705,Victor Wembanyama,1610612752,San Antonio Spurs,4,2,27,Made Shot,Alley Oop Dunk Shot,2PT Field Goal,Restricted Area,Center(C),Less Than 8 ft.,1,1,11,1,1,20260605,SAS,NYK,42500402660,27330,0,1,1626157|1628384|1628404|1628969|1628973
Shot Chart Detail,0042500402,668,1641705,Victor Wembanyama,1610612752,San Antonio Spurs,4,1,37,Missed Shot,Step Back Jump shot,3PT Field Goal,Left Corner 3,Left Side(L),24+ ft.,23,-235,16,1,0,20260605,SAS,NYK,42500402668,27830,0,0,1626157|1628384|1628404|1628969|1628973
Shot Chart Detail,0042500402,672,1642844,Dylan Harper,1610612752,San Antonio Spurs,4,1,25,Made Shot,Running Layup Shot,2PT Field Goal,Restricted Area,Center(C),Less Than 8 ft.,1,13,14,1,1,20260605,SAS,NYK,42500402672,27950,0,1,1626157|1628384|1628404|1628969|1628973
Shot Chart Detail,0042500402,678,1641705,Victor Wembanyama,1610612752,San Antonio Spurs,4,0,57,Made Shot,Cutting Finger Roll Layup Shot,2PT Field Goal,Restricted Area,Center(C),Less Than 8 ft.,1,0,13,1,1,20260605,SAS,NYK,42500402678,28230,0,1,1626157|1628384|1628404|1628969|1628973
Shot Chart Detail,0042500402,689,1641705,Victor Wembanyama,1610612752,San Antonio Spurs,4,0,30,Missed Shot,Pullup Jump shot,2PT Field Goal,Mid-Range,Left Side(L),16-24 ft.,16,-156,66,1,0,20260605,SAS,NYK,42500402689,28500,0,0,1626157|1628384|1628969|1628973|1629013
Shot Chart Detail,0042500402,720,1641705,Victor Wembanyama,1610612752,San Antonio Spurs,4,0,2,Missed Shot,Jump Shot,2PT Field Goal,Mid-Range,Right Side Center(RC),16-24 ft.,20,132,151,1,0,20260605,SAS,NYK,42500402720,28780,0,0,1628384|1628404|1628969|1629011|1629013
Shot Chart Detail,0042500403,7,1628368,De'Aaron Fox,1610612752,San Antonio Spurs,1,11,38,Missed Shot,Jump Shot,3PT Field Goal,Left Corner 3,Left Side(L),24+ ft.,22,-229,-7,1,0,20260608,NYK,SAS,425004037,220,0,0,1626157|1628384|1628404|1628969|1628973
Shot Chart Detail,0042500403,11,1628368,De'Aaron Fox,1610612752,San Antonio Spurs,1,11,7,Missed Shot,Turnaround Fadeaway shot,2PT Field Goal,In The Paint (Non-RA),Center(C),Less Than 8 ft.,6,-40,53,1,0,20260608,NYK,SAS,4250040311,530,0,0,1626157|1628384|1628404|1628969|1628973
Shot Chart Detail,0042500403,14,1641705,Victor Wembanyama,1610612752,San Antonio Spurs,1,10,42,Made Shot,Alley Oop Dunk Shot,2PT Field Goal,Restricted Area,Center(C),Less Than 8 ft.,1,9,10,1,1,20260608,NYK,SAS,4250040314,780,0,1,1626157|1628384|1628404|1628969|1628973
Shot Chart Detail,0042500403,17,1641705,Victor Wembanyama,1610612752,San Antonio Spurs,1,10,14,Made Shot,Dunk Shot,2PT Field Goal,Restricted Area,Center(C),Less Than 8 ft.,0,4,4,1,1,20260608,NYK,SAS,4250040317,1060,0,1,1626157|1628384|1628404|1628969|1628973
Shot Chart Detail,0042500403,22,1630170,Devin Vassell,1610612752,San Antonio Spurs,1,9,48,Made Shot,Jump Shot,3PT Field Goal,Left Corner 3,Left Side(L),24+ ft.,23,-230,36,1,1,20260608,NYK,SAS,4250040322,1320,0,1,1626157|1628384|1628404|1628969|1628973
Shot Chart Detail,0042500403,26,1642264,Stephon Castle,1610612752,San Antonio Spurs,1,9,14,Made Shot,Driving Layup Shot,2PT Field Goal,Restricted Area,Center(C),Less Than 8 ft.,1,-15,6,1,1,20260608,NYK,SAS,4250040326,1660,0,0,1626157|1628384|1628404|1628969|1628973
Shot Chart Detail,0042500403,40,1641705,Victor Wembanyama,1610612752,San Antonio Spurs,1,8,33,Made Shot,Layup Shot,2PT Field Goal,Restricted Area,Center(C),Less Than 8 ft.,1,11,14,1,1,20260608,NYK,SAS,4250040340,2070,0,1,1626157|1628384|1628404|1628973|1629013
Shot Chart Detail,0042500403,46,1642264,Stephon Castle,1610612752,San Antonio Spurs,1,8,1,Made Shot,Jump Shot,3PT Field Goal,Above the Break 3,Left Side Center(LC),24+ ft.,26,-153,211,1,1,20260608,NYK,SAS,4250040346,2390,0,1,1626157|1628384|1628404|1628973|1629013
Shot Chart Detail,0042500403,57,1642264,Stephon Castle,1610612752,San Antonio Spurs,1,7,34,Made Shot,Pullup Jump shot,2PT Field Goal,Mid-Range,Center(C),8-16 ft.,14,-13,148,1,1,20260608,NYK,SAS,4250040357,2660,0,0,1626157|1628384|1628404|1628973|1629013
Shot Chart Detail,0042500403,60,1641705,Victor Wembanyama,1610612752,San Antonio Spurs,1,7,2,Made Shot,Driving Floating Bank Jump Shot,2PT Field Goal,In The Paint (Non-RA),Center(C),Less Than 8 ft.,4,21,36,1,1,20260608,NYK,SAS,4250040360,2980,0,1,1626157|1628384|1628404|1628973|1629013
Shot Chart Detail,0042500403,71,1642844,Dylan Harper,1610612752,San Antonio Spurs,1,5,48,Made Shot,Driving Layup Shot,2PT Field Goal,Restricted Area,Center(C),Less Than 8 ft.,1,0,13,1,1,20260608,NYK,SAS,4250040371,3720,0,0,1626157|1628384|1628404|1628973|1629013
Shot Chart Detail,0042500403,74,1641705,Victor Wembanyama,1610612752,San Antonio Spurs,1,5,21,Missed Shot,Driving Layup Shot,2PT Field Goal,In The Paint (Non-RA),Center(C),Less Than 8 ft.,4,32,26,1,0,20260608,NYK,SAS,4250040374,3990,0,0,1626157|1628384|1628404|1628973|1629013
Shot Chart Detail,0042500403,79,1630170,Devin Vassell,1610612752,San Antonio Spurs,1,4,56,Made Shot,Jump Shot,3PT Field Goal,Above the Break 3,Right Side Center(RC),24+ ft.,26,125,232,1,1,20260608,NYK,SAS,4250040379,4240,0,1,1626157|1628384|1628404|1628973|1629013
Shot Chart Detail,0042500403,91,1629640,Keldon Johnson,1610612752,San Antonio Spurs,1,4,10,Missed Shot,Driving Layup Shot,2PT Field Goal,Restricted Area,Center(C),Less Than 8 ft.,1,-15,11,1,0,20260608,NYK,SAS,4250040391,4700,0,0,1626157|1628404|1628973|1629013|1630540
Shot Chart Detail,0042500403,94,1628368,De'Aaron Fox,1610612752,San Antonio Spurs,1,4,2,Missed Shot,Step Back Jump shot,2PT Field Goal,In The Paint (Non-RA),Center(C),8-16 ft.,10,-43,100,1,0,20260608,NYK,SAS,4250040394,4780,0,0,1626157|1628404|1628973|1629013|1630540
Shot Chart Detail,0042500403,97,1642844,Dylan Harper,1610612752,San Antonio Spurs,1,3,30,Missed Shot,Turnaround Fadeaway shot,2PT Field Goal,Mid-Range,Right Side(R),8-16 ft.,13,104,82,1,0,20260608,NYK,SAS,4250040397,5100,0,0,1626157|1628404|1628973|1629013|1630540
Shot Chart Detail,0042500403,111,1642844,Dylan Harper,1610612752,San Antonio Spurs,1,3,9,Missed Shot,Jump Shot,3PT Field Goal,Right Corner 3,Right Side(R),24+ ft.,23,229,32,1,0,20260608,NYK,SAS,42500403111,5310,0,0,1628384|1628973|1629011|1629013|1630540
Shot Chart Detail,0042500403,115,1629640,Keldon Johnson,1610612752,San Antonio Spurs,1,2,49,Made Shot,Driving Floating Jump Shot,2PT Field Goal,In The Paint (Non-RA),Center(C),Less Than 8 ft.,4,10,45,1,1,20260608,NYK,SAS,42500403115,5510,0,1,1628384|1628973|1629011|1629013|1630540
Shot Chart Detail,0042500403,119,1628368,De'Aaron Fox,1610612752,San Antonio Spurs,1,2,21,Made Shot,Pullup Jump shot,2PT Field Goal,Mid-Range,Center(C),8-16 ft.,15,7,155,1,1,20260608,NYK,SAS,42500403119,5790,0,1,1628384|1628973|1629011|1629013|1630540
Shot Chart Detail,0042500403,122,1642844,Dylan Harper,1610612752,San Antonio Spurs,1,1,48,Made Shot,Cutting Dunk Shot,2PT Field Goal,Restricted Area,Center(C),Less Than 8 ft.,0,-1,-5,1,1,20260608,NYK,SAS,42500403122,6120,0,1,1628384|1628973|1629011|1629013|1630540
Shot Chart Detail,0042500403,126,1629640,Keldon Johnson,1610612752,San Antonio Spurs,1,1,36,Missed Shot,Running Finger Roll Layup Shot,2PT Field Goal,Restricted Area,Center(C),Less Than 8 ft.,2,2,25,1,0,20260608,NYK,SAS,42500403126,6240,0,0,1628384|1628973|1629011|1629013|1630540
Shot Chart Detail,0042500403,137,1630577,Julian Champagnie,1610612752,San Antonio Spurs,1,1,12,Made Shot,Jump Shot,3PT Field Goal,Above the Break 3,Right Side Center(RC),24+ ft.,26,83,250,1,1,20260608,NYK,SAS,42500403137,6480,0,1,1628384|1628973|1629011|1629013|1630540
Shot Chart Detail,0042500403,154,1641705,Victor Wembanyama,1610612752,San Antonio Spurs,1,0,32,Missed Shot,Jump Shot,3PT Field Goal,Above the Break 3,Center(C),24+ ft.,25,-12,255,1,0,20260608,NYK,SAS,42500403154,6880,0,0,1628384|1628973|1629011|1629013|1630540
Shot Chart Detail,0042500403,172,1642868,Carter Bryant,1610612752,San Antonio Spurs,2,11,25,Made Shot,Jump Shot,3PT Field Goal,Left Corner 3,Left Side(L),24+ ft.,22,-228,-11,1,1,20260608,NYK,SAS,42500403172,7550,0,1,1626157|1628384|1629013|1630540|1630631
Shot Chart Detail,0042500403,177,1630577,Julian Champagnie,1610612752,San Antonio Spurs,2,10,39,Missed Shot,Jump Shot,3PT Field Goal,Above the Break 3,Left Side Center(LC),24+ ft.,26,-132,225,1,0,20260608,NYK,SAS,42500403177,8010,0,0,1626157|1628384|1629013|1630540|1630631
Shot Chart Detail,0042500403,200,1642264,Stephon Castle,1610612752,San Antonio Spurs,2,9,34,Made Shot,Driving Finger Roll Layup Shot,2PT Field Goal,Restricted Area,Center(C),Less Than 8 ft.,1,-2,13,1,1,20260608,NYK,SAS,42500403200,8660,0,0,203903|1626157|1628384|1628969|1630631
Shot Chart Detail,0042500403,203,1642264,Stephon Castle,1610612752,San Antonio Spurs,2,8,55,Missed Shot,Jump Shot,3PT Field Goal,Above the Break 3,Right Side Center(RC),24+ ft.,29,153,247,1,0,20260608,NYK,SAS,42500403203,9050,0,0,203903|1626157|1628384|1628969|1630631
Shot Chart Detail,0042500403,224,1641705,Victor Wembanyama,1610612752,San Antonio Spurs,2,7,43,Missed Shot,Fadeaway Jump Shot,2PT Field Goal,In The Paint (Non-RA),Center(C),8-16 ft.,11,11,113,1,0,20260608,NYK,SAS,42500403224,9770,0,0,203903|1626157|1628404|1628969|1630631
Shot Chart Detail,0042500403,228,1642264,Stephon Castle,1610612752,San Antonio Spurs,2,7,10,Made Shot,Driving Layup Shot,2PT Field Goal,Restricted Area,Center(C),Less Than 8 ft.,2,20,11,1,1,20260608,NYK,SAS,42500403228,10100,0,1,203903|1626157|1628404|1628969|1630631
Shot Chart Detail,0042500403,240,1642844,Dylan Harper,1610612752,San Antonio Spurs,2,6,35,Missed Shot,Jump Shot,3PT Field Goal,Left Corner 3,Left Side(L),24+ ft.,23,-228,50,1,0,20260608,NYK,SAS,42500403240,10450,0,0,203903|1626157|1628404|1628969|1628973
Shot Chart Detail,0042500403,245,1642844,Dylan Harper,1610612752,San Antonio Spurs,2,6,3,Missed Shot,Jump Shot,3PT Field Goal,Above the Break 3,Right Side Center(RC),24+ ft.,25,136,219,1,0,20260608,NYK,SAS,42500403245,10770,0,0,203903|1626157|1628404|1628969|1628973
Shot Chart Detail,0042500403,252,1642264,Stephon Castle,1610612752,San Antonio Spurs,2,5,53,Made Shot,Driving Layup Shot,2PT Field Goal,Restricted Area,Center(C),Less Than 8 ft.,1,-15,13,1,1,20260608,NYK,SAS,42500403252,10870,0,0,203903|1626157|1628404|1628969|1628973
Shot Chart Detail,0042500403,259,1642844,Dylan Harper,1610612752,San Antonio Spurs,2,5,33,Made Shot,Driving Layup Shot,2PT Field Goal,Restricted Area,Center(C),Less Than 8 ft.,1,-5,9,1,1,20260608,NYK,SAS,42500403259,11070,0,1,203903|1628384|1628404|1628969|1628973
Shot Chart Detail,0042500403,262,1642264,Stephon Castle,1610612752,San Antonio Spurs,2,5,10,Made Shot,Floating Jump shot,2PT Field Goal,Restricted Area,Center(C),Less Than 8 ft.,2,4,21,1,1,20260608,NYK,SAS,42500403262,11300,0,0,203903|1628384|1628404|1628969|1628973
Shot Chart Detail,0042500403,269,1642844,Dylan Harper,1610612752,San Antonio Spurs,2,4,33,Missed Shot,Driving Layup Shot,2PT Field Goal,Restricted Area,Center(C),Less Than 8 ft.,1,0,19,1,0,20260608,NYK,SAS,42500403269,11670,0,0,203903|1628384|1628404|1628969|1628973
Shot Chart Detail,0042500403,273,1630577,Julian Champagnie,1610612752,San Antonio Spurs,2,4,30,Missed Shot,Jump Shot,3PT Field Goal,Left Corner 3,Left Side(L),24+ ft.,22,-223,-5,1,0,20260608,NYK,SAS,42500403273,11700,0,0,203903|1628384|1628404|1628969|1628973
Shot Chart Detail,0042500403,277,1641705,Victor Wembanyama,1610612752,San Antonio Spurs,2,3,58,Made Shot,Jump Shot,3PT Field Goal,Above the Break 3,Center(C),24+ ft.,25,44,250,1,1,20260608,NYK,SAS,42500403277,12020,0,1,203903|1628384|1628404|1628969|1628973
Shot Chart Detail,0042500403,286,1641705,Victor Wembanyama,1610612752,San Antonio Spurs,2,3,20,Made Shot,Alley Oop Dunk Shot,2PT Field Goal,Restricted Area,Center(C),Less Than 8 ft.,0,2,-2,1,1,20260608,NYK,SAS,42500403286,12400,0,1,203903|1628384|1628404|1628969|1628973
Shot Chart Detail,0042500403,290,1642844,Dylan Harper,1610612752,San Antonio Spurs,2,3,0,Missed Shot,Running Jump Shot,3PT Field Goal,Above the Break 3,Left Side Center(LC),24+ ft.,25,-124,219,1,0,20260608,NYK,SAS,42500403290,12600,0,0,203903|1628384|1628404|1628969|1628973
Shot Chart Detail,0042500403,302,1628368,De'Aaron Fox,1610612752,San Antonio Spurs,2,2,17,Made Shot,Step Back Jump shot,2PT Field Goal,Mid-Range,Right Side(R),16-24 ft.,16,154,47,1,1,20260608,NYK,SAS,42500403302,13030,0,1,1626157|1628384|1628404|1628969|1628973
Shot Chart Detail,0042500403,313,1642264,Stephon Castle,1610612752,San Antonio Spurs,2,0,56,Missed Shot,Driving Finger Roll Layup Shot,2PT Field Goal,In The Paint (Non-RA),Center(C),Less Than 8 ft.,5,34,48,1,0,20260608,NYK,SAS,42500403313,13840,0,0,1626157|1628384|1628404|1628969|1628973
Shot Chart Detail,0042500403,317,1628368,De'Aaron Fox,1610612752,San Antonio Spurs,2,0,31,Missed Shot,Fadeaway Jump Shot,2PT Field Goal,Mid-Range,Right Side(R),8-16 ft.,11,108,41,1,0,20260608,NYK,SAS,42500403317,14090,0,0,1626157|1628384|1628404|1628969|1628973
Shot Chart Detail,0042500403,331,1641705,Victor Wembanyama,1610612752,San Antonio Spurs,2,0,0,Missed Shot,Turnaround Fadeaway shot,2PT Field Goal,In The Paint (Non-RA),Center(C),Less Than 8 ft.,6,-21,58,1,0,20260608,NYK,SAS,42500403331,14400,0,0,1626157|1628404|1629013|1630540|1631110
Shot Chart Detail,0042500403,345,1630577,Julian Champagnie,1610612752,San Antonio Spurs,3,11,33,Made Shot,Driving Finger Roll Layup Shot,2PT Field Goal,Restricted Area,Center(C),Less Than 8 ft.,1,-11,5,1,1,20260608,NYK,SAS,42500403345,14670,0,1,1626157|1628384|1628404|1628969|1628973
Shot Chart Detail,0042500403,349,1630577,Julian Champagnie,1610612752,San Antonio Spurs,3,10,54,Made Shot,Jump Shot,3PT Field Goal,Above the Break 3,Left Side Center(LC),24+ ft.,25,-181,181,1,1,20260608,NYK,SAS,42500403349,15060,0,1,1626157|1628384|1628404|1628969|1628973
Shot Chart Detail,0042500403,357,1642264,Stephon Castle,1610612752,San Antonio Spurs,3,10,45,Missed Shot,Jump Shot,3PT Field Goal,Above the Break 3,Left Side Center(LC),24+ ft.,25,-224,118,1,0,20260608,NYK,SAS,42500403357,15150,0,0,1626157|1628384|1628404|1628969|1628973
Shot Chart Detail,0042500403,362,1630577,Julian Champagnie,1610612752,San Antonio Spurs,3,10,1,Missed Shot,Jump Shot,3PT Field Goal,Above the Break 3,Center(C),24+ ft.,25,36,253,1,0,20260608,NYK,SAS,42500403362,15590,0,0,1626157|1628384|1628404|1628969|1628973
Shot Chart Detail,0042500403,380,1628368,De'Aaron Fox,1610612752,San Antonio Spurs,3,8,29,Missed Shot,Running Layup Shot,2PT Field Goal,Restricted Area,Center(C),Less Than 8 ft.,2,-15,21,1,0,20260608,NYK,SAS,42500403380,16510,0,0,1626157|1628384|1628404|1628969|1628973
Shot Chart Detail,0042500403,385,1628368,De'Aaron Fox,1610612752,San Antonio Spurs,3,8,21,Missed Shot,Jump Shot,3PT Field Goal,Left Corner 3,Left Side(L),24+ ft.,24,-245,-8,1,0,20260608,NYK,SAS,42500403385,16590,0,0,1626157|1628384|1628404|1628969|1628973
Shot Chart Detail,0042500403,392,1641705,Victor Wembanyama,1610612752,San Antonio Spurs,3,7,58,Made Shot,Jump Shot,2PT Field Goal,Mid-Range,Center(C),16-24 ft.,17,45,168,1,1,20260608,NYK,SAS,42500403392,16820,0,1,1626157|1628384|1628404|1628969|1628973
Shot Chart Detail,0042500403,402,1630170,Devin Vassell,1610612752,San Antonio Spurs,3,7,26,Made Shot,Running Jump Shot,3PT Field Goal,Above the Break 3,Right Side Center(RC),24+ ft.,24,208,133,1,1,20260608,NYK,SAS,42500403402,17140,0,1,1626157|1628384|1628404|1628969|1628973
Shot Chart Detail,0042500403,414,1642264,Stephon Castle,1610612752,San Antonio Spurs,3,6,30,Missed Shot,Driving Reverse Layup Shot,2PT Field Goal,Restricted Area,Center(C),Less Than 8 ft.,2,-21,-3,1,0,20260608,NYK,SAS,42500403414,17700,0,0,1626157|1628384|1628404|1628969|1628973
Shot Chart Detail,0042500403,422,1641705,Victor Wembanyama,1610612752,San Antonio Spurs,3,6,9,Missed Shot,Layup Shot,2PT Field Goal,Restricted Area,Center(C),Less Than 8 ft.,1,-9,8,1,0,20260608,NYK,SAS,42500403422,17910,0,0,1628384|1628404|1628973|1629011|1629013
Shot Chart Detail,0042500403,424,1641705,Victor Wembanyama,1610612752,San Antonio Spurs,3,6,7,Made Shot,Tip Layup Shot,2PT Field Goal,Restricted Area,Center(C),Less Than 8 ft.,0,0,0,1,1,20260608,NYK,SAS,42500403424,17930,0,0,1628384|1628404|1628973|1629011|1629013
Shot Chart Detail,0042500403,428,1629640,Keldon Johnson,1610612752,San Antonio Spurs,3,5,38,Made Shot,Cutting Layup Shot,2PT Field Goal,Restricted Area,Center(C),Less Than 8 ft.,1,11,11,1,1,20260608,NYK,SAS,42500403428,18220,0,1,1628384|1628404|1628973|1629011|1629013
Shot Chart Detail,0042500403,432,1641705,Victor Wembanyama,1610612752,San Antonio Spurs,3,5,2,Made Shot,Jump Shot,3PT Field Goal,Above the Break 3,Left Side Center(LC),24+ ft.,29,-158,251,1,1,20260608,NYK,SAS,42500403432,18580,0,1,1628384|1628404|1628973|1629011|1629013
Shot Chart Detail,0042500403,472,1642844,Dylan Harper,1610612752,San Antonio Spurs,3,3,19,Made Shot,Driving Layup Shot,2PT Field Goal,Restricted Area,Center(C),Less Than 8 ft.,1,15,4,1,1,20260608,NYK,SAS,42500403472,19610,0,0,203903|1626157|1628384|1629013|1630631
Shot Chart Detail,0042500403,479,1642844,Dylan Harper,1610612752,San Antonio Spurs,3,2,36,Missed Shot,Fadeaway Jump Shot,2PT Field Goal,In The Paint (Non-RA),Center(C),Less Than 8 ft.,5,45,32,1,0,20260608,NYK,SAS,42500403479,20040,0,0,203903|1626157|1628384|1629013|1630631
Shot Chart Detail,0042500403,484,1628436,Luke Kornet,1610612752,San Antonio Spurs,3,2,35,Missed Shot,Tip Layup Shot,2PT Field Goal,Restricted Area,Center(C),Less Than 8 ft.,1,-15,7,1,0,20260608,NYK,SAS,42500403484,20050,0,0,203903|1626157|1628384|1629013|1630631
Shot Chart Detail,0042500403,494,1630577,Julian Champagnie,1610612752,San Antonio Spurs,3,1,51,Made Shot,Jump Shot,3PT Field Goal,Above the Break 3,Center(C),24+ ft.,25,7,257,1,1,20260608,NYK,SAS,42500403494,20490,0,1,203903|1626157|1628969|1629013|1630631
Shot Chart Detail,0042500403,499,1630577,Julian Champagnie,1610612752,San Antonio Spurs,3,1,15,Missed Shot,Jump Shot,3PT Field Goal,Above the Break 3,Left Side Center(LC),24+ ft.,26,-136,226,1,0,20260608,NYK,SAS,42500403499,20850,0,0,203903|1626157|1628969|1629013|1630631
Shot Chart Detail,0042500403,502,1642844,Dylan Harper,1610612752,San Antonio Spurs,3,0,33,Made Shot,Step Back Jump shot,3PT Field Goal,Above the Break 3,Right Side Center(RC),24+ ft.,25,110,225,1,1,20260608,NYK,SAS,42500403502,21270,0,0,203903|1626157|1628969|1629013|1630631
Shot Chart Detail,0042500403,504,1642844,Dylan Harper,1610612752,San Antonio Spurs,3,0,2,Missed Shot,Pullup Jump shot,3PT Field Goal,Above the Break 3,Center(C),24+ ft.,25,75,246,1,0,20260608,NYK,SAS,42500403504,21580,0,0,203903|1626157|1628969|1629013|1630631
Shot Chart Detail,0042500403,516,1628368,De'Aaron Fox,1610612752,San Antonio Spurs,4,11,36,Missed Shot,Jump Shot,3PT Field Goal,Right Corner 3,Right Side(R),24+ ft.,24,232,76,1,0,20260608,NYK,SAS,42500403516,21840,0,0,203903|1626157|1628969|1629013|1630631
Shot Chart Detail,0042500403,520,1641705,Victor Wembanyama,1610612752,San Antonio Spurs,4,11,30,Made Shot,Alley Oop Dunk Shot,2PT Field Goal,Restricted Area,Center(C),Less Than 8 ft.,0,5,-1,1,1,20260608,NYK,SAS,42500403520,21900,0,1,203903|1626157|1628969|1629013|1630631
Shot Chart Detail,0042500403,537,1628368,De'Aaron Fox,1610612752,San Antonio Spurs,4,10,19,Missed Shot,Pullup Jump shot,3PT Field Goal,Above the Break 3,Left Side Center(LC),24+ ft.,25,-153,210,1,0,20260608,NYK,SAS,42500403537,22610,0,0,1626157|1628404|1628969|1629013|1630631
Shot Chart Detail,0042500403,539,1642264,Stephon Castle,1610612752,San Antonio Spurs,4,10,13,Missed Shot,Driving Layup Shot,2PT Field Goal,In The Paint (Non-RA),Center(C),Less Than 8 ft.,4,-39,11,1,0,20260608,NYK,SAS,42500403539,22670,0,0,1626157|1628404|1628969|1629013|1630631
Shot Chart Detail,0042500403,544,1642264,Stephon Castle,1610612752,San Antonio Spurs,4,9,36,Missed Shot,Jump Shot,3PT Field Goal,Above the Break 3,Left Side Center(LC),24+ ft.,27,-173,209,1,0,20260608,NYK,SAS,42500403544,23040,0,0,1626157|1628404|1628969|1629013|1630631
Shot Chart Detail,0042500403,558,1630577,Julian Champagnie,1610612752,San Antonio Spurs,4,9,9,Missed Shot,Driving Floating Jump Shot,2PT Field Goal,Restricted Area,Center(C),Less Than 8 ft.,2,-29,2,1,0,20260608,NYK,SAS,42500403558,23310,0,0,1628404|1628969|1628973|1629011|1629013
Shot Chart Detail,0042500403,562,1629640,Keldon Johnson,1610612752,San Antonio Spurs,4,8,44,Made Shot,Layup Shot,2PT Field Goal,Restricted Area,Center(C),Less Than 8 ft.,0,4,0,1,1,20260608,NYK,SAS,42500403562,23560,0,1,1628404|1628969|1628973|1629011|1629013
Shot Chart Detail,0042500403,567,1642844,Dylan Harper,1610612752,San Antonio Spurs,4,8,11,Missed Shot,Jump Shot,3PT Field Goal,Above the Break 3,Right Side Center(RC),24+ ft.,25,89,241,1,0,20260608,NYK,SAS,42500403567,23890,0,0,1628404|1628969|1628973|1629011|1629013
Shot Chart Detail,0042500403,598,1628368,De'Aaron Fox,1610612752,San Antonio Spurs,4,7,14,Missed Shot,Jump Shot,3PT Field Goal,Above the Break 3,Left Side Center(LC),24+ ft.,26,-145,218,1,0,20260608,NYK,SAS,42500403598,24460,0,0,1626157|1628384|1628404|1628973|1630540
Shot Chart Detail,0042500403,609,1628368,De'Aaron Fox,1610612752,San Antonio Spurs,4,6,28,Made Shot,Driving Layup Shot,2PT Field Goal,Restricted Area,Center(C),Less Than 8 ft.,1,-10,8,1,1,20260608,NYK,SAS,42500403609,24920,0,0,1626157|1628384|1628404|1628973|1630540
Shot Chart Detail,0042500403,612,1642844,Dylan Harper,1610612752,San Antonio Spurs,4,6,2,Missed Shot,Running Reverse Layup Shot,2PT Field Goal,Restricted Area,Center(C),Less Than 8 ft.,1,5,10,1,0,20260608,NYK,SAS,42500403612,25180,0,0,1626157|1628384|1628404|1628973|1630540
Shot Chart Detail,0042500403,625,1641705,Victor Wembanyama,1610612752,San Antonio Spurs,4,5,40,Made Shot,Alley Oop Layup shot,2PT Field Goal,Restricted Area,Center(C),Less Than 8 ft.,1,-6,12,1,1,20260608,NYK,SAS,42500403625,25400,0,1,1626157|1628384|1628404|1628973|1629013
Shot Chart Detail,0042500403,632,1628368,De'Aaron Fox,1610612752,San Antonio Spurs,4,5,3,Missed Shot,Fadeaway Jump Shot,2PT Field Goal,In The Paint (Non-RA),Center(C),Less Than 8 ft.,5,18,52,1,0,20260608,NYK,SAS,42500403632,25770,0,0,1626157|1628384|1628404|1628973|1629013
Shot Chart Detail,0042500403,645,1642844,Dylan Harper,1610612752,San Antonio Spurs,4,4,26,Missed Shot,Driving Layup Shot,2PT Field Goal,Restricted Area,Center(C),Less Than 8 ft.,2,17,22,1,0,20260608,NYK,SAS,42500403645,26140,0,0,1626157|1628384|1628404|1628973|1629013
Shot Chart Detail,0042500403,655,1641705,Victor Wembanyama,1610612752,San Antonio Spurs,4,3,50,Missed Shot,Jump Shot,3PT Field Goal,Above the Break 3,Left Side Center(LC),24+ ft.,26,-88,249,1,0,20260608,NYK,SAS,42500403655,26500,0,0,1626157|1628384|1628404|1628973|1629013
Shot Chart Detail,0042500403,657,1641705,Victor Wembanyama,1610612752,San Antonio Spurs,4,3,44,Missed Shot,Cutting Layup Shot,2PT Field Goal,Restricted Area,Center(C),Less Than 8 ft.,1,12,10,1,0,20260608,NYK,SAS,42500403657,26560,0,0,1626157|1628384|1628404|1628973|1629013
Shot Chart Detail,0042500403,669,1630170,Devin Vassell,1610612752,San Antonio Spurs,4,2,48,Missed Shot,Jump Shot,3PT Field Goal,Above the Break 3,Right Side Center(RC),24+ ft.,25,134,218,1,0,20260608,NYK,SAS,42500403669,27120,0,0,1626157|1628384|1628404|1628969|1628973
Shot Chart Detail,0042500403,685,1642264,Stephon Castle,1610612752,San Antonio Spurs,4,1,53,Made Shot,Jump Shot,3PT Field Goal,Above the Break 3,Right Side Center(RC),24+ ft.,26,136,222,1,1,20260608,NYK,SAS,42500403685,27670,0,1,1626157|1628384|1628404|1628969|1628973
Shot Chart Detail,0042500403,689,1642844,Dylan Harper,1610612752,San Antonio Spurs,4,1,7,Missed Shot,Jump Shot,3PT Field Goal,Above the Break 3,Right Side Center(RC),24+ ft.,25,135,218,1,0,20260608,NYK,SAS,42500403689,28130,0,0,1626157|1628384|1628404|1628969|1628973
Shot Chart Detail,0042500403,696,1642844,Dylan Harper,1610612752,San Antonio Spurs,4,0,40,Missed Shot,Jump Shot,2PT Field Goal,Mid-Range,Right Side(R),16-24 ft.,20,203,1,1,0,20260608,NYK,SAS,42500403696,28400,0,0,1626157|1628384|1628404|1628969|1628973
Shot Chart Detail,0042500403,699,1628368,De'Aaron Fox,1610612752,San Antonio Spurs,4,0,12,Made Shot,Step Back Jump shot,2PT Field Goal,Mid-Range,Center(C),8-16 ft.,15,-17,155,1,1,20260608,NYK,SAS,42500403699,28680,0,0,1626157|1628384|1628404|1628969|1628973
Shot Chart Detail,0042500404,13,1630170,Devin Vassell,1610612752,San Antonio Spurs,1,11,9,Made Shot,Jump Shot,3PT Field Goal,Above the Break 3,Right Side Center(RC),24+ ft.,26,148,216,1,1,20260610,NYK,SAS,4250040413,510,0,1,1626157|1628384|1628404|1628969|1628973
Shot Chart Detail,0042500404,23,1641705,Victor Wembanyama,1610612752,San Antonio Spurs,1,10,42,Made Shot,Turnaround Jump Shot,2PT Field Goal,In The Paint (Non-RA),Center(C),Less Than 8 ft.,5,-36,36,1,1,20260610,NYK,SAS,4250040423,780,0,0,1628384|1628404|1628969|1628973|1629011
Shot Chart Detail,0042500404,26,1642264,Stephon Castle,1610612752,San Antonio Spurs,1,10,26,Missed Shot,Running Jump Shot,3PT Field Goal,Above the Break 3,Left Side Center(LC),24+ ft.,25,-134,215,1,0,20260610,NYK,SAS,4250040426,940,0,0,1628384|1628404|1628969|1628973|1629011
Shot Chart Detail,0042500404,30,1628368,De'Aaron Fox,1610612752,San Antonio Spurs,1,10,6,Missed Shot,Running Pull-Up Jump Shot,2PT Field Goal,In The Paint (Non-RA),Center(C),Less Than 8 ft.,4,-27,30,1,0,20260610,NYK,SAS,4250040430,1140,0,0,1628384|1628404|1628969|1628973|1629011
Shot Chart Detail,0042500404,35,1630170,Devin Vassell,1610612752,San Antonio Spurs,1,9,34,Made Shot,Jump Shot,3PT Field Goal,Right Corner 3,Right Side(R),24+ ft.,23,230,-18,1,1,20260610,NYK,SAS,4250040435,1460,0,1,1628384|1628404|1628969|1628973|1629011
Shot Chart Detail,0042500404,39,1630577,Julian Champagnie,1610612752,San Antonio Spurs,1,9,17,Made Shot,Running Dunk Shot,2PT Field Goal,Restricted Area,Center(C),Less Than 8 ft.,0,4,-2,1,1,20260610,NYK,SAS,4250040439,1630,0,0,1628384|1628404|1628969|1628973|1629011
Shot Chart Detail,0042500404,50,1641705,Victor Wembanyama,1610612752,San Antonio Spurs,1,8,33,Made Shot,Driving Finger Roll Layup Shot,2PT Field Goal,Restricted Area,Center(C),Less Than 8 ft.,2,7,22,1,1,20260610,NYK,SAS,4250040450,2070,0,0,1628384|1628404|1628969|1628973|1629011
Shot Chart Detail,0042500404,55,1642264,Stephon Castle,1610612752,San Antonio Spurs,1,8,8,Missed Shot,Fadeaway Jump Shot,2PT Field Goal,In The Paint (Non-RA),Left Side(L),8-16 ft.,8,-55,64,1,0,20260610,NYK,SAS,4250040455,2320,0,0,1628384|1628404|1628969|1628973|1629011
Shot Chart Detail,0042500404,66,1642264,Stephon Castle,1610612752,San Antonio Spurs,1,7,37,Made Shot,Fadeaway Jump Shot,2PT Field Goal,In The Paint (Non-RA),Center(C),8-16 ft.,13,42,125,1,1,20260610,NYK,SAS,4250040466,2630,0,1,1628384|1628404|1628969|1628973|1629011
Shot Chart Detail,0042500404,70,1642264,Stephon Castle,1610612752,San Antonio Spurs,1,6,59,Made Shot,Jump Shot,3PT Field Goal,Above the Break 3,Center(C),24+ ft.,26,11,260,1,1,20260610,NYK,SAS,4250040470,3010,0,1,1628384|1628404|1628969|1628973|1629011
Shot Chart Detail,0042500404,74,1630170,Devin Vassell,1610612752,San Antonio Spurs,1,6,21,Made Shot,Running Jump Shot,3PT Field Goal,Above the Break 3,Right Side Center(RC),24+ ft.,25,178,179,1,1,20260610,NYK,SAS,4250040474,3390,0,1,1628384|1628404|1628969|1628973|1629011
Shot Chart Detail,0042500404,88,1641705,Victor Wembanyama,1610612752,San Antonio Spurs,1,5,51,Made Shot,Jump Shot,3PT Field Goal,Above the Break 3,Center(C),24+ ft.,24,-29,248,1,1,20260610,NYK,SAS,4250040488,3690,0,1,1628404|1628969|1628973|1629013|1630574
Shot Chart Detail,0042500404,91,1641705,Victor Wembanyama,1610612752,San Antonio Spurs,1,5,15,Missed Shot,Pullup Jump shot,3PT Field Goal,Above the Break 3,Left Side Center(LC),24+ ft.,25,-92,236,1,0,20260610,NYK,SAS,4250040491,4050,0,0,1628404|1628969|1628973|1629013|1630574
Shot Chart Detail,0042500404,96,1629640,Keldon Johnson,1610612752,San Antonio Spurs,1,4,53,Made Shot,Running Layup Shot,2PT Field Goal,Restricted Area,Center(C),Less Than 8 ft.,1,-18,3,1,1,20260610,NYK,SAS,4250040496,4270,0,1,1628404|1628969|1628973|1629013|1630574
Shot Chart Detail,0042500404,111,1628368,De'Aaron Fox,1610612752,San Antonio Spurs,1,4,15,Made Shot,Pullup Jump shot,3PT Field Goal,Above the Break 3,Right Side Center(RC),24+ ft.,25,161,197,1,1,20260610,NYK,SAS,42500404111,4650,0,1,1628384|1628969|1629011|1629013|1630631
Shot Chart Detail,0042500404,119,1642844,Dylan Harper,1610612752,San Antonio Spurs,1,3,44,Missed Shot,Driving Layup Shot,2PT Field Goal,In The Paint (Non-RA),Center(C),Less Than 8 ft.,4,32,26,1,0,20260610,NYK,SAS,42500404119,4960,0,0,1628384|1628969|1629011|1629013|1630631
Shot Chart Detail,0042500404,133,1641705,Victor Wembanyama,1610612752,San Antonio Spurs,1,3,19,Missed Shot,Driving Layup Shot,2PT Field Goal,In The Paint (Non-RA),Center(C),Less Than 8 ft.,5,1,53,1,0,20260610,NYK,SAS,42500404133,5210,0,0,1626157|1628384|1628969|1629013|1630631
Shot Chart Detail,0042500404,135,1641705,Victor Wembanyama,1610612752,San Antonio Spurs,1,3,17,Made Shot,Tip Dunk Shot,2PT Field Goal,Restricted Area,Center(C),Less Than 8 ft.,0,0,0,1,1,20260610,NYK,SAS,42500404135,5230,0,0,1626157|1628384|1628969|1629013|1630631
Shot Chart Detail,0042500404,142,1642844,Dylan Harper,1610612752,San Antonio Spurs,1,2,29,Made Shot,Pullup Jump shot,2PT Field Goal,Mid-Range,Right Side(R),16-24 ft.,16,153,57,1,1,20260610,NYK,SAS,42500404142,5710,0,0,1626157|1628384|1628969|1629013|1630631
Shot Chart Detail,0042500404,159,1628368,De'Aaron Fox,1610612752,San Antonio Spurs,1,1,39,Missed Shot,Jump Shot,3PT Field Goal,Right Corner 3,Right Side(R),24+ ft.,23,230,3,1,0,20260610,NYK,SAS,42500404159,6210,0,0,1628384|1628973|1629011|1629013|1630540
Shot Chart Detail,0042500404,169,1641705,Victor Wembanyama,1610612752,San Antonio Spurs,1,0,45,Made Shot,Turnaround Bank Hook Shot,2PT Field Goal,In The Paint (Non-RA),Center(C),Less Than 8 ft.,4,29,30,1,1,20260610,NYK,SAS,42500404169,6750,0,0,1628384|1628973|1629011|1629013|1630540
Shot Chart Detail,0042500404,179,1630170,Devin Vassell,1610612752,San Antonio Spurs,1,0,27,Made Shot,Jump Shot,2PT Field Goal,Mid-Range,Right Side(R),8-16 ft.,15,158,9,1,1,20260610,NYK,SAS,42500404179,6930,0,1,1628384|1628973|1629013|1630540|1631110
Shot Chart Detail,0042500404,187,1628368,De'Aaron Fox,1610612752,San Antonio Spurs,1,0,3,Missed Shot,Step Back Jump shot,3PT Field Goal,Above the Break 3,Left Side Center(LC),24+ ft.,25,-85,236,1,0,20260610,NYK,SAS,42500404187,7170,0,0,1628384|1628973|1629013|1630540|1631110
Shot Chart Detail,0042500404,199,1628368,De'Aaron Fox,1610612752,San Antonio Spurs,2,11,21,Made Shot,Jump Shot,3PT Field Goal,Left Corner 3,Left Side(L),24+ ft.,22,-229,-11,1,1,20260610,NYK,SAS,42500404199,7590,0,1,1626157|1628384|1629013|1630540|1630631
Shot Chart Detail,0042500404,203,1628368,De'Aaron Fox,1610612752,San Antonio Spurs,2,10,45,Made Shot,Step Back Jump shot,3PT Field Goal,Left Corner 3,Left Side(L),24+ ft.,23,-233,13,1,1,20260610,NYK,SAS,42500404203,7950,0,0,1626157|1628384|1629013|1630540|1630631
Shot Chart Detail,0042500404,221,1630577,Julian Champagnie,1610612752,San Antonio Spurs,2,10,6,Missed Shot,Jump Shot,3PT Field Goal,Above the Break 3,Right Side Center(RC),24+ ft.,26,174,198,1,0,20260610,NYK,SAS,42500404221,8340,0,0,1626157|1628384|1628973|1629013|1630540
Shot Chart Detail,0042500404,224,1642844,Dylan Harper,1610612752,San Antonio Spurs,2,9,42,Made Shot,Jump Shot,3PT Field Goal,Left Corner 3,Left Side(L),24+ ft.,23,-228,31,1,1,20260610,NYK,SAS,42500404224,8580,0,1,1626157|1628384|1628973|1629013|1630540
Shot Chart Detail,0042500404,228,1642868,Carter Bryant,1610612752,San Antonio Spurs,2,9,16,Made Shot,Jump Shot,3PT Field Goal,Left Corner 3,Left Side(L),24+ ft.,22,-229,-8,1,1,20260610,NYK,SAS,42500404228,8840,0,1,1626157|1628384|1628973|1629013|1630540
Shot Chart Detail,0042500404,231,1630577,Julian Champagnie,1610612752,San Antonio Spurs,2,8,43,Made Shot,Jump Shot,3PT Field Goal,Above the Break 3,Center(C),24+ ft.,24,29,248,1,1,20260610,NYK,SAS,42500404231,9170,0,1,1626157|1628384|1628973|1629013|1630540
Shot Chart Detail,0042500404,249,1630577,Julian Champagnie,1610612752,San Antonio Spurs,2,8,6,Missed Shot,Jump Shot,3PT Field Goal,Above the Break 3,Left Side Center(LC),24+ ft.,25,-135,218,1,0,20260610,NYK,SAS,42500404249,9540,0,0,203903|1626157|1628404|1628969|1628973
Shot Chart Detail,0042500404,253,1642868,Carter Bryant,1610612752,San Antonio Spurs,2,7,53,Made Shot,Alley Oop Dunk Shot,2PT Field Goal,Restricted Area,Center(C),Less Than 8 ft.,1,-9,6,1,1,20260610,NYK,SAS,42500404253,9670,0,1,203903|1626157|1628404|1628969|1628973
Shot Chart Detail,0042500404,259,1630577,Julian Champagnie,1610612752,San Antonio Spurs,2,7,21,Missed Shot,Pullup Jump shot,3PT Field Goal,Above the Break 3,Center(C),24+ ft.,24,-59,240,1,0,20260610,NYK,SAS,42500404259,9990,0,0,203903|1626157|1628404|1628969|1628973
Shot Chart Detail,0042500404,264,1642868,Carter Bryant,1610612752,San Antonio Spurs,2,7,16,Missed Shot,Driving Layup Shot,2PT Field Goal,Restricted Area,Center(C),Less Than 8 ft.,2,-16,25,1,0,20260610,NYK,SAS,42500404264,10040,0,0,203903|1626157|1628404|1628969|1628973
Shot Chart Detail,0042500404,291,1642264,Stephon Castle,1610612752,San Antonio Spurs,2,6,16,Missed Shot,Driving Layup Shot,2PT Field Goal,Restricted Area,Center(C),Less Than 8 ft.,1,1,10,1,0,20260610,NYK,SAS,42500404291,10640,0,0,1628384|1628404|1628969|1628973|1630574
Shot Chart Detail,0042500404,305,1630170,Devin Vassell,1610612752,San Antonio Spurs,2,5,46,Made Shot,Jump Shot,3PT Field Goal,Left Corner 3,Left Side(L),24+ ft.,22,-229,-1,1,1,20260610,NYK,SAS,42500404305,10940,0,1,1628384|1628404|1628969|1628973|1630574
Shot Chart Detail,0042500404,309,1641705,Victor Wembanyama,1610612752,San Antonio Spurs,2,5,21,Missed Shot,Running Jump Shot,3PT Field Goal,Above the Break 3,Center(C),24+ ft.,25,76,248,1,0,20260610,NYK,SAS,42500404309,11190,0,0,1628384|1628404|1628969|1628973|1630574
Shot Chart Detail,0042500404,317,1628368,De'Aaron Fox,1610612752,San Antonio Spurs,2,4,59,Made Shot,Turnaround Jump Shot,2PT Field Goal,In The Paint (Non-RA),Center(C),8-16 ft.,8,-11,80,1,1,20260610,NYK,SAS,42500404317,11410,0,0,1628384|1628404|1628969|1628973|1631110
Shot Chart Detail,0042500404,322,1642844,Dylan Harper,1610612752,San Antonio Spurs,2,4,19,Made Shot,Driving Layup Shot,2PT Field Goal,Restricted Area,Center(C),Less Than 8 ft.,1,-10,0,1,1,20260610,NYK,SAS,42500404322,11810,0,0,1628384|1628404|1628969|1628973|1631110
Shot Chart Detail,0042500404,325,1642844,Dylan Harper,1610612752,San Antonio Spurs,2,3,47,Made Shot,Jump Shot,3PT Field Goal,Above the Break 3,Right Side Center(RC),24+ ft.,25,131,222,1,1,20260610,NYK,SAS,42500404325,12130,0,1,1628384|1628404|1628969|1628973|1631110
Shot Chart Detail,0042500404,332,1642844,Dylan Harper,1610612752,San Antonio Spurs,2,3,6,Made Shot,Running Layup Shot,2PT Field Goal,Restricted Area,Center(C),Less Than 8 ft.,1,11,16,1,1,20260610,NYK,SAS,42500404332,12540,0,0,1628384|1628404|1628969|1628973|1631110
Shot Chart Detail,0042500404,342,1642264,Stephon Castle,1610612752,San Antonio Spurs,2,2,39,Missed Shot,Jump Shot,3PT Field Goal,Above the Break 3,Left Side Center(LC),24+ ft.,25,-183,173,1,0,20260610,NYK,SAS,42500404342,12810,0,0,1628384|1628404|1628969|1628973|1629013
Shot Chart Detail,0042500404,344,1641705,Victor Wembanyama,1610612752,San Antonio Spurs,2,2,28,Missed Shot,Step Back Jump shot,3PT Field Goal,Above the Break 3,Right Side Center(RC),24+ ft.,25,169,193,1,0,20260610,NYK,SAS,42500404344,12920,0,0,1628384|1628404|1628969|1628973|1629013
Shot Chart Detail,0042500404,358,1630577,Julian Champagnie,1610612752,San Antonio Spurs,2,2,2,Missed Shot,Jump Shot,3PT Field Goal,Left Corner 3,Left Side(L),24+ ft.,22,-229,-21,1,0,20260610,NYK,SAS,42500404358,13180,0,0,1628384|1628404|1628969|1628973|1629013
Shot Chart Detail,0042500404,371,1641705,Victor Wembanyama,1610612752,San Antonio Spurs,2,1,25,Made Shot,Cutting Layup Shot,2PT Field Goal,Restricted Area,Center(C),Less Than 8 ft.,1,7,11,1,1,20260610,NYK,SAS,42500404371,13550,0,1,1628384|1628404|1628969|1628973|1629013
Shot Chart Detail,0042500404,373,1642844,Dylan Harper,1610612752,San Antonio Spurs,2,0,57,Made Shot,Jump Shot,3PT Field Goal,Right Corner 3,Right Side(R),24+ ft.,22,229,-2,1,1,20260610,NYK,SAS,42500404373,13830,0,1,1628384|1628404|1628969|1628973|1629013
Shot Chart Detail,0042500404,377,1641705,Victor Wembanyama,1610612752,San Antonio Spurs,2,0,35,Missed Shot,Jump Shot,3PT Field Goal,Above the Break 3,Center(C),24+ ft.,30,25,300,1,0,20260610,NYK,SAS,42500404377,14050,0,0,1628384|1628404|1628969|1628973|1629013
Shot Chart Detail,0042500404,381,1628368,De'Aaron Fox,1610612752,San Antonio Spurs,2,0,1,Missed Shot,Pullup Jump shot,2PT Field Goal,In The Paint (Non-RA),Center(C),Less Than 8 ft.,5,-2,56,1,0,20260610,NYK,SAS,42500404381,14390,0,0,1628384|1628404|1628969|1628973|1629013
Shot Chart Detail,0042500404,393,1630170,Devin Vassell,1610612752,San Antonio Spurs,3,11,22,Missed Shot,Jump Shot,3PT Field Goal,Above the Break 3,Right Side Center(RC),24+ ft.,25,197,163,1,0,20260610,NYK,SAS,42500404393,14780,0,0,1626157|1628384|1628404|1628969|1628973
Shot Chart Detail,0042500404,398,1641705,Victor Wembanyama,1610612752,San Antonio Spurs,3,10,49,Missed Shot,Jump Bank Shot,2PT Field Goal,Restricted Area,Center(C),Less Than 8 ft.,3,33,18,1,0,20260610,NYK,SAS,42500404398,15110,0,0,1626157|1628384|1628404|1628969|1628973
Shot Chart Detail,0042500404,402,1641705,Victor Wembanyama,1610612752,San Antonio Spurs,3,10,37,Made Shot,Running Jump Shot,3PT Field Goal,Right Corner 3,Right Side(R),24+ ft.,22,227,-4,1,1,20260610,NYK,SAS,42500404402,15230,0,1,1626157|1628384|1628404|1628969|1628973
Shot Chart Detail,0042500404,413,1628368,De'Aaron Fox,1610612752,San Antonio Spurs,3,9,40,Made Shot,Pullup Jump shot,2PT Field Goal,Mid-Range,Left Side Center(LC),16-24 ft.,16,-58,154,1,1,20260610,NYK,SAS,42500404413,15800,0,1,1626157|1628384|1628404|1628969|1628973
Shot Chart Detail,0042500404,422,1629640,Keldon Johnson,1610612752,San Antonio Spurs,3,8,58,Missed Shot,Driving Layup Shot,2PT Field Goal,Restricted Area,Center(C),Less Than 8 ft.,2,-1,23,1,0,20260610,NYK,SAS,42500404422,16220,0,0,1626157|1628384|1628404|1628969|1628973
Shot Chart Detail,0042500404,424,1629640,Keldon Johnson,1610612752,San Antonio Spurs,3,8,57,Missed Shot,Tip Layup Shot,2PT Field Goal,Restricted Area,Center(C),Less Than 8 ft.,0,0,0,1,0,20260610,NYK,SAS,42500404424,16230,0,0,1626157|1628384|1628404|1628969|1628973
Shot Chart Detail,0042500404,426,1629640,Keldon Johnson,1610612752,San Antonio Spurs,3,8,55,Missed Shot,Putback Layup Shot,2PT Field Goal,In The Paint (Non-RA),Center(C),Less Than 8 ft.,4,-9,41,1,0,20260610,NYK,SAS,42500404426,16250,0,0,1626157|1628384|1628404|1628969|1628973
Shot Chart Detail,0042500404,430,1630577,Julian Champagnie,1610612752,San Antonio Spurs,3,8,39,Missed Shot,Jump Shot,3PT Field Goal,Above the Break 3,Left Side Center(LC),24+ ft.,25,-170,190,1,0,20260610,NYK,SAS,42500404430,16410,0,0,1626157|1628384|1628404|1628969|1628973
Shot Chart Detail,0042500404,437,1642844,Dylan Harper,1610612752,San Antonio Spurs,3,7,59,Missed Shot,Jump Shot,3PT Field Goal,Above the Break 3,Left Side Center(LC),24+ ft.,25,-210,141,1,0,20260610,NYK,SAS,42500404437,16810,0,0,1626157|1628384|1628404|1628969|1628973
Shot Chart Detail,0042500404,446,1630170,Devin Vassell,1610612752,San Antonio Spurs,3,7,2,Missed Shot,Jump Shot,3PT Field Goal,Above the Break 3,Left Side Center(LC),24+ ft.,26,-151,218,1,0,20260610,NYK,SAS,42500404446,17380,0,0,1626157|1628384|1628404|1628969|1628973
Shot Chart Detail,0042500404,451,1629640,Keldon Johnson,1610612752,San Antonio Spurs,3,6,39,Missed Shot,Jump Shot,3PT Field Goal,Left Corner 3,Left Side(L),24+ ft.,23,-233,-10,1,0,20260610,NYK,SAS,42500404451,17610,0,0,1626157|1628384|1628404|1628969|1628973
Shot Chart Detail,0042500404,455,1628368,De'Aaron Fox,1610612752,San Antonio Spurs,3,5,59,Missed Shot,Step Back Jump shot,3PT Field Goal,Above the Break 3,Left Side Center(LC),24+ ft.,25,-113,228,1,0,20260610,NYK,SAS,42500404455,18010,0,0,1626157|1628384|1628404|1628969|1628973
Shot Chart Detail,0042500404,501,1642844,Dylan Harper,1610612752,San Antonio Spurs,3,3,36,Made Shot,Turnaround Jump Shot,2PT Field Goal,Mid-Range,Left Side(L),8-16 ft.,10,-104,15,1,1,20260610,NYK,SAS,42500404501,19440,0,1,1628384|1628973|1629011|1629013|1630631
Shot Chart Detail,0042500404,505,1642844,Dylan Harper,1610612752,San Antonio Spurs,3,2,59,Missed Shot,Step Back Jump shot,3PT Field Goal,Above the Break 3,Left Side Center(LC),24+ ft.,25,-104,232,1,0,20260610,NYK,SAS,42500404505,19810,0,0,1628384|1628973|1629011|1629013|1630631
Shot Chart Detail,0042500404,515,1628368,De'Aaron Fox,1610612752,San Antonio Spurs,3,2,25,Missed Shot,Jump Shot,3PT Field Goal,Left Corner 3,Left Side(L),24+ ft.,23,-233,49,1,0,20260610,NYK,SAS,42500404515,20150,0,0,203903|1628384|1628973|1629011|1629013
Shot Chart Detail,0042500404,517,1641705,Victor Wembanyama,1610612752,San Antonio Spurs,3,2,19,Missed Shot,Jump Shot,3PT Field Goal,Above the Break 3,Right Side Center(RC),24+ ft.,25,178,184,1,0,20260610,NYK,SAS,42500404517,20210,0,0,203903|1628384|1628973|1629011|1629013
Shot Chart Detail,0042500404,519,1641705,Victor Wembanyama,1610612752,San Antonio Spurs,3,2,14,Missed Shot,Jump Shot,3PT Field Goal,Above the Break 3,Center(C),24+ ft.,26,11,264,1,0,20260610,NYK,SAS,42500404519,20260,0,0,203903|1628384|1628973|1629011|1629013
Shot Chart Detail,0042500404,523,1630577,Julian Champagnie,1610612752,San Antonio Spurs,3,1,58,Missed Shot,Running Layup Shot,2PT Field Goal,Restricted Area,Center(C),Less Than 8 ft.,2,5,21,1,0,20260610,NYK,SAS,42500404523,20420,0,0,203903|1628384|1628973|1629011|1629013
Shot Chart Detail,0042500404,527,1630170,Devin Vassell,1610612752,San Antonio Spurs,3,1,46,Made Shot,Jump Shot,3PT Field Goal,Above the Break 3,Right Side Center(RC),24+ ft.,24,202,144,1,1,20260610,NYK,SAS,42500404527,20540,0,1,203903|1628384|1628973|1629011|1629013
Shot Chart Detail,0042500404,544,1641705,Victor Wembanyama,1610612752,San Antonio Spurs,3,0,0,Missed Shot,Fadeaway Jump Shot,2PT Field Goal,Mid-Range,Left Side Center(LC),16-24 ft.,18,-132,131,1,0,20260610,NYK,SAS,42500404544,21600,0,0,203903|1626157|1628384|1628973|1629013
Shot Chart Detail,0042500404,554,1641705,Victor Wembanyama,1610612752,San Antonio Spurs,4,11,48,Missed Shot,Driving Layup Shot,2PT Field Goal,Restricted Area,Center(C),Less Than 8 ft.,3,25,31,1,0,20260610,NYK,SAS,42500404554,21720,0,0,1628384|1628973|1629011|1629013|1630540
Shot Chart Detail,0042500404,565,1642844,Dylan Harper,1610612752,San Antonio Spurs,4,11,10,Made Shot,Driving Layup Shot,2PT Field Goal,Restricted Area,Center(C),Less Than 8 ft.,0,1,7,1,1,20260610,NYK,SAS,42500404565,22100,0,0,1628384|1628973|1629011|1629013|1630540
Shot Chart Detail,0042500404,568,1641705,Victor Wembanyama,1610612752,San Antonio Spurs,4,10,41,Missed Shot,Alley Oop Layup shot,2PT Field Goal,Restricted Area,Center(C),Less Than 8 ft.,1,-5,10,1,0,20260610,NYK,SAS,42500404568,22390,0,0,1628384|1628973|1629011|1629013|1630540
Shot Chart Detail,0042500404,570,1641705,Victor Wembanyama,1610612752,San Antonio Spurs,4,10,40,Missed Shot,Tip Layup Shot,2PT Field Goal,Restricted Area,Center(C),Less Than 8 ft.,0,0,0,1,0,20260610,NYK,SAS,42500404570,22400,0,0,1628384|1628973|1629011|1629013|1630540
Shot Chart Detail,0042500404,581,1642844,Dylan Harper,1610612752,San Antonio Spurs,4,10,10,Missed Shot,Jump Shot,3PT Field Goal,Above the Break 3,Right Side Center(RC),24+ ft.,26,127,230,1,0,20260610,NYK,SAS,42500404581,22700,0,0,1628384|1628969|1628973|1629011|1629013
Shot Chart Detail,0042500404,593,1641705,Victor Wembanyama,1610612752,San Antonio Spurs,4,9,38,Missed Shot,Driving Floating Jump Shot,2PT Field Goal,Restricted Area,Center(C),Less Than 8 ft.,1,-13,1,1,0,20260610,NYK,SAS,42500404593,23020,0,0,1626157|1628384|1628969|1628973|1630631
Shot Chart Detail,0042500404,595,1641705,Victor Wembanyama,1610612752,San Antonio Spurs,4,9,36,Missed Shot,Tip Layup Shot,2PT Field Goal,Restricted Area,Center(C),Less Than 8 ft.,0,0,0,1,0,20260610,NYK,SAS,42500404595,23040,0,0,1626157|1628384|1628969|1628973|1630631
Shot Chart Detail,0042500404,597,1641705,Victor Wembanyama,1610612752,San Antonio Spurs,4,9,33,Made Shot,Putback Layup Shot,2PT Field Goal,Restricted Area,Center(C),Less Than 8 ft.,0,0,0,1,1,20260610,NYK,SAS,42500404597,23070,0,0,1626157|1628384|1628969|1628973|1630631
Shot Chart Detail,0042500404,604,1641705,Victor Wembanyama,1610612752,San Antonio Spurs,4,8,51,Missed Shot,Alley Oop Layup shot,2PT Field Goal,Restricted Area,Center(C),Less Than 8 ft.,1,7,16,1,0,20260610,NYK,SAS,42500404604,23490,0,0,1626157|1628404|1628969|1628973|1630631
Shot Chart Detail,0042500404,613,1641705,Victor Wembanyama,1610612752,San Antonio Spurs,4,8,21,Missed Shot,Pullup Jump shot,2PT Field Goal,Mid-Range,Left Side(L),16-24 ft.,20,-203,41,1,0,20260610,NYK,SAS,42500404613,23790,0,0,1626157|1628404|1628969|1628973|1630631
Shot Chart Detail,0042500404,619,1642264,Stephon Castle,1610612752,San Antonio Spurs,4,7,54,Missed Shot,Step Back Jump shot,2PT Field Goal,Mid-Range,Left Side(L),16-24 ft.,19,-197,-5,1,0,20260610,NYK,SAS,42500404619,24060,0,0,1626157|1628404|1628969|1628973|1630631
Shot Chart Detail,0042500404,647,1630577,Julian Champagnie,1610612752,San Antonio Spurs,4,5,58,Missed Shot,Jump Shot,3PT Field Goal,Above the Break 3,Right Side Center(RC),24+ ft.,25,85,238,1,0,20260610,NYK,SAS,42500404647,25220,0,0,1626157|1628384|1628404|1628973|1630631
Shot Chart Detail,0042500404,651,1630170,Devin Vassell,1610612752,San Antonio Spurs,4,5,44,Missed Shot,Running Jump Shot,3PT Field Goal,Right Corner 3,Right Side(R),24+ ft.,23,228,68,1,0,20260610,NYK,SAS,42500404651,25360,0,0,1626157|1628384|1628404|1628973|1630631
Shot Chart Detail,0042500404,655,1628368,De'Aaron Fox,1610612752,San Antonio Spurs,4,4,57,Missed Shot,Step Back Jump shot,2PT Field Goal,Mid-Range,Left Side Center(LC),16-24 ft.,20,-143,148,1,0,20260610,NYK,SAS,42500404655,25830,0,0,1626157|1628384|1628404|1628973|1630631
Shot Chart Detail,0042500404,664,1628368,De'Aaron Fox,1610612752,San Antonio Spurs,4,4,11,Made Shot,Jump Shot,3PT Field Goal,Above the Break 3,Left Side Center(LC),24+ ft.,25,-178,188,1,1,20260610,NYK,SAS,42500404664,26290,0,1,1626157|1628384|1628404|1628973|1630631
Shot Chart Detail,0042500404,667,1641705,Victor Wembanyama,1610612752,San Antonio Spurs,4,3,31,Made Shot,Jump Shot,2PT Field Goal,Mid-Range,Center(C),16-24 ft.,17,-6,178,1,1,20260610,NYK,SAS,42500404667,26690,0,1,1626157|1628384|1628404|1628973|1630631
Shot Chart Detail,0042500404,671,1628368,De'Aaron Fox,1610612752,San Antonio Spurs,4,2,43,Missed Shot,Pullup Jump shot,3PT Field Goal,Above the Break 3,Center(C),24+ ft.,26,-60,257,1,0,20260610,NYK,SAS,42500404671,27170,0,0,1626157|1628384|1628404|1628973|1630631
Shot Chart Detail,0042500404,698,1628368,De'Aaron Fox,1610612752,San Antonio Spurs,4,0,32,Missed Shot,Pullup Jump shot,2PT Field Goal,Mid-Range,Center(C),16-24 ft.,18,32,185,1,0,20260610,NYK,SAS,42500404698,28480,0,0,1628384|1628404|1629011|1629013|1630631
Shot Chart Detail,0042500404,714,1628368,De'Aaron Fox,1610612752,San Antonio Spurs,4,0,11,Missed Shot,Layup Shot,2PT Field Goal,Restricted Area,Center(C),Less Than 8 ft.,2,6,20,1,0,20260610,NYK,SAS,42500404714,28690,0,0,1626157|1628384|1628404|1628973|1630631
Shot Chart Detail,0042500405,9,1642264,Stephon Castle,1610612752,San Antonio Spurs,1,11,12,Missed Shot,Jump Shot,3PT Field Goal,Above the Break 3,Left Side Center(LC),24+ ft.,26,-179,195,1,0,20260613,SAS,NYK,425004059,480,0,0,1626157|1628384|1628404|1628969|1628973
Shot Chart Detail,0042500405,30,1641705,Victor Wembanyama,1610612752,San Antonio Spurs,1,9,44,Made Shot,Running Dunk Shot,2PT Field Goal,Restricted Area,Center(C),Less Than 8 ft.,1,-16,7,1,1,20260613,SAS,NYK,4250040530,1360,0,1,1626157|1628384|1628404|1628969|1628973
Shot Chart Detail,0042500405,34,1628368,De'Aaron Fox,1610612752,San Antonio Spurs,1,9,15,Missed Shot,Jump Shot,3PT Field Goal,Above the Break 3,Left Side Center(LC),24+ ft.,26,-218,149,1,0,20260613,SAS,NYK,4250040534,1650,0,0,1626157|1628384|1628404|1628969|1628973
Shot Chart Detail,0042500405,40,1641705,Victor Wembanyama,1610612752,San Antonio Spurs,1,8,47,Missed Shot,Driving Bank Hook Shot,2PT Field Goal,Restricted Area,Center(C),Less Than 8 ft.,2,18,13,1,0,20260613,SAS,NYK,4250040540,1930,0,0,1626157|1628384|1628404|1628969|1628973
Shot Chart Detail,0042500405,42,1630577,Julian Champagnie,1610612752,San Antonio Spurs,1,8,43,Made Shot,Putback Layup Shot,2PT Field Goal,Restricted Area,Center(C),Less Than 8 ft.,0,0,0,1,1,20260613,SAS,NYK,4250040542,1970,0,0,1626157|1628384|1628404|1628969|1628973
Shot Chart Detail,0042500405,46,1628368,De'Aaron Fox,1610612752,San Antonio Spurs,1,8,13,Missed Shot,Running Layup Shot,2PT Field Goal,Restricted Area,Center(C),Less Than 8 ft.,2,-20,6,1,0,20260613,SAS,NYK,4250040546,2270,0,0,1626157|1628384|1628404|1628969|1628973
Shot Chart Detail,0042500405,63,1629640,Keldon Johnson,1610612752,San Antonio Spurs,1,7,17,Missed Shot,Driving Floating Jump Shot,2PT Field Goal,In The Paint (Non-RA),Center(C),Less Than 8 ft.,7,-36,67,1,0,20260613,SAS,NYK,4250040563,2830,0,0,1626157|1628384|1628404|1628969|1628973
Shot Chart Detail,0042500405,65,1641705,Victor Wembanyama,1610612752,San Antonio Spurs,1,7,16,Made Shot,Tip Dunk Shot,2PT Field Goal,Restricted Area,Center(C),Less Than 8 ft.,0,0,0,1,1,20260613,SAS,NYK,4250040565,2840,0,0,1626157|1628384|1628404|1628969|1628973
Shot Chart Detail,0042500405,68,1642844,Dylan Harper,1610612752,San Antonio Spurs,1,6,40,Made Shot,Jump Shot,3PT Field Goal,Above the Break 3,Center(C),24+ ft.,25,5,259,1,1,20260613,SAS,NYK,4250040568,3200,0,1,1626157|1628384|1628404|1628969|1628973
Shot Chart Detail,0042500405,72,1630170,Devin Vassell,1610612752,San Antonio Spurs,1,6,8,Missed Shot,Jump Shot,3PT Field Goal,Left Corner 3,Left Side(L),24+ ft.,23,-234,33,1,0,20260613,SAS,NYK,4250040572,3520,0,0,1626157|1628384|1628404|1628969|1628973
Shot Chart Detail,0042500405,86,1642844,Dylan Harper,1610612752,San Antonio Spurs,1,5,35,Made Shot,Running Pull-Up Jump Shot,2PT Field Goal,In The Paint (Non-RA),Center(C),Less Than 8 ft.,7,2,76,1,1,20260613,SAS,NYK,4250040586,3850,0,0,1626157|1628404|1628969|1628973|1629013
Shot Chart Detail,0042500405,90,1629640,Keldon Johnson,1610612752,San Antonio Spurs,1,4,58,Missed Shot,Running Pull-Up Jump Shot,2PT Field Goal,In The Paint (Non-RA),Center(C),Less Than 8 ft.,4,32,33,1,0,20260613,SAS,NYK,4250040590,4220,0,0,1626157|1628404|1628969|1628973|1629013
Shot Chart Detail,0042500405,94,1629640,Keldon Johnson,1610612752,San Antonio Spurs,1,4,51,Missed Shot,Jump Shot,3PT Field Goal,Above the Break 3,Right Side Center(RC),24+ ft.,25,234,91,1,0,20260613,SAS,NYK,4250040594,4290,0,0,1626157|1628404|1628969|1628973|1629013
Shot Chart Detail,0042500405,100,1642844,Dylan Harper,1610612752,San Antonio Spurs,1,4,43,Made Shot,Driving Reverse Layup Shot,2PT Field Goal,Restricted Area,Center(C),Less Than 8 ft.,2,-26,5,1,1,20260613,SAS,NYK,42500405100,4370,0,0,1626157|1628404|1628973|1629013|1630631
Shot Chart Detail,0042500405,106,1628368,De'Aaron Fox,1610612752,San Antonio Spurs,1,4,4,Missed Shot,Jump Shot,3PT Field Goal,Above the Break 3,Left Side Center(LC),24+ ft.,25,-176,184,1,0,20260613,SAS,NYK,42500405106,4760,0,0,1626157|1628404|1628973|1629013|1630631
Shot Chart Detail,0042500405,120,1629640,Keldon Johnson,1610612752,San Antonio Spurs,1,3,6,Made Shot,Jump Shot,3PT Field Goal,Right Corner 3,Right Side(R),24+ ft.,22,229,1,1,1,20260613,SAS,NYK,42500405120,5340,0,1,1628384|1628973|1629011|1629013|1630631
Shot Chart Detail,0042500405,126,1630577,Julian Champagnie,1610612752,San Antonio Spurs,1,2,24,Missed Shot,Running Jump Shot,3PT Field Goal,Right Corner 3,Right Side(R),24+ ft.,23,232,6,1,0,20260613,SAS,NYK,42500405126,5760,0,0,1628384|1628973|1629011|1629013|1630631
Shot Chart Detail,0042500405,129,1630577,Julian Champagnie,1610612752,San Antonio Spurs,1,1,52,Missed Shot,Jump Shot,3PT Field Goal,Left Corner 3,Left Side(L),24+ ft.,23,-238,15,1,0,20260613,SAS,NYK,42500405129,6080,0,0,1628384|1628973|1629011|1629013|1630631
Shot Chart Detail,0042500405,148,1628368,De'Aaron Fox,1610612752,San Antonio Spurs,1,1,24,Made Shot,Pullup Jump shot,2PT Field Goal,In The Paint (Non-RA),Center(C),8-16 ft.,9,-1,95,1,1,20260613,SAS,NYK,42500405148,6360,0,0,1628384|1628973|1629011|1629013|1630631
Shot Chart Detail,0042500405,150,1641705,Victor Wembanyama,1610612752,San Antonio Spurs,1,0,51,Missed Shot,Jump Shot,3PT Field Goal,Above the Break 3,Left Side Center(LC),24+ ft.,26,-159,216,1,0,20260613,SAS,NYK,42500405150,6690,0,0,1628384|1628973|1629011|1629013|1630631
Shot Chart Detail,0042500405,159,1630577,Julian Champagnie,1610612752,San Antonio Spurs,1,0,22,Made Shot,Jump Shot,3PT Field Goal,Above the Break 3,Right Side Center(RC),24+ ft.,25,99,237,1,1,20260613,SAS,NYK,42500405159,6980,0,1,1628384|1628973|1629011|1629013|1630631
Shot Chart Detail,0042500405,171,1628368,De'Aaron Fox,1610612752,San Antonio Spurs,2,11,36,Missed Shot,Pullup Jump shot,3PT Field Goal,Above the Break 3,Center(C),24+ ft.,27,2,277,1,0,20260613,SAS,NYK,42500405171,7440,0,0,1626157|1628384|1629013|1630540|1630631
Shot Chart Detail,0042500405,176,1630577,Julian Champagnie,1610612752,San Antonio Spurs,2,10,59,Made Shot,Jump Shot,3PT Field Goal,Left Corner 3,Left Side(L),24+ ft.,24,-243,8,1,1,20260613,SAS,NYK,42500405176,7810,0,0,1626157|1628384|1629013|1630540|1630631
Shot Chart Detail,0042500405,189,1642264,Stephon Castle,1610612752,San Antonio Spurs,2,10,13,Missed Shot,Driving Layup Shot,2PT Field Goal,Restricted Area,Center(C),Less Than 8 ft.,3,-31,-2,1,0,20260613,SAS,NYK,42500405189,8270,0,0,1626157|1628384|1628969|1630540|1630631
Shot Chart Detail,0042500405,192,1642264,Stephon Castle,1610612752,San Antonio Spurs,2,10,11,Missed Shot,Fadeaway Jump Shot,2PT Field Goal,In The Paint (Non-RA),Center(C),Less Than 8 ft.,7,-79,-1,1,0,20260613,SAS,NYK,42500405192,8290,0,0,1626157|1628384|1628969|1630540|1630631
Shot Chart Detail,0042500405,208,1642844,Dylan Harper,1610612752,San Antonio Spurs,2,8,39,Missed Shot,Jump Shot,3PT Field Goal,Above the Break 3,Right Side Center(RC),24+ ft.,25,119,230,1,0,20260613,SAS,NYK,42500405208,9210,0,0,1626157|1628404|1628969|1630540|1630631
Shot Chart Detail,0042500405,213,1641705,Victor Wembanyama,1610612752,San Antonio Spurs,2,8,29,Made Shot,Jump Shot,3PT Field Goal,Above the Break 3,Right Side Center(RC),24+ ft.,25,132,221,1,1,20260613,SAS,NYK,42500405213,9310,0,0,1626157|1628404|1628969|1628973|1630540
Shot Chart Detail,0042500405,225,1641705,Victor Wembanyama,1610612752,San Antonio Spurs,2,10,10,Missed Shot,Hook Shot,2PT Field Goal,Restricted Area,Center(C),Less Than 8 ft.,3,-32,-17,1,0,20260613,SAS,NYK,42500405225,8300,0,0,1626157|1628384|1628969|1630540|1630631
Shot Chart Detail,0042500405,231,1642264,Stephon Castle,1610612752,San Antonio Spurs,2,7,30,Missed Shot,Driving Floating Bank Jump Shot,2PT Field Goal,Restricted Area,Center(C),Less Than 8 ft.,3,27,15,1,0,20260613,SAS,NYK,42500405231,9900,0,0,1626157|1628404|1628969|1628973|1630540
Shot Chart Detail,0042500405,233,1630170,Devin Vassell,1610612752,San Antonio Spurs,2,7,26,Missed Shot,Jump Shot,3PT Field Goal,Left Corner 3,Left Side(L),24+ ft.,23,-237,17,1,0,20260613,SAS,NYK,42500405233,9940,0,0,1626157|1628404|1628969|1628973|1630540
Shot Chart Detail,0042500405,238,1642264,Stephon Castle,1610612752,San Antonio Spurs,2,7,6,Missed Shot,Jump Shot,3PT Field Goal,Above the Break 3,Center(C),24+ ft.,27,6,272,1,0,20260613,SAS,NYK,42500405238,10140,0,0,1626157|1628404|1628969|1628973|1630540
Shot Chart Detail,0042500405,242,1642844,Dylan Harper,1610612752,San Antonio Spurs,2,6,41,Made Shot,Pullup Jump shot,2PT Field Goal,In The Paint (Non-RA),Center(C),8-16 ft.,14,-40,138,1,1,20260613,SAS,NYK,42500405242,10390,0,0,1626157|1628404|1628969|1628973|1630540
Shot Chart Detail,0042500405,262,1641705,Victor Wembanyama,1610612752,San Antonio Spurs,2,5,17,Missed Shot,Jump Shot,2PT Field Goal,Mid-Range,Center(C),8-16 ft.,15,-4,153,1,0,20260613,SAS,NYK,42500405262,11230,0,0,1628404|1628969|1628973|1629011|1630540
Shot Chart Detail,0042500405,268,1630170,Devin Vassell,1610612752,San Antonio Spurs,2,4,57,Made Shot,Running Finger Roll Layup Shot,2PT Field Goal,Restricted Area,Center(C),Less Than 8 ft.,0,0,0,1,1,20260613,SAS,NYK,42500405268,11430,0,0,1628404|1628969|1628973|1629011|1630540
Shot Chart Detail,0042500405,271,1641705,Victor Wembanyama,1610612752,San Antonio Spurs,2,4,30,Missed Shot,Jump Shot,3PT Field Goal,Above the Break 3,Center(C),24+ ft.,26,5,265,1,0,20260613,SAS,NYK,42500405271,11700,0,0,1628404|1628969|1628973|1629011|1630540
Shot Chart Detail,0042500405,274,1641705,Victor Wembanyama,1610612752,San Antonio Spurs,2,3,50,Missed Shot,Driving Floating Jump Shot,2PT Field Goal,In The Paint (Non-RA),Left Side(L),8-16 ft.,8,-45,76,1,0,20260613,SAS,NYK,42500405274,12100,0,0,1628404|1628969|1628973|1629011|1630540
Shot Chart Detail,0042500405,276,1628368,De'Aaron Fox,1610612752,San Antonio Spurs,2,3,32,Made Shot,Jump Shot,3PT Field Goal,Left Corner 3,Left Side(L),24+ ft.,24,-237,75,1,1,20260613,SAS,NYK,42500405276,12280,0,1,1628404|1628969|1628973|1629011|1630540
Shot Chart Detail,0042500405,293,1642264,Stephon Castle,1610612752,San Antonio Spurs,2,3,5,Missed Shot,Jump Shot,3PT Field Goal,Right Corner 3,Right Side(R),24+ ft.,22,225,23,1,0,20260613,SAS,NYK,42500405293,12550,0,0,1626157|1628384|1628404|1628969|1628973
Shot Chart Detail,0042500405,300,1641705,Victor Wembanyama,1610612752,San Antonio Spurs,2,8,37,Missed Shot,Tip Layup Shot,2PT Field Goal,Restricted Area,Center(C),Less Than 8 ft.,1,-9,-8,1,0,20260613,SAS,NYK,42500405300,9230,0,0,1626157|1628404|1628969|1630540|1630631
Shot Chart Detail,0042500405,310,1642264,Stephon Castle,1610612752,San Antonio Spurs,2,2,10,Missed Shot,Driving Floating Jump Shot,2PT Field Goal,In The Paint (Non-RA),Center(C),Less Than 8 ft.,5,58,11,1,0,20260613,SAS,NYK,42500405310,13100,0,0,1628384|1628404|1628969|1628973|1629011
Shot Chart Detail,0042500405,314,1628368,De'Aaron Fox,1610612752,San Antonio Spurs,2,1,43,Missed Shot,Step Back Jump shot,2PT Field Goal,In The Paint (Non-RA),Center(C),8-16 ft.,10,-1,105,1,0,20260613,SAS,NYK,42500405314,13370,0,0,1628384|1628404|1628969|1628973|1629011
Shot Chart Detail,0042500405,329,1642844,Dylan Harper,1610612752,San Antonio Spurs,2,0,50,Missed Shot,Turnaround Jump Shot,2PT Field Goal,In The Paint (Non-RA),Right Side(R),8-16 ft.,9,59,71,1,0,20260613,SAS,NYK,42500405329,13900,0,0,1628384|1628404|1628969|1628973|1629011
Shot Chart Detail,0042500405,334,1628368,De'Aaron Fox,1610612752,San Antonio Spurs,2,0,36,Missed Shot,Pullup Jump shot,3PT Field Goal,Above the Break 3,Center(C),24+ ft.,26,62,254,1,0,20260613,SAS,NYK,42500405334,14040,0,0,1628384|1628404|1628969|1628973|1629011
Shot Chart Detail,0042500405,338,1630170,Devin Vassell,1610612752,San Antonio Spurs,2,0,0,Made Shot,Pullup Jump shot,2PT Field Goal,In The Paint (Non-RA),Left Side(L),8-16 ft.,12,-69,105,1,1,20260613,SAS,NYK,42500405338,14400,0,1,1628384|1628404|1628969|1628973|1629011
Shot Chart Detail,0042500405,353,1628368,De'Aaron Fox,1610612752,San Antonio Spurs,3,11,36,Missed Shot,Jump Shot,3PT Field Goal,Right Corner 3,Right Side(R),24+ ft.,23,232,30,1,0,20260613,SAS,NYK,42500405353,14640,0,0,1628384|1628404|1628969|1628973|1629011
Shot Chart Detail,0042500405,361,1630577,Julian Champagnie,1610612752,San Antonio Spurs,3,10,41,Made Shot,Jump Shot,3PT Field Goal,Left Corner 3,Left Side(L),24+ ft.,23,-235,11,1,1,20260613,SAS,NYK,42500405361,15190,0,1,1628384|1628404|1628969|1628973|1629011
Shot Chart Detail,0042500405,371,1641705,Victor Wembanyama,1610612752,San Antonio Spurs,3,9,42,Made Shot,Running Dunk Shot,2PT Field Goal,Restricted Area,Center(C),Less Than 8 ft.,1,7,13,1,1,20260613,SAS,NYK,42500405371,15780,0,1,1628384|1628404|1628969|1628973|1629011
Shot Chart Detail,0042500405,378,1630577,Julian Champagnie,1610612752,San Antonio Spurs,3,9,29,Made Shot,Step Back Jump shot,3PT Field Goal,Above the Break 3,Right Side Center(RC),24+ ft.,25,189,176,1,1,20260613,SAS,NYK,42500405378,15910,0,1,1628384|1628404|1628969|1628973|1629011
Shot Chart Detail,0042500405,384,1641705,Victor Wembanyama,1610612752,San Antonio Spurs,3,8,49,Made Shot,Turnaround Jump Shot,2PT Field Goal,In The Paint (Non-RA),Right Side(R),8-16 ft.,9,54,84,1,1,20260613,SAS,NYK,42500405384,16310,0,0,1628384|1628404|1628969|1628973|1629011
Shot Chart Detail,0042500405,387,1641705,Victor Wembanyama,1610612752,San Antonio Spurs,3,8,21,Missed Shot,Jump Shot,3PT Field Goal,Above the Break 3,Right Side Center(RC),24+ ft.,25,81,247,1,0,20260613,SAS,NYK,42500405387,16590,0,0,1628384|1628404|1628969|1628973|1629011
Shot Chart Detail,0042500405,398,1642844,Dylan Harper,1610612752,San Antonio Spurs,3,7,41,Made Shot,Driving Finger Roll Layup Shot,2PT Field Goal,Restricted Area,Center(C),Less Than 8 ft.,1,10,13,1,1,20260613,SAS,NYK,42500405398,16990,0,0,1628384|1628404|1628969|1628973|1630574
Shot Chart Detail,0042500405,406,1630577,Julian Champagnie,1610612752,San Antonio Spurs,3,7,1,Missed Shot,Jump Shot,3PT Field Goal,Right Corner 3,Right Side(R),24+ ft.,23,233,24,1,0,20260613,SAS,NYK,42500405406,17390,0,0,1628384|1628404|1628969|1628973|1629013
Shot Chart Detail,0042500405,410,1642844,Dylan Harper,1610612752,San Antonio Spurs,3,6,40,Missed Shot,Driving Finger Roll Layup Shot,2PT Field Goal,Restricted Area,Center(C),Less Than 8 ft.,2,16,13,1,0,20260613,SAS,NYK,42500405410,17600,0,0,1628384|1628404|1628969|1628973|1629013
Shot Chart Detail,0042500405,423,1642844,Dylan Harper,1610612752,San Antonio Spurs,3,6,17,Made Shot,Step Back Jump shot,2PT Field Goal,Mid-Range,Right Side(R),8-16 ft.,15,109,116,1,1,20260613,SAS,NYK,42500405423,17830,0,1,1628404|1628969|1628973|1629013|1630540
Shot Chart Detail,0042500405,427,1641705,Victor Wembanyama,1610612752,San Antonio Spurs,3,5,39,Made Shot,Layup Shot,2PT Field Goal,Restricted Area,Center(C),Less Than 8 ft.,0,-8,4,1,1,20260613,SAS,NYK,42500405427,18210,0,1,1628404|1628969|1628973|1629013|1630540
Shot Chart Detail,0042500405,430,1630170,Devin Vassell,1610612752,San Antonio Spurs,3,5,19,Made Shot,Jump Shot,3PT Field Goal,Above the Break 3,Right Side Center(RC),24+ ft.,25,232,110,1,1,20260613,SAS,NYK,42500405430,18410,0,1,1628404|1628969|1628973|1629013|1630540
Shot Chart Detail,0042500405,443,1642844,Dylan Harper,1610612752,San Antonio Spurs,3,4,31,Made Shot,Jump Shot,3PT Field Goal,Above the Break 3,Right Side Center(RC),24+ ft.,26,121,237,1,1,20260613,SAS,NYK,42500405443,18890,0,1,1628384|1628969|1628973|1629011|1629013
Shot Chart Detail,0042500405,475,1642844,Dylan Harper,1610612752,San Antonio Spurs,3,3,13,Missed Shot,Driving Layup Shot,2PT Field Goal,Restricted Area,Center(C),Less Than 8 ft.,2,20,9,1,0,20260613,SAS,NYK,42500405475,19670,0,0,203903|1628384|1628404|1628969|1628973
Shot Chart Detail,0042500405,477,1642844,Dylan Harper,1610612752,San Antonio Spurs,3,3,11,Made Shot,Putback Layup Shot,2PT Field Goal,Restricted Area,Center(C),Less Than 8 ft.,0,0,0,1,1,20260613,SAS,NYK,42500405477,19690,0,0,203903|1628384|1628404|1628969|1628973
Shot Chart Detail,0042500405,511,1630577,Julian Champagnie,1610612752,San Antonio Spurs,3,1,48,Missed Shot,Jump Shot,3PT Field Goal,Above the Break 3,Left Side Center(LC),24+ ft.,26,-124,232,1,0,20260613,SAS,NYK,42500405511,20520,0,0,203903|1628404|1628973|1630540|1630574
Shot Chart Detail,0042500405,530,1628368,De'Aaron Fox,1610612752,San Antonio Spurs,3,1,16,Made Shot,Driving Floating Jump Shot,2PT Field Goal,In The Paint (Non-RA),Center(C),Less Than 8 ft.,7,-7,77,1,1,20260613,SAS,NYK,42500405530,20840,0,0,203903|1628404|1628973|1629011|1630540
Shot Chart Detail,0042500405,533,1642844,Dylan Harper,1610612752,San Antonio Spurs,3,0,51,Missed Shot,Jump Shot,3PT Field Goal,Left Corner 3,Left Side(L),24+ ft.,23,-235,35,1,0,20260613,SAS,NYK,42500405533,21090,0,0,203903|1628404|1628973|1629011|1630540
Shot Chart Detail,0042500405,537,1628368,De'Aaron Fox,1610612752,San Antonio Spurs,3,0,27,Missed Shot,Jump Shot,3PT Field Goal,Right Corner 3,Right Side(R),24+ ft.,23,232,59,1,0,20260613,SAS,NYK,42500405537,21330,0,0,203903|1628404|1628973|1629011|1630540
Shot Chart Detail,0042500405,560,1629640,Keldon Johnson,1610612752,San Antonio Spurs,4,11,13,Made Shot,Jump Shot,3PT Field Goal,Left Corner 3,Left Side(L),24+ ft.,24,-232,66,1,1,20260613,SAS,NYK,42500405560,22070,0,1,203903|1626157|1628404|1628969|1630631
Shot Chart Detail,0042500405,563,1628436,Luke Kornet,1610612752,San Antonio Spurs,3,2,43,Missed Shot,Alley Oop Layup shot,2PT Field Goal,In The Paint (Non-RA),Center(C),Less Than 8 ft.,4,-27,31,1,0,20260613,SAS,NYK,42500405563,19970,0,0,203903|1628404|1628973|1630540|1630574
Shot Chart Detail,0042500405,566,1630170,Devin Vassell,1610612752,San Antonio Spurs,4,10,45,Missed Shot,Jump Shot,3PT Field Goal,Above the Break 3,Left Side Center(LC),24+ ft.,25,-178,176,1,0,20260613,SAS,NYK,42500405566,22350,0,0,203903|1626157|1628404|1628969|1630631
Shot Chart Detail,0042500405,568,1641705,Victor Wembanyama,1610612752,San Antonio Spurs,4,10,35,Made Shot,Driving Dunk Shot,2PT Field Goal,Restricted Area,Center(C),Less Than 8 ft.,1,-7,14,1,1,20260613,SAS,NYK,42500405568,22450,0,1,203903|1626157|1628404|1628969|1630631
Shot Chart Detail,0042500405,573,1641705,Victor Wembanyama,1610612752,San Antonio Spurs,4,9,46,Missed Shot,Alley Oop Layup shot,2PT Field Goal,Restricted Area,Center(C),Less Than 8 ft.,1,6,16,1,0,20260613,SAS,NYK,42500405573,22940,0,0,1626157|1628404|1628969|1629013|1630631
Shot Chart Detail,0042500405,579,1630170,Devin Vassell,1610612752,San Antonio Spurs,4,9,10,Made Shot,Jump Shot,3PT Field Goal,Above the Break 3,Left Side Center(LC),24+ ft.,26,-146,219,1,1,20260613,SAS,NYK,42500405579,23300,0,1,1626157|1628404|1628969|1629013|1630631
Shot Chart Detail,0042500405,601,1642844,Dylan Harper,1610612752,San Antonio Spurs,4,8,21,Made Shot,Driving Finger Roll Layup Shot,2PT Field Goal,Restricted Area,Center(C),Less Than 8 ft.,0,-7,6,1,1,20260613,SAS,NYK,42500405601,23790,0,1,1626157|1628384|1628969|1628973|1629013
Shot Chart Detail,0042500405,617,1641705,Victor Wembanyama,1610612752,San Antonio Spurs,4,7,24,Missed Shot,Fadeaway Jump Shot,2PT Field Goal,Mid-Range,Center(C),16-24 ft.,16,-7,161,1,0,20260613,SAS,NYK,42500405617,24360,0,0,1626157|1628384|1628404|1628969|1628973
Shot Chart Detail,0042500405,621,1642264,Stephon Castle,1610612752,San Antonio Spurs,4,6,50,Missed Shot,Pullup Jump shot,2PT Field Goal,In The Paint (Non-RA),Center(C),8-16 ft.,13,36,134,1,0,20260613,SAS,NYK,42500405621,24700,0,0,1626157|1628384|1628404|1628969|1628973
Shot Chart Detail,0042500405,641,1628368,De'Aaron Fox,1610612752,San Antonio Spurs,4,5,23,Missed Shot,Pullup Jump shot,2PT Field Goal,In The Paint (Non-RA),Left Side(L),8-16 ft.,11,-69,89,1,0,20260613,SAS,NYK,42500405641,25570,0,0,1628384|1628404|1628969|1628973|1629011
Shot Chart Detail,0042500405,650,1628368,De'Aaron Fox,1610612752,San Antonio Spurs,4,4,59,Missed Shot,Pullup Jump shot,2PT Field Goal,Mid-Range,Center(C),16-24 ft.,16,-43,155,1,0,20260613,SAS,NYK,42500405650,25810,0,0,1628384|1628404|1628969|1628973|1629011
Shot Chart Detail,0042500405,653,1642844,Dylan Harper,1610612752,San Antonio Spurs,4,4,26,Missed Shot,Pullup Jump shot,2PT Field Goal,Mid-Range,Left Side(L),8-16 ft.,15,-132,83,1,0,20260613,SAS,NYK,42500405653,26140,0,0,1628384|1628404|1628969|1628973|1629011
Shot Chart Detail,0042500405,659,1630170,Devin Vassell,1610612752,San Antonio Spurs,4,4,14,Made Shot,Pullup Jump shot,2PT Field Goal,Mid-Range,Left Side Center(LC),16-24 ft.,16,-132,104,1,1,20260613,SAS,NYK,42500405659,26260,0,1,1628384|1628404|1628969|1628973|1629011
Shot Chart Detail,0042500405,669,1628368,De'Aaron Fox,1610612752,San Antonio Spurs,4,3,24,Missed Shot,Pullup Jump shot,2PT Field Goal,Mid-Range,Center(C),16-24 ft.,17,-55,171,1,0,20260613,SAS,NYK,42500405669,26760,0,0,1628384|1628404|1628969|1628973|1629011
Shot Chart Detail,0042500405,679,1642264,Stephon Castle,1610612752,San Antonio Spurs,4,2,59,Missed Shot,Driving Layup Shot,2PT Field Goal,Restricted Area,Center(C),Less Than 8 ft.,3,-11,29,1,0,20260613,SAS,NYK,42500405679,27010,0,0,1626157|1628384|1628404|1628969|1628973
Shot Chart Detail,0042500405,683,1642844,Dylan Harper,1610612752,San Antonio Spurs,4,2,29,Missed Shot,Running Layup Shot,2PT Field Goal,In The Paint (Non-RA),Center(C),Less Than 8 ft.,6,58,16,1,0,20260613,SAS,NYK,42500405683,27310,0,0,1626157|1628384|1628404|1628969|1628973
Shot Chart Detail,0042500405,686,1642844,Dylan Harper,1610612752,San Antonio Spurs,4,2,19,Missed Shot,Driving Finger Roll Layup Shot,2PT Field Goal,Restricted Area,Center(C),Less Than 8 ft.,2,17,11,1,0,20260613,SAS,NYK,42500405686,27410,0,0,1626157|1628384|1628404|1628969|1628973
Shot Chart Detail,0042500405,704,1642844,Dylan Harper,1610612752,San Antonio Spurs,4,1,16,Made Shot,Turnaround Jump Shot,2PT Field Goal,In The Paint (Non-RA),Right Side(R),8-16 ft.,8,49,71,1,1,20260613,SAS,NYK,42500405704,28040,0,0,1628384|1628404|1628969|1628973|1629011
Shot Chart Detail,0042500405,706,1628368,De'Aaron Fox,1610612752,San Antonio Spurs,4,0,54,Missed Shot,Jump Shot,3PT Field Goal,Left Corner 3,Left Side(L),24+ ft.,23,-234,25,1,0,20260613,SAS,NYK,42500405706,28260,0,0,1628384|1628404|1628969|1628973|1629011
Shot Chart Detail,0042500405,710,1642844,Dylan Harper,1610612752,San Antonio Spurs,4,0,27,Missed Shot,Running Finger Roll Layup Shot,2PT Field Goal,Restricted Area,Center(C),Less Than 8 ft.,1,-16,11,1,0,20260613,SAS,NYK,42500405710,28530,0,0,1628384|1628404|1628969|1628973|1629011
Shot Chart Detail,0042500405,729,1641705,Victor Wembanyama,1610612752,San Antonio Spurs,4,0,17,Missed Shot,Jump Shot,3PT Field Goal,Above the Break 3,Right Side Center(RC),24+ ft.,26,178,200,1,0,20260613,SAS,NYK,42500405729,28630,0,0,1628384|1628404|1628969|1629011|1629013
Shot Chart Detail,0042500405,731,1642264,Stephon Castle,1610612752,San Antonio Spurs,4,0,16,Made Shot,Tip Dunk Shot,2PT Field Goal,Restricted Area,Center(C),Less Than 8 ft.,0,0,0,1,1,20260613,SAS,NYK,42500405731,28640,0,0,1628384|1628404|1628969|1628973|1629013
Shot Chart Detail,0042500405,769,1641705,Victor Wembanyama,1610612752,San Antonio Spurs,4,0,2,Missed Shot,Jump Shot,3PT Field Goal,Above the Break 3,Left Side Center(LC),24+ ft.,25,-186,178,1,0,20260613,SAS,NYK,42500405769,28780,0,0,1628384|1628404|1628969|1629013|1631110
