GRID_TYPE,GAME_ID,GAME_EVENT_ID,PLAYER_ID,PLAYER_NAME,TEAM_ID,TEAM_NAME,PERIOD,MINUTES_REMAINING,SECONDS_REMAINING,EVENT_TYPE,ACTION_TYPE,SHOT_TYPE,SHOT_ZONE_BASIC,SHOT_ZONE_AREA,SHOT_ZONE_RANGE,SHOT_DISTANCE,LOC_X,LOC_Y,SHOT_ATTEMPTED_FLAG,SHOT_MADE_FLAG,GAME_DATE,HTM,VTM,SHOT_ID,time,extra,assisted,PLAYERS_ON
Shot Chart Detail,0042500151,9,1630166,Deni Avdija,1610612759,Portland Trail Blazers,1,11,20,Missed Shot,Driving Finger Roll Layup Shot,2PT Field Goal,In The Paint (Non-RA),Center(C),Less Than 8 ft.,5,49,32,1,0,20260419,SAS,POR,425001519,400,0,0,1628368|1630170|1630577|1641705|1642264
Shot Chart Detail,0042500151,14,1630166,Deni Avdija,1610612759,Portland Trail Blazers,1,10,50,Made Shot,Jump Shot,3PT Field Goal,Above the Break 3,Center(C),24+ ft.,24,-54,242,1,1,20260419,SAS,POR,4250015114,700,0,1,1628368|1630170|1630577|1641705|1642264
Shot Chart Detail,0042500151,20,1642270,Donovan Clingan,1610612759,Portland Trail Blazers,1,10,30,Made Shot,Cutting Dunk Shot,2PT Field Goal,Restricted Area,Center(C),Less Than 8 ft.,0,-1,9,1,1,20260419,SAS,POR,4250015120,900,0,1,1628368|1630170|1630577|1641705|1642264
Shot Chart Detail,0042500151,30,1642270,Donovan Clingan,1610612759,Portland Trail Blazers,1,9,37,Missed Shot,Pullup Jump shot,3PT Field Goal,Above the Break 3,Center(C),24+ ft.,25,71,247,1,0,20260419,SAS,POR,4250015130,1430,0,0,1628368|1630170|1630577|1641705|1642264
Shot Chart Detail,0042500151,32,1630166,Deni Avdija,1610612759,Portland Trail Blazers,1,9,33,Missed Shot,Jump Shot,3PT Field Goal,Above the Break 3,Left Side Center(LC),24+ ft.,25,-112,226,1,0,20260419,SAS,POR,4250015132,1470,0,0,1628368|1630170|1630577|1641705|1642264
Shot Chart Detail,0042500151,34,1630166,Deni Avdija,1610612759,Portland Trail Blazers,1,9,26,Made Shot,Driving Finger Roll Layup Shot,2PT Field Goal,Restricted Area,Center(C),Less Than 8 ft.,2,27,9,1,1,20260419,SAS,POR,4250015134,1540,0,1,1628368|1630170|1630577|1641705|1642264
Shot Chart Detail,0042500151,37,1641739,Toumani Camara,1610612759,Portland Trail Blazers,1,9,4,Missed Shot,Jump Shot,3PT Field Goal,Left Corner 3,Left Side(L),24+ ft.,23,-234,-5,1,0,20260419,SAS,POR,4250015137,1760,0,0,1628368|1630170|1630577|1641705|1642264
Shot Chart Detail,0042500151,42,1630166,Deni Avdija,1610612759,Portland Trail Blazers,1,8,43,Made Shot,Pullup Jump shot,2PT Field Goal,Mid-Range,Right Side(R),8-16 ft.,13,129,47,1,1,20260419,SAS,POR,4250015142,1970,0,1,1628368|1630170|1630577|1641705|1642264
Shot Chart Detail,0042500151,46,1630703,Scoot Henderson,1610612759,Portland Trail Blazers,1,8,10,Made Shot,Running Jump Shot,3PT Field Goal,Left Corner 3,Left Side(L),24+ ft.,23,-230,51,1,1,20260419,SAS,POR,4250015146,2300,0,1,1628368|1630170|1630577|1641705|1642264
Shot Chart Detail,0042500151,52,1642270,Donovan Clingan,1610612759,Portland Trail Blazers,1,7,25,Missed Shot,Jump Shot,3PT Field Goal,Above the Break 3,Right Side Center(RC),24+ ft.,24,91,232,1,0,20260419,SAS,POR,4250015152,2750,0,0,1628368|1630170|1630577|1641705|1642264
Shot Chart Detail,0042500151,56,1630703,Scoot Henderson,1610612759,Portland Trail Blazers,1,7,6,Missed Shot,Running Pull-Up Jump Shot,3PT Field Goal,Above the Break 3,Right Side Center(RC),24+ ft.,26,88,247,1,0,20260419,SAS,POR,4250015156,2940,0,0,1628368|1630170|1630577|1641705|1642264
Shot Chart Detail,0042500151,60,201950,Jrue Holiday,1610612759,Portland Trail Blazers,1,6,39,Missed Shot,Pullup Jump shot,3PT Field Goal,Above the Break 3,Center(C),24+ ft.,25,-4,252,1,0,20260419,SAS,POR,4250015160,3210,0,0,1628368|1630170|1630577|1641705|1642264
Shot Chart Detail,0042500151,78,1629057,Robert Williams III,1610612759,Portland Trail Blazers,1,6,2,Missed Shot,Jump Shot,3PT Field Goal,Right Corner 3,Right Side(R),24+ ft.,23,234,-8,1,0,20260419,SAS,POR,4250015178,3580,0,0,1629640|1630170|1641705|1642264|1642844
Shot Chart Detail,0042500151,84,1630166,Deni Avdija,1610612759,Portland Trail Blazers,1,5,41,Missed Shot,Driving Finger Roll Layup Shot,2PT Field Goal,In The Paint (Non-RA),Center(C),Less Than 8 ft.,4,33,35,1,0,20260419,SAS,POR,4250015184,3790,0,0,1629640|1630170|1641705|1642264|1642844
Shot Chart Detail,0042500151,87,1629057,Robert Williams III,1610612759,Portland Trail Blazers,1,5,8,Made Shot,Jump Shot,3PT Field Goal,Left Corner 3,Left Side(L),24+ ft.,23,-235,4,1,1,20260419,SAS,POR,4250015187,4120,0,1,1629640|1630170|1641705|1642264|1642844
Shot Chart Detail,0042500151,115,203924,Jerami Grant,1610612759,Portland Trail Blazers,1,3,32,Missed Shot,Pullup Jump shot,2PT Field Goal,Mid-Range,Center(C),8-16 ft.,15,-36,153,1,0,20260419,SAS,POR,42500151115,5080,0,0,1628368|1628436|1629640|1630170|1642844
Shot Chart Detail,0042500151,119,1630166,Deni Avdija,1610612759,Portland Trail Blazers,1,2,59,Missed Shot,Pullup Jump shot,2PT Field Goal,In The Paint (Non-RA),Right Side(R),8-16 ft.,10,62,84,1,0,20260419,SAS,POR,42500151119,5410,0,0,1628368|1628436|1629640|1630170|1642844
Shot Chart Detail,0042500151,123,201950,Jrue Holiday,1610612759,Portland Trail Blazers,1,2,22,Missed Shot,Driving Layup Shot,2PT Field Goal,Restricted Area,Center(C),Less Than 8 ft.,2,27,10,1,0,20260419,SAS,POR,42500151123,5780,0,0,1628368|1628436|1629640|1630170|1642844
Shot Chart Detail,0042500151,127,1631101,Shaedon Sharpe,1610612759,Portland Trail Blazers,1,1,49,Made Shot,Step Back Jump shot,2PT Field Goal,Mid-Range,Left Side(L),16-24 ft.,16,-161,5,1,1,20260419,SAS,POR,42500151127,6110,0,0,1628368|1628436|1629640|1630170|1642844
Shot Chart Detail,0042500151,138,1631101,Shaedon Sharpe,1610612759,Portland Trail Blazers,1,1,17,Missed Shot,Step Back Jump shot,3PT Field Goal,Left Corner 3,Left Side(L),24+ ft.,24,-233,74,1,0,20260419,SAS,POR,42500151138,6430,0,0,203084|1628368|1629640|1641705|1642844
Shot Chart Detail,0042500151,143,1630166,Deni Avdija,1610612759,Portland Trail Blazers,1,0,49,Made Shot,Driving Finger Roll Layup Shot,2PT Field Goal,Restricted Area,Center(C),Less Than 8 ft.,3,38,3,1,1,20260419,SAS,POR,42500151143,6710,0,1,203084|1628368|1629640|1641705|1642844
Shot Chart Detail,0042500151,147,1631101,Shaedon Sharpe,1610612759,Portland Trail Blazers,1,0,16,Missed Shot,Driving Floating Jump Shot,2PT Field Goal,In The Paint (Non-RA),Center(C),Less Than 8 ft.,7,51,48,1,0,20260419,SAS,POR,42500151147,7040,0,0,203084|1628368|1629640|1641705|1642844
Shot Chart Detail,0042500151,156,1630166,Deni Avdija,1610612759,Portland Trail Blazers,1,0,4,Made Shot,Step Back Jump shot,2PT Field Goal,Mid-Range,Left Side Center(LC),16-24 ft.,22,-145,176,1,1,20260419,SAS,POR,42500151156,7160,0,0,203084|1628368|1629640|1641705|1642844
Shot Chart Detail,0042500151,166,1631101,Shaedon Sharpe,1610612759,Portland Trail Blazers,2,11,47,Made Shot,Driving Finger Roll Layup Shot,2PT Field Goal,Restricted Area,Center(C),Less Than 8 ft.,1,-16,8,1,1,20260419,SAS,POR,42500151166,7330,0,1,203084|1629640|1641705|1642264|1642844
Shot Chart Detail,0042500151,170,1641739,Toumani Camara,1610612759,Portland Trail Blazers,2,11,21,Made Shot,Jump Shot,3PT Field Goal,Above the Break 3,Right Side Center(RC),24+ ft.,25,154,201,1,1,20260419,SAS,POR,42500151170,7590,0,1,203084|1629640|1641705|1642264|1642844
Shot Chart Detail,0042500151,174,201950,Jrue Holiday,1610612759,Portland Trail Blazers,2,10,54,Missed Shot,Pullup Jump shot,2PT Field Goal,In The Paint (Non-RA),Center(C),8-16 ft.,12,16,127,1,0,20260419,SAS,POR,42500151174,7860,0,0,203084|1629640|1641705|1642264|1642844
Shot Chart Detail,0042500151,184,1631101,Shaedon Sharpe,1610612759,Portland Trail Blazers,2,10,18,Missed Shot,Pullup Jump shot,3PT Field Goal,Above the Break 3,Left Side Center(LC),24+ ft.,25,-108,236,1,0,20260419,SAS,POR,42500151184,8220,0,0,203084|1641705|1642264|1642844|1642868
Shot Chart Detail,0042500151,189,1631101,Shaedon Sharpe,1610612759,Portland Trail Blazers,2,9,54,Made Shot,Pullup Jump shot,2PT Field Goal,Mid-Range,Right Side Center(RC),16-24 ft.,16,75,143,1,1,20260419,SAS,POR,42500151189,8460,0,0,203084|1641705|1642264|1642844|1642868
Shot Chart Detail,0042500151,192,203924,Jerami Grant,1610612759,Portland Trail Blazers,2,9,26,Made Shot,Jump Shot,3PT Field Goal,Left Corner 3,Left Side(L),24+ ft.,23,-235,4,1,1,20260419,SAS,POR,42500151192,8740,0,1,203084|1641705|1642264|1642844|1642868
Shot Chart Detail,0042500151,196,201950,Jrue Holiday,1610612759,Portland Trail Blazers,2,9,5,Missed Shot,Jump Shot,3PT Field Goal,Left Corner 3,Left Side(L),24+ ft.,23,-234,10,1,0,20260419,SAS,POR,42500151196,8950,0,0,203084|1641705|1642264|1642844|1642868
Shot Chart Detail,0042500151,207,1641739,Toumani Camara,1610612759,Portland Trail Blazers,2,8,26,Missed Shot,Driving Floating Bank Jump Shot,2PT Field Goal,In The Paint (Non-RA),Center(C),Less Than 8 ft.,6,58,34,1,0,20260419,SAS,POR,42500151207,9340,0,0,203084|1628368|1630577|1641705|1642868
Shot Chart Detail,0042500151,212,1629057,Robert Williams III,1610612759,Portland Trail Blazers,2,7,49,Missed Shot,Jump Shot,3PT Field Goal,Above the Break 3,Left Side Center(LC),24+ ft.,25,-172,190,1,0,20260419,SAS,POR,42500151212,9710,0,0,203084|1628368|1630577|1641705|1642868
Shot Chart Detail,0042500151,224,1642270,Donovan Clingan,1610612759,Portland Trail Blazers,2,7,42,Missed Shot,Jump Shot,3PT Field Goal,Above the Break 3,Left Side Center(LC),24+ ft.,26,-156,215,1,0,20260419,SAS,POR,42500151224,9780,0,0,1628368|1628436|1630170|1630577|1642868
Shot Chart Detail,0042500151,227,1631101,Shaedon Sharpe,1610612759,Portland Trail Blazers,2,7,31,Missed Shot,Pullup Jump shot,3PT Field Goal,Above the Break 3,Right Side Center(RC),24+ ft.,25,189,174,1,0,20260419,SAS,POR,42500151227,9890,0,0,1628368|1628436|1630170|1630577|1642868
Shot Chart Detail,0042500151,247,1630166,Deni Avdija,1610612759,Portland Trail Blazers,2,6,39,Made Shot,Driving Layup Shot,2PT Field Goal,Restricted Area,Center(C),Less Than 8 ft.,2,22,11,1,1,20260419,SAS,POR,42500151247,10410,0,0,1628368|1628436|1630170|1630577|1642844
Shot Chart Detail,0042500151,250,1630166,Deni Avdija,1610612759,Portland Trail Blazers,2,6,10,Missed Shot,Driving Finger Roll Layup Shot,2PT Field Goal,Restricted Area,Center(C),Less Than 8 ft.,1,13,9,1,0,20260419,SAS,POR,42500151250,10700,0,0,1628368|1628436|1630170|1630577|1642844
Shot Chart Detail,0042500151,267,201950,Jrue Holiday,1610612759,Portland Trail Blazers,2,5,10,Made Shot,Driving Layup Shot,2PT Field Goal,Restricted Area,Center(C),Less Than 8 ft.,1,-10,5,1,1,20260419,SAS,POR,42500151267,11300,0,0,1628436|1630170|1630577|1642264|1642844
Shot Chart Detail,0042500151,275,1629680,Matisse Thybulle,1610612759,Portland Trail Blazers,2,4,33,Missed Shot,Jump Shot,3PT Field Goal,Left Corner 3,Left Side(L),24+ ft.,23,-232,51,1,0,20260419,SAS,POR,42500151275,11670,0,0,1628436|1630170|1630577|1642264|1642844
Shot Chart Detail,0042500151,277,1631101,Shaedon Sharpe,1610612759,Portland Trail Blazers,2,4,27,Missed Shot,Layup Shot,2PT Field Goal,Restricted Area,Center(C),Less Than 8 ft.,1,-11,-4,1,0,20260419,SAS,POR,42500151277,11730,0,0,1628436|1630170|1630577|1642264|1642844
Shot Chart Detail,0042500151,279,1629057,Robert Williams III,1610612759,Portland Trail Blazers,2,4,25,Made Shot,Tip Dunk Shot,2PT Field Goal,Restricted Area,Center(C),Less Than 8 ft.,0,0,0,1,1,20260419,SAS,POR,42500151279,11750,0,0,1628436|1630170|1630577|1642264|1642844
Shot Chart Detail,0042500151,291,1629057,Robert Williams III,1610612759,Portland Trail Blazers,2,3,33,Made Shot,Alley Oop Dunk Shot,2PT Field Goal,Restricted Area,Center(C),Less Than 8 ft.,0,2,4,1,1,20260419,SAS,POR,42500151291,12270,0,1,1628436|1629640|1630170|1630577|1642264
Shot Chart Detail,0042500151,306,1630166,Deni Avdija,1610612759,Portland Trail Blazers,2,2,28,Made Shot,Driving Floating Jump Shot,2PT Field Goal,In The Paint (Non-RA),Center(C),Less Than 8 ft.,7,-4,73,1,1,20260419,SAS,POR,42500151306,12920,0,1,1628368|1629640|1630170|1641705|1642264
Shot Chart Detail,0042500151,313,1631101,Shaedon Sharpe,1610612759,Portland Trail Blazers,2,1,56,Missed Shot,Pullup Jump shot,2PT Field Goal,Mid-Range,Center(C),8-16 ft.,14,-12,141,1,0,20260419,SAS,POR,42500151313,13240,0,0,1628368|1629640|1630170|1641705|1642264
Shot Chart Detail,0042500151,319,201950,Jrue Holiday,1610612759,Portland Trail Blazers,2,1,30,Missed Shot,Driving Hook Shot,2PT Field Goal,In The Paint (Non-RA),Center(C),Less Than 8 ft.,4,-43,3,1,0,20260419,SAS,POR,42500151319,13500,0,0,1628368|1629640|1630170|1641705|1642264
Shot Chart Detail,0042500151,321,1629057,Robert Williams III,1610612759,Portland Trail Blazers,2,1,28,Made Shot,Tip Dunk Shot,2PT Field Goal,Restricted Area,Center(C),Less Than 8 ft.,0,0,0,1,1,20260419,SAS,POR,42500151321,13520,0,0,1628368|1629640|1630170|1641705|1642264
Shot Chart Detail,0042500151,334,1641739,Toumani Camara,1610612759,Portland Trail Blazers,2,0,46,Missed Shot,Pullup Jump shot,2PT Field Goal,Mid-Range,Left Side(L),8-16 ft.,15,-135,84,1,0,20260419,SAS,POR,42500151334,13940,0,0,1628368|1629640|1630170|1630577|1641705
Shot Chart Detail,0042500151,342,1630166,Deni Avdija,1610612759,Portland Trail Blazers,2,0,1,Missed Shot,Step Back Jump shot,3PT Field Goal,Above the Break 3,Right Side Center(RC),24+ ft.,24,92,231,1,0,20260419,SAS,POR,42500151342,14390,0,0,1628368|1629640|1630170|1630577|1641705
Shot Chart Detail,0042500151,352,201950,Jrue Holiday,1610612759,Portland Trail Blazers,3,11,46,Missed Shot,Driving Finger Roll Layup Shot,2PT Field Goal,Restricted Area,Center(C),Less Than 8 ft.,2,-13,21,1,0,20260419,SAS,POR,42500151352,14540,0,0,1628368|1630170|1630577|1641705|1642264
Shot Chart Detail,0042500151,359,1630703,Scoot Henderson,1610612759,Portland Trail Blazers,3,11,26,Missed Shot,Running Pull-Up Jump Shot,2PT Field Goal,Mid-Range,Right Side Center(RC),16-24 ft.,22,137,181,1,0,20260419,SAS,POR,42500151359,14740,0,0,1628368|1630170|1630577|1641705|1642264
Shot Chart Detail,0042500151,363,201950,Jrue Holiday,1610612759,Portland Trail Blazers,3,10,59,Made Shot,Jump Shot,3PT Field Goal,Left Corner 3,Left Side(L),24+ ft.,23,-235,23,1,1,20260419,SAS,POR,42500151363,15010,0,1,1628368|1630170|1630577|1641705|1642264
Shot Chart Detail,0042500151,367,1630703,Scoot Henderson,1610612759,Portland Trail Blazers,3,10,28,Made Shot,Step Back Jump shot,3PT Field Goal,Left Corner 3,Left Side(L),24+ ft.,23,-235,37,1,1,20260419,SAS,POR,42500151367,15320,0,1,1628368|1630170|1630577|1641705|1642264
Shot Chart Detail,0042500151,374,1630703,Scoot Henderson,1610612759,Portland Trail Blazers,3,9,42,Made Shot,Running Layup Shot,2PT Field Goal,Restricted Area,Center(C),Less Than 8 ft.,1,2,11,1,1,20260419,SAS,POR,42500151374,15780,0,0,1628368|1630170|1630577|1641705|1642264
Shot Chart Detail,0042500151,379,1630703,Scoot Henderson,1610612759,Portland Trail Blazers,3,9,7,Made Shot,Pullup Jump shot,2PT Field Goal,Mid-Range,Right Side(R),8-16 ft.,14,132,57,1,1,20260419,SAS,POR,42500151379,16130,0,1,1628368|1630170|1630577|1641705|1642264
Shot Chart Detail,0042500151,388,1641739,Toumani Camara,1610612759,Portland Trail Blazers,3,7,55,Missed Shot,Jump Shot,3PT Field Goal,Left Corner 3,Left Side(L),24+ ft.,23,-233,15,1,0,20260419,SAS,POR,42500151388,16850,0,0,1628368|1630170|1630577|1641705|1642264
Shot Chart Detail,0042500151,406,1642270,Donovan Clingan,1610612759,Portland Trail Blazers,3,6,23,Missed Shot,Cutting Layup Shot,2PT Field Goal,In The Paint (Non-RA),Center(C),Less Than 8 ft.,5,45,22,1,0,20260419,SAS,POR,42500151406,17770,0,0,1628368|1628436|1630170|1630577|1642264
Shot Chart Detail,0042500151,409,1642270,Donovan Clingan,1610612759,Portland Trail Blazers,3,6,21,Missed Shot,Floating Jump shot,2PT Field Goal,Restricted Area,Center(C),Less Than 8 ft.,3,12,34,1,0,20260419,SAS,POR,42500151409,17790,0,0,1628368|1628436|1630170|1630577|1642264
Shot Chart Detail,0042500151,420,201950,Jrue Holiday,1610612759,Portland Trail Blazers,3,6,4,Missed Shot,Running Layup Shot,2PT Field Goal,Restricted Area,Center(C),Less Than 8 ft.,2,-12,23,1,0,20260419,SAS,POR,42500151420,17960,0,0,1628436|1630170|1630577|1642264|1642844
Shot Chart Detail,0042500151,429,203924,Jerami Grant,1610612759,Portland Trail Blazers,3,5,39,Missed Shot,Jump Shot,3PT Field Goal,Right Corner 3,Right Side(R),24+ ft.,22,229,18,1,0,20260419,SAS,POR,42500151429,18210,0,0,1628436|1630170|1630577|1642264|1642844
Shot Chart Detail,0042500151,433,1641739,Toumani Camara,1610612759,Portland Trail Blazers,3,5,16,Missed Shot,Running Pull-Up Jump Shot,3PT Field Goal,Above the Break 3,Right Side Center(RC),24+ ft.,26,179,197,1,0,20260419,SAS,POR,42500151433,18440,0,0,1628436|1630170|1630577|1642264|1642844
Shot Chart Detail,0042500151,446,1630166,Deni Avdija,1610612759,Portland Trail Blazers,3,4,55,Made Shot,Pullup Jump shot,2PT Field Goal,Mid-Range,Right Side(R),8-16 ft.,9,86,50,1,1,20260419,SAS,POR,42500151446,18650,0,1,1628436|1629640|1630170|1642264|1642844
Shot Chart Detail,0042500151,451,1631101,Shaedon Sharpe,1610612759,Portland Trail Blazers,3,4,12,Missed Shot,Step Back Jump shot,3PT Field Goal,Above the Break 3,Center(C),24+ ft.,26,10,260,1,0,20260419,SAS,POR,42500151451,19080,0,0,1628436|1629640|1630170|1642264|1642844
Shot Chart Detail,0042500151,456,1630166,Deni Avdija,1610612759,Portland Trail Blazers,3,3,41,Made Shot,Pullup Jump shot,3PT Field Goal,Above the Break 3,Left Side Center(LC),24+ ft.,25,-145,215,1,1,20260419,SAS,POR,42500151456,19390,0,0,1628436|1629640|1630170|1642264|1642844
Shot Chart Detail,0042500151,472,1630703,Scoot Henderson,1610612759,Portland Trail Blazers,3,2,46,Made Shot,Pullup Jump shot,2PT Field Goal,In The Paint (Non-RA),Center(C),8-16 ft.,14,-67,131,1,1,20260419,SAS,POR,42500151472,19940,0,1,1628436|1629640|1630577|1642264|1642844
Shot Chart Detail,0042500151,476,201950,Jrue Holiday,1610612759,Portland Trail Blazers,3,2,14,Missed Shot,Step Back Jump shot,3PT Field Goal,Left Corner 3,Left Side(L),24+ ft.,24,-241,-6,1,0,20260419,SAS,POR,42500151476,20260,0,0,1628436|1629640|1630577|1642264|1642844
Shot Chart Detail,0042500151,484,1629057,Robert Williams III,1610612759,Portland Trail Blazers,3,1,52,Made Shot,Alley Oop Dunk Shot,2PT Field Goal,Restricted Area,Center(C),Less Than 8 ft.,1,7,10,1,1,20260419,SAS,POR,42500151484,20480,0,1,1628368|1628436|1629640|1630577|1642264
Shot Chart Detail,0042500151,501,203924,Jerami Grant,1610612759,Portland Trail Blazers,3,1,3,Missed Shot,Running Jump Shot,3PT Field Goal,Above the Break 3,Center(C),24+ ft.,26,49,256,1,0,20260419,SAS,POR,42500151501,20970,0,0,1628368|1629640|1630577|1641705|1642844
Shot Chart Detail,0042500151,505,201950,Jrue Holiday,1610612759,Portland Trail Blazers,3,0,32,Missed Shot,Step Back Jump shot,3PT Field Goal,Above the Break 3,Left Side Center(LC),24+ ft.,26,-154,220,1,0,20260419,SAS,POR,42500151505,21280,0,0,1628368|1629640|1630577|1641705|1642844
Shot Chart Detail,0042500151,510,203924,Jerami Grant,1610612759,Portland Trail Blazers,3,0,4,Made Shot,Running Dunk Shot,2PT Field Goal,Restricted Area,Center(C),Less Than 8 ft.,0,0,8,1,1,20260419,SAS,POR,42500151510,21560,0,1,1628368|1629640|1630577|1641705|1642844
Shot Chart Detail,0042500151,528,1630166,Deni Avdija,1610612759,Portland Trail Blazers,4,11,27,Missed Shot,Jump Shot,3PT Field Goal,Above the Break 3,Right Side Center(RC),24+ ft.,26,123,231,1,0,20260419,SAS,POR,42500151528,21930,0,0,203084|1628368|1630577|1641705|1642844
Shot Chart Detail,0042500151,533,203924,Jerami Grant,1610612759,Portland Trail Blazers,4,10,53,Missed Shot,Driving Layup Shot,2PT Field Goal,Restricted Area,Center(C),Less Than 8 ft.,1,9,16,1,0,20260419,SAS,POR,42500151533,22270,0,0,203084|1628368|1630577|1641705|1642844
Shot Chart Detail,0042500151,543,1641739,Toumani Camara,1610612759,Portland Trail Blazers,4,10,32,Made Shot,Jump Shot,3PT Field Goal,Left Corner 3,Left Side(L),24+ ft.,24,-238,33,1,1,20260419,SAS,POR,42500151543,22480,0,1,203084|1628368|1630577|1641705|1642844
Shot Chart Detail,0042500151,550,201950,Jrue Holiday,1610612759,Portland Trail Blazers,4,9,51,Made Shot,Driving Layup Shot,2PT Field Goal,Restricted Area,Center(C),Less Than 8 ft.,2,-22,13,1,1,20260419,SAS,POR,42500151550,22890,0,1,203084|1628368|1630577|1641705|1642844
Shot Chart Detail,0042500151,553,1642270,Donovan Clingan,1610612759,Portland Trail Blazers,4,9,26,Made Shot,Cutting Dunk Shot,2PT Field Goal,Restricted Area,Center(C),Less Than 8 ft.,1,7,11,1,1,20260419,SAS,POR,42500151553,23140,0,1,203084|1628368|1630577|1641705|1642844
Shot Chart Detail,0042500151,556,1631101,Shaedon Sharpe,1610612759,Portland Trail Blazers,4,8,47,Made Shot,Pullup Jump shot,2PT Field Goal,Mid-Range,Left Side Center(LC),16-24 ft.,19,-62,186,1,1,20260419,SAS,POR,42500151556,23530,0,1,203084|1628368|1630577|1641705|1642844
Shot Chart Detail,0042500151,568,201950,Jrue Holiday,1610612759,Portland Trail Blazers,4,8,11,Made Shot,Driving Floating Jump Shot,2PT Field Goal,Restricted Area,Center(C),Less Than 8 ft.,1,-10,16,1,1,20260419,SAS,POR,42500151568,23890,0,0,203084|1628436|1630577|1642264|1642844
Shot Chart Detail,0042500151,571,201950,Jrue Holiday,1610612759,Portland Trail Blazers,4,7,31,Missed Shot,Pullup Jump shot,3PT Field Goal,Above the Break 3,Left Side Center(LC),24+ ft.,26,-185,184,1,0,20260419,SAS,POR,42500151571,24290,0,0,203084|1628436|1630577|1642264|1642844
Shot Chart Detail,0042500151,575,1631101,Shaedon Sharpe,1610612759,Portland Trail Blazers,4,7,5,Missed Shot,Running Pull-Up Jump Shot,2PT Field Goal,In The Paint (Non-RA),Center(C),Less Than 8 ft.,5,-50,1,1,0,20260419,SAS,POR,42500151575,24550,0,0,203084|1628436|1630577|1642264|1642844
Shot Chart Detail,0042500151,589,1630703,Scoot Henderson,1610612759,Portland Trail Blazers,4,6,38,Made Shot,Pullup Jump shot,2PT Field Goal,Mid-Range,Right Side Center(RC),16-24 ft.,16,129,100,1,1,20260419,SAS,POR,42500151589,24820,0,1,203084|1628436|1629640|1630170|1642264
Shot Chart Detail,0042500151,599,1630166,Deni Avdija,1610612759,Portland Trail Blazers,4,6,2,Missed Shot,Driving Finger Roll Layup Shot,2PT Field Goal,Restricted Area,Center(C),Less Than 8 ft.,2,21,15,1,0,20260419,SAS,POR,42500151599,25180,0,0,1628368|1629640|1630170|1641705|1642264
Shot Chart Detail,0042500151,601,1629680,Matisse Thybulle,1610612759,Portland Trail Blazers,4,5,58,Made Shot,Jump Shot,3PT Field Goal,Above the Break 3,Left Side Center(LC),24+ ft.,26,-200,179,1,1,20260419,SAS,POR,42500151601,25220,0,1,1628368|1629640|1630170|1641705|1642264
Shot Chart Detail,0042500151,609,1630703,Scoot Henderson,1610612759,Portland Trail Blazers,4,5,8,Made Shot,Pullup Jump shot,2PT Field Goal,In The Paint (Non-RA),Center(C),8-16 ft.,12,-28,123,1,1,20260419,SAS,POR,42500151609,25720,0,1,1628368|1629640|1630170|1641705|1642264
Shot Chart Detail,0042500151,613,1631101,Shaedon Sharpe,1610612759,Portland Trail Blazers,4,4,41,Missed Shot,Running Layup Shot,2PT Field Goal,Restricted Area,Center(C),Less Than 8 ft.,1,16,10,1,0,20260419,SAS,POR,42500151613,25990,0,0,1628368|1629640|1630170|1641705|1642264
Shot Chart Detail,0042500151,617,1630166,Deni Avdija,1610612759,Portland Trail Blazers,4,4,27,Made Shot,Running Dunk Shot,2PT Field Goal,Restricted Area,Center(C),Less Than 8 ft.,1,-12,12,1,1,20260419,SAS,POR,42500151617,26130,0,1,1628368|1629640|1630170|1641705|1642264
Shot Chart Detail,0042500151,624,1630703,Scoot Henderson,1610612759,Portland Trail Blazers,4,3,55,Missed Shot,Driving Floating Jump Shot,2PT Field Goal,In The Paint (Non-RA),Center(C),8-16 ft.,10,53,92,1,0,20260419,SAS,POR,42500151624,26450,0,0,1628368|1629640|1630170|1641705|1642264
Shot Chart Detail,0042500151,635,1630166,Deni Avdija,1610612759,Portland Trail Blazers,4,3,26,Missed Shot,Pullup Jump shot,2PT Field Goal,In The Paint (Non-RA),Center(C),8-16 ft.,11,-31,113,1,0,20260419,SAS,POR,42500151635,26740,0,0,1628368|1630170|1630577|1641705|1642264
Shot Chart Detail,0042500151,641,1629680,Matisse Thybulle,1610612759,Portland Trail Blazers,4,3,16,Missed Shot,Step Back Jump shot,3PT Field Goal,Above the Break 3,Left Side Center(LC),24+ ft.,26,-188,181,1,0,20260419,SAS,POR,42500151641,26840,0,0,1628368|1630170|1630577|1641705|1642264
Shot Chart Detail,0042500151,650,1630166,Deni Avdija,1610612759,Portland Trail Blazers,4,2,34,Made Shot,Fadeaway Jump Shot,2PT Field Goal,In The Paint (Non-RA),Center(C),8-16 ft.,10,13,107,1,1,20260419,SAS,POR,42500151650,27260,0,0,1628368|1630170|1630577|1641705|1642264
Shot Chart Detail,0042500151,661,201950,Jrue Holiday,1610612759,Portland Trail Blazers,4,1,40,Missed Shot,Jump Shot,3PT Field Goal,Above the Break 3,Left Side Center(LC),24+ ft.,25,-113,230,1,0,20260419,SAS,POR,42500151661,27800,0,0,1628368|1630170|1630577|1641705|1642264
Shot Chart Detail,0042500151,664,1630703,Scoot Henderson,1610612759,Portland Trail Blazers,4,1,23,Missed Shot,Jump Shot,3PT Field Goal,Above the Break 3,Right Side Center(RC),24+ ft.,26,216,147,1,0,20260419,SAS,POR,42500151664,27970,0,0,1628368|1630170|1630577|1641705|1642264
Shot Chart Detail,0042500151,668,1630166,Deni Avdija,1610612759,Portland Trail Blazers,4,0,57,Made Shot,Turnaround Jump Shot,2PT Field Goal,In The Paint (Non-RA),Center(C),8-16 ft.,11,-55,97,1,1,20260419,SAS,POR,42500151668,28230,0,1,1628368|1630170|1630577|1641705|1642264
Shot Chart Detail,0042500151,693,1631321,Sidy Cissoko,1610612759,Portland Trail Blazers,4,0,38,Missed Shot,Jump Shot,3PT Field Goal,Above the Break 3,Right Side Center(RC),24+ ft.,25,146,215,1,0,20260419,SAS,POR,42500151693,28420,0,0,202687|203482|1630170|1630322|1642868
Shot Chart Detail,0042500152,14,1630703,Scoot Henderson,1610612759,Portland Trail Blazers,1,11,15,Made Shot,Running Pull-Up Jump Shot,2PT Field Goal,Mid-Range,Left Side(L),8-16 ft.,15,-124,95,1,1,20260421,SAS,POR,4250015214,450,0,1,1628368|1630170|1630577|1641705|1642264
Shot Chart Detail,0042500152,19,1641739,Toumani Camara,1610612759,Portland Trail Blazers,1,10,43,Missed Shot,Jump Shot,3PT Field Goal,Above the Break 3,Left Side Center(LC),24+ ft.,24,-213,126,1,0,20260421,SAS,POR,4250015219,770,0,0,1628368|1630170|1630577|1641705|1642264
Shot Chart Detail,0042500152,26,1630166,Deni Avdija,1610612759,Portland Trail Blazers,1,9,54,Made Shot,Driving Layup Shot,2PT Field Goal,Restricted Area,Center(C),Less Than 8 ft.,0,-1,9,1,1,20260421,SAS,POR,4250015226,1260,0,0,1628368|1630170|1630577|1641705|1642264
Shot Chart Detail,0042500152,30,1630166,Deni Avdija,1610612759,Portland Trail Blazers,1,9,28,Made Shot,Jump Shot,3PT Field Goal,Above the Break 3,Right Side Center(RC),24+ ft.,25,99,239,1,1,20260421,SAS,POR,4250015230,1520,0,1,1628368|1630170|1630577|1641705|1642264
Shot Chart Detail,0042500152,36,201950,Jrue Holiday,1610612759,Portland Trail Blazers,1,8,59,Missed Shot,Jump Shot,3PT Field Goal,Right Corner 3,Right Side(R),24+ ft.,23,230,9,1,0,20260421,SAS,POR,4250015236,1810,0,0,1628368|1630170|1630577|1641705|1642264
Shot Chart Detail,0042500152,40,1642270,Donovan Clingan,1610612759,Portland Trail Blazers,1,8,51,Made Shot,Jump Shot,3PT Field Goal,Above the Break 3,Center(C),24+ ft.,25,11,255,1,1,20260421,SAS,POR,4250015240,1890,0,1,1628368|1630170|1630577|1641705|1642264
Shot Chart Detail,0042500152,43,1630703,Scoot Henderson,1610612759,Portland Trail Blazers,1,8,33,Made Shot,Step Back Jump shot,3PT Field Goal,Above the Break 3,Left Side Center(LC),24+ ft.,24,-196,147,1,1,20260421,SAS,POR,4250015243,2070,0,0,1628368|1630170|1630577|1641705|1642264
Shot Chart Detail,0042500152,60,1642270,Donovan Clingan,1610612759,Portland Trail Blazers,1,7,22,Missed Shot,Jump Shot,3PT Field Goal,Right Corner 3,Right Side(R),24+ ft.,23,228,69,1,0,20260421,SAS,POR,4250015260,2780,0,0,1628368|1630170|1630577|1641705|1642264
Shot Chart Detail,0042500152,77,1630166,Deni Avdija,1610612759,Portland Trail Blazers,1,6,18,Missed Shot,Driving Reverse Layup Shot,2PT Field Goal,Restricted Area,Center(C),Less Than 8 ft.,1,6,9,1,0,20260421,SAS,POR,4250015277,3420,0,0,1629640|1630170|1641705|1642264|1642844
Shot Chart Detail,0042500152,79,1642270,Donovan Clingan,1610612759,Portland Trail Blazers,1,6,18,Made Shot,Tip Layup Shot,2PT Field Goal,Restricted Area,Center(C),Less Than 8 ft.,0,0,0,1,1,20260421,SAS,POR,4250015279,3420,0,0,1629640|1630170|1641705|1642264|1642844
Shot Chart Detail,0042500152,87,1630166,Deni Avdija,1610612759,Portland Trail Blazers,1,5,45,Missed Shot,Pullup Jump shot,2PT Field Goal,In The Paint (Non-RA),Center(C),8-16 ft.,8,2,88,1,0,20260421,SAS,POR,4250015287,3750,0,0,1628436|1629640|1630170|1642264|1642844
Shot Chart Detail,0042500152,89,1630166,Deni Avdija,1610612759,Portland Trail Blazers,1,5,39,Missed Shot,Driving Floating Jump Shot,2PT Field Goal,In The Paint (Non-RA),Center(C),Less Than 8 ft.,5,-1,50,1,0,20260421,SAS,POR,4250015289,3810,0,0,1628436|1629640|1630170|1642264|1642844
Shot Chart Detail,0042500152,91,1642270,Donovan Clingan,1610612759,Portland Trail Blazers,1,5,33,Missed Shot,Putback Layup Shot,2PT Field Goal,Restricted Area,Center(C),Less Than 8 ft.,0,0,0,1,0,20260421,SAS,POR,4250015291,3870,0,0,1628436|1629640|1630170|1642264|1642844
Shot Chart Detail,0042500152,93,1630703,Scoot Henderson,1610612759,Portland Trail Blazers,1,5,27,Made Shot,Pullup Jump shot,3PT Field Goal,Above the Break 3,Left Side Center(LC),24+ ft.,24,-136,201,1,1,20260421,SAS,POR,4250015293,3930,0,0,1628436|1629640|1630170|1642264|1642844
Shot Chart Detail,0042500152,96,1642270,Donovan Clingan,1610612759,Portland Trail Blazers,1,5,2,Missed Shot,Jump Shot,3PT Field Goal,Above the Break 3,Right Side Center(RC),24+ ft.,27,189,193,1,0,20260421,SAS,POR,4250015296,4180,0,0,1628436|1629640|1630170|1642264|1642844
Shot Chart Detail,0042500152,100,1630166,Deni Avdija,1610612759,Portland Trail Blazers,1,4,36,Missed Shot,Driving Floating Jump Shot,2PT Field Goal,In The Paint (Non-RA),Right Side(R),8-16 ft.,8,43,73,1,0,20260421,SAS,POR,42500152100,4440,0,0,1628436|1629640|1630170|1642264|1642844
Shot Chart Detail,0042500152,115,1630703,Scoot Henderson,1610612759,Portland Trail Blazers,1,3,40,Made Shot,Pullup Jump shot,3PT Field Goal,Above the Break 3,Right Side Center(RC),24+ ft.,25,143,215,1,1,20260421,SAS,POR,42500152115,5000,0,0,1628436|1629640|1630170|1642264|1642844
Shot Chart Detail,0042500152,119,203924,Jerami Grant,1610612759,Portland Trail Blazers,1,2,57,Missed Shot,Driving Hook Shot,2PT Field Goal,In The Paint (Non-RA),Center(C),Less Than 8 ft.,5,0,51,1,0,20260421,SAS,POR,42500152119,5430,0,0,1628436|1629640|1630170|1642264|1642844
Shot Chart Detail,0042500152,131,203924,Jerami Grant,1610612759,Portland Trail Blazers,1,2,23,Missed Shot,Driving Layup Shot,2PT Field Goal,Restricted Area,Center(C),Less Than 8 ft.,2,5,21,1,0,20260421,SAS,POR,42500152131,5770,0,0,203084|1629640|1641705|1642264|1642844
Shot Chart Detail,0042500152,141,1630703,Scoot Henderson,1610612759,Portland Trail Blazers,1,1,49,Missed Shot,Pullup Jump shot,2PT Field Goal,In The Paint (Non-RA),Center(C),8-16 ft.,13,-2,134,1,0,20260421,SAS,POR,42500152141,6110,0,0,203084|1629640|1641705|1642264|1642844
Shot Chart Detail,0042500152,153,201950,Jrue Holiday,1610612759,Portland Trail Blazers,1,1,24,Missed Shot,Pullup Jump shot,2PT Field Goal,In The Paint (Non-RA),Left Side(L),8-16 ft.,11,-65,99,1,0,20260421,SAS,POR,42500152153,6360,0,0,203084|1628368|1629640|1641705|1642844
Shot Chart Detail,0042500152,159,1629057,Robert Williams III,1610612759,Portland Trail Blazers,1,0,51,Made Shot,Alley Oop Dunk Shot,2PT Field Goal,Restricted Area,Center(C),Less Than 8 ft.,1,9,17,1,1,20260421,SAS,POR,42500152159,6690,0,1,203084|1628368|1629640|1641705|1642844
Shot Chart Detail,0042500152,198,1631101,Shaedon Sharpe,1610612759,Portland Trail Blazers,2,11,46,Made Shot,Driving Layup Shot,2PT Field Goal,In The Paint (Non-RA),Left Side(L),8-16 ft.,8,-80,25,1,1,20260421,SAS,POR,42500152198,7340,0,1,203084|1628368|1641705|1642844|1642868
Shot Chart Detail,0042500152,202,1631101,Shaedon Sharpe,1610612759,Portland Trail Blazers,2,11,14,Missed Shot,Step Back Jump shot,3PT Field Goal,Above the Break 3,Left Side Center(LC),24+ ft.,25,-185,180,1,0,20260421,SAS,POR,42500152202,7660,0,0,203084|1628368|1641705|1642844|1642868
Shot Chart Detail,0042500152,208,201950,Jrue Holiday,1610612759,Portland Trail Blazers,2,10,30,Made Shot,Step Back Jump shot,2PT Field Goal,Mid-Range,Left Side(L),8-16 ft.,15,-130,82,1,1,20260421,SAS,POR,42500152208,8100,0,0,203084|1628368|1641705|1642844|1642868
Shot Chart Detail,0042500152,210,203924,Jerami Grant,1610612759,Portland Trail Blazers,2,9,58,Missed Shot,Pullup Jump shot,2PT Field Goal,Mid-Range,Center(C),16-24 ft.,17,-9,171,1,0,20260421,SAS,POR,42500152210,8420,0,0,203084|1628368|1641705|1642844|1642868
Shot Chart Detail,0042500152,214,201950,Jrue Holiday,1610612759,Portland Trail Blazers,2,9,24,Missed Shot,Turnaround Jump Shot,2PT Field Goal,In The Paint (Non-RA),Center(C),8-16 ft.,8,-25,77,1,0,20260421,SAS,POR,42500152214,8760,0,0,203084|1628368|1641705|1642844|1642868
Shot Chart Detail,0042500152,219,1631101,Shaedon Sharpe,1610612759,Portland Trail Blazers,2,9,9,Made Shot,Running Jump Shot,3PT Field Goal,Above the Break 3,Left Side Center(LC),24+ ft.,24,-200,145,1,1,20260421,SAS,POR,42500152219,8910,0,1,203084|1628368|1641705|1642844|1642868
Shot Chart Detail,0042500152,230,203924,Jerami Grant,1610612759,Portland Trail Blazers,2,8,32,Missed Shot,Driving Reverse Layup Shot,2PT Field Goal,Restricted Area,Center(C),Less Than 8 ft.,0,0,5,1,0,20260421,SAS,POR,42500152230,9280,0,0,203084|1628368|1628436|1642264|1642868
Shot Chart Detail,0042500152,232,201950,Jrue Holiday,1610612759,Portland Trail Blazers,2,8,27,Missed Shot,Step Back Jump shot,3PT Field Goal,Above the Break 3,Left Side Center(LC),24+ ft.,25,-109,227,1,0,20260421,SAS,POR,42500152232,9330,0,0,203084|1628368|1628436|1642264|1642868
Shot Chart Detail,0042500152,234,1629057,Robert Williams III,1610612759,Portland Trail Blazers,2,8,19,Made Shot,Jump Shot,3PT Field Goal,Left Corner 3,Left Side(L),24+ ft.,23,-232,-17,1,1,20260421,SAS,POR,42500152234,9410,0,1,203084|1628368|1628436|1642264|1642868
Shot Chart Detail,0042500152,246,1631101,Shaedon Sharpe,1610612759,Portland Trail Blazers,2,7,22,Made Shot,Pullup Jump shot,2PT Field Goal,Mid-Range,Center(C),16-24 ft.,16,-48,155,1,1,20260421,SAS,POR,42500152246,9980,0,1,1628368|1628436|1629640|1630577|1642264
Shot Chart Detail,0042500152,250,203924,Jerami Grant,1610612759,Portland Trail Blazers,2,6,59,Missed Shot,Driving Layup Shot,2PT Field Goal,Restricted Area,Center(C),Less Than 8 ft.,1,6,11,1,0,20260421,SAS,POR,42500152250,10210,0,0,1628368|1628436|1629640|1630577|1642264
Shot Chart Detail,0042500152,270,1631200,Kris Murray,1610612759,Portland Trail Blazers,2,6,23,Missed Shot,Jump Shot,3PT Field Goal,Above the Break 3,Right Side Center(RC),24+ ft.,25,195,158,1,0,20260421,SAS,POR,42500152270,10570,0,0,1628436|1629640|1630170|1630577|1642264
Shot Chart Detail,0042500152,284,1642270,Donovan Clingan,1610612759,Portland Trail Blazers,2,5,52,Missed Shot,Jump Shot,3PT Field Goal,Above the Break 3,Left Side Center(LC),24+ ft.,24,-159,190,1,0,20260421,SAS,POR,42500152284,10880,0,0,1628436|1629640|1630170|1630577|1642264
Shot Chart Detail,0042500152,287,1631101,Shaedon Sharpe,1610612759,Portland Trail Blazers,2,5,37,Missed Shot,Pullup Jump shot,3PT Field Goal,Left Corner 3,Left Side(L),24+ ft.,23,-228,57,1,0,20260421,SAS,POR,42500152287,11030,0,0,1628436|1629640|1630170|1630577|1642264
Shot Chart Detail,0042500152,294,1630166,Deni Avdija,1610612759,Portland Trail Blazers,2,5,17,Made Shot,Pullup Jump shot,2PT Field Goal,In The Paint (Non-RA),Center(C),Less Than 8 ft.,6,29,57,1,1,20260421,SAS,POR,42500152294,11230,0,0,1628436|1630170|1630577|1642264|1642844
Shot Chart Detail,0042500152,308,1630166,Deni Avdija,1610612759,Portland Trail Blazers,2,4,24,Missed Shot,Pullup Jump shot,2PT Field Goal,In The Paint (Non-RA),Center(C),Less Than 8 ft.,7,66,45,1,0,20260421,SAS,POR,42500152308,11760,0,0,1628436|1630170|1630577|1642264|1642844
Shot Chart Detail,0042500152,315,1630703,Scoot Henderson,1610612759,Portland Trail Blazers,2,3,41,Made Shot,Turnaround Jump Shot,2PT Field Goal,In The Paint (Non-RA),Center(C),Less Than 8 ft.,7,11,72,1,1,20260421,SAS,POR,42500152315,12190,0,0,1628436|1630170|1630577|1642264|1642844
Shot Chart Detail,0042500152,318,201950,Jrue Holiday,1610612759,Portland Trail Blazers,2,3,14,Made Shot,Driving Hook Shot,2PT Field Goal,Restricted Area,Center(C),Less Than 8 ft.,3,2,32,1,1,20260421,SAS,POR,42500152318,12460,0,0,1628436|1630170|1630577|1642264|1642844
Shot Chart Detail,0042500152,322,1630703,Scoot Henderson,1610612759,Portland Trail Blazers,2,2,53,Made Shot,Running Layup Shot,2PT Field Goal,Restricted Area,Center(C),Less Than 8 ft.,0,2,6,1,1,20260421,SAS,POR,42500152322,12670,0,1,1628436|1630170|1630577|1642264|1642844
Shot Chart Detail,0042500152,325,1641739,Toumani Camara,1610612759,Portland Trail Blazers,2,2,24,Missed Shot,Jump Shot,3PT Field Goal,Above the Break 3,Right Side Center(RC),24+ ft.,24,174,178,1,0,20260421,SAS,POR,42500152325,12960,0,0,1628436|1630170|1630577|1642264|1642844
Shot Chart Detail,0042500152,329,1642270,Donovan Clingan,1610612759,Portland Trail Blazers,2,1,52,Made Shot,Driving Layup Shot,2PT Field Goal,In The Paint (Non-RA),Center(C),Less Than 8 ft.,4,48,3,1,1,20260421,SAS,POR,42500152329,13280,0,0,1628436|1630170|1630577|1642264|1642844
Shot Chart Detail,0042500152,340,1630703,Scoot Henderson,1610612759,Portland Trail Blazers,2,1,19,Missed Shot,Pullup Jump shot,2PT Field Goal,In The Paint (Non-RA),Left Side(L),8-16 ft.,10,-70,84,1,0,20260421,SAS,POR,42500152340,13610,0,0,1628368|1629640|1630170|1630577|1642868
Shot Chart Detail,0042500152,342,1642270,Donovan Clingan,1610612759,Portland Trail Blazers,2,1,16,Missed Shot,Turnaround Hook Shot,2PT Field Goal,Restricted Area,Center(C),Less Than 8 ft.,1,2,16,1,0,20260421,SAS,POR,42500152342,13640,0,0,1628368|1629640|1630170|1630577|1642868
Shot Chart Detail,0042500152,352,1630166,Deni Avdija,1610612759,Portland Trail Blazers,2,0,47,Made Shot,Driving Layup Shot,2PT Field Goal,Restricted Area,Center(C),Less Than 8 ft.,2,2,22,1,1,20260421,SAS,POR,42500152352,13930,0,0,1628368|1629640|1630170|1630577|1642868
Shot Chart Detail,0042500152,388,201950,Jrue Holiday,1610612759,Portland Trail Blazers,3,11,37,Missed Shot,Driving Layup Shot,2PT Field Goal,Restricted Area,Center(C),Less Than 8 ft.,1,-5,17,1,0,20260421,SAS,POR,42500152388,14630,0,0,1628368|1628436|1630170|1630577|1642264
Shot Chart Detail,0042500152,404,1641739,Toumani Camara,1610612759,Portland Trail Blazers,3,10,42,Missed Shot,Driving Layup Shot,2PT Field Goal,In The Paint (Non-RA),Center(C),Less Than 8 ft.,7,-61,42,1,0,20260421,SAS,POR,42500152404,15180,0,0,1628368|1628436|1630170|1630577|1642264
Shot Chart Detail,0042500152,410,1641739,Toumani Camara,1610612759,Portland Trail Blazers,3,10,26,Missed Shot,Jump Shot,3PT Field Goal,Above the Break 3,Left Side Center(LC),24+ ft.,25,-233,91,1,0,20260421,SAS,POR,42500152410,15340,0,0,1628368|1628436|1630170|1630577|1642264
Shot Chart Detail,0042500152,425,201950,Jrue Holiday,1610612759,Portland Trail Blazers,3,9,23,Missed Shot,Pullup Jump shot,2PT Field Goal,In The Paint (Non-RA),Center(C),8-16 ft.,11,-34,112,1,0,20260421,SAS,POR,42500152425,15970,0,0,1628368|1628436|1630170|1630577|1642264
Shot Chart Detail,0042500152,429,1642270,Donovan Clingan,1610612759,Portland Trail Blazers,3,9,14,Made Shot,Dunk Shot,2PT Field Goal,Restricted Area,Center(C),Less Than 8 ft.,1,-5,12,1,1,20260421,SAS,POR,42500152429,16060,0,0,1628368|1628436|1630170|1630577|1642264
Shot Chart Detail,0042500152,438,1630703,Scoot Henderson,1610612759,Portland Trail Blazers,3,8,57,Missed Shot,Step Back Jump shot,3PT Field Goal,Above the Break 3,Left Side Center(LC),24+ ft.,25,-216,141,1,0,20260421,SAS,POR,42500152438,16230,0,0,203084|1628368|1628436|1630170|1642264
Shot Chart Detail,0042500152,444,1642270,Donovan Clingan,1610612759,Portland Trail Blazers,3,8,38,Missed Shot,Jump Shot,3PT Field Goal,Above the Break 3,Right Side Center(RC),24+ ft.,27,146,233,1,0,20260421,SAS,POR,42500152444,16420,0,0,203084|1628368|1628436|1630170|1642264
Shot Chart Detail,0042500152,454,203924,Jerami Grant,1610612759,Portland Trail Blazers,3,7,29,Missed Shot,Jump Shot,3PT Field Goal,Above the Break 3,Left Side Center(LC),24+ ft.,25,-132,220,1,0,20260421,SAS,POR,42500152454,17110,0,0,203084|1628368|1628436|1630170|1642264
Shot Chart Detail,0042500152,457,201950,Jrue Holiday,1610612759,Portland Trail Blazers,3,7,24,Made Shot,Jump Shot,3PT Field Goal,Above the Break 3,Left Side Center(LC),24+ ft.,25,-203,158,1,1,20260421,SAS,POR,42500152457,17160,0,0,203084|1628368|1628436|1630170|1642264
Shot Chart Detail,0042500152,461,1642270,Donovan Clingan,1610612759,Portland Trail Blazers,3,6,57,Missed Shot,Dunk Shot,2PT Field Goal,Restricted Area,Center(C),Less Than 8 ft.,1,-13,10,1,0,20260421,SAS,POR,42500152461,17430,0,0,203084|1628368|1628436|1630170|1642264
Shot Chart Detail,0042500152,473,1630703,Scoot Henderson,1610612759,Portland Trail Blazers,3,6,35,Made Shot,Pullup Jump shot,2PT Field Goal,In The Paint (Non-RA),Center(C),8-16 ft.,12,-6,128,1,1,20260421,SAS,POR,42500152473,17650,0,1,203084|1628436|1630170|1642264|1642844
Shot Chart Detail,0042500152,487,1629057,Robert Williams III,1610612759,Portland Trail Blazers,3,6,2,Made Shot,Dunk Shot,2PT Field Goal,Restricted Area,Center(C),Less Than 8 ft.,1,1,11,1,1,20260421,SAS,POR,42500152487,17980,0,1,203084|1629640|1642264|1642844|1642868
Shot Chart Detail,0042500152,490,201950,Jrue Holiday,1610612759,Portland Trail Blazers,3,5,36,Missed Shot,Step Back Jump shot,3PT Field Goal,Above the Break 3,Center(C),24+ ft.,25,6,253,1,0,20260421,SAS,POR,42500152490,18240,0,0,203084|1629640|1642264|1642844|1642868
Shot Chart Detail,0042500152,492,1629680,Matisse Thybulle,1610612759,Portland Trail Blazers,3,5,28,Missed Shot,Jump Shot,3PT Field Goal,Right Corner 3,Right Side(R),24+ ft.,23,232,22,1,0,20260421,SAS,POR,42500152492,18320,0,0,203084|1629640|1642264|1642844|1642868
Shot Chart Detail,0042500152,495,201950,Jrue Holiday,1610612759,Portland Trail Blazers,3,4,59,Missed Shot,Driving Layup Shot,2PT Field Goal,In The Paint (Non-RA),Center(C),Less Than 8 ft.,5,54,23,1,0,20260421,SAS,POR,42500152495,18610,0,0,203084|1629640|1642264|1642844|1642868
Shot Chart Detail,0042500152,498,1641739,Toumani Camara,1610612759,Portland Trail Blazers,3,4,53,Made Shot,Driving Reverse Layup Shot,2PT Field Goal,Restricted Area,Center(C),Less Than 8 ft.,1,4,16,1,1,20260421,SAS,POR,42500152498,18670,0,1,203084|1629640|1642264|1642844|1642868
Shot Chart Detail,0042500152,510,1630703,Scoot Henderson,1610612759,Portland Trail Blazers,3,4,12,Missed Shot,Jump Shot,3PT Field Goal,Above the Break 3,Right Side Center(RC),24+ ft.,26,175,201,1,0,20260421,SAS,POR,42500152510,19080,0,0,203084|1630577|1642264|1642844|1642868
Shot Chart Detail,0042500152,545,1630166,Deni Avdija,1610612759,Portland Trail Blazers,3,2,55,Made Shot,Driving Layup Shot,2PT Field Goal,Restricted Area,Center(C),Less Than 8 ft.,1,4,18,1,1,20260421,SAS,POR,42500152545,19850,0,0,1628368|1629640|1630577|1642844|1642868
Shot Chart Detail,0042500152,549,1630703,Scoot Henderson,1610612759,Portland Trail Blazers,3,2,21,Made Shot,Pullup Jump shot,2PT Field Goal,Mid-Range,Left Side(L),8-16 ft.,15,-153,21,1,1,20260421,SAS,POR,42500152549,20190,0,0,1628368|1629640|1630577|1642844|1642868
Shot Chart Detail,0042500152,558,1630166,Deni Avdija,1610612759,Portland Trail Blazers,3,1,43,Missed Shot,Pullup Jump shot,3PT Field Goal,Above the Break 3,Back Court(BC),Back Court Shot,40,81,399,1,0,20260421,SAS,POR,42500152558,20570,0,0,1628368|1628436|1630170|1642264|1642844
Shot Chart Detail,0042500152,572,1630703,Scoot Henderson,1610612759,Portland Trail Blazers,3,1,0,Missed Shot,Pullup Jump shot,3PT Field Goal,Above the Break 3,Center(C),24+ ft.,25,37,254,1,0,20260421,SAS,POR,42500152572,21000,0,0,1628368|1628436|1630170|1642264|1642844
Shot Chart Detail,0042500152,577,1630703,Scoot Henderson,1610612759,Portland Trail Blazers,3,0,31,Made Shot,Running Jump Shot,3PT Field Goal,Above the Break 3,Left Side Center(LC),24+ ft.,25,-208,142,1,1,20260421,SAS,POR,42500152577,21290,0,1,1628368|1628436|1630170|1642264|1642844
Shot Chart Detail,0042500152,580,1630166,Deni Avdija,1610612759,Portland Trail Blazers,3,0,0,Missed Shot,Pullup Jump shot,2PT Field Goal,In The Paint (Non-RA),Center(C),8-16 ft.,12,56,116,1,0,20260421,SAS,POR,42500152580,21600,0,0,1628368|1628436|1630170|1642264|1642844
Shot Chart Detail,0042500152,597,1629680,Matisse Thybulle,1610612759,Portland Trail Blazers,4,11,11,Missed Shot,Jump Shot,3PT Field Goal,Left Corner 3,Left Side(L),24+ ft.,22,-229,-4,1,0,20260421,SAS,POR,42500152597,22090,0,0,203084|1628368|1628436|1630170|1642264
Shot Chart Detail,0042500152,599,203924,Jerami Grant,1610612759,Portland Trail Blazers,4,11,5,Missed Shot,Jump Shot,3PT Field Goal,Above the Break 3,Left Side Center(LC),24+ ft.,26,-123,237,1,0,20260421,SAS,POR,42500152599,22150,0,0,203084|1628368|1628436|1630170|1642264
Shot Chart Detail,0042500152,607,201950,Jrue Holiday,1610612759,Portland Trail Blazers,4,10,19,Missed Shot,Pullup Jump shot,2PT Field Goal,Mid-Range,Right Side(R),8-16 ft.,15,140,59,1,0,20260421,SAS,POR,42500152607,22610,0,0,203084|1628368|1628436|1630170|1642264
Shot Chart Detail,0042500152,618,1629680,Matisse Thybulle,1610612759,Portland Trail Blazers,4,9,54,Missed Shot,Driving Layup Shot,2PT Field Goal,Restricted Area,Center(C),Less Than 8 ft.,1,1,13,1,0,20260421,SAS,POR,42500152618,22860,0,0,203084|1628368|1628436|1630170|1642264
Shot Chart Detail,0042500152,634,1642270,Donovan Clingan,1610612759,Portland Trail Blazers,4,9,19,Missed Shot,Jump Shot,3PT Field Goal,Above the Break 3,Center(C),24+ ft.,26,-76,257,1,0,20260421,SAS,POR,42500152634,23210,0,0,203084|1628368|1628436|1630170|1642264
Shot Chart Detail,0042500152,652,1630703,Scoot Henderson,1610612759,Portland Trail Blazers,4,8,26,Missed Shot,Pullup Jump shot,3PT Field Goal,Above the Break 3,Left Side Center(LC),24+ ft.,24,-158,190,1,0,20260421,SAS,POR,42500152652,23740,0,0,1628436|1629640|1630170|1642264|1642844
Shot Chart Detail,0042500152,659,203924,Jerami Grant,1610612759,Portland Trail Blazers,4,8,18,Made Shot,Driving Layup Shot,2PT Field Goal,Restricted Area,Center(C),Less Than 8 ft.,0,4,7,1,1,20260421,SAS,POR,42500152659,23820,0,1,1628436|1629640|1630170|1630577|1642264
Shot Chart Detail,0042500152,667,201950,Jrue Holiday,1610612759,Portland Trail Blazers,4,7,44,Made Shot,Driving Layup Shot,2PT Field Goal,Restricted Area,Center(C),Less Than 8 ft.,1,-2,11,1,1,20260421,SAS,POR,42500152667,24160,0,0,1629640|1630170|1630577|1642264|1642868
Shot Chart Detail,0042500152,670,1641739,Toumani Camara,1610612759,Portland Trail Blazers,4,7,29,Made Shot,Running Jump Shot,3PT Field Goal,Above the Break 3,Left Side Center(LC),24+ ft.,26,-222,147,1,1,20260421,SAS,POR,42500152670,24310,0,1,1629640|1630170|1630577|1642264|1642868
Shot Chart Detail,0042500152,681,201950,Jrue Holiday,1610612759,Portland Trail Blazers,4,7,5,Made Shot,Jump Shot,3PT Field Goal,Above the Break 3,Center(C),24+ ft.,26,-10,262,1,1,20260421,SAS,POR,42500152681,24550,0,1,1628368|1629640|1630577|1642844|1642868
Shot Chart Detail,0042500152,687,201950,Jrue Holiday,1610612759,Portland Trail Blazers,4,6,18,Missed Shot,Step Back Jump shot,3PT Field Goal,Above the Break 3,Right Side Center(RC),24+ ft.,25,118,226,1,0,20260421,SAS,POR,42500152687,25020,0,0,1628368|1629640|1630577|1642844|1642868
Shot Chart Detail,0042500152,698,1630166,Deni Avdija,1610612759,Portland Trail Blazers,4,5,16,Missed Shot,Pullup Jump shot,2PT Field Goal,In The Paint (Non-RA),Center(C),8-16 ft.,10,-15,99,1,0,20260421,SAS,POR,42500152698,25640,0,0,1628368|1628436|1629640|1630577|1642844
Shot Chart Detail,0042500152,710,1630703,Scoot Henderson,1610612759,Portland Trail Blazers,4,4,53,Made Shot,Driving Finger Roll Layup Shot,2PT Field Goal,Restricted Area,Center(C),Less Than 8 ft.,1,4,11,1,1,20260421,SAS,POR,42500152710,25870,0,1,1628368|1628436|1630170|1630577|1642264
Shot Chart Detail,0042500152,720,1641739,Toumani Camara,1610612759,Portland Trail Blazers,4,4,3,Made Shot,Jump Shot,3PT Field Goal,Above the Break 3,Right Side Center(RC),24+ ft.,24,190,149,1,1,20260421,SAS,POR,42500152720,26370,0,1,1628368|1628436|1630170|1630577|1642264
Shot Chart Detail,0042500152,723,1629057,Robert Williams III,1610612759,Portland Trail Blazers,4,3,26,Made Shot,Floating Jump shot,2PT Field Goal,In The Paint (Non-RA),Center(C),8-16 ft.,8,-2,80,1,1,20260421,SAS,POR,42500152723,26740,0,1,1628368|1628436|1630170|1630577|1642264
Shot Chart Detail,0042500152,739,1630703,Scoot Henderson,1610612759,Portland Trail Blazers,4,2,43,Made Shot,Pullup Jump shot,3PT Field Goal,Above the Break 3,Left Side Center(LC),24+ ft.,25,-99,238,1,1,20260421,SAS,POR,42500152739,27170,0,0,1628368|1628436|1630170|1630577|1642264
Shot Chart Detail,0042500152,743,1629057,Robert Williams III,1610612759,Portland Trail Blazers,4,2,9,Missed Shot,Jump Shot,3PT Field Goal,Right Corner 3,Right Side(R),24+ ft.,22,222,8,1,0,20260421,SAS,POR,42500152743,27510,0,0,1628368|1628436|1630170|1630577|1642264
Shot Chart Detail,0042500152,745,201950,Jrue Holiday,1610612759,Portland Trail Blazers,4,2,2,Made Shot,Putback Layup Shot,2PT Field Goal,Restricted Area,Center(C),Less Than 8 ft.,0,0,0,1,1,20260421,SAS,POR,42500152745,27580,0,0,1628368|1628436|1630170|1630577|1642264
Shot Chart Detail,0042500152,754,201950,Jrue Holiday,1610612759,Portland Trail Blazers,4,0,42,Missed Shot,Driving Layup Shot,2PT Field Goal,In The Paint (Non-RA),Center(C),Less Than 8 ft.,6,-32,59,1,0,20260421,SAS,POR,42500152754,28380,0,0,1628368|1628436|1630170|1630577|1642264
Shot Chart Detail,0042500152,761,1629057,Robert Williams III,1610612759,Portland Trail Blazers,4,0,12,Made Shot,Alley Oop Dunk Shot,2PT Field Goal,Restricted Area,Center(C),Less Than 8 ft.,0,0,0,1,1,20260421,SAS,POR,42500152761,28680,0,1,1628368|1628436|1630170|1630577|1642264
Shot Chart Detail,0042500153,11,1642270,Donovan Clingan,1610612759,Portland Trail Blazers,1,11,30,Made Shot,Jump Shot,3PT Field Goal,Above the Break 3,Left Side Center(LC),24+ ft.,26,-99,248,1,1,20260424,POR,SAS,4250015311,300,0,1,1628368|1628436|1630170|1630577|1642264
Shot Chart Detail,0042500153,15,1642270,Donovan Clingan,1610612759,Portland Trail Blazers,1,11,1,Missed Shot,Jump Shot,3PT Field Goal,Above the Break 3,Center(C),24+ ft.,26,-29,265,1,0,20260424,POR,SAS,4250015315,590,0,0,1628368|1628436|1630170|1630577|1642264
Shot Chart Detail,0042500153,20,1630703,Scoot Henderson,1610612759,Portland Trail Blazers,1,10,37,Made Shot,Step Back Jump shot,3PT Field Goal,Right Corner 3,Right Side(R),24+ ft.,23,223,86,1,1,20260424,POR,SAS,4250015320,830,0,1,1628368|1628436|1630170|1630577|1642264
Shot Chart Detail,0042500153,23,1630166,Deni Avdija,1610612759,Portland Trail Blazers,1,9,57,Missed Shot,Step Back Jump shot,3PT Field Goal,Above the Break 3,Left Side Center(LC),24+ ft.,26,-194,174,1,0,20260424,POR,SAS,4250015323,1230,0,0,1628368|1628436|1630170|1630577|1642264
Shot Chart Detail,0042500153,27,201950,Jrue Holiday,1610612759,Portland Trail Blazers,1,9,35,Missed Shot,Step Back Jump shot,3PT Field Goal,Right Corner 3,Right Side(R),24+ ft.,23,230,20,1,0,20260424,POR,SAS,4250015327,1450,0,0,1628368|1628436|1630170|1630577|1642264
Shot Chart Detail,0042500153,42,1630703,Scoot Henderson,1610612759,Portland Trail Blazers,1,8,57,Made Shot,Running Pull-Up Jump Shot,3PT Field Goal,Above the Break 3,Center(C),24+ ft.,27,-60,267,1,1,20260424,POR,SAS,4250015342,1830,0,1,1628368|1628436|1630170|1630577|1642264
Shot Chart Detail,0042500153,45,1629057,Robert Williams III,1610612759,Portland Trail Blazers,1,8,30,Made Shot,Alley Oop Dunk Shot,2PT Field Goal,Restricted Area,Center(C),Less Than 8 ft.,3,4,32,1,1,20260424,POR,SAS,4250015345,2100,0,1,1628368|1628436|1630170|1630577|1642264
Shot Chart Detail,0042500153,52,1630703,Scoot Henderson,1610612759,Portland Trail Blazers,1,7,39,Made Shot,Step Back Jump shot,2PT Field Goal,Mid-Range,Left Side(L),8-16 ft.,10,-89,49,1,1,20260424,POR,SAS,4250015352,2610,0,0,1628368|1628436|1630170|1630577|1642264
Shot Chart Detail,0042500153,54,1630166,Deni Avdija,1610612759,Portland Trail Blazers,1,7,21,Missed Shot,Driving Finger Roll Layup Shot,2PT Field Goal,Restricted Area,Center(C),Less Than 8 ft.,3,26,20,1,0,20260424,POR,SAS,4250015354,2790,0,0,1628368|1628436|1630170|1630577|1642264
Shot Chart Detail,0042500153,56,201950,Jrue Holiday,1610612759,Portland Trail Blazers,1,7,18,Missed Shot,Jump Shot,3PT Field Goal,Left Corner 3,Left Side(L),24+ ft.,23,-234,37,1,0,20260424,POR,SAS,4250015356,2820,0,0,1628368|1628436|1630170|1630577|1642264
Shot Chart Detail,0042500153,60,201950,Jrue Holiday,1610612759,Portland Trail Blazers,1,6,44,Made Shot,Driving Floating Jump Shot,2PT Field Goal,In The Paint (Non-RA),Center(C),Less Than 8 ft.,6,-18,59,1,1,20260424,POR,SAS,4250015360,3160,0,0,1628368|1628436|1630170|1630577|1642264
Shot Chart Detail,0042500153,63,1630166,Deni Avdija,1610612759,Portland Trail Blazers,1,6,7,Missed Shot,Driving Layup Shot,2PT Field Goal,In The Paint (Non-RA),Center(C),Less Than 8 ft.,6,-25,55,1,0,20260424,POR,SAS,4250015363,3530,0,0,1628368|1628436|1630170|1630577|1642264
Shot Chart Detail,0042500153,66,1641739,Toumani Camara,1610612759,Portland Trail Blazers,1,6,4,Missed Shot,Jump Shot,3PT Field Goal,Above the Break 3,Left Side Center(LC),24+ ft.,26,-167,200,1,0,20260424,POR,SAS,4250015366,3560,0,0,1628368|1628436|1630170|1630577|1642264
Shot Chart Detail,0042500153,68,1630166,Deni Avdija,1610612759,Portland Trail Blazers,1,5,56,Missed Shot,Jump Shot,3PT Field Goal,Right Corner 3,Right Side(R),24+ ft.,23,224,54,1,0,20260424,POR,SAS,4250015368,3640,0,0,1628368|1628436|1630170|1630577|1642264
Shot Chart Detail,0042500153,71,201950,Jrue Holiday,1610612759,Portland Trail Blazers,1,5,27,Missed Shot,Cutting Layup Shot,2PT Field Goal,Restricted Area,Center(C),Less Than 8 ft.,3,-27,23,1,0,20260424,POR,SAS,4250015371,3930,0,0,1628368|1628436|1630170|1630577|1642264
Shot Chart Detail,0042500153,89,1629057,Robert Williams III,1610612759,Portland Trail Blazers,1,5,9,Missed Shot,Running Layup Shot,2PT Field Goal,Restricted Area,Center(C),Less Than 8 ft.,3,-22,22,1,0,20260424,POR,SAS,4250015389,4110,0,0,1629640|1630170|1642264|1642844|1642868
Shot Chart Detail,0042500153,94,1630703,Scoot Henderson,1610612759,Portland Trail Blazers,1,4,46,Missed Shot,Jump Shot,3PT Field Goal,Right Corner 3,Right Side(R),24+ ft.,23,232,42,1,0,20260424,POR,SAS,4250015394,4340,0,0,1629640|1630170|1642264|1642844|1642868
Shot Chart Detail,0042500153,100,1630703,Scoot Henderson,1610612759,Portland Trail Blazers,1,4,24,Missed Shot,Driving Finger Roll Layup Shot,2PT Field Goal,In The Paint (Non-RA),Center(C),Less Than 8 ft.,4,31,34,1,0,20260424,POR,SAS,42500153100,4560,0,0,1629640|1630170|1642264|1642844|1642868
Shot Chart Detail,0042500153,116,1630703,Scoot Henderson,1610612759,Portland Trail Blazers,1,3,44,Missed Shot,Pullup Jump shot,2PT Field Goal,Mid-Range,Right Side(R),16-24 ft.,18,181,20,1,0,20260424,POR,SAS,42500153116,4960,0,0,1629640|1630577|1642264|1642844|1642868
Shot Chart Detail,0042500153,120,1629057,Robert Williams III,1610612759,Portland Trail Blazers,1,3,21,Made Shot,Alley Oop Dunk Shot,2PT Field Goal,Restricted Area,Center(C),Less Than 8 ft.,2,-23,1,1,1,20260424,POR,SAS,42500153120,5190,0,1,1629640|1630577|1642264|1642844|1642868
Shot Chart Detail,0042500153,130,203924,Jerami Grant,1610612759,Portland Trail Blazers,1,2,47,Missed Shot,Jump Shot,3PT Field Goal,Above the Break 3,Right Side Center(RC),24+ ft.,25,130,215,1,0,20260424,POR,SAS,42500153130,5530,0,0,1629640|1630577|1642264|1642844|1642868
Shot Chart Detail,0042500153,134,201950,Jrue Holiday,1610612759,Portland Trail Blazers,1,2,12,Made Shot,Driving Layup Shot,2PT Field Goal,Restricted Area,Center(C),Less Than 8 ft.,3,-22,31,1,1,20260424,POR,SAS,42500153134,5880,0,1,1629640|1630577|1642264|1642844|1642868
Shot Chart Detail,0042500153,138,1630166,Deni Avdija,1610612759,Portland Trail Blazers,1,1,43,Missed Shot,Driving Floating Bank Jump Shot,2PT Field Goal,In The Paint (Non-RA),Center(C),Less Than 8 ft.,6,-4,68,1,0,20260424,POR,SAS,42500153138,6170,0,0,1629640|1630577|1642264|1642844|1642868
Shot Chart Detail,0042500153,140,203924,Jerami Grant,1610612759,Portland Trail Blazers,1,1,37,Made Shot,Jump Shot,3PT Field Goal,Left Corner 3,Left Side(L),24+ ft.,24,-235,60,1,1,20260424,POR,SAS,42500153140,6230,0,1,1629640|1630577|1642264|1642844|1642868
Shot Chart Detail,0042500153,148,201950,Jrue Holiday,1610612759,Portland Trail Blazers,1,0,59,Made Shot,Driving Floating Jump Shot,2PT Field Goal,In The Paint (Non-RA),Center(C),Less Than 8 ft.,7,-1,75,1,1,20260424,POR,SAS,42500153148,6610,0,0,1629640|1630577|1642264|1642844|1642868
Shot Chart Detail,0042500153,159,1641739,Toumani Camara,1610612759,Portland Trail Blazers,1,0,30,Missed Shot,Driving Finger Roll Layup Shot,2PT Field Goal,Restricted Area,Center(C),Less Than 8 ft.,1,10,16,1,0,20260424,POR,SAS,42500153159,6900,0,0,1628368|1628436|1630170|1630577|1642868
Shot Chart Detail,0042500153,161,1629057,Robert Williams III,1610612759,Portland Trail Blazers,1,0,29,Made Shot,Putback Layup Shot,2PT Field Goal,Restricted Area,Center(C),Less Than 8 ft.,2,-4,20,1,1,20260424,POR,SAS,42500153161,6910,0,0,1628368|1628436|1630170|1630577|1642868
Shot Chart Detail,0042500153,164,1629057,Robert Williams III,1610612759,Portland Trail Blazers,1,0,2,Missed Shot,Jump Shot,3PT Field Goal,Left Corner 3,Left Side(L),24+ ft.,23,-232,44,1,0,20260424,POR,SAS,42500153164,7180,0,0,1628368|1628436|1630170|1630577|1642868
Shot Chart Detail,0042500153,166,203924,Jerami Grant,1610612759,Portland Trail Blazers,1,0,1,Missed Shot,Tip Layup Shot,2PT Field Goal,Restricted Area,Center(C),Less Than 8 ft.,0,0,0,1,0,20260424,POR,SAS,42500153166,7190,0,0,1628368|1628436|1630170|1630577|1642868
Shot Chart Detail,0042500153,182,203924,Jerami Grant,1610612759,Portland Trail Blazers,2,11,32,Missed Shot,Step Back Jump shot,2PT Field Goal,Mid-Range,Left Side(L),8-16 ft.,15,-146,57,1,0,20260424,POR,SAS,42500153182,7480,0,0,203084|1628368|1628436|1630170|1642844
Shot Chart Detail,0042500153,191,1629680,Matisse Thybulle,1610612759,Portland Trail Blazers,2,10,38,Missed Shot,Jump Shot,3PT Field Goal,Above the Break 3,Right Side Center(RC),24+ ft.,25,214,134,1,0,20260424,POR,SAS,42500153191,8020,0,0,203084|1628368|1628436|1630170|1642844
Shot Chart Detail,0042500153,195,201950,Jrue Holiday,1610612759,Portland Trail Blazers,2,10,11,Made Shot,Pullup Jump shot,3PT Field Goal,Above the Break 3,Left Side Center(LC),24+ ft.,26,-116,236,1,1,20260424,POR,SAS,42500153195,8290,0,0,203084|1628368|1628436|1630170|1642844
Shot Chart Detail,0042500153,201,1631101,Shaedon Sharpe,1610612759,Portland Trail Blazers,2,9,29,Missed Shot,Step Back Jump shot,2PT Field Goal,Mid-Range,Left Side(L),8-16 ft.,13,-83,107,1,0,20260424,POR,SAS,42500153201,8710,0,0,203084|1628368|1628436|1630170|1642844
Shot Chart Detail,0042500153,209,203924,Jerami Grant,1610612759,Portland Trail Blazers,2,8,55,Made Shot,Driving Layup Shot,2PT Field Goal,Restricted Area,Center(C),Less Than 8 ft.,2,18,22,1,1,20260424,POR,SAS,42500153209,9050,0,1,203084|1628368|1628436|1630170|1642264
Shot Chart Detail,0042500153,229,1629680,Matisse Thybulle,1610612759,Portland Trail Blazers,2,8,0,Missed Shot,Driving Layup Shot,2PT Field Goal,In The Paint (Non-RA),Center(C),Less Than 8 ft.,4,-23,34,1,0,20260424,POR,SAS,42500153229,9600,0,0,203084|1628368|1628436|1630170|1642264
Shot Chart Detail,0042500153,231,1631101,Shaedon Sharpe,1610612759,Portland Trail Blazers,2,7,56,Made Shot,Driving Layup Shot,2PT Field Goal,Restricted Area,Center(C),Less Than 8 ft.,2,-15,23,1,1,20260424,POR,SAS,42500153231,9640,0,0,203084|1628368|1628436|1630170|1642264
Shot Chart Detail,0042500153,234,201950,Jrue Holiday,1610612759,Portland Trail Blazers,2,7,32,Made Shot,Running Pull-Up Jump Shot,3PT Field Goal,Above the Break 3,Center(C),24+ ft.,25,-70,241,1,1,20260424,POR,SAS,42500153234,9880,0,0,203084|1628368|1628436|1630170|1642264
Shot Chart Detail,0042500153,243,201950,Jrue Holiday,1610612759,Portland Trail Blazers,2,7,0,Made Shot,Pullup Jump shot,3PT Field Goal,Above the Break 3,Center(C),24+ ft.,25,77,241,1,1,20260424,POR,SAS,42500153243,10200,0,0,203084|1628368|1628436|1629640|1642264
Shot Chart Detail,0042500153,249,201950,Jrue Holiday,1610612759,Portland Trail Blazers,2,6,19,Made Shot,Pullup Jump shot,2PT Field Goal,In The Paint (Non-RA),Center(C),8-16 ft.,9,-11,96,1,1,20260424,POR,SAS,42500153249,10610,0,0,203084|1628368|1628436|1629640|1642264
Shot Chart Detail,0042500153,264,1630703,Scoot Henderson,1610612759,Portland Trail Blazers,2,5,46,Missed Shot,Running Jump Shot,3PT Field Goal,Above the Break 3,Center(C),24+ ft.,25,78,246,1,0,20260424,POR,SAS,42500153264,10940,0,0,203084|1628436|1629640|1642264|1642844
Shot Chart Detail,0042500153,286,1630703,Scoot Henderson,1610612759,Portland Trail Blazers,2,5,19,Made Shot,Jump Shot,3PT Field Goal,Left Corner 3,Left Side(L),24+ ft.,24,-233,59,1,1,20260424,POR,SAS,42500153286,11210,0,1,1629640|1630577|1642264|1642844|1642868
Shot Chart Detail,0042500153,290,1630166,Deni Avdija,1610612759,Portland Trail Blazers,2,5,0,Missed Shot,Running Layup Shot,2PT Field Goal,Restricted Area,Center(C),Less Than 8 ft.,3,-9,32,1,0,20260424,POR,SAS,42500153290,11400,0,0,1629640|1630577|1642264|1642844|1642868
Shot Chart Detail,0042500153,315,1630166,Deni Avdija,1610612759,Portland Trail Blazers,2,3,44,Made Shot,Running Layup Shot,2PT Field Goal,Restricted Area,Center(C),Less Than 8 ft.,2,15,21,1,1,20260424,POR,SAS,42500153315,12160,0,0,1628368|1629640|1630170|1642844|1642868
Shot Chart Detail,0042500153,323,1630703,Scoot Henderson,1610612759,Portland Trail Blazers,2,2,59,Made Shot,Jump Shot,3PT Field Goal,Left Corner 3,Left Side(L),24+ ft.,24,-239,67,1,1,20260424,POR,SAS,42500153323,12610,0,1,1628368|1629640|1630170|1642844|1642868
Shot Chart Detail,0042500153,364,1630166,Deni Avdija,1610612759,Portland Trail Blazers,2,1,0,Missed Shot,Step Back Jump shot,2PT Field Goal,In The Paint (Non-RA),Center(C),8-16 ft.,11,-50,107,1,0,20260424,POR,SAS,42500153364,13800,0,0,1628368|1628436|1630170|1630577|1642264
Shot Chart Detail,0042500153,386,203924,Jerami Grant,1610612759,Portland Trail Blazers,2,0,6,Made Shot,Jump Shot,3PT Field Goal,Left Corner 3,Left Side(L),24+ ft.,23,-238,23,1,1,20260424,POR,SAS,42500153386,14340,0,1,1628368|1628436|1630170|1630577|1642264
Shot Chart Detail,0042500153,402,1642270,Donovan Clingan,1610612759,Portland Trail Blazers,3,11,34,Made Shot,Alley Oop Layup shot,2PT Field Goal,Restricted Area,Center(C),Less Than 8 ft.,1,13,15,1,1,20260424,POR,SAS,42500153402,14660,0,1,1628368|1628436|1630170|1630577|1642264
Shot Chart Detail,0042500153,406,1630166,Deni Avdija,1610612759,Portland Trail Blazers,3,11,7,Made Shot,Jump Shot,3PT Field Goal,Above the Break 3,Left Side Center(LC),24+ ft.,25,-88,237,1,1,20260424,POR,SAS,42500153406,14930,0,1,1628368|1628436|1630170|1630577|1642264
Shot Chart Detail,0042500153,414,1641739,Toumani Camara,1610612759,Portland Trail Blazers,3,10,35,Missed Shot,Jump Shot,3PT Field Goal,Right Corner 3,Right Side(R),24+ ft.,22,227,9,1,0,20260424,POR,SAS,42500153414,15250,0,0,1628368|1628436|1630170|1630577|1642264
Shot Chart Detail,0042500153,418,1630166,Deni Avdija,1610612759,Portland Trail Blazers,3,10,10,Missed Shot,Jump Shot,3PT Field Goal,Above the Break 3,Left Side Center(LC),24+ ft.,26,-126,234,1,0,20260424,POR,SAS,42500153418,15500,0,0,1628368|1628436|1630170|1630577|1642264
Shot Chart Detail,0042500153,422,201950,Jrue Holiday,1610612759,Portland Trail Blazers,3,9,26,Made Shot,Step Back Jump shot,3PT Field Goal,Above the Break 3,Left Side Center(LC),24+ ft.,26,-103,242,1,1,20260424,POR,SAS,42500153422,15940,0,0,1628368|1628436|1630170|1630577|1642264
Shot Chart Detail,0042500153,427,1630703,Scoot Henderson,1610612759,Portland Trail Blazers,3,8,57,Missed Shot,Driving Reverse Layup Shot,2PT Field Goal,Restricted Area,Center(C),Less Than 8 ft.,2,-21,9,1,0,20260424,POR,SAS,42500153427,16230,0,0,1628368|1628436|1630170|1630577|1642264
Shot Chart Detail,0042500153,429,1642270,Donovan Clingan,1610612759,Portland Trail Blazers,3,8,55,Missed Shot,Tip Layup Shot,2PT Field Goal,Restricted Area,Center(C),Less Than 8 ft.,0,0,0,1,0,20260424,POR,SAS,42500153429,16250,0,0,1628368|1628436|1630170|1630577|1642264
Shot Chart Detail,0042500153,442,201950,Jrue Holiday,1610612759,Portland Trail Blazers,3,8,3,Made Shot,Step Back Jump shot,2PT Field Goal,In The Paint (Non-RA),Center(C),8-16 ft.,13,28,137,1,1,20260424,POR,SAS,42500153442,16770,0,0,1628368|1628436|1630170|1630577|1642264
Shot Chart Detail,0042500153,465,203924,Jerami Grant,1610612759,Portland Trail Blazers,3,6,54,Missed Shot,Jump Shot,3PT Field Goal,Above the Break 3,Right Side Center(RC),24+ ft.,25,185,176,1,0,20260424,POR,SAS,42500153465,17460,0,0,1628436|1629640|1630170|1642264|1642844
Shot Chart Detail,0042500153,472,1629057,Robert Williams III,1610612759,Portland Trail Blazers,2,0,58,Missed Shot,Tip Layup Shot,2PT Field Goal,Restricted Area,Center(C),Less Than 8 ft.,3,32,-2,1,0,20260424,POR,SAS,42500153472,13820,0,0,1628368|1628436|1630170|1630577|1642264
Shot Chart Detail,0042500153,481,1642270,Donovan Clingan,1610612759,Portland Trail Blazers,3,6,29,Missed Shot,Cutting Layup Shot,2PT Field Goal,In The Paint (Non-RA),Center(C),Less Than 8 ft.,6,-7,66,1,0,20260424,POR,SAS,42500153481,17710,0,0,1628436|1629640|1630170|1642264|1642844
Shot Chart Detail,0042500153,485,1630703,Scoot Henderson,1610612759,Portland Trail Blazers,3,6,18,Missed Shot,Step Back Jump shot,3PT Field Goal,Above the Break 3,Left Side Center(LC),24+ ft.,26,-104,241,1,0,20260424,POR,SAS,42500153485,17820,0,0,1628436|1629640|1630170|1642264|1642844
Shot Chart Detail,0042500153,489,201950,Jrue Holiday,1610612759,Portland Trail Blazers,3,5,50,Made Shot,Running Pull-Up Jump Shot,3PT Field Goal,Above the Break 3,Right Side Center(RC),24+ ft.,26,108,237,1,1,20260424,POR,SAS,42500153489,18100,0,0,1628436|1629640|1630170|1642264|1642844
Shot Chart Detail,0042500153,492,1641739,Toumani Camara,1610612759,Portland Trail Blazers,3,5,20,Missed Shot,Jump Shot,3PT Field Goal,Right Corner 3,Right Side(R),24+ ft.,22,229,14,1,0,20260424,POR,SAS,42500153492,18400,0,0,1628436|1629640|1630170|1642264|1642844
Shot Chart Detail,0042500153,508,1641739,Toumani Camara,1610612759,Portland Trail Blazers,3,4,38,Made Shot,Driving Finger Roll Layup Shot,2PT Field Goal,Restricted Area,Center(C),Less Than 8 ft.,1,-9,8,1,1,20260424,POR,SAS,42500153508,18820,0,1,1628368|1629640|1630170|1642844|1642868
Shot Chart Detail,0042500153,512,201950,Jrue Holiday,1610612759,Portland Trail Blazers,3,3,56,Missed Shot,Turnaround Jump Shot,2PT Field Goal,In The Paint (Non-RA),Center(C),8-16 ft.,11,-6,111,1,0,20260424,POR,SAS,42500153512,19240,0,0,1628368|1629640|1630170|1642844|1642868
Shot Chart Detail,0042500153,520,203924,Jerami Grant,1610612759,Portland Trail Blazers,3,3,33,Missed Shot,Driving Finger Roll Layup Shot,2PT Field Goal,Restricted Area,Center(C),Less Than 8 ft.,2,21,17,1,0,20260424,POR,SAS,42500153520,19470,0,0,1628368|1629640|1630170|1642844|1642868
Shot Chart Detail,0042500153,526,201950,Jrue Holiday,1610612759,Portland Trail Blazers,3,2,47,Missed Shot,Step Back Jump shot,3PT Field Goal,Right Corner 3,Right Side(R),24+ ft.,22,228,22,1,0,20260424,POR,SAS,42500153526,19930,0,0,1628368|1629640|1630170|1642844|1642868
Shot Chart Detail,0042500153,538,1630166,Deni Avdija,1610612759,Portland Trail Blazers,3,2,19,Missed Shot,Driving Finger Roll Layup Shot,2PT Field Goal,In The Paint (Non-RA),Center(C),Less Than 8 ft.,6,9,63,1,0,20260424,POR,SAS,42500153538,20210,0,0,1628368|1629640|1630577|1642844|1642868
Shot Chart Detail,0042500153,552,1630166,Deni Avdija,1610612759,Portland Trail Blazers,3,1,12,Missed Shot,Driving Floating Jump Shot,2PT Field Goal,Mid-Range,Right Side Center(RC),16-24 ft.,17,62,161,1,0,20260424,POR,SAS,42500153552,20880,0,0,1628368|1629640|1630577|1642844|1642868
Shot Chart Detail,0042500153,558,203924,Jerami Grant,1610612759,Portland Trail Blazers,3,0,51,Missed Shot,Jump Shot,3PT Field Goal,Above the Break 3,Right Side Center(RC),24+ ft.,25,138,213,1,0,20260424,POR,SAS,42500153558,21090,0,0,1628368|1629640|1630577|1642844|1642868
Shot Chart Detail,0042500153,565,1630703,Scoot Henderson,1610612759,Portland Trail Blazers,3,0,33,Made Shot,Driving Layup Shot,2PT Field Goal,Restricted Area,Center(C),Less Than 8 ft.,2,17,13,1,1,20260424,POR,SAS,42500153565,21270,0,0,1628368|1629640|1630577|1642844|1642868
Shot Chart Detail,0042500153,571,1630703,Scoot Henderson,1610612759,Portland Trail Blazers,3,0,0,Missed Shot,Driving Floating Jump Shot,2PT Field Goal,Mid-Range,Right Side Center(RC),16-24 ft.,17,104,136,1,0,20260424,POR,SAS,42500153571,21600,0,0,1628368|1629640|1630577|1642844|1642868
Shot Chart Detail,0042500153,580,1630703,Scoot Henderson,1610612759,Portland Trail Blazers,4,11,45,Missed Shot,Driving Floating Jump Shot,2PT Field Goal,In The Paint (Non-RA),Center(C),8-16 ft.,8,5,89,1,0,20260424,POR,SAS,42500153580,21750,0,0,1628368|1629640|1630577|1642844|1642868
Shot Chart Detail,0042500153,582,1630703,Scoot Henderson,1610612759,Portland Trail Blazers,4,11,42,Made Shot,Layup Shot,2PT Field Goal,Restricted Area,Center(C),Less Than 8 ft.,2,-28,-1,1,1,20260424,POR,SAS,42500153582,21780,0,1,1628368|1629640|1630577|1642844|1642868
Shot Chart Detail,0042500153,586,1629057,Robert Williams III,1610612759,Portland Trail Blazers,4,11,1,Made Shot,Cutting Dunk Shot,2PT Field Goal,Restricted Area,Center(C),Less Than 8 ft.,1,-4,15,1,1,20260424,POR,SAS,42500153586,22190,0,1,1628368|1629640|1630577|1642844|1642868
Shot Chart Detail,0042500153,592,203924,Jerami Grant,1610612759,Portland Trail Blazers,4,10,27,Missed Shot,Driving Layup Shot,2PT Field Goal,Restricted Area,Center(C),Less Than 8 ft.,2,16,19,1,0,20260424,POR,SAS,42500153592,22530,0,0,1628368|1629640|1630577|1642844|1642868
Shot Chart Detail,0042500153,595,1631101,Shaedon Sharpe,1610612759,Portland Trail Blazers,4,10,14,Missed Shot,Driving Layup Shot,2PT Field Goal,Restricted Area,Center(C),Less Than 8 ft.,2,-15,19,1,0,20260424,POR,SAS,42500153595,22660,0,0,1628368|1629640|1630577|1642844|1642868
Shot Chart Detail,0042500153,604,1630166,Deni Avdija,1610612759,Portland Trail Blazers,4,10,8,Missed Shot,Driving Layup Shot,2PT Field Goal,Restricted Area,Center(C),Less Than 8 ft.,2,6,27,1,0,20260424,POR,SAS,42500153604,22720,0,0,1628368|1629640|1630577|1642844|1642868
Shot Chart Detail,0042500153,607,1631101,Shaedon Sharpe,1610612759,Portland Trail Blazers,4,10,3,Made Shot,Driving Floating Jump Shot,2PT Field Goal,In The Paint (Non-RA),Right Side(R),8-16 ft.,8,48,69,1,1,20260424,POR,SAS,42500153607,22770,0,1,1628368|1629640|1630577|1642844|1642868
Shot Chart Detail,0042500153,611,201950,Jrue Holiday,1610612759,Portland Trail Blazers,4,9,28,Made Shot,Driving Finger Roll Layup Shot,2PT Field Goal,Restricted Area,Center(C),Less Than 8 ft.,2,-13,17,1,1,20260424,POR,SAS,42500153611,23120,0,0,1628368|1629640|1630577|1642844|1642868
Shot Chart Detail,0042500153,623,1630703,Scoot Henderson,1610612759,Portland Trail Blazers,4,8,3,Missed Shot,Jump Shot,3PT Field Goal,Above the Break 3,Left Side Center(LC),24+ ft.,26,-104,245,1,0,20260424,POR,SAS,42500153623,23970,0,0,1628436|1630577|1642264|1642844|1642868
Shot Chart Detail,0042500153,633,1630166,Deni Avdija,1610612759,Portland Trail Blazers,4,7,35,Missed Shot,Pullup Jump shot,2PT Field Goal,In The Paint (Non-RA),Center(C),8-16 ft.,9,-5,99,1,0,20260424,POR,SAS,42500153633,24250,0,0,1628436|1630577|1642264|1642844|1642868
Shot Chart Detail,0042500153,637,1642270,Donovan Clingan,1610612759,Portland Trail Blazers,4,7,17,Missed Shot,Jump Shot,3PT Field Goal,Above the Break 3,Center(C),24+ ft.,24,-61,241,1,0,20260424,POR,SAS,42500153637,24430,0,0,1628436|1630577|1642264|1642844|1642868
Shot Chart Detail,0042500153,639,1641739,Toumani Camara,1610612759,Portland Trail Blazers,4,7,11,Missed Shot,Jump Shot,3PT Field Goal,Right Corner 3,Right Side(R),24+ ft.,23,224,74,1,0,20260424,POR,SAS,42500153639,24490,0,0,1628436|1630577|1642264|1642844|1642868
Shot Chart Detail,0042500153,642,201950,Jrue Holiday,1610612759,Portland Trail Blazers,4,6,34,Missed Shot,Step Back Jump shot,3PT Field Goal,Above the Break 3,Left Side Center(LC),24+ ft.,25,-131,220,1,0,20260424,POR,SAS,42500153642,24860,0,0,1628436|1630577|1642264|1642844|1642868
Shot Chart Detail,0042500153,652,1631101,Shaedon Sharpe,1610612759,Portland Trail Blazers,4,6,1,Missed Shot,Step Back Jump shot,2PT Field Goal,Mid-Range,Center(C),16-24 ft.,22,-33,219,1,0,20260424,POR,SAS,42500153652,25190,0,0,1628368|1628436|1630170|1642264|1642868
Shot Chart Detail,0042500153,691,1630166,Deni Avdija,1610612759,Portland Trail Blazers,4,3,59,Made Shot,Driving Layup Shot,2PT Field Goal,Restricted Area,Center(C),Less Than 8 ft.,1,1,13,1,1,20260424,POR,SAS,42500153691,26410,0,1,1628368|1628436|1630170|1642264|1642844
Shot Chart Detail,0042500153,694,1629057,Robert Williams III,1610612759,Portland Trail Blazers,4,3,30,Made Shot,Alley Oop Dunk Shot,2PT Field Goal,Restricted Area,Center(C),Less Than 8 ft.,1,-2,13,1,1,20260424,POR,SAS,42500153694,26700,0,1,1628368|1628436|1630170|1642264|1642844
Shot Chart Detail,0042500153,701,201950,Jrue Holiday,1610612759,Portland Trail Blazers,4,2,47,Made Shot,Driving Layup Shot,2PT Field Goal,Restricted Area,Center(C),Less Than 8 ft.,2,-12,24,1,1,20260424,POR,SAS,42500153701,27130,0,0,1628368|1628436|1630170|1642264|1642844
Shot Chart Detail,0042500153,706,1630703,Scoot Henderson,1610612759,Portland Trail Blazers,4,2,8,Missed Shot,Step Back Jump shot,3PT Field Goal,Above the Break 3,Right Side Center(RC),24+ ft.,26,169,199,1,0,20260424,POR,SAS,42500153706,27520,0,0,1628368|1628436|1630170|1642264|1642844
Shot Chart Detail,0042500153,719,203924,Jerami Grant,1610612759,Portland Trail Blazers,4,1,37,Made Shot,Driving Dunk Shot,2PT Field Goal,Restricted Area,Center(C),Less Than 8 ft.,1,5,9,1,1,20260424,POR,SAS,42500153719,27830,0,1,1628368|1630170|1642264|1642844|1642868
Shot Chart Detail,0042500153,723,1630703,Scoot Henderson,1610612759,Portland Trail Blazers,4,1,10,Made Shot,Jump Shot,3PT Field Goal,Above the Break 3,Right Side Center(RC),24+ ft.,27,89,264,1,1,20260424,POR,SAS,42500153723,28100,0,1,1628368|1630170|1642264|1642844|1642868
Shot Chart Detail,0042500153,742,1630249,Vít Krejčí,1610612759,Portland Trail Blazers,4,0,45,Missed Shot,Jump Shot,3PT Field Goal,Above the Break 3,Left Side Center(LC),24+ ft.,26,-97,245,1,0,20260424,POR,SAS,42500153742,28350,0,0,1628368|1630170|1642264|1642844|1642868
Shot Chart Detail,0042500154,9,1630166,Deni Avdija,1610612759,Portland Trail Blazers,1,11,36,Made Shot,Running Layup Shot,2PT Field Goal,Restricted Area,Center(C),Less Than 8 ft.,1,13,1,1,1,20260426,POR,SAS,425001549,240,0,0,1628368|1630170|1630577|1641705|1642264
Shot Chart Detail,0042500154,16,1641739,Toumani Camara,1610612759,Portland Trail Blazers,1,10,56,Made Shot,Driving Floating Bank Jump Shot,2PT Field Goal,Restricted Area,Center(C),Less Than 8 ft.,3,0,38,1,1,20260426,POR,SAS,4250015416,640,0,0,1628368|1630170|1630577|1641705|1642264
Shot Chart Detail,0042500154,19,1641739,Toumani Camara,1610612759,Portland Trail Blazers,1,10,31,Made Shot,Jump Shot,3PT Field Goal,Left Corner 3,Left Side(L),24+ ft.,23,-238,10,1,1,20260426,POR,SAS,4250015419,890,0,1,1628368|1630170|1630577|1641705|1642264
Shot Chart Detail,0042500154,22,1630703,Scoot Henderson,1610612759,Portland Trail Blazers,1,10,8,Missed Shot,Step Back Jump shot,2PT Field Goal,In The Paint (Non-RA),Center(C),Less Than 8 ft.,7,71,32,1,0,20260426,POR,SAS,4250015422,1120,0,0,1628368|1630170|1630577|1641705|1642264
Shot Chart Detail,0042500154,24,201950,Jrue Holiday,1610612759,Portland Trail Blazers,1,10,1,Missed Shot,Driving Floating Jump Shot,2PT Field Goal,Restricted Area,Center(C),Less Than 8 ft.,2,-10,27,1,0,20260426,POR,SAS,4250015424,1190,0,0,1628368|1630170|1630577|1641705|1642264
Shot Chart Detail,0042500154,31,1641739,Toumani Camara,1610612759,Portland Trail Blazers,1,9,29,Missed Shot,Running Pull-Up Jump Shot,3PT Field Goal,Above the Break 3,Right Side Center(RC),24+ ft.,25,194,165,1,0,20260426,POR,SAS,4250015431,1510,0,0,1628368|1630170|1630577|1641705|1642264
Shot Chart Detail,0042500154,47,1641739,Toumani Camara,1610612759,Portland Trail Blazers,1,8,14,Missed Shot,Turnaround Hook Shot,2PT Field Goal,Restricted Area,Center(C),Less Than 8 ft.,3,18,33,1,0,20260426,POR,SAS,4250015447,2260,0,0,1628368|1630170|1630577|1641705|1642264
Shot Chart Detail,0042500154,50,1642270,Donovan Clingan,1610612759,Portland Trail Blazers,1,8,11,Missed Shot,Putback Layup Shot,2PT Field Goal,Restricted Area,Center(C),Less Than 8 ft.,1,-15,11,1,0,20260426,POR,SAS,4250015450,2290,0,0,1628368|1630170|1630577|1641705|1642264
Shot Chart Detail,0042500154,57,1642270,Donovan Clingan,1610612759,Portland Trail Blazers,1,7,51,Missed Shot,Jump Shot,3PT Field Goal,Right Corner 3,Right Side(R),24+ ft.,22,225,12,1,0,20260426,POR,SAS,4250015457,2490,0,0,1628368|1630170|1630577|1641705|1642264
Shot Chart Detail,0042500154,62,1642270,Donovan Clingan,1610612759,Portland Trail Blazers,1,7,15,Missed Shot,Driving Layup Shot,2PT Field Goal,Restricted Area,Center(C),Less Than 8 ft.,1,-18,6,1,0,20260426,POR,SAS,4250015462,2850,0,0,1628368|1630170|1630577|1641705|1642264
Shot Chart Detail,0042500154,72,1630703,Scoot Henderson,1610612759,Portland Trail Blazers,1,6,50,Missed Shot,Jump Shot,3PT Field Goal,Above the Break 3,Left Side Center(LC),24+ ft.,26,-146,227,1,0,20260426,POR,SAS,4250015472,3100,0,0,1628368|1628436|1630170|1630577|1642264
Shot Chart Detail,0042500154,87,1642270,Donovan Clingan,1610612759,Portland Trail Blazers,1,5,54,Missed Shot,Layup Shot,2PT Field Goal,Restricted Area,Center(C),Less Than 8 ft.,3,32,5,1,0,20260426,POR,SAS,4250015487,3660,0,0,1628368|1628436|1630170|1630577|1642264
Shot Chart Detail,0042500154,92,1630703,Scoot Henderson,1610612759,Portland Trail Blazers,1,5,46,Missed Shot,Running Layup Shot,2PT Field Goal,Restricted Area,Center(C),Less Than 8 ft.,1,-4,10,1,0,20260426,POR,SAS,4250015492,3740,0,0,1628368|1628436|1630170|1630577|1642264
Shot Chart Detail,0042500154,94,1642270,Donovan Clingan,1610612759,Portland Trail Blazers,1,5,42,Made Shot,Running Dunk Shot,2PT Field Goal,Restricted Area,Center(C),Less Than 8 ft.,1,-4,-11,1,1,20260426,POR,SAS,4250015494,3780,0,1,1628368|1628436|1630170|1630577|1642264
Shot Chart Detail,0042500154,104,1630166,Deni Avdija,1610612759,Portland Trail Blazers,1,5,22,Missed Shot,Jump Shot,3PT Field Goal,Right Corner 3,Right Side(R),24+ ft.,22,223,39,1,0,20260426,POR,SAS,42500154104,3980,0,0,1628436|1629640|1630170|1642264|1642844
Shot Chart Detail,0042500154,111,1641739,Toumani Camara,1610612759,Portland Trail Blazers,1,4,48,Missed Shot,Jump Shot,3PT Field Goal,Right Corner 3,Right Side(R),24+ ft.,22,225,25,1,0,20260426,POR,SAS,42500154111,4320,0,0,1628436|1629640|1630170|1642264|1642844
Shot Chart Detail,0042500154,127,1631101,Shaedon Sharpe,1610612759,Portland Trail Blazers,1,3,51,Missed Shot,Driving Layup Shot,2PT Field Goal,Restricted Area,Center(C),Less Than 8 ft.,1,16,2,1,0,20260426,POR,SAS,42500154127,4890,0,0,1628436|1629640|1630170|1642264|1642844
Shot Chart Detail,0042500154,131,203924,Jerami Grant,1610612759,Portland Trail Blazers,1,3,36,Missed Shot,Driving Layup Shot,2PT Field Goal,Restricted Area,Center(C),Less Than 8 ft.,2,2,22,1,0,20260426,POR,SAS,42500154131,5040,0,0,1628436|1629640|1630170|1642264|1642844
Shot Chart Detail,0042500154,133,1629057,Robert Williams III,1610612759,Portland Trail Blazers,1,3,36,Made Shot,Tip Dunk Shot,2PT Field Goal,Restricted Area,Center(C),Less Than 8 ft.,0,0,0,1,1,20260426,POR,SAS,42500154133,5040,0,0,1628436|1629640|1630170|1642264|1642844
Shot Chart Detail,0042500154,153,203924,Jerami Grant,1610612759,Portland Trail Blazers,1,2,7,Made Shot,Driving Layup Shot,2PT Field Goal,In The Paint (Non-RA),Center(C),Less Than 8 ft.,4,-39,-10,1,1,20260426,POR,SAS,42500154153,5930,0,0,1628368|1629640|1630170|1641705|1642844
Shot Chart Detail,0042500154,156,1631101,Shaedon Sharpe,1610612759,Portland Trail Blazers,1,1,46,Made Shot,Step Back Jump shot,2PT Field Goal,Mid-Range,Center(C),16-24 ft.,22,-4,226,1,1,20260426,POR,SAS,42500154156,6140,0,0,1628368|1629640|1630170|1641705|1642844
Shot Chart Detail,0042500154,160,1631200,Kris Murray,1610612759,Portland Trail Blazers,1,1,22,Made Shot,Running Reverse Layup Shot,2PT Field Goal,Restricted Area,Center(C),Less Than 8 ft.,1,-13,-5,1,1,20260426,POR,SAS,42500154160,6380,0,1,1628368|1629640|1630170|1641705|1642844
Shot Chart Detail,0042500154,164,1631101,Shaedon Sharpe,1610612759,Portland Trail Blazers,1,1,4,Made Shot,Running Pull-Up Jump Shot,3PT Field Goal,Above the Break 3,Left Side Center(LC),24+ ft.,26,-126,233,1,1,20260426,POR,SAS,42500154164,6560,0,1,1628368|1629640|1630170|1641705|1642844
Shot Chart Detail,0042500154,168,201950,Jrue Holiday,1610612759,Portland Trail Blazers,1,0,32,Missed Shot,Turnaround Fadeaway shot,2PT Field Goal,Mid-Range,Center(C),16-24 ft.,16,5,167,1,0,20260426,POR,SAS,42500154168,6880,0,0,1628368|1629640|1630170|1641705|1642844
Shot Chart Detail,0042500154,180,203924,Jerami Grant,1610612759,Portland Trail Blazers,1,0,0,Missed Shot,Jump Shot,3PT Field Goal,Right Corner 3,Right Side(R),24+ ft.,22,227,16,1,0,20260426,POR,SAS,42500154180,7200,0,0,1628368|1630170|1641705|1642264|1642844
Shot Chart Detail,0042500154,192,1631101,Shaedon Sharpe,1610612759,Portland Trail Blazers,2,11,43,Missed Shot,Step Back Jump shot,2PT Field Goal,Mid-Range,Center(C),16-24 ft.,19,-5,195,1,0,20260426,POR,SAS,42500154192,7370,0,0,203084|1628368|1641705|1642844|1642868
Shot Chart Detail,0042500154,197,1629057,Robert Williams III,1610612759,Portland Trail Blazers,2,11,4,Missed Shot,Alley Oop Dunk Shot,2PT Field Goal,Restricted Area,Center(C),Less Than 8 ft.,0,6,-1,1,0,20260426,POR,SAS,42500154197,7760,0,0,203084|1628368|1641705|1642844|1642868
Shot Chart Detail,0042500154,209,1631200,Kris Murray,1610612759,Portland Trail Blazers,2,10,13,Missed Shot,Jump Shot,3PT Field Goal,Right Corner 3,Right Side(R),24+ ft.,23,229,39,1,0,20260426,POR,SAS,42500154209,8270,0,0,203084|1628368|1641705|1642844|1642868
Shot Chart Detail,0042500154,219,201950,Jrue Holiday,1610612759,Portland Trail Blazers,2,9,30,Made Shot,Pullup Jump shot,3PT Field Goal,Above the Break 3,Right Side Center(RC),24+ ft.,29,147,257,1,1,20260426,POR,SAS,42500154219,8700,0,1,203084|1628368|1641705|1642844|1642868
Shot Chart Detail,0042500154,229,203924,Jerami Grant,1610612759,Portland Trail Blazers,2,8,35,Made Shot,Driving Reverse Layup Shot,2PT Field Goal,Restricted Area,Center(C),Less Than 8 ft.,1,9,16,1,1,20260426,POR,SAS,42500154229,9250,0,0,203084|1641705|1642264|1642844|1642868
Shot Chart Detail,0042500154,232,1630166,Deni Avdija,1610612759,Portland Trail Blazers,2,8,10,Missed Shot,Fadeaway Jump Shot,2PT Field Goal,Mid-Range,Left Side(L),8-16 ft.,13,-131,46,1,0,20260426,POR,SAS,42500154232,9500,0,0,203084|1641705|1642264|1642844|1642868
Shot Chart Detail,0042500154,245,1630166,Deni Avdija,1610612759,Portland Trail Blazers,2,7,41,Made Shot,Driving Reverse Layup Shot,2PT Field Goal,Restricted Area,Center(C),Less Than 8 ft.,1,-10,4,1,1,20260426,POR,SAS,42500154245,9790,0,1,1628436|1629640|1642264|1642844|1642868
Shot Chart Detail,0042500154,258,1629057,Robert Williams III,1610612759,Portland Trail Blazers,2,7,12,Made Shot,Alley Oop Dunk Shot,2PT Field Goal,Restricted Area,Center(C),Less Than 8 ft.,1,-16,11,1,1,20260426,POR,SAS,42500154258,10080,0,1,1628436|1629640|1630170|1630577|1642264
Shot Chart Detail,0042500154,272,203924,Jerami Grant,1610612759,Portland Trail Blazers,2,6,39,Made Shot,Jump Shot,3PT Field Goal,Above the Break 3,Left Side Center(LC),24+ ft.,25,-191,164,1,1,20260426,POR,SAS,42500154272,10410,0,1,1628368|1628436|1629640|1630170|1630577
Shot Chart Detail,0042500154,276,1641739,Toumani Camara,1610612759,Portland Trail Blazers,2,6,17,Made Shot,Jump Shot,3PT Field Goal,Above the Break 3,Right Side Center(RC),24+ ft.,24,213,120,1,1,20260426,POR,SAS,42500154276,10630,0,1,1628368|1628436|1629640|1630170|1630577
Shot Chart Detail,0042500154,280,1630166,Deni Avdija,1610612759,Portland Trail Blazers,2,5,30,Made Shot,Fadeaway Jump Shot,2PT Field Goal,Mid-Range,Center(C),16-24 ft.,20,10,200,1,1,20260426,POR,SAS,42500154280,11100,0,0,1628368|1628436|1629640|1630170|1630577
Shot Chart Detail,0042500154,290,1630166,Deni Avdija,1610612759,Portland Trail Blazers,2,4,51,Made Shot,Driving Finger Roll Layup Shot,2PT Field Goal,Restricted Area,Center(C),Less Than 8 ft.,1,12,5,1,1,20260426,POR,SAS,42500154290,11490,0,0,1628368|1628436|1630170|1630577|1642844
Shot Chart Detail,0042500154,304,201950,Jrue Holiday,1610612759,Portland Trail Blazers,2,3,14,Missed Shot,Driving Bank Hook Shot,2PT Field Goal,In The Paint (Non-RA),Center(C),Less Than 8 ft.,4,-42,25,1,0,20260426,POR,SAS,42500154304,12460,0,0,1628368|1630170|1630577|1641705|1642844
Shot Chart Detail,0042500154,307,201950,Jrue Holiday,1610612759,Portland Trail Blazers,2,3,10,Made Shot,Step Back Jump shot,3PT Field Goal,Left Corner 3,Left Side(L),24+ ft.,23,-234,17,1,1,20260426,POR,SAS,42500154307,12500,0,1,1628368|1630170|1630577|1641705|1642844
Shot Chart Detail,0042500154,322,1630703,Scoot Henderson,1610612759,Portland Trail Blazers,2,2,14,Missed Shot,Step Back Jump shot,3PT Field Goal,Above the Break 3,Left Side Center(LC),24+ ft.,26,-162,205,1,0,20260426,POR,SAS,42500154322,13060,0,0,1628368|1630170|1630577|1641705|1642264
Shot Chart Detail,0042500154,339,201950,Jrue Holiday,1610612759,Portland Trail Blazers,2,1,29,Made Shot,Pullup Jump shot,2PT Field Goal,In The Paint (Non-RA),Center(C),8-16 ft.,9,10,90,1,1,20260426,POR,SAS,42500154339,13510,0,0,1628368|1630170|1630577|1641705|1642844
Shot Chart Detail,0042500154,342,1642270,Donovan Clingan,1610612759,Portland Trail Blazers,2,1,0,Made Shot,Jump Shot,3PT Field Goal,Above the Break 3,Center(C),24+ ft.,25,2,259,1,1,20260426,POR,SAS,42500154342,13800,0,1,1628368|1630170|1630577|1641705|1642844
Shot Chart Detail,0042500154,350,1630166,Deni Avdija,1610612759,Portland Trail Blazers,2,0,34,Missed Shot,Running Layup Shot,2PT Field Goal,Restricted Area,Center(C),Less Than 8 ft.,2,2,27,1,0,20260426,POR,SAS,42500154350,14060,0,0,1628368|1630170|1630577|1641705|1642844
Shot Chart Detail,0042500154,353,1642270,Donovan Clingan,1610612759,Portland Trail Blazers,2,0,22,Missed Shot,Jump Shot,3PT Field Goal,Above the Break 3,Left Side Center(LC),24+ ft.,28,-147,249,1,0,20260426,POR,SAS,42500154353,14180,0,0,1628368|1630170|1630577|1641705|1642844
Shot Chart Detail,0042500154,369,1630703,Scoot Henderson,1610612759,Portland Trail Blazers,3,11,45,Missed Shot,Jump Shot,3PT Field Goal,Above the Break 3,Right Side Center(RC),24+ ft.,26,172,205,1,0,20260426,POR,SAS,42500154369,14550,0,0,1628368|1630170|1630577|1641705|1642264
Shot Chart Detail,0042500154,375,201950,Jrue Holiday,1610612759,Portland Trail Blazers,3,11,15,Missed Shot,Pullup Jump shot,2PT Field Goal,Mid-Range,Left Side(L),8-16 ft.,13,-128,31,1,0,20260426,POR,SAS,42500154375,14850,0,0,1628368|1630170|1630577|1641705|1642264
Shot Chart Detail,0042500154,380,1630166,Deni Avdija,1610612759,Portland Trail Blazers,3,10,58,Missed Shot,Driving Floating Jump Shot,2PT Field Goal,Restricted Area,Center(C),Less Than 8 ft.,3,31,9,1,0,20260426,POR,SAS,42500154380,15020,0,0,1628368|1630170|1630577|1641705|1642264
Shot Chart Detail,0042500154,386,201950,Jrue Holiday,1610612759,Portland Trail Blazers,3,10,42,Missed Shot,Pullup Jump shot,3PT Field Goal,Above the Break 3,Left Side Center(LC),24+ ft.,25,-225,116,1,0,20260426,POR,SAS,42500154386,15180,0,0,1628368|1630170|1630577|1641705|1642264
Shot Chart Detail,0042500154,391,1642270,Donovan Clingan,1610612759,Portland Trail Blazers,3,10,14,Missed Shot,Jump Shot,3PT Field Goal,Above the Break 3,Left Side Center(LC),24+ ft.,24,-203,141,1,0,20260426,POR,SAS,42500154391,15460,0,0,1628368|1630170|1630577|1641705|1642264
Shot Chart Detail,0042500154,402,1630703,Scoot Henderson,1610612759,Portland Trail Blazers,3,9,5,Missed Shot,Pullup Jump shot,2PT Field Goal,Mid-Range,Left Side Center(LC),16-24 ft.,17,-91,152,1,0,20260426,POR,SAS,42500154402,16150,0,0,1628368|1630170|1630577|1641705|1642264
Shot Chart Detail,0042500154,406,1642270,Donovan Clingan,1610612759,Portland Trail Blazers,3,8,38,Missed Shot,Jump Shot,3PT Field Goal,Above the Break 3,Center(C),24+ ft.,25,9,255,1,0,20260426,POR,SAS,42500154406,16420,0,0,1628368|1630170|1630577|1641705|1642264
Shot Chart Detail,0042500154,412,1630703,Scoot Henderson,1610612759,Portland Trail Blazers,3,8,24,Missed Shot,Pullup Jump shot,2PT Field Goal,Mid-Range,Left Side Center(LC),16-24 ft.,18,-94,159,1,0,20260426,POR,SAS,42500154412,16560,0,0,1628368|1630170|1630577|1641705|1642264
Shot Chart Detail,0042500154,416,1641739,Toumani Camara,1610612759,Portland Trail Blazers,3,7,49,Missed Shot,Step Back Jump shot,3PT Field Goal,Above the Break 3,Left Side Center(LC),24+ ft.,24,-230,89,1,0,20260426,POR,SAS,42500154416,16910,0,0,1628368|1630170|1630577|1641705|1642264
Shot Chart Detail,0042500154,424,1630166,Deni Avdija,1610612759,Portland Trail Blazers,3,7,32,Made Shot,Running Layup Shot,2PT Field Goal,Restricted Area,Center(C),Less Than 8 ft.,0,4,4,1,1,20260426,POR,SAS,42500154424,17080,0,0,1628368|1630170|1630577|1641705|1642264
Shot Chart Detail,0042500154,427,201950,Jrue Holiday,1610612759,Portland Trail Blazers,3,7,10,Made Shot,Driving Floating Jump Shot,2PT Field Goal,In The Paint (Non-RA),Center(C),Less Than 8 ft.,4,-2,40,1,1,20260426,POR,SAS,42500154427,17300,0,0,1628368|1630170|1630577|1641705|1642264
Shot Chart Detail,0042500154,447,201950,Jrue Holiday,1610612759,Portland Trail Blazers,3,5,59,Missed Shot,Step Back Jump shot,3PT Field Goal,Above the Break 3,Right Side Center(RC),24+ ft.,25,135,215,1,0,20260426,POR,SAS,42500154447,18010,0,0,1628436|1629640|1630170|1642264|1642844
Shot Chart Detail,0042500154,451,1641739,Toumani Camara,1610612759,Portland Trail Blazers,3,5,28,Missed Shot,Jump Shot,3PT Field Goal,Above the Break 3,Right Side Center(RC),24+ ft.,24,168,185,1,0,20260426,POR,SAS,42500154451,18320,0,0,1628436|1629640|1630170|1642264|1642844
Shot Chart Detail,0042500154,462,203924,Jerami Grant,1610612759,Portland Trail Blazers,3,4,57,Missed Shot,Pullup Jump shot,2PT Field Goal,Mid-Range,Right Side Center(RC),16-24 ft.,18,86,159,1,0,20260426,POR,SAS,42500154462,18630,0,0,1628436|1629640|1630170|1642264|1642844
Shot Chart Detail,0042500154,465,1631101,Shaedon Sharpe,1610612759,Portland Trail Blazers,3,4,22,Missed Shot,Pullup Jump shot,3PT Field Goal,Above the Break 3,Left Side Center(LC),24+ ft.,25,-185,176,1,0,20260426,POR,SAS,42500154465,18980,0,0,1628436|1629640|1630170|1642264|1642844
Shot Chart Detail,0042500154,469,201950,Jrue Holiday,1610612759,Portland Trail Blazers,3,3,51,Made Shot,Step Back Jump shot,3PT Field Goal,Above the Break 3,Left Side Center(LC),24+ ft.,25,-100,237,1,1,20260426,POR,SAS,42500154469,19290,0,0,1628436|1629640|1630170|1642264|1642844
Shot Chart Detail,0042500154,472,201950,Jrue Holiday,1610612759,Portland Trail Blazers,3,3,10,Made Shot,Fadeaway Jump Shot,2PT Field Goal,Mid-Range,Right Side(R),16-24 ft.,19,198,20,1,1,20260426,POR,SAS,42500154472,19700,0,0,1628436|1629640|1630170|1642264|1642844
Shot Chart Detail,0042500154,487,1629057,Robert Williams III,1610612759,Portland Trail Blazers,3,2,16,Missed Shot,Layup Shot,2PT Field Goal,Restricted Area,Center(C),Less Than 8 ft.,2,-23,3,1,0,20260426,POR,SAS,42500154487,20240,0,0,203084|1628368|1629640|1630170|1641705
Shot Chart Detail,0042500154,494,201950,Jrue Holiday,1610612759,Portland Trail Blazers,3,1,48,Missed Shot,Step Back Jump shot,3PT Field Goal,Left Corner 3,Left Side(L),24+ ft.,22,-223,26,1,0,20260426,POR,SAS,42500154494,20520,0,0,203084|1628368|1629640|1630170|1641705
Shot Chart Detail,0042500154,499,1630166,Deni Avdija,1610612759,Portland Trail Blazers,3,1,41,Made Shot,Driving Reverse Layup Shot,2PT Field Goal,Restricted Area,Center(C),Less Than 8 ft.,1,6,10,1,1,20260426,POR,SAS,42500154499,20590,0,1,203084|1628368|1629640|1630577|1641705
Shot Chart Detail,0042500154,509,1630166,Deni Avdija,1610612759,Portland Trail Blazers,3,1,15,Missed Shot,Driving Floating Jump Shot,2PT Field Goal,In The Paint (Non-RA),Center(C),Less Than 8 ft.,5,-6,55,1,0,20260426,POR,SAS,42500154509,20850,0,0,203084|1628368|1630577|1641705|1642844
Shot Chart Detail,0042500154,515,203924,Jerami Grant,1610612759,Portland Trail Blazers,3,0,49,Missed Shot,Driving Layup Shot,2PT Field Goal,Restricted Area,Center(C),Less Than 8 ft.,3,9,38,1,0,20260426,POR,SAS,42500154515,21110,0,0,203084|1628368|1630577|1641705|1642844
Shot Chart Detail,0042500154,518,1631101,Shaedon Sharpe,1610612759,Portland Trail Blazers,3,0,46,Made Shot,Putback Layup Shot,2PT Field Goal,In The Paint (Non-RA),Center(C),Less Than 8 ft.,6,61,20,1,1,20260426,POR,SAS,42500154518,21140,0,0,203084|1628368|1630577|1641705|1642844
Shot Chart Detail,0042500154,520,1630166,Deni Avdija,1610612759,Portland Trail Blazers,3,0,11,Made Shot,Jump Shot,3PT Field Goal,Above the Break 3,Left Side Center(LC),24+ ft.,28,-104,260,1,1,20260426,POR,SAS,42500154520,21490,0,1,203084|1628368|1630577|1641705|1642844
Shot Chart Detail,0042500154,539,1642270,Donovan Clingan,1610612759,Portland Trail Blazers,4,11,26,Missed Shot,Jump Shot,3PT Field Goal,Left Corner 3,Left Side(L),24+ ft.,22,-228,11,1,0,20260426,POR,SAS,42500154539,21940,0,0,203084|1628368|1630577|1641705|1642264
Shot Chart Detail,0042500154,553,203924,Jerami Grant,1610612759,Portland Trail Blazers,4,10,4,Made Shot,Fadeaway Jump Shot,2PT Field Goal,In The Paint (Non-RA),Left Side(L),8-16 ft.,11,-74,88,1,1,20260426,POR,SAS,42500154553,22760,0,0,203084|1628368|1630577|1641705|1642264
Shot Chart Detail,0042500154,590,203924,Jerami Grant,1610612759,Portland Trail Blazers,4,8,1,Missed Shot,Step Back Jump shot,2PT Field Goal,Mid-Range,Right Side Center(RC),16-24 ft.,17,70,155,1,0,20260426,POR,SAS,42500154590,23990,0,0,1628368|1628436|1629640|1630577|1642844
Shot Chart Detail,0042500154,601,203924,Jerami Grant,1610612759,Portland Trail Blazers,4,6,54,Made Shot,Driving Layup Shot,2PT Field Goal,Restricted Area,Center(C),Less Than 8 ft.,0,-9,-2,1,1,20260426,POR,SAS,42500154601,24660,0,0,1628368|1628436|1629640|1630577|1642844
Shot Chart Detail,0042500154,633,203924,Jerami Grant,1610612759,Portland Trail Blazers,4,5,8,Missed Shot,Jump Shot,3PT Field Goal,Left Corner 3,Left Side(L),24+ ft.,24,-241,-2,1,0,20260426,POR,SAS,42500154633,25720,0,0,1628368|1629640|1630170|1641705|1642844
Shot Chart Detail,0042500154,649,1630166,Deni Avdija,1610612759,Portland Trail Blazers,4,4,10,Made Shot,Jump Shot,3PT Field Goal,Above the Break 3,Right Side Center(RC),24+ ft.,25,157,204,1,1,20260426,POR,SAS,42500154649,26300,0,1,1628368|1629640|1630170|1641705|1642844
Shot Chart Detail,0042500154,662,1631321,Sidy Cissoko,1610612759,Portland Trail Blazers,4,3,31,Missed Shot,Turnaround Fadeaway shot,2PT Field Goal,Mid-Range,Left Side Center(LC),16-24 ft.,18,-102,155,1,0,20260426,POR,SAS,42500154662,26690,0,0,1628368|1630170|1641705|1642264|1642844
Shot Chart Detail,0042500154,676,1631321,Sidy Cissoko,1610612759,Portland Trail Blazers,4,2,35,Missed Shot,Layup Shot,2PT Field Goal,Restricted Area,Center(C),Less Than 8 ft.,1,-16,1,1,0,20260426,POR,SAS,42500154676,27250,0,0,1628368|1630170|1630577|1641705|1642264
Shot Chart Detail,0042500154,678,203924,Jerami Grant,1610612759,Portland Trail Blazers,4,2,31,Made Shot,Tip Dunk Shot,2PT Field Goal,Restricted Area,Center(C),Less Than 8 ft.,0,0,0,1,1,20260426,POR,SAS,42500154678,27290,0,0,1628368|1630170|1630577|1641705|1642264
Shot Chart Detail,0042500154,689,1631321,Sidy Cissoko,1610612759,Portland Trail Blazers,4,1,54,Missed Shot,Jump Shot,3PT Field Goal,Right Corner 3,Right Side(R),24+ ft.,22,227,6,1,0,20260426,POR,SAS,42500154689,27660,0,0,1628368|1630170|1630577|1641705|1642264
Shot Chart Detail,0042500154,695,1630166,Deni Avdija,1610612759,Portland Trail Blazers,4,1,42,Missed Shot,Driving Finger Roll Layup Shot,2PT Field Goal,Restricted Area,Center(C),Less Than 8 ft.,1,13,11,1,0,20260426,POR,SAS,42500154695,27780,0,0,1628368|1630170|1630577|1641705|1642264
Shot Chart Detail,0042500154,731,1631200,Kris Murray,1610612759,Portland Trail Blazers,4,0,55,Made Shot,Driving Layup Shot,2PT Field Goal,Restricted Area,Center(C),Less Than 8 ft.,2,-22,11,1,1,20260426,POR,SAS,42500154731,28250,0,0,202687|203486|1629162|1630322|1642868
Shot Chart Detail,0042500155,8,201950,Jrue Holiday,1610612759,Portland Trail Blazers,1,11,18,Missed Shot,Cutting Finger Roll Layup Shot,2PT Field Goal,Restricted Area,Center(C),Less Than 8 ft.,1,-7,14,1,0,20260428,SAS,POR,425001558,420,0,0,1628368|1630170|1630577|1641705|1642264
Shot Chart Detail,0042500155,12,1641739,Toumani Camara,1610612759,Portland Trail Blazers,1,11,4,Missed Shot,Jump Shot,3PT Field Goal,Left Corner 3,Left Side(L),24+ ft.,23,-234,8,1,0,20260428,SAS,POR,4250015512,560,0,0,1628368|1630170|1630577|1641705|1642264
Shot Chart Detail,0042500155,17,1630166,Deni Avdija,1610612759,Portland Trail Blazers,1,10,52,Made Shot,Cutting Finger Roll Layup Shot,2PT Field Goal,Restricted Area,Center(C),Less Than 8 ft.,2,22,3,1,1,20260428,SAS,POR,4250015517,680,0,1,1628368|1630170|1630577|1641705|1642264
Shot Chart Detail,0042500155,30,1630166,Deni Avdija,1610612759,Portland Trail Blazers,1,9,57,Missed Shot,Jump Shot,3PT Field Goal,Above the Break 3,Center(C),24+ ft.,25,-78,247,1,0,20260428,SAS,POR,4250015530,1230,0,0,1628368|1630170|1630577|1641705|1642264
Shot Chart Detail,0042500155,32,1630703,Scoot Henderson,1610612759,Portland Trail Blazers,1,9,52,Missed Shot,Jump Shot,2PT Field Goal,Mid-Range,Center(C),8-16 ft.,15,17,158,1,0,20260428,SAS,POR,4250015532,1280,0,0,1628368|1630170|1630577|1641705|1642264
Shot Chart Detail,0042500155,38,1641739,Toumani Camara,1610612759,Portland Trail Blazers,1,9,14,Missed Shot,Driving Layup Shot,2PT Field Goal,Restricted Area,Center(C),Less Than 8 ft.,2,1,27,1,0,20260428,SAS,POR,4250015538,1660,0,0,1628368|1630170|1630577|1641705|1642264
Shot Chart Detail,0042500155,44,1642270,Donovan Clingan,1610612759,Portland Trail Blazers,1,10,28,Missed Shot,Alley Oop Layup shot,2PT Field Goal,Restricted Area,Center(C),Less Than 8 ft.,1,-13,14,1,0,20260428,SAS,POR,4250015544,920,0,0,1628368|1630170|1630577|1641705|1642264
Shot Chart Detail,0042500155,46,1630166,Deni Avdija,1610612759,Portland Trail Blazers,1,8,50,Made Shot,Driving Layup Shot,2PT Field Goal,Restricted Area,Center(C),Less Than 8 ft.,2,21,3,1,1,20260428,SAS,POR,4250015546,1900,0,1,1628368|1630170|1630577|1641705|1642264
Shot Chart Detail,0042500155,50,1641739,Toumani Camara,1610612759,Portland Trail Blazers,1,8,16,Missed Shot,Jump Shot,3PT Field Goal,Above the Break 3,Left Side Center(LC),24+ ft.,24,-153,194,1,0,20260428,SAS,POR,4250015550,2240,0,0,1628368|1630170|1630577|1641705|1642264
Shot Chart Detail,0042500155,57,201950,Jrue Holiday,1610612759,Portland Trail Blazers,1,7,46,Missed Shot,Pullup Jump shot,2PT Field Goal,Mid-Range,Left Side(L),8-16 ft.,11,-97,56,1,0,20260428,SAS,POR,4250015557,2540,0,0,1628368|1630170|1630577|1641705|1642264
Shot Chart Detail,0042500155,59,1642270,Donovan Clingan,1610612759,Portland Trail Blazers,1,7,44,Made Shot,Putback Layup Shot,2PT Field Goal,Restricted Area,Center(C),Less Than 8 ft.,0,0,0,1,1,20260428,SAS,POR,4250015559,2560,0,0,1628368|1630170|1630577|1641705|1642264
Shot Chart Detail,0042500155,62,1630166,Deni Avdija,1610612759,Portland Trail Blazers,1,7,20,Made Shot,Running Finger Roll Layup Shot,2PT Field Goal,Restricted Area,Center(C),Less Than 8 ft.,1,-18,3,1,1,20260428,SAS,POR,4250015562,2800,0,0,1628368|1630170|1630577|1641705|1642264
Shot Chart Detail,0042500155,71,1642270,Donovan Clingan,1610612759,Portland Trail Blazers,1,7,0,Missed Shot,Jump Shot,3PT Field Goal,Above the Break 3,Right Side Center(RC),24+ ft.,25,163,197,1,0,20260428,SAS,POR,4250015571,3000,0,0,1628368|1628436|1630170|1630577|1642264
Shot Chart Detail,0042500155,73,1641739,Toumani Camara,1610612759,Portland Trail Blazers,1,6,59,Made Shot,Tip Layup Shot,2PT Field Goal,Restricted Area,Center(C),Less Than 8 ft.,0,0,0,1,1,20260428,SAS,POR,4250015573,3010,0,0,1628368|1628436|1630170|1630577|1642264
Shot Chart Detail,0042500155,76,1630703,Scoot Henderson,1610612759,Portland Trail Blazers,1,6,37,Made Shot,Running Pull-Up Jump Shot,3PT Field Goal,Above the Break 3,Center(C),24+ ft.,25,-60,246,1,1,20260428,SAS,POR,4250015576,3230,0,0,1628368|1628436|1630170|1630577|1642264
Shot Chart Detail,0042500155,78,1630703,Scoot Henderson,1610612759,Portland Trail Blazers,1,6,3,Missed Shot,Fadeaway Jump Shot,2PT Field Goal,In The Paint (Non-RA),Left Side(L),8-16 ft.,13,-75,115,1,0,20260428,SAS,POR,4250015578,3570,0,0,1628368|1628436|1630170|1630577|1642264
Shot Chart Detail,0042500155,82,203924,Jerami Grant,1610612759,Portland Trail Blazers,1,5,39,Made Shot,Pullup Jump shot,2PT Field Goal,Mid-Range,Left Side(L),8-16 ft.,11,-110,27,1,1,20260428,SAS,POR,4250015582,3810,0,1,1628368|1628436|1630170|1630577|1642264
Shot Chart Detail,0042500155,86,1630166,Deni Avdija,1610612759,Portland Trail Blazers,1,5,13,Made Shot,Driving Finger Roll Layup Shot,2PT Field Goal,Restricted Area,Center(C),Less Than 8 ft.,1,-2,17,1,1,20260428,SAS,POR,4250015586,4070,0,0,1628368|1628436|1630170|1630577|1642264
Shot Chart Detail,0042500155,105,1630166,Deni Avdija,1610612759,Portland Trail Blazers,1,4,7,Missed Shot,Pullup Jump shot,3PT Field Goal,Above the Break 3,Center(C),24+ ft.,25,-62,252,1,0,20260428,SAS,POR,42500155105,4730,0,0,1628436|1629640|1630170|1642264|1642844
Shot Chart Detail,0042500155,115,1631321,Sidy Cissoko,1610612759,Portland Trail Blazers,1,3,25,Made Shot,Driving Layup Shot,2PT Field Goal,Restricted Area,Center(C),Less Than 8 ft.,3,-31,-2,1,1,20260428,SAS,POR,42500155115,5150,0,1,1628436|1629640|1630170|1642264|1642844
Shot Chart Detail,0042500155,120,203924,Jerami Grant,1610612759,Portland Trail Blazers,1,2,56,Missed Shot,Driving Layup Shot,2PT Field Goal,Restricted Area,Center(C),Less Than 8 ft.,2,27,4,1,0,20260428,SAS,POR,42500155120,5440,0,0,1628436|1629640|1630170|1642264|1642844
Shot Chart Detail,0042500155,124,1629057,Robert Williams III,1610612759,Portland Trail Blazers,1,2,54,Made Shot,Tip Layup Shot,2PT Field Goal,Restricted Area,Center(C),Less Than 8 ft.,0,0,0,1,1,20260428,SAS,POR,42500155124,5460,0,0,1628436|1629640|1630170|1642264|1642844
Shot Chart Detail,0042500155,126,201950,Jrue Holiday,1610612759,Portland Trail Blazers,1,2,27,Missed Shot,Pullup Jump shot,3PT Field Goal,Above the Break 3,Left Side Center(LC),24+ ft.,24,-175,176,1,0,20260428,SAS,POR,42500155126,5730,0,0,1628436|1629640|1630170|1642264|1642844
Shot Chart Detail,0042500155,130,1629680,Matisse Thybulle,1610612759,Portland Trail Blazers,1,2,1,Missed Shot,Jump Shot,3PT Field Goal,Above the Break 3,Left Side Center(LC),24+ ft.,24,-146,199,1,0,20260428,SAS,POR,42500155130,5990,0,0,1628436|1629640|1630170|1642264|1642844
Shot Chart Detail,0042500155,132,201950,Jrue Holiday,1610612759,Portland Trail Blazers,1,1,52,Missed Shot,Step Back Jump shot,3PT Field Goal,Above the Break 3,Right Side Center(RC),24+ ft.,25,216,131,1,0,20260428,SAS,POR,42500155132,6080,0,0,1628436|1629640|1630170|1642264|1642844
Shot Chart Detail,0042500155,136,1629680,Matisse Thybulle,1610612759,Portland Trail Blazers,1,1,39,Missed Shot,Pullup Jump shot,3PT Field Goal,Above the Break 3,Left Side Center(LC),24+ ft.,25,-194,161,1,0,20260428,SAS,POR,42500155136,6210,0,0,1628436|1629640|1630170|1642264|1642844
Shot Chart Detail,0042500155,141,201950,Jrue Holiday,1610612759,Portland Trail Blazers,1,1,19,Missed Shot,Running Layup Shot,2PT Field Goal,Restricted Area,Center(C),Less Than 8 ft.,1,13,3,1,0,20260428,SAS,POR,42500155141,6410,0,0,1628436|1629640|1630170|1642264|1642844
Shot Chart Detail,0042500155,153,1629680,Matisse Thybulle,1610612759,Portland Trail Blazers,1,1,17,Missed Shot,Jump Shot,3PT Field Goal,Left Corner 3,Left Side(L),24+ ft.,23,-230,-4,1,0,20260428,SAS,POR,42500155153,6430,0,0,203084|1628368|1629640|1641705|1642844
Shot Chart Detail,0042500155,157,1629057,Robert Williams III,1610612759,Portland Trail Blazers,1,1,4,Missed Shot,Layup Shot,2PT Field Goal,Restricted Area,Center(C),Less Than 8 ft.,2,2,25,1,0,20260428,SAS,POR,42500155157,6560,0,0,203084|1628368|1629640|1641705|1642844
Shot Chart Detail,0042500155,159,1629057,Robert Williams III,1610612759,Portland Trail Blazers,1,1,2,Missed Shot,Tip Layup Shot,2PT Field Goal,Restricted Area,Center(C),Less Than 8 ft.,0,0,0,1,0,20260428,SAS,POR,42500155159,6580,0,0,203084|1628368|1629640|1641705|1642844
Shot Chart Detail,0042500155,168,1629057,Robert Williams III,1610612759,Portland Trail Blazers,1,0,5,Made Shot,Jump Shot,3PT Field Goal,Right Corner 3,Right Side(R),24+ ft.,23,233,6,1,1,20260428,SAS,POR,42500155168,7150,0,1,203084|1628368|1629640|1641705|1642844
Shot Chart Detail,0042500155,176,1630166,Deni Avdija,1610612759,Portland Trail Blazers,2,11,45,Made Shot,Driving Layup Shot,2PT Field Goal,Restricted Area,Center(C),Less Than 8 ft.,1,12,-5,1,1,20260428,SAS,POR,42500155176,7350,0,1,203084|1628368|1629640|1641705|1642844
Shot Chart Detail,0042500155,183,1641739,Toumani Camara,1610612759,Portland Trail Blazers,2,10,46,Missed Shot,Jump Shot,3PT Field Goal,Left Corner 3,Left Side(L),24+ ft.,23,-239,4,1,0,20260428,SAS,POR,42500155183,7940,0,0,203084|1628368|1629640|1641705|1642844
Shot Chart Detail,0042500155,186,201950,Jrue Holiday,1610612759,Portland Trail Blazers,2,10,23,Missed Shot,Driving Layup Shot,2PT Field Goal,Restricted Area,Center(C),Less Than 8 ft.,1,10,9,1,0,20260428,SAS,POR,42500155186,8170,0,0,203084|1628368|1629640|1641705|1642844
Shot Chart Detail,0042500155,198,1629057,Robert Williams III,1610612759,Portland Trail Blazers,2,9,31,Missed Shot,Jump Shot,3PT Field Goal,Left Corner 3,Left Side(L),24+ ft.,22,-224,36,1,0,20260428,SAS,POR,42500155198,8690,0,0,203084|1628368|1629640|1641705|1642844
Shot Chart Detail,0042500155,202,1629057,Robert Williams III,1610612759,Portland Trail Blazers,2,9,13,Made Shot,Jump Shot,2PT Field Goal,Mid-Range,Center(C),8-16 ft.,14,1,146,1,1,20260428,SAS,POR,42500155202,8870,0,1,203084|1628368|1629640|1641705|1642844
Shot Chart Detail,0042500155,206,1630703,Scoot Henderson,1610612759,Portland Trail Blazers,2,8,35,Missed Shot,Pullup Jump shot,3PT Field Goal,Left Corner 3,Left Side(L),24+ ft.,23,-230,16,1,0,20260428,SAS,POR,42500155206,9250,0,0,203084|1628368|1629640|1641705|1642844
Shot Chart Detail,0042500155,222,1642270,Donovan Clingan,1610612759,Portland Trail Blazers,2,8,2,Missed Shot,Jump Shot,3PT Field Goal,Above the Break 3,Center(C),24+ ft.,26,9,260,1,0,20260428,SAS,POR,42500155222,9580,0,0,203084|1630577|1641705|1642264|1642844
Shot Chart Detail,0042500155,234,201950,Jrue Holiday,1610612759,Portland Trail Blazers,2,7,5,Missed Shot,Step Back Jump shot,3PT Field Goal,Above the Break 3,Left Side Center(LC),24+ ft.,25,-83,245,1,0,20260428,SAS,POR,42500155234,10150,0,0,203084|1630577|1641705|1642264|1642844
Shot Chart Detail,0042500155,236,1631101,Shaedon Sharpe,1610612759,Portland Trail Blazers,2,7,0,Missed Shot,Fadeaway Jump Shot,2PT Field Goal,Mid-Range,Right Side Center(RC),16-24 ft.,19,132,147,1,0,20260428,SAS,POR,42500155236,10200,0,0,203084|1630577|1641705|1642264|1642844
Shot Chart Detail,0042500155,245,1631101,Shaedon Sharpe,1610612759,Portland Trail Blazers,2,6,20,Made Shot,Step Back Jump shot,3PT Field Goal,Above the Break 3,Center(C),24+ ft.,27,29,276,1,1,20260428,SAS,POR,42500155245,10600,0,1,203084|1630577|1641705|1642264|1642844
Shot Chart Detail,0042500155,249,201950,Jrue Holiday,1610612759,Portland Trail Blazers,2,5,47,Made Shot,Driving Layup Shot,2PT Field Goal,Restricted Area,Center(C),Less Than 8 ft.,1,-16,3,1,1,20260428,SAS,POR,42500155249,10930,0,0,203084|1630577|1641705|1642264|1642844
Shot Chart Detail,0042500155,252,1631321,Sidy Cissoko,1610612759,Portland Trail Blazers,2,5,22,Missed Shot,Jump Shot,3PT Field Goal,Right Corner 3,Right Side(R),24+ ft.,22,228,6,1,0,20260428,SAS,POR,42500155252,11180,0,0,203084|1630577|1641705|1642264|1642844
Shot Chart Detail,0042500155,259,1631101,Shaedon Sharpe,1610612759,Portland Trail Blazers,2,4,48,Missed Shot,Jump Shot,3PT Field Goal,Above the Break 3,Left Side Center(LC),24+ ft.,25,-189,172,1,0,20260428,SAS,POR,42500155259,11520,0,0,1628436|1630170|1630577|1642264|1642844
Shot Chart Detail,0042500155,261,1631101,Shaedon Sharpe,1610612759,Portland Trail Blazers,2,4,33,Made Shot,Driving Layup Shot,2PT Field Goal,In The Paint (Non-RA),Center(C),Less Than 8 ft.,4,13,43,1,1,20260428,SAS,POR,42500155261,11670,0,1,1628436|1630170|1630577|1642264|1642844
Shot Chart Detail,0042500155,268,1642270,Donovan Clingan,1610612759,Portland Trail Blazers,2,4,1,Made Shot,Driving Dunk Shot,2PT Field Goal,Restricted Area,Center(C),Less Than 8 ft.,1,2,10,1,1,20260428,SAS,POR,42500155268,11990,0,1,1628368|1628436|1630170|1630577|1642264
Shot Chart Detail,0042500155,272,1631101,Shaedon Sharpe,1610612759,Portland Trail Blazers,2,3,32,Missed Shot,Step Back Jump shot,2PT Field Goal,Mid-Range,Left Side(L),8-16 ft.,14,-141,30,1,0,20260428,SAS,POR,42500155272,12280,0,0,1628368|1628436|1630170|1630577|1642264
Shot Chart Detail,0042500155,280,1642270,Donovan Clingan,1610612759,Portland Trail Blazers,2,2,36,Missed Shot,Cutting Dunk Shot,2PT Field Goal,Restricted Area,Center(C),Less Than 8 ft.,2,-5,26,1,0,20260428,SAS,POR,42500155280,12840,0,0,1628368|1628436|1630170|1630577|1642264
Shot Chart Detail,0042500155,292,201950,Jrue Holiday,1610612759,Portland Trail Blazers,2,2,6,Missed Shot,Driving Floating Jump Shot,2PT Field Goal,In The Paint (Non-RA),Center(C),8-16 ft.,8,40,77,1,0,20260428,SAS,POR,42500155292,13140,0,0,1628368|1628436|1630170|1630577|1642264
Shot Chart Detail,0042500155,312,1629057,Robert Williams III,1610612759,Portland Trail Blazers,2,1,11,Made Shot,Cutting Dunk Shot,2PT Field Goal,Restricted Area,Center(C),Less Than 8 ft.,1,-4,10,1,1,20260428,SAS,POR,42500155312,13690,0,1,1628368|1628436|1630170|1630577|1642264
Shot Chart Detail,0042500155,315,1629057,Robert Williams III,1610612759,Portland Trail Blazers,2,0,36,Missed Shot,Alley Oop Layup shot,2PT Field Goal,In The Paint (Non-RA),Center(C),Less Than 8 ft.,4,17,38,1,0,20260428,SAS,POR,42500155315,14040,0,0,1628368|1628436|1630170|1630577|1642264
Shot Chart Detail,0042500155,317,1630166,Deni Avdija,1610612759,Portland Trail Blazers,2,0,33,Made Shot,Jump Shot,3PT Field Goal,Above the Break 3,Center(C),24+ ft.,25,-37,250,1,1,20260428,SAS,POR,42500155317,14070,0,1,1628368|1628436|1630170|1630577|1642264
Shot Chart Detail,0042500155,339,1630166,Deni Avdija,1610612759,Portland Trail Blazers,3,11,47,Made Shot,Cutting Finger Roll Layup Shot,2PT Field Goal,Restricted Area,Center(C),Less Than 8 ft.,1,15,4,1,1,20260428,SAS,POR,42500155339,14530,0,1,1628368|1630170|1630577|1641705|1642264
Shot Chart Detail,0042500155,349,1642270,Donovan Clingan,1610612759,Portland Trail Blazers,3,11,3,Missed Shot,Jump Shot,3PT Field Goal,Above the Break 3,Right Side Center(RC),24+ ft.,25,146,211,1,0,20260428,SAS,POR,42500155349,14970,0,0,1628368|1630170|1630577|1641705|1642264
Shot Chart Detail,0042500155,355,201950,Jrue Holiday,1610612759,Portland Trail Blazers,3,10,17,Missed Shot,Pullup Jump shot,3PT Field Goal,Above the Break 3,Left Side Center(LC),24+ ft.,24,-201,139,1,0,20260428,SAS,POR,42500155355,15430,0,0,1628368|1630170|1630577|1641705|1642264
Shot Chart Detail,0042500155,362,1630166,Deni Avdija,1610612759,Portland Trail Blazers,3,9,57,Missed Shot,Jump Shot,3PT Field Goal,Above the Break 3,Left Side Center(LC),24+ ft.,26,-167,210,1,0,20260428,SAS,POR,42500155362,15630,0,0,1628368|1630170|1630577|1641705|1642264
Shot Chart Detail,0042500155,369,201950,Jrue Holiday,1610612759,Portland Trail Blazers,3,9,15,Missed Shot,Driving Floating Jump Shot,2PT Field Goal,Mid-Range,Left Side(L),8-16 ft.,10,-102,21,1,0,20260428,SAS,POR,42500155369,16050,0,0,1628368|1630170|1630577|1641705|1642264
Shot Chart Detail,0042500155,373,1630166,Deni Avdija,1610612759,Portland Trail Blazers,3,9,2,Missed Shot,Running Layup Shot,2PT Field Goal,Restricted Area,Center(C),Less Than 8 ft.,2,21,-6,1,0,20260428,SAS,POR,42500155373,16180,0,0,1628368|1630170|1630577|1641705|1642264
Shot Chart Detail,0042500155,377,1630166,Deni Avdija,1610612759,Portland Trail Blazers,3,8,53,Missed Shot,Fadeaway Jump Shot,2PT Field Goal,Mid-Range,Right Side(R),8-16 ft.,10,104,-13,1,0,20260428,SAS,POR,42500155377,16270,0,0,1628368|1630170|1630577|1641705|1642264
Shot Chart Detail,0042500155,399,1630703,Scoot Henderson,1610612759,Portland Trail Blazers,3,8,13,Made Shot,Running Dunk Shot,2PT Field Goal,Restricted Area,Center(C),Less Than 8 ft.,0,1,4,1,1,20260428,SAS,POR,42500155399,16670,0,1,1629640|1630577|1641705|1642264|1642844
Shot Chart Detail,0042500155,403,1641739,Toumani Camara,1610612759,Portland Trail Blazers,3,7,50,Made Shot,Jump Shot,3PT Field Goal,Above the Break 3,Left Side Center(LC),24+ ft.,24,-217,120,1,1,20260428,SAS,POR,42500155403,16900,0,1,1629640|1630577|1641705|1642264|1642844
Shot Chart Detail,0042500155,408,203924,Jerami Grant,1610612759,Portland Trail Blazers,3,7,19,Missed Shot,Driving Layup Shot,2PT Field Goal,Restricted Area,Center(C),Less Than 8 ft.,1,-18,8,1,0,20260428,SAS,POR,42500155408,17210,0,0,1629640|1630577|1641705|1642264|1642844
Shot Chart Detail,0042500155,413,203924,Jerami Grant,1610612759,Portland Trail Blazers,3,6,57,Made Shot,Jump Shot,3PT Field Goal,Above the Break 3,Center(C),24+ ft.,25,-6,258,1,1,20260428,SAS,POR,42500155413,17430,0,1,1629640|1630577|1641705|1642264|1642844
Shot Chart Detail,0042500155,417,203924,Jerami Grant,1610612759,Portland Trail Blazers,3,6,10,Missed Shot,Jump Shot,3PT Field Goal,Above the Break 3,Left Side Center(LC),24+ ft.,25,-194,170,1,0,20260428,SAS,POR,42500155417,17900,0,0,1629640|1630577|1641705|1642264|1642844
Shot Chart Detail,0042500155,434,1630703,Scoot Henderson,1610612759,Portland Trail Blazers,3,5,35,Missed Shot,Fadeaway Jump Shot,2PT Field Goal,In The Paint (Non-RA),Center(C),8-16 ft.,13,-65,113,1,0,20260428,SAS,POR,42500155434,18250,0,0,1628368|1628436|1629640|1630170|1642844
Shot Chart Detail,0042500155,467,1641739,Toumani Camara,1610612759,Portland Trail Blazers,3,3,44,Missed Shot,Jump Shot,3PT Field Goal,Above the Break 3,Left Side Center(LC),24+ ft.,26,-156,209,1,0,20260428,SAS,POR,42500155467,19360,0,0,1628368|1629640|1630170|1641705|1642844
Shot Chart Detail,0042500155,473,1629057,Robert Williams III,1610612759,Portland Trail Blazers,3,3,24,Made Shot,Reverse Dunk Shot,2PT Field Goal,Restricted Area,Center(C),Less Than 8 ft.,0,-5,-1,1,1,20260428,SAS,POR,42500155473,19560,0,1,1628368|1629640|1630170|1641705|1642844
Shot Chart Detail,0042500155,483,203924,Jerami Grant,1610612759,Portland Trail Blazers,3,2,59,Missed Shot,Fadeaway Jump Shot,2PT Field Goal,In The Paint (Non-RA),Center(C),8-16 ft.,9,17,90,1,0,20260428,SAS,POR,42500155483,19810,0,0,1628368|1629640|1630170|1641705|1642264
Shot Chart Detail,0042500155,503,1630249,Vít Krejčí,1610612759,Portland Trail Blazers,3,2,2,Made Shot,Jump Shot,2PT Field Goal,Mid-Range,Right Side Center(RC),16-24 ft.,18,81,163,1,1,20260428,SAS,POR,42500155503,20380,0,1,203084|1629640|1630170|1641705|1642264
Shot Chart Detail,0042500155,511,201950,Jrue Holiday,1610612759,Portland Trail Blazers,3,1,29,Missed Shot,Step Back Jump shot,3PT Field Goal,Above the Break 3,Left Side Center(LC),24+ ft.,25,-230,115,1,0,20260428,SAS,POR,42500155511,20710,0,0,203084|1629640|1630170|1641705|1642264
Shot Chart Detail,0042500155,519,1629680,Matisse Thybulle,1610612759,Portland Trail Blazers,3,1,13,Missed Shot,Jump Shot,3PT Field Goal,Above the Break 3,Left Side Center(LC),24+ ft.,24,-214,125,1,0,20260428,SAS,POR,42500155519,20870,0,0,203084|1629640|1630170|1641705|1642264
Shot Chart Detail,0042500155,521,1629057,Robert Williams III,1610612759,Portland Trail Blazers,3,1,5,Missed Shot,Jump Shot,3PT Field Goal,Above the Break 3,Center(C),24+ ft.,25,38,249,1,0,20260428,SAS,POR,42500155521,20950,0,0,203084|1629640|1630170|1641705|1642264
Shot Chart Detail,0042500155,523,1630249,Vít Krejčí,1610612759,Portland Trail Blazers,3,1,0,Missed Shot,Jump Shot,3PT Field Goal,Above the Break 3,Right Side Center(RC),24+ ft.,25,138,209,1,0,20260428,SAS,POR,42500155523,21000,0,0,203084|1629640|1630170|1641705|1642264
Shot Chart Detail,0042500155,527,1629680,Matisse Thybulle,1610612759,Portland Trail Blazers,3,0,57,Made Shot,Driving Layup Shot,2PT Field Goal,Restricted Area,Center(C),Less Than 8 ft.,1,18,-3,1,1,20260428,SAS,POR,42500155527,21030,0,0,203084|1629640|1630170|1641705|1642264
Shot Chart Detail,0042500155,530,1630166,Deni Avdija,1610612759,Portland Trail Blazers,3,0,32,Missed Shot,Pullup Jump shot,3PT Field Goal,Above the Break 3,Center(C),24+ ft.,26,-9,260,1,0,20260428,SAS,POR,42500155530,21280,0,0,203084|1629640|1630170|1641705|1642264
Shot Chart Detail,0042500155,552,1631321,Sidy Cissoko,1610612759,Portland Trail Blazers,4,11,29,Made Shot,Running Jump Shot,3PT Field Goal,Above the Break 3,Right Side Center(RC),24+ ft.,24,174,175,1,1,20260428,SAS,POR,42500155552,21910,0,1,203084|1628368|1630577|1641705|1642844
Shot Chart Detail,0042500155,556,1629680,Matisse Thybulle,1610612759,Portland Trail Blazers,4,10,59,Missed Shot,Jump Shot,3PT Field Goal,Left Corner 3,Left Side(L),24+ ft.,23,-235,26,1,0,20260428,SAS,POR,42500155556,22210,0,0,203084|1628368|1630577|1641705|1642844
Shot Chart Detail,0042500155,559,1642270,Donovan Clingan,1610612759,Portland Trail Blazers,4,10,31,Made Shot,Jump Shot,3PT Field Goal,Above the Break 3,Center(C),24+ ft.,25,72,244,1,1,20260428,SAS,POR,42500155559,22490,0,1,203084|1628368|1630577|1641705|1642844
Shot Chart Detail,0042500155,575,1642270,Donovan Clingan,1610612759,Portland Trail Blazers,4,9,29,Made Shot,Jump Shot,3PT Field Goal,Left Corner 3,Left Side(L),24+ ft.,23,-233,15,1,1,20260428,SAS,POR,42500155575,23110,0,1,203084|1628368|1630577|1641705|1642844
Shot Chart Detail,0042500155,589,1641739,Toumani Camara,1610612759,Portland Trail Blazers,4,8,56,Missed Shot,Jump Shot,3PT Field Goal,Left Corner 3,Left Side(L),24+ ft.,23,-237,-21,1,0,20260428,SAS,POR,42500155589,23440,0,0,1628368|1630170|1630577|1641705|1642264
Shot Chart Detail,0042500155,593,201950,Jrue Holiday,1610612759,Portland Trail Blazers,4,8,42,Made Shot,Pullup Jump shot,3PT Field Goal,Above the Break 3,Right Side Center(RC),24+ ft.,25,112,225,1,1,20260428,SAS,POR,42500155593,23580,0,0,1628368|1630170|1630577|1641705|1642264
Shot Chart Detail,0042500155,596,1631321,Sidy Cissoko,1610612759,Portland Trail Blazers,4,8,2,Made Shot,Pullup Jump shot,3PT Field Goal,Above the Break 3,Left Side Center(LC),24+ ft.,25,-203,149,1,1,20260428,SAS,POR,42500155596,23980,0,1,1628368|1630170|1630577|1641705|1642264
Shot Chart Detail,0042500155,601,1642270,Donovan Clingan,1610612759,Portland Trail Blazers,4,7,22,Missed Shot,Jump Shot,3PT Field Goal,Above the Break 3,Left Side Center(LC),24+ ft.,25,-195,165,1,0,20260428,SAS,POR,42500155601,24380,0,0,1628368|1630170|1630577|1641705|1642264
Shot Chart Detail,0042500155,603,1631321,Sidy Cissoko,1610612759,Portland Trail Blazers,4,7,21,Missed Shot,Tip Layup Shot,2PT Field Goal,Restricted Area,Center(C),Less Than 8 ft.,0,0,0,1,0,20260428,SAS,POR,42500155603,24390,0,0,1628368|1630170|1630577|1641705|1642264
Shot Chart Detail,0042500155,607,1630249,Vít Krejčí,1610612759,Portland Trail Blazers,4,6,59,Missed Shot,Jump Shot,3PT Field Goal,Above the Break 3,Right Side Center(RC),24+ ft.,25,135,214,1,0,20260428,SAS,POR,42500155607,24610,0,0,1628368|1630170|1630577|1641705|1642264
Shot Chart Detail,0042500155,626,1631321,Sidy Cissoko,1610612759,Portland Trail Blazers,4,6,17,Made Shot,Driving Dunk Shot,2PT Field Goal,Restricted Area,Center(C),Less Than 8 ft.,0,-7,-1,1,1,20260428,SAS,POR,42500155626,25030,0,1,1629640|1630170|1641705|1642264|1642844
Shot Chart Detail,0042500155,637,201950,Jrue Holiday,1610612759,Portland Trail Blazers,4,5,46,Made Shot,Driving Floating Bank Jump Shot,2PT Field Goal,Restricted Area,Center(C),Less Than 8 ft.,2,23,16,1,1,20260428,SAS,POR,42500155637,25340,0,1,1628368|1628436|1629640|1630170|1642844
Shot Chart Detail,0042500155,647,1642270,Donovan Clingan,1610612759,Portland Trail Blazers,4,5,11,Missed Shot,Jump Shot,3PT Field Goal,Above the Break 3,Right Side Center(RC),24+ ft.,26,99,244,1,0,20260428,SAS,POR,42500155647,25690,0,0,1628368|1630170|1641705|1642264|1642844
Shot Chart Detail,0042500155,668,1641739,Toumani Camara,1610612759,Portland Trail Blazers,4,4,0,Missed Shot,Jump Shot,3PT Field Goal,Above the Break 3,Center(C),24+ ft.,26,45,265,1,0,20260428,SAS,POR,42500155668,26400,0,0,1628368|1630170|1630577|1641705|1642844
Shot Chart Detail,0042500155,680,1630166,Deni Avdija,1610612759,Portland Trail Blazers,4,3,26,Missed Shot,Driving Floating Jump Shot,2PT Field Goal,In The Paint (Non-RA),Center(C),Less Than 8 ft.,6,-1,69,1,0,20260428,SAS,POR,42500155680,26740,0,0,1628368|1630170|1630577|1641705|1642844
Shot Chart Detail,0042500155,694,1630166,Deni Avdija,1610612759,Portland Trail Blazers,4,2,23,Missed Shot,Jump Shot,3PT Field Goal,Above the Break 3,Right Side Center(RC),24+ ft.,25,150,212,1,0,20260428,SAS,POR,42500155694,27370,0,0,1628368|1630170|1630577|1641705|1642844
Shot Chart Detail,0042500155,700,1641739,Toumani Camara,1610612759,Portland Trail Blazers,4,1,58,Missed Shot,Driving Layup Shot,2PT Field Goal,Restricted Area,Center(C),Less Than 8 ft.,2,22,2,1,0,20260428,SAS,POR,42500155700,27620,0,0,1628368|1630170|1630577|1641705|1642844
Shot Chart Detail,0042500155,746,1642905,Yang Hansen,1610612759,Portland Trail Blazers,4,0,56,Missed Shot,Pullup Jump shot,3PT Field Goal,Above the Break 3,Left Side Center(LC),24+ ft.,25,-153,201,1,0,20260428,SAS,POR,42500155746,28240,0,0,202687|203482|1629162|1630322|1642868
Shot Chart Detail,0042500155,750,1642905,Yang Hansen,1610612759,Portland Trail Blazers,4,0,26,Missed Shot,Jump Shot,3PT Field Goal,Above the Break 3,Right Side Center(RC),24+ ft.,25,175,189,1,0,20260428,SAS,POR,42500155750,28540,0,0,202687|203482|1629162|1630322|1642868
Shot Chart Detail,0042500231,7,1630545,Terrence Shannon Jr.,1610612759,Minnesota Timberwolves,1,11,38,Missed Shot,Driving Finger Roll Layup Shot,2PT Field Goal,Restricted Area,Center(C),Less Than 8 ft.,1,-5,10,1,0,20260504,SAS,MIN,425002317,220,0,0,1628368|1630170|1630577|1641705|1642264
Shot Chart Detail,0042500231,13,1630545,Terrence Shannon Jr.,1610612759,Minnesota Timberwolves,1,11,20,Missed Shot,Running Layup Shot,2PT Field Goal,Restricted Area,Center(C),Less Than 8 ft.,1,-5,17,1,0,20260504,SAS,MIN,4250023113,400,0,0,1628368|1630170|1630577|1641705|1642264
Shot Chart Detail,0042500231,18,201144,Mike Conley,1610612759,Minnesota Timberwolves,1,11,0,Missed Shot,Pullup Jump shot,3PT Field Goal,Above the Break 3,Right Side Center(RC),24+ ft.,25,92,239,1,0,20260504,SAS,MIN,4250023118,600,0,0,1628368|1630170|1630577|1641705|1642264
Shot Chart Detail,0042500231,24,1630183,Jaden McDaniels,1610612759,Minnesota Timberwolves,1,10,31,Missed Shot,Pullup Jump shot,2PT Field Goal,Mid-Range,Left Side Center(LC),16-24 ft.,16,-77,142,1,0,20260504,SAS,MIN,4250023124,890,0,0,1628368|1630170|1630577|1641705|1642264
Shot Chart Detail,0042500231,27,203497,Rudy Gobert,1610612759,Minnesota Timberwolves,1,10,0,Made Shot,Reverse Layup Shot,2PT Field Goal,Restricted Area,Center(C),Less Than 8 ft.,1,-1,10,1,1,20260504,SAS,MIN,4250023127,1200,0,1,1628368|1630170|1630577|1641705|1642264
Shot Chart Detail,0042500231,37,203497,Rudy Gobert,1610612759,Minnesota Timberwolves,1,9,34,Missed Shot,Driving Layup Shot,2PT Field Goal,Restricted Area,Center(C),Less Than 8 ft.,1,2,12,1,0,20260504,SAS,MIN,4250023137,1460,0,0,1628368|1630170|1630577|1641705|1642264
Shot Chart Detail,0042500231,42,1630183,Jaden McDaniels,1610612759,Minnesota Timberwolves,1,9,13,Made Shot,Cutting Layup Shot,2PT Field Goal,Restricted Area,Center(C),Less Than 8 ft.,1,-2,17,1,1,20260504,SAS,MIN,4250023142,1670,0,1,1628368|1630170|1630577|1641705|1642264
Shot Chart Detail,0042500231,46,1630183,Jaden McDaniels,1610612759,Minnesota Timberwolves,1,8,51,Made Shot,Pullup Jump shot,2PT Field Goal,In The Paint (Non-RA),Center(C),8-16 ft.,12,4,127,1,1,20260504,SAS,MIN,4250023146,1890,0,1,1628368|1630170|1630577|1641705|1642264
Shot Chart Detail,0042500231,53,1630183,Jaden McDaniels,1610612759,Minnesota Timberwolves,1,8,21,Missed Shot,Pullup Jump shot,3PT Field Goal,Above the Break 3,Left Side Center(LC),24+ ft.,25,-176,186,1,0,20260504,SAS,MIN,4250023153,2190,0,0,1628368|1630170|1630577|1641705|1642264
Shot Chart Detail,0042500231,56,203944,Julius Randle,1610612759,Minnesota Timberwolves,1,7,47,Missed Shot,Pullup Jump shot,3PT Field Goal,Above the Break 3,Center(C),24+ ft.,25,27,254,1,0,20260504,SAS,MIN,4250023156,2530,0,0,1628368|1630170|1630577|1641705|1642264
Shot Chart Detail,0042500231,60,201144,Mike Conley,1610612759,Minnesota Timberwolves,1,7,20,Missed Shot,Jump Shot,3PT Field Goal,Above the Break 3,Right Side Center(RC),24+ ft.,25,88,243,1,0,20260504,SAS,MIN,4250023160,2800,0,0,1628368|1630170|1630577|1641705|1642264
Shot Chart Detail,0042500231,62,203497,Rudy Gobert,1610612759,Minnesota Timberwolves,1,7,18,Made Shot,Putback Dunk Shot,2PT Field Goal,Restricted Area,Center(C),Less Than 8 ft.,0,0,0,1,1,20260504,SAS,MIN,4250023162,2820,0,0,1628368|1630170|1630577|1641705|1642264
Shot Chart Detail,0042500231,86,203944,Julius Randle,1610612759,Minnesota Timberwolves,1,5,41,Missed Shot,Pullup Jump shot,2PT Field Goal,In The Paint (Non-RA),Center(C),8-16 ft.,10,-7,105,1,0,20260504,SAS,MIN,4250023186,3790,0,0,1629640|1630170|1641705|1642264|1642844
Shot Chart Detail,0042500231,98,203497,Rudy Gobert,1610612759,Minnesota Timberwolves,1,5,6,Made Shot,Reverse Layup Shot,2PT Field Goal,Restricted Area,Center(C),Less Than 8 ft.,1,5,15,1,1,20260504,SAS,MIN,4250023198,4140,0,1,1628436|1629640|1630170|1642264|1642844
Shot Chart Detail,0042500231,102,1630545,Terrence Shannon Jr.,1610612759,Minnesota Timberwolves,1,4,26,Made Shot,Driving Finger Roll Layup Shot,2PT Field Goal,Restricted Area,Center(C),Less Than 8 ft.,1,11,5,1,1,20260504,SAS,MIN,42500231102,4540,0,1,1628436|1629640|1630170|1642264|1642844
Shot Chart Detail,0042500231,110,1630183,Jaden McDaniels,1610612759,Minnesota Timberwolves,1,3,47,Made Shot,Pullup Jump shot,2PT Field Goal,Mid-Range,Left Side(L),8-16 ft.,11,-87,76,1,1,20260504,SAS,MIN,42500231110,4930,0,0,1628436|1629640|1630170|1642264|1642844
Shot Chart Detail,0042500231,113,1630183,Jaden McDaniels,1610612759,Minnesota Timberwolves,1,3,19,Missed Shot,Running Layup Shot,2PT Field Goal,Restricted Area,Center(C),Less Than 8 ft.,1,16,11,1,0,20260504,SAS,MIN,42500231113,5210,0,0,1628436|1629640|1630170|1642264|1642844
Shot Chart Detail,0042500231,135,1629675,Naz Reid,1610612759,Minnesota Timberwolves,1,2,28,Made Shot,Step Back Jump shot,3PT Field Goal,Above the Break 3,Left Side Center(LC),24+ ft.,26,-176,195,1,1,20260504,SAS,MIN,42500231135,5720,0,0,1628368|1629640|1630577|1641705|1642844
Shot Chart Detail,0042500231,138,1630162,Anthony Edwards,1610612759,Minnesota Timberwolves,1,1,44,Made Shot,Turnaround Fadeaway shot,2PT Field Goal,Mid-Range,Right Side(R),8-16 ft.,14,142,12,1,1,20260504,SAS,MIN,42500231138,6160,0,0,1628368|1629640|1630577|1641705|1642844
Shot Chart Detail,0042500231,142,1630162,Anthony Edwards,1610612759,Minnesota Timberwolves,1,1,27,Made Shot,Step Back Jump shot,3PT Field Goal,Above the Break 3,Right Side Center(RC),24+ ft.,25,94,235,1,1,20260504,SAS,MIN,42500231142,6330,0,0,1628368|1629640|1630577|1641705|1642844
Shot Chart Detail,0042500231,151,1629675,Naz Reid,1610612759,Minnesota Timberwolves,1,0,59,Missed Shot,Jump Shot,3PT Field Goal,Above the Break 3,Center(C),24+ ft.,28,-21,281,1,0,20260504,SAS,MIN,42500231151,6610,0,0,1628368|1629640|1630577|1641705|1642844
Shot Chart Detail,0042500231,155,1630538,Bones Hyland,1610612759,Minnesota Timberwolves,1,0,43,Missed Shot,Pullup Jump shot,3PT Field Goal,Above the Break 3,Left Side Center(LC),24+ ft.,27,-207,178,1,0,20260504,SAS,MIN,42500231155,6770,0,0,1628368|1629640|1630577|1641705|1642844
Shot Chart Detail,0042500231,159,1630545,Terrence Shannon Jr.,1610612759,Minnesota Timberwolves,1,0,26,Missed Shot,Driving Floating Bank Jump Shot,2PT Field Goal,Mid-Range,Right Side(R),8-16 ft.,11,102,44,1,0,20260504,SAS,MIN,42500231159,6940,0,0,1628368|1629640|1630577|1641705|1642844
Shot Chart Detail,0042500231,164,203944,Julius Randle,1610612759,Minnesota Timberwolves,1,0,0,Made Shot,Running Dunk Shot,2PT Field Goal,Restricted Area,Center(C),Less Than 8 ft.,1,-10,0,1,1,20260504,SAS,MIN,42500231164,7200,0,1,1628368|1629640|1630577|1641705|1642844
Shot Chart Detail,0042500231,177,1630162,Anthony Edwards,1610612759,Minnesota Timberwolves,2,11,28,Made Shot,Driving Reverse Layup Shot,2PT Field Goal,Restricted Area,Center(C),Less Than 8 ft.,0,1,-3,1,1,20260504,SAS,MIN,42500231177,7520,0,1,203084|1628368|1630577|1641705|1642844
Shot Chart Detail,0042500231,181,203944,Julius Randle,1610612759,Minnesota Timberwolves,2,10,53,Made Shot,Jump Shot,3PT Field Goal,Right Corner 3,Right Side(R),24+ ft.,22,229,10,1,1,20260504,SAS,MIN,42500231181,7870,0,1,203084|1628368|1630577|1641705|1642844
Shot Chart Detail,0042500231,186,203944,Julius Randle,1610612759,Minnesota Timberwolves,2,10,2,Missed Shot,Pullup Jump shot,2PT Field Goal,In The Paint (Non-RA),Center(C),8-16 ft.,11,-6,118,1,0,20260504,SAS,MIN,42500231186,8380,0,0,203084|1630577|1641705|1642264|1642844
Shot Chart Detail,0042500231,190,1629675,Naz Reid,1610612759,Minnesota Timberwolves,2,9,27,Missed Shot,Driving Floating Jump Shot,2PT Field Goal,In The Paint (Non-RA),Center(C),Less Than 8 ft.,5,53,22,1,0,20260504,SAS,MIN,42500231190,8730,0,0,203084|1630577|1641705|1642264|1642844
Shot Chart Detail,0042500231,210,1630162,Anthony Edwards,1610612759,Minnesota Timberwolves,2,8,18,Missed Shot,Pullup Jump shot,2PT Field Goal,Mid-Range,Right Side(R),8-16 ft.,14,127,73,1,0,20260504,SAS,MIN,42500231210,9420,0,0,203084|1630170|1630577|1641705|1642264
Shot Chart Detail,0042500231,212,203944,Julius Randle,1610612759,Minnesota Timberwolves,2,8,6,Missed Shot,Driving Layup Shot,2PT Field Goal,Restricted Area,Center(C),Less Than 8 ft.,1,16,5,1,0,20260504,SAS,MIN,42500231212,9540,0,0,203084|1630170|1630577|1641705|1642264
Shot Chart Detail,0042500231,214,203944,Julius Randle,1610612759,Minnesota Timberwolves,2,8,2,Missed Shot,Putback Layup Shot,2PT Field Goal,Restricted Area,Center(C),Less Than 8 ft.,0,0,0,1,0,20260504,SAS,MIN,42500231214,9580,0,0,203084|1630170|1630577|1641705|1642264
Shot Chart Detail,0042500231,221,1630538,Bones Hyland,1610612759,Minnesota Timberwolves,2,7,24,Missed Shot,Jump Shot,3PT Field Goal,Above the Break 3,Center(C),24+ ft.,27,82,258,1,0,20260504,SAS,MIN,42500231221,9960,0,0,203084|1630170|1630577|1641705|1642264
Shot Chart Detail,0042500231,229,1630538,Bones Hyland,1610612759,Minnesota Timberwolves,2,6,47,Missed Shot,Running Layup Shot,2PT Field Goal,Restricted Area,Center(C),Less Than 8 ft.,1,6,13,1,0,20260504,SAS,MIN,42500231229,10330,0,0,203084|1630170|1630577|1641705|1642264
Shot Chart Detail,0042500231,249,1630545,Terrence Shannon Jr.,1610612759,Minnesota Timberwolves,2,6,18,Missed Shot,Driving Finger Roll Layup Shot,2PT Field Goal,Restricted Area,Center(C),Less Than 8 ft.,0,-2,8,1,0,20260504,SAS,MIN,42500231249,10620,0,0,203084|1628368|1628436|1630170|1642264
Shot Chart Detail,0042500231,253,201144,Mike Conley,1610612759,Minnesota Timberwolves,2,6,7,Made Shot,Jump Shot,3PT Field Goal,Right Corner 3,Right Side(R),24+ ft.,22,227,26,1,1,20260504,SAS,MIN,42500231253,10730,0,1,203084|1628368|1628436|1630170|1642264
Shot Chart Detail,0042500231,263,203497,Rudy Gobert,1610612759,Minnesota Timberwolves,2,5,34,Missed Shot,Floating Jump shot,2PT Field Goal,In The Paint (Non-RA),Center(C),Less Than 8 ft.,7,78,6,1,0,20260504,SAS,MIN,42500231263,11060,0,0,1628368|1628436|1629640|1630170|1642844
Shot Chart Detail,0042500231,271,1630545,Terrence Shannon Jr.,1610612759,Minnesota Timberwolves,2,5,2,Made Shot,Running Layup Shot,2PT Field Goal,Restricted Area,Center(C),Less Than 8 ft.,1,-2,13,1,1,20260504,SAS,MIN,42500231271,11380,0,1,1628368|1628436|1629640|1630170|1642844
Shot Chart Detail,0042500231,275,1629675,Naz Reid,1610612759,Minnesota Timberwolves,2,4,31,Made Shot,Driving Floating Bank Jump Shot,2PT Field Goal,Restricted Area,Center(C),Less Than 8 ft.,1,-5,15,1,1,20260504,SAS,MIN,42500231275,11690,0,1,1628368|1628436|1629640|1630170|1642844
Shot Chart Detail,0042500231,279,201144,Mike Conley,1610612759,Minnesota Timberwolves,2,4,6,Made Shot,Pullup Jump shot,3PT Field Goal,Above the Break 3,Center(C),24+ ft.,24,-64,241,1,1,20260504,SAS,MIN,42500231279,11940,0,0,1628368|1628436|1629640|1630170|1642844
Shot Chart Detail,0042500231,290,201144,Mike Conley,1610612759,Minnesota Timberwolves,2,3,27,Missed Shot,Driving Floating Jump Shot,2PT Field Goal,In The Paint (Non-RA),Center(C),8-16 ft.,9,10,95,1,0,20260504,SAS,MIN,42500231290,12330,0,0,1629640|1630170|1630577|1641705|1642844
Shot Chart Detail,0042500231,295,1641740,Jaylen Clark,1610612759,Minnesota Timberwolves,2,2,59,Made Shot,Driving Floating Jump Shot,2PT Field Goal,In The Paint (Non-RA),Center(C),Less Than 8 ft.,7,-74,16,1,1,20260504,SAS,MIN,42500231295,12610,0,1,1629640|1630170|1630577|1641705|1642844
Shot Chart Detail,0042500231,303,1630545,Terrence Shannon Jr.,1610612759,Minnesota Timberwolves,2,2,0,Missed Shot,Driving Floating Jump Shot,2PT Field Goal,Mid-Range,Right Side(R),8-16 ft.,15,86,133,1,0,20260504,SAS,MIN,42500231303,13200,0,0,1629640|1630170|1630577|1641705|1642844
Shot Chart Detail,0042500231,305,203944,Julius Randle,1610612759,Minnesota Timberwolves,2,1,55,Missed Shot,Jump Shot,3PT Field Goal,Above the Break 3,Center(C),24+ ft.,26,-12,260,1,0,20260504,SAS,MIN,42500231305,13250,0,0,1629640|1630170|1630577|1641705|1642844
Shot Chart Detail,0042500231,313,203497,Rudy Gobert,1610612759,Minnesota Timberwolves,2,1,30,Missed Shot,Driving Layup Shot,2PT Field Goal,Restricted Area,Center(C),Less Than 8 ft.,3,-9,37,1,0,20260504,SAS,MIN,42500231313,13500,0,0,1629640|1630170|1630577|1641705|1642844
Shot Chart Detail,0042500231,317,203944,Julius Randle,1610612759,Minnesota Timberwolves,2,1,24,Made Shot,Pullup Jump shot,2PT Field Goal,In The Paint (Non-RA),Center(C),8-16 ft.,8,37,78,1,1,20260504,SAS,MIN,42500231317,13560,0,0,1629640|1630170|1630577|1641705|1642844
Shot Chart Detail,0042500231,320,1629675,Naz Reid,1610612759,Minnesota Timberwolves,2,1,2,Made Shot,Driving Finger Roll Layup Shot,2PT Field Goal,Restricted Area,Center(C),Less Than 8 ft.,0,-7,6,1,1,20260504,SAS,MIN,42500231320,13780,0,0,1629640|1630170|1630577|1641705|1642844
Shot Chart Detail,0042500231,328,1629675,Naz Reid,1610612759,Minnesota Timberwolves,2,0,22,Missed Shot,Driving Layup Shot,2PT Field Goal,Restricted Area,Center(C),Less Than 8 ft.,1,-4,13,1,0,20260504,SAS,MIN,42500231328,14180,0,0,1628368|1629640|1630170|1630577|1641705
Shot Chart Detail,0042500231,342,201144,Mike Conley,1610612759,Minnesota Timberwolves,3,11,28,Missed Shot,Pullup Jump shot,3PT Field Goal,Above the Break 3,Right Side Center(RC),24+ ft.,25,105,234,1,0,20260504,SAS,MIN,42500231342,14720,0,0,1628368|1630170|1630577|1641705|1642264
Shot Chart Detail,0042500231,346,203944,Julius Randle,1610612759,Minnesota Timberwolves,3,11,1,Made Shot,Step Back Jump shot,2PT Field Goal,In The Paint (Non-RA),Center(C),8-16 ft.,12,-6,121,1,1,20260504,SAS,MIN,42500231346,14990,0,0,1628368|1630170|1630577|1641705|1642264
Shot Chart Detail,0042500231,349,203497,Rudy Gobert,1610612759,Minnesota Timberwolves,3,10,28,Missed Shot,Driving Layup Shot,2PT Field Goal,Restricted Area,Center(C),Less Than 8 ft.,2,-1,22,1,0,20260504,SAS,MIN,42500231349,15320,0,0,1628368|1630170|1630577|1641705|1642264
Shot Chart Detail,0042500231,359,203944,Julius Randle,1610612759,Minnesota Timberwolves,3,10,3,Made Shot,Putback Layup Shot,2PT Field Goal,Restricted Area,Center(C),Less Than 8 ft.,0,1,3,1,1,20260504,SAS,MIN,42500231359,15570,0,0,1628368|1630170|1630577|1641705|1642264
Shot Chart Detail,0042500231,362,201144,Mike Conley,1610612759,Minnesota Timberwolves,3,9,34,Made Shot,Running Jump Shot,3PT Field Goal,Left Corner 3,Left Side(L),24+ ft.,22,-228,-6,1,1,20260504,SAS,MIN,42500231362,15860,0,1,1628368|1630170|1630577|1641705|1642264
Shot Chart Detail,0042500231,367,1630545,Terrence Shannon Jr.,1610612759,Minnesota Timberwolves,3,8,58,Missed Shot,Step Back Jump shot,3PT Field Goal,Above the Break 3,Center(C),24+ ft.,25,47,253,1,0,20260504,SAS,MIN,42500231367,16220,0,0,1628368|1630170|1630577|1641705|1642264
Shot Chart Detail,0042500231,369,1630183,Jaden McDaniels,1610612759,Minnesota Timberwolves,3,8,49,Made Shot,Pullup Jump shot,2PT Field Goal,Mid-Range,Left Side(L),8-16 ft.,14,-115,84,1,1,20260504,SAS,MIN,42500231369,16310,0,1,1628368|1630170|1630577|1641705|1642264
Shot Chart Detail,0042500231,372,1630183,Jaden McDaniels,1610612759,Minnesota Timberwolves,3,8,0,Missed Shot,Driving Floating Jump Shot,2PT Field Goal,In The Paint (Non-RA),Center(C),Less Than 8 ft.,4,-32,35,1,0,20260504,SAS,MIN,42500231372,16800,0,0,1628368|1630170|1630577|1641705|1642264
Shot Chart Detail,0042500231,378,203944,Julius Randle,1610612759,Minnesota Timberwolves,3,7,46,Missed Shot,Pullup Jump shot,3PT Field Goal,Above the Break 3,Center(C),24+ ft.,27,34,276,1,0,20260504,SAS,MIN,42500231378,16940,0,0,1628368|1630170|1630577|1641705|1642264
Shot Chart Detail,0042500231,399,203944,Julius Randle,1610612759,Minnesota Timberwolves,3,6,11,Missed Shot,Pullup Jump shot,3PT Field Goal,Above the Break 3,Center(C),24+ ft.,25,-62,245,1,0,20260504,SAS,MIN,42500231399,17890,0,0,1630170|1630577|1641705|1642264|1642844
Shot Chart Detail,0042500231,413,1630545,Terrence Shannon Jr.,1610612759,Minnesota Timberwolves,3,5,35,Made Shot,Running Finger Roll Layup Shot,2PT Field Goal,Restricted Area,Center(C),Less Than 8 ft.,1,-6,8,1,1,20260504,SAS,MIN,42500231413,18250,0,0,1628436|1629640|1630170|1642264|1642844
Shot Chart Detail,0042500231,415,1630183,Jaden McDaniels,1610612759,Minnesota Timberwolves,3,5,1,Made Shot,Turnaround Jump Shot,2PT Field Goal,In The Paint (Non-RA),Right Side(R),8-16 ft.,10,74,68,1,1,20260504,SAS,MIN,42500231415,18590,0,0,1628436|1629640|1630170|1642264|1642844
Shot Chart Detail,0042500231,430,1630545,Terrence Shannon Jr.,1610612759,Minnesota Timberwolves,3,4,3,Made Shot,Driving Finger Roll Layup Shot,2PT Field Goal,Restricted Area,Center(C),Less Than 8 ft.,0,6,3,1,1,20260504,SAS,MIN,42500231430,19170,0,0,1628436|1629640|1630170|1642264|1642844
Shot Chart Detail,0042500231,440,1630183,Jaden McDaniels,1610612759,Minnesota Timberwolves,3,3,46,Missed Shot,Pullup Jump shot,3PT Field Goal,Above the Break 3,Left Side Center(LC),24+ ft.,25,-153,198,1,0,20260504,SAS,MIN,42500231440,19340,0,0,1629640|1630170|1641705|1642264|1642844
Shot Chart Detail,0042500231,449,1630162,Anthony Edwards,1610612759,Minnesota Timberwolves,3,3,25,Missed Shot,Driving Layup Shot,2PT Field Goal,Restricted Area,Center(C),Less Than 8 ft.,2,29,6,1,0,20260504,SAS,MIN,42500231449,19550,0,0,1629640|1630170|1641705|1642264|1642844
Shot Chart Detail,0042500231,451,203944,Julius Randle,1610612759,Minnesota Timberwolves,3,3,22,Missed Shot,Putback Layup Shot,2PT Field Goal,Restricted Area,Center(C),Less Than 8 ft.,0,0,0,1,0,20260504,SAS,MIN,42500231451,19580,0,0,1629640|1630170|1641705|1642264|1642844
Shot Chart Detail,0042500231,469,1630538,Bones Hyland,1610612759,Minnesota Timberwolves,3,2,54,Missed Shot,Driving Layup Shot,2PT Field Goal,Restricted Area,Center(C),Less Than 8 ft.,1,6,16,1,0,20260504,SAS,MIN,42500231469,19860,0,0,1628368|1629640|1630170|1641705|1642844
Shot Chart Detail,0042500231,479,1630162,Anthony Edwards,1610612759,Minnesota Timberwolves,3,2,38,Missed Shot,Pullup Jump shot,3PT Field Goal,Above the Break 3,Right Side Center(RC),24+ ft.,26,116,242,1,0,20260504,SAS,MIN,42500231479,20020,0,0,1628368|1629640|1630170|1641705|1642844
Shot Chart Detail,0042500231,490,203944,Julius Randle,1610612759,Minnesota Timberwolves,3,2,22,Missed Shot,Running Layup Shot,2PT Field Goal,Restricted Area,Center(C),Less Than 8 ft.,0,4,1,1,0,20260504,SAS,MIN,42500231490,20180,0,0,1628368|1629640|1630170|1641705|1642844
Shot Chart Detail,0042500231,509,1630538,Bones Hyland,1610612759,Minnesota Timberwolves,3,1,23,Missed Shot,Pullup Jump shot,3PT Field Goal,Above the Break 3,Center(C),24+ ft.,26,10,260,1,0,20260504,SAS,MIN,42500231509,20770,0,0,1628368|1629640|1630170|1641705|1642844
Shot Chart Detail,0042500231,512,1630183,Jaden McDaniels,1610612759,Minnesota Timberwolves,3,0,52,Made Shot,Driving Finger Roll Layup Shot,2PT Field Goal,Restricted Area,Center(C),Less Than 8 ft.,2,18,13,1,1,20260504,SAS,MIN,42500231512,21080,0,0,1628368|1629640|1630170|1641705|1642844
Shot Chart Detail,0042500231,515,1630538,Bones Hyland,1610612759,Minnesota Timberwolves,3,0,43,Missed Shot,Pullup Jump shot,3PT Field Goal,Above the Break 3,Right Side Center(RC),24+ ft.,26,169,208,1,0,20260504,SAS,MIN,42500231515,21170,0,0,1628368|1629640|1630170|1641705|1642844
Shot Chart Detail,0042500231,517,1630183,Jaden McDaniels,1610612759,Minnesota Timberwolves,3,0,40,Made Shot,Dunk Shot,2PT Field Goal,Restricted Area,Center(C),Less Than 8 ft.,0,0,0,1,1,20260504,SAS,MIN,42500231517,21200,0,1,1628368|1629640|1630170|1641705|1642844
Shot Chart Detail,0042500231,521,1630183,Jaden McDaniels,1610612759,Minnesota Timberwolves,3,0,7,Missed Shot,Pullup Jump shot,2PT Field Goal,Mid-Range,Left Side(L),8-16 ft.,13,-108,84,1,0,20260504,SAS,MIN,42500231521,21530,0,0,1628368|1629640|1630170|1641705|1642844
Shot Chart Detail,0042500231,540,1630162,Anthony Edwards,1610612759,Minnesota Timberwolves,4,11,43,Made Shot,Pullup Jump shot,3PT Field Goal,Above the Break 3,Left Side Center(LC),24+ ft.,25,-185,169,1,1,20260504,SAS,MIN,42500231540,21770,0,1,203084|1628368|1630577|1641705|1642264
Shot Chart Detail,0042500231,546,1629675,Naz Reid,1610612759,Minnesota Timberwolves,4,10,57,Made Shot,Jump Shot,3PT Field Goal,Left Corner 3,Left Side(L),24+ ft.,22,-227,1,1,1,20260504,SAS,MIN,42500231546,22230,0,1,203084|1628368|1630577|1641705|1642264
Shot Chart Detail,0042500231,550,1630162,Anthony Edwards,1610612759,Minnesota Timberwolves,4,10,20,Made Shot,Pullup Jump shot,2PT Field Goal,Mid-Range,Right Side Center(RC),16-24 ft.,22,107,198,1,1,20260504,SAS,MIN,42500231550,22600,0,0,203084|1628368|1630577|1641705|1642264
Shot Chart Detail,0042500231,559,1630162,Anthony Edwards,1610612759,Minnesota Timberwolves,4,9,20,Made Shot,Driving Layup Shot,2PT Field Goal,Restricted Area,Center(C),Less Than 8 ft.,0,-2,4,1,1,20260504,SAS,MIN,42500231559,23200,0,0,203084|1628368|1630577|1641705|1642264
Shot Chart Detail,0042500231,569,1630162,Anthony Edwards,1610612759,Minnesota Timberwolves,4,8,26,Missed Shot,Driving Finger Roll Layup Shot,2PT Field Goal,Restricted Area,Center(C),Less Than 8 ft.,3,29,25,1,0,20260504,SAS,MIN,42500231569,23740,0,0,203084|1628368|1630577|1641705|1642264
Shot Chart Detail,0042500231,577,203944,Julius Randle,1610612759,Minnesota Timberwolves,4,8,10,Made Shot,Jump Shot,3PT Field Goal,Above the Break 3,Right Side Center(RC),24+ ft.,24,195,153,1,1,20260504,SAS,MIN,42500231577,23900,0,1,1628368|1629640|1630577|1641705|1642264
Shot Chart Detail,0042500231,585,1630162,Anthony Edwards,1610612759,Minnesota Timberwolves,4,7,23,Made Shot,Driving Finger Roll Layup Shot,2PT Field Goal,Restricted Area,Center(C),Less Than 8 ft.,1,1,16,1,1,20260504,SAS,MIN,42500231585,24370,0,0,1628368|1629640|1630577|1641705|1642264
Shot Chart Detail,0042500231,589,1630162,Anthony Edwards,1610612759,Minnesota Timberwolves,4,6,49,Made Shot,Driving Floating Jump Shot,2PT Field Goal,In The Paint (Non-RA),Center(C),Less Than 8 ft.,7,27,67,1,1,20260504,SAS,MIN,42500231589,24710,0,0,1629640|1630577|1641705|1642264|1642844
Shot Chart Detail,0042500231,599,1630545,Terrence Shannon Jr.,1610612759,Minnesota Timberwolves,4,6,28,Made Shot,Driving Finger Roll Layup Shot,2PT Field Goal,Restricted Area,Center(C),Less Than 8 ft.,1,5,14,1,1,20260504,SAS,MIN,42500231599,24920,0,1,1629640|1630170|1641705|1642264|1642844
Shot Chart Detail,0042500231,613,203944,Julius Randle,1610612759,Minnesota Timberwolves,4,5,21,Missed Shot,Turnaround Fadeaway shot,2PT Field Goal,Mid-Range,Right Side(R),8-16 ft.,13,130,26,1,0,20260504,SAS,MIN,42500231613,25590,0,0,1628368|1629640|1630170|1641705|1642844
Shot Chart Detail,0042500231,615,1629675,Naz Reid,1610612759,Minnesota Timberwolves,4,5,18,Made Shot,Putback Layup Shot,2PT Field Goal,Restricted Area,Center(C),Less Than 8 ft.,0,-2,5,1,1,20260504,SAS,MIN,42500231615,25620,0,0,1628368|1629640|1630170|1641705|1642844
Shot Chart Detail,0042500231,621,1630545,Terrence Shannon Jr.,1610612759,Minnesota Timberwolves,4,4,46,Missed Shot,Driving Floating Jump Shot,2PT Field Goal,Mid-Range,Right Side(R),8-16 ft.,9,86,31,1,0,20260504,SAS,MIN,42500231621,25940,0,0,1628368|1629640|1630170|1641705|1642844
Shot Chart Detail,0042500231,624,201144,Mike Conley,1610612759,Minnesota Timberwolves,4,4,42,Made Shot,Jump Shot,3PT Field Goal,Right Corner 3,Right Side(R),24+ ft.,23,232,8,1,1,20260504,SAS,MIN,42500231624,25980,0,1,1628368|1629640|1630170|1641705|1642844
Shot Chart Detail,0042500231,632,1630162,Anthony Edwards,1610612759,Minnesota Timberwolves,4,4,11,Missed Shot,Turnaround Fadeaway shot,2PT Field Goal,Mid-Range,Left Side(L),8-16 ft.,13,-127,38,1,0,20260504,SAS,MIN,42500231632,26290,0,0,1628368|1629640|1630170|1641705|1642844
Shot Chart Detail,0042500231,635,203944,Julius Randle,1610612759,Minnesota Timberwolves,4,3,41,Made Shot,Turnaround Fadeaway shot,2PT Field Goal,In The Paint (Non-RA),Center(C),8-16 ft.,13,-11,132,1,1,20260504,SAS,MIN,42500231635,26590,0,0,1628368|1629640|1630170|1641705|1642844
Shot Chart Detail,0042500231,656,1630545,Terrence Shannon Jr.,1610612759,Minnesota Timberwolves,4,2,45,Missed Shot,Driving Floating Jump Shot,2PT Field Goal,In The Paint (Non-RA),Center(C),Less Than 8 ft.,6,20,62,1,0,20260504,SAS,MIN,42500231656,27150,0,0,1628368|1630170|1630577|1641705|1642844
Shot Chart Detail,0042500231,662,1630183,Jaden McDaniels,1610612759,Minnesota Timberwolves,4,2,9,Missed Shot,Driving Floating Jump Shot,2PT Field Goal,In The Paint (Non-RA),Left Side(L),8-16 ft.,8,-64,58,1,0,20260504,SAS,MIN,42500231662,27510,0,0,1628368|1630170|1630577|1641705|1642844
Shot Chart Detail,0042500231,684,203944,Julius Randle,1610612759,Minnesota Timberwolves,4,0,49,Made Shot,Driving Floating Bank Jump Shot,2PT Field Goal,In The Paint (Non-RA),Left Side(L),8-16 ft.,8,-80,21,1,1,20260504,SAS,MIN,42500231684,28310,0,0,1628368|1630170|1630577|1641705|1642844
Shot Chart Detail,0042500231,693,203944,Julius Randle,1610612759,Minnesota Timberwolves,4,0,8,Missed Shot,Pullup Jump shot,2PT Field Goal,Mid-Range,Right Side(R),16-24 ft.,17,145,94,1,0,20260504,SAS,MIN,42500231693,28720,0,0,1628368|1630170|1630577|1641705|1642844
Shot Chart Detail,0042500232,21,201144,Mike Conley,1610612759,Minnesota Timberwolves,1,10,17,Missed Shot,Driving Floating Bank Jump Shot,2PT Field Goal,Restricted Area,Center(C),Less Than 8 ft.,3,16,28,1,0,20260506,SAS,MIN,4250023221,1030,0,0,1628368|1630170|1630577|1641705|1642264
Shot Chart Detail,0042500232,23,203497,Rudy Gobert,1610612759,Minnesota Timberwolves,1,10,16,Made Shot,Tip Layup Shot,2PT Field Goal,Restricted Area,Center(C),Less Than 8 ft.,0,0,0,1,1,20260506,SAS,MIN,4250023223,1040,0,0,1628368|1630170|1630577|1641705|1642264
Shot Chart Detail,0042500232,34,1630545,Terrence Shannon Jr.,1610612759,Minnesota Timberwolves,1,9,9,Missed Shot,Pullup Jump shot,3PT Field Goal,Above the Break 3,Right Side Center(RC),24+ ft.,26,156,209,1,0,20260506,SAS,MIN,4250023234,1710,0,0,1628368|1630170|1630577|1641705|1642264
Shot Chart Detail,0042500232,38,1630183,Jaden McDaniels,1610612759,Minnesota Timberwolves,1,8,52,Made Shot,Pullup Jump shot,2PT Field Goal,In The Paint (Non-RA),Center(C),8-16 ft.,12,-34,118,1,1,20260506,SAS,MIN,4250023238,1880,0,1,1628368|1630170|1630577|1641705|1642264
Shot Chart Detail,0042500232,42,1630545,Terrence Shannon Jr.,1610612759,Minnesota Timberwolves,1,8,30,Made Shot,Running Finger Roll Layup Shot,2PT Field Goal,Restricted Area,Center(C),Less Than 8 ft.,2,-17,12,1,1,20260506,SAS,MIN,4250023242,2100,0,1,1628368|1630170|1630577|1641705|1642264
Shot Chart Detail,0042500232,45,1630545,Terrence Shannon Jr.,1610612759,Minnesota Timberwolves,1,8,3,Missed Shot,Pullup Jump shot,2PT Field Goal,Mid-Range,Right Side Center(RC),16-24 ft.,22,118,196,1,0,20260506,SAS,MIN,4250023245,2370,0,0,1628368|1630170|1630577|1641705|1642264
Shot Chart Detail,0042500232,54,1630545,Terrence Shannon Jr.,1610612759,Minnesota Timberwolves,1,7,35,Made Shot,Driving Floating Jump Shot,2PT Field Goal,Mid-Range,Right Side(R),8-16 ft.,10,104,22,1,1,20260506,SAS,MIN,4250023254,2650,0,1,1628368|1630170|1630577|1641705|1642264
Shot Chart Detail,0042500232,58,1630183,Jaden McDaniels,1610612759,Minnesota Timberwolves,1,7,3,Made Shot,Driving Floating Jump Shot,2PT Field Goal,In The Paint (Non-RA),Left Side(L),8-16 ft.,9,-60,76,1,1,20260506,SAS,MIN,4250023258,2970,0,0,1628368|1630170|1630577|1641705|1642264
Shot Chart Detail,0042500232,71,203944,Julius Randle,1610612759,Minnesota Timberwolves,1,6,35,Missed Shot,Fadeaway Jump Shot,2PT Field Goal,In The Paint (Non-RA),Center(C),8-16 ft.,11,4,115,1,0,20260506,SAS,MIN,4250023271,3250,0,0,1629640|1630170|1641705|1642264|1642844
Shot Chart Detail,0042500232,87,1630162,Anthony Edwards,1610612759,Minnesota Timberwolves,1,6,2,Missed Shot,Pullup Jump shot,3PT Field Goal,Above the Break 3,Center(C),24+ ft.,27,1,277,1,0,20260506,SAS,MIN,4250023287,3580,0,0,1629640|1630170|1641705|1642264|1642844
Shot Chart Detail,0042500232,94,1630162,Anthony Edwards,1610612759,Minnesota Timberwolves,1,5,22,Missed Shot,Pullup Jump shot,3PT Field Goal,Above the Break 3,Center(C),24+ ft.,27,36,269,1,0,20260506,SAS,MIN,4250023294,3980,0,0,1629640|1630170|1641705|1642264|1642844
Shot Chart Detail,0042500232,98,1630245,Ayo Dosunmu,1610612759,Minnesota Timberwolves,1,4,54,Missed Shot,Driving Floating Jump Shot,2PT Field Goal,In The Paint (Non-RA),Left Side(L),8-16 ft.,8,-60,59,1,0,20260506,SAS,MIN,4250023298,4260,0,0,1629640|1630170|1641705|1642264|1642844
Shot Chart Detail,0042500232,100,203497,Rudy Gobert,1610612759,Minnesota Timberwolves,1,4,53,Missed Shot,Putback Layup Shot,2PT Field Goal,Restricted Area,Center(C),Less Than 8 ft.,0,0,0,1,0,20260506,SAS,MIN,42500232100,4270,0,0,1629640|1630170|1641705|1642264|1642844
Shot Chart Detail,0042500232,104,1629675,Naz Reid,1610612759,Minnesota Timberwolves,1,4,33,Made Shot,Driving Floating Jump Shot,2PT Field Goal,Mid-Range,Right Side(R),8-16 ft.,9,87,31,1,1,20260506,SAS,MIN,42500232104,4470,0,1,1629640|1630170|1641705|1642264|1642844
Shot Chart Detail,0042500232,114,1630162,Anthony Edwards,1610612759,Minnesota Timberwolves,1,4,5,Missed Shot,Jump Shot,3PT Field Goal,Above the Break 3,Left Side Center(LC),24+ ft.,26,-194,181,1,0,20260506,SAS,MIN,42500232114,4750,0,0,1628368|1628436|1629640|1642264|1642844
Shot Chart Detail,0042500232,118,1630183,Jaden McDaniels,1610612759,Minnesota Timberwolves,1,3,47,Missed Shot,Pullup Jump shot,3PT Field Goal,Above the Break 3,Left Side Center(LC),24+ ft.,26,-146,222,1,0,20260506,SAS,MIN,42500232118,4930,0,0,1628368|1628436|1629640|1642264|1642844
Shot Chart Detail,0042500232,122,1630245,Ayo Dosunmu,1610612759,Minnesota Timberwolves,1,3,40,Missed Shot,Pullup Jump shot,3PT Field Goal,Above the Break 3,Center(C),24+ ft.,27,18,270,1,0,20260506,SAS,MIN,42500232122,5000,0,0,1628368|1628436|1629640|1642264|1642844
Shot Chart Detail,0042500232,126,1630162,Anthony Edwards,1610612759,Minnesota Timberwolves,1,3,9,Missed Shot,Fadeaway Jump Shot,2PT Field Goal,Mid-Range,Center(C),8-16 ft.,15,31,155,1,0,20260506,SAS,MIN,42500232126,5310,0,0,1628368|1628436|1629640|1642264|1642844
Shot Chart Detail,0042500232,128,203497,Rudy Gobert,1610612759,Minnesota Timberwolves,1,3,4,Missed Shot,Putback Layup Shot,2PT Field Goal,Restricted Area,Center(C),Less Than 8 ft.,0,0,0,1,0,20260506,SAS,MIN,42500232128,5360,0,0,1628368|1628436|1629640|1642264|1642844
Shot Chart Detail,0042500232,143,1630162,Anthony Edwards,1610612759,Minnesota Timberwolves,1,2,17,Missed Shot,Driving Floating Jump Shot,2PT Field Goal,In The Paint (Non-RA),Center(C),8-16 ft.,9,-42,81,1,0,20260506,SAS,MIN,42500232143,5830,0,0,1628368|1628436|1629640|1630577|1642844
Shot Chart Detail,0042500232,156,1629675,Naz Reid,1610612759,Minnesota Timberwolves,1,1,3,Missed Shot,Driving Floating Jump Shot,2PT Field Goal,In The Paint (Non-RA),Right Side(R),8-16 ft.,8,53,69,1,0,20260506,SAS,MIN,42500232156,6570,0,0,1628368|1628436|1629640|1630577|1642844
Shot Chart Detail,0042500232,160,1630545,Terrence Shannon Jr.,1610612759,Minnesota Timberwolves,1,0,35,Missed Shot,Driving Reverse Layup Shot,2PT Field Goal,In The Paint (Non-RA),Center(C),Less Than 8 ft.,4,26,38,1,0,20260506,SAS,MIN,42500232160,6850,0,0,1628368|1628436|1629640|1630577|1642844
Shot Chart Detail,0042500232,164,1630162,Anthony Edwards,1610612759,Minnesota Timberwolves,1,0,30,Made Shot,Pullup Jump shot,3PT Field Goal,Above the Break 3,Right Side Center(RC),24+ ft.,26,175,199,1,1,20260506,SAS,MIN,42500232164,6900,0,1,1628368|1628436|1629640|1630577|1642844
Shot Chart Detail,0042500232,167,1630245,Ayo Dosunmu,1610612759,Minnesota Timberwolves,1,0,0,Missed Shot,Driving Floating Bank Jump Shot,2PT Field Goal,Mid-Range,Right Side(R),8-16 ft.,12,119,-27,1,0,20260506,SAS,MIN,42500232167,7200,0,0,1628368|1628436|1629640|1630577|1642844
Shot Chart Detail,0042500232,186,1630183,Jaden McDaniels,1610612759,Minnesota Timberwolves,2,11,41,Made Shot,Pullup Jump shot,2PT Field Goal,In The Paint (Non-RA),Center(C),8-16 ft.,9,2,95,1,1,20260506,SAS,MIN,42500232186,7390,0,0,1628368|1629640|1630577|1641705|1642264
Shot Chart Detail,0042500232,193,1630183,Jaden McDaniels,1610612759,Minnesota Timberwolves,2,10,45,Missed Shot,Pullup Jump shot,2PT Field Goal,In The Paint (Non-RA),Right Side(R),8-16 ft.,9,50,84,1,0,20260506,SAS,MIN,42500232193,7950,0,0,1628368|1629640|1630577|1641705|1642264
Shot Chart Detail,0042500232,198,1629675,Naz Reid,1610612759,Minnesota Timberwolves,2,10,18,Made Shot,Step Back Jump shot,3PT Field Goal,Left Corner 3,Left Side(L),24+ ft.,23,-238,11,1,1,20260506,SAS,MIN,42500232198,8220,0,1,1628368|1629640|1630577|1641705|1642264
Shot Chart Detail,0042500232,221,201144,Mike Conley,1610612759,Minnesota Timberwolves,2,9,35,Missed Shot,Jump Shot,3PT Field Goal,Right Corner 3,Right Side(R),24+ ft.,23,239,11,1,0,20260506,SAS,MIN,42500232221,8650,0,0,203084|1630577|1641705|1642264|1642868
Shot Chart Detail,0042500232,227,203944,Julius Randle,1610612759,Minnesota Timberwolves,2,9,11,Made Shot,Pullup Jump shot,2PT Field Goal,Mid-Range,Right Side Center(RC),16-24 ft.,16,78,148,1,1,20260506,SAS,MIN,42500232227,8890,0,1,203084|1630577|1641705|1642264|1642868
Shot Chart Detail,0042500232,233,1641740,Jaylen Clark,1610612759,Minnesota Timberwolves,2,8,42,Missed Shot,Floating Jump shot,2PT Field Goal,In The Paint (Non-RA),Left Side(L),8-16 ft.,8,-78,20,1,0,20260506,SAS,MIN,42500232233,9180,0,0,203084|1628368|1630577|1641705|1642868
Shot Chart Detail,0042500232,239,201144,Mike Conley,1610612759,Minnesota Timberwolves,2,8,11,Missed Shot,Pullup Jump shot,3PT Field Goal,Above the Break 3,Center(C),24+ ft.,26,7,260,1,0,20260506,SAS,MIN,42500232239,9490,0,0,203084|1628368|1630577|1641705|1642868
Shot Chart Detail,0042500232,247,203944,Julius Randle,1610612759,Minnesota Timberwolves,2,7,40,Missed Shot,Fadeaway Jump Shot,2PT Field Goal,In The Paint (Non-RA),Center(C),8-16 ft.,11,54,105,1,0,20260506,SAS,MIN,42500232247,9800,0,0,203084|1628368|1630577|1641705|1642868
Shot Chart Detail,0042500232,251,1629675,Naz Reid,1610612759,Minnesota Timberwolves,2,7,3,Missed Shot,Step Back Jump shot,3PT Field Goal,Above the Break 3,Right Side Center(RC),24+ ft.,25,212,148,1,0,20260506,SAS,MIN,42500232251,10170,0,0,203084|1628368|1630577|1641705|1642868
Shot Chart Detail,0042500232,270,203944,Julius Randle,1610612759,Minnesota Timberwolves,2,6,37,Missed Shot,Pullup Jump shot,3PT Field Goal,Above the Break 3,Right Side Center(RC),24+ ft.,26,147,223,1,0,20260506,SAS,MIN,42500232270,10430,0,0,203084|1628368|1630170|1641705|1642868
Shot Chart Detail,0042500232,272,203944,Julius Randle,1610612759,Minnesota Timberwolves,2,6,32,Made Shot,Finger Roll Layup Shot,2PT Field Goal,Restricted Area,Center(C),Less Than 8 ft.,2,-18,11,1,1,20260506,SAS,MIN,42500232272,10480,0,0,203084|1628368|1630170|1641705|1642868
Shot Chart Detail,0042500232,275,1630545,Terrence Shannon Jr.,1610612759,Minnesota Timberwolves,2,6,6,Missed Shot,Jump Shot,3PT Field Goal,Right Corner 3,Right Side(R),24+ ft.,23,234,7,1,0,20260506,SAS,MIN,42500232275,10740,0,0,203084|1628368|1630170|1641705|1642868
Shot Chart Detail,0042500232,278,1630245,Ayo Dosunmu,1610612759,Minnesota Timberwolves,2,5,41,Missed Shot,Driving Floating Jump Shot,2PT Field Goal,In The Paint (Non-RA),Center(C),Less Than 8 ft.,4,32,29,1,0,20260506,SAS,MIN,42500232278,10990,0,0,203084|1628368|1630170|1641705|1642868
Shot Chart Detail,0042500232,299,1630545,Terrence Shannon Jr.,1610612759,Minnesota Timberwolves,2,5,3,Missed Shot,Running Pull-Up Jump Shot,2PT Field Goal,In The Paint (Non-RA),Center(C),Less Than 8 ft.,4,-32,38,1,0,20260506,SAS,MIN,42500232299,11370,0,0,1628368|1628436|1629640|1630170|1642844
Shot Chart Detail,0042500232,303,1630162,Anthony Edwards,1610612759,Minnesota Timberwolves,2,4,45,Missed Shot,Driving Floating Jump Shot,2PT Field Goal,In The Paint (Non-RA),Center(C),Less Than 8 ft.,5,-46,30,1,0,20260506,SAS,MIN,42500232303,11550,0,0,1628368|1628436|1629640|1630170|1642844
Shot Chart Detail,0042500232,305,203944,Julius Randle,1610612759,Minnesota Timberwolves,2,4,41,Made Shot,Driving Layup Shot,2PT Field Goal,Restricted Area,Center(C),Less Than 8 ft.,0,6,6,1,1,20260506,SAS,MIN,42500232305,11590,0,0,1628368|1628436|1629640|1630170|1642844
Shot Chart Detail,0042500232,322,1630162,Anthony Edwards,1610612759,Minnesota Timberwolves,2,3,49,Made Shot,Driving Finger Roll Layup Shot,2PT Field Goal,Restricted Area,Center(C),Less Than 8 ft.,1,12,15,1,1,20260506,SAS,MIN,42500232322,12110,0,0,1628436|1629640|1630170|1642264|1642844
Shot Chart Detail,0042500232,325,203497,Rudy Gobert,1610612759,Minnesota Timberwolves,2,3,25,Missed Shot,Alley Oop Layup shot,2PT Field Goal,Restricted Area,Center(C),Less Than 8 ft.,1,12,11,1,0,20260506,SAS,MIN,42500232325,12350,0,0,1628436|1629640|1630170|1642264|1642844
Shot Chart Detail,0042500232,327,203944,Julius Randle,1610612759,Minnesota Timberwolves,2,3,21,Missed Shot,Jump Shot,3PT Field Goal,Left Corner 3,Left Side(L),24+ ft.,23,-234,34,1,0,20260506,SAS,MIN,42500232327,12390,0,0,1628436|1629640|1630170|1642264|1642844
Shot Chart Detail,0042500232,333,1630162,Anthony Edwards,1610612759,Minnesota Timberwolves,2,2,45,Made Shot,Pullup Jump shot,2PT Field Goal,Mid-Range,Left Side Center(LC),16-24 ft.,16,-97,136,1,1,20260506,SAS,MIN,42500232333,12750,0,0,1628436|1629640|1630170|1642264|1642844
Shot Chart Detail,0042500232,336,1630545,Terrence Shannon Jr.,1610612759,Minnesota Timberwolves,2,2,12,Missed Shot,Driving Layup Shot,2PT Field Goal,Restricted Area,Center(C),Less Than 8 ft.,2,16,13,1,0,20260506,SAS,MIN,42500232336,13080,0,0,1628436|1629640|1630170|1642264|1642844
Shot Chart Detail,0042500232,341,1630162,Anthony Edwards,1610612759,Minnesota Timberwolves,2,1,48,Missed Shot,Step Back Jump shot,3PT Field Goal,Above the Break 3,Left Side Center(LC),24+ ft.,25,-234,97,1,0,20260506,SAS,MIN,42500232341,13320,0,0,1628436|1629640|1630170|1642264|1642844
Shot Chart Detail,0042500232,345,1630538,Bones Hyland,1610612759,Minnesota Timberwolves,2,1,22,Missed Shot,Step Back Jump shot,2PT Field Goal,Mid-Range,Left Side(L),8-16 ft.,15,-119,102,1,0,20260506,SAS,MIN,42500232345,13580,0,0,1628436|1629640|1630170|1642264|1642844
Shot Chart Detail,0042500232,385,1630545,Terrence Shannon Jr.,1610612759,Minnesota Timberwolves,3,11,40,Missed Shot,Jump Shot,3PT Field Goal,Above the Break 3,Right Side Center(RC),24+ ft.,25,137,215,1,0,20260506,SAS,MIN,42500232385,14600,0,0,1628368|1630170|1630577|1641705|1642264
Shot Chart Detail,0042500232,389,1630183,Jaden McDaniels,1610612759,Minnesota Timberwolves,3,11,17,Missed Shot,Turnaround Fadeaway shot,2PT Field Goal,In The Paint (Non-RA),Center(C),8-16 ft.,10,45,90,1,0,20260506,SAS,MIN,42500232389,14830,0,0,1628368|1630170|1630577|1641705|1642264
Shot Chart Detail,0042500232,400,203944,Julius Randle,1610612759,Minnesota Timberwolves,3,10,26,Missed Shot,Driving Finger Roll Layup Shot,2PT Field Goal,Restricted Area,Center(C),Less Than 8 ft.,2,-20,5,1,0,20260506,SAS,MIN,42500232400,15340,0,0,1628368|1630170|1630577|1641705|1642264
Shot Chart Detail,0042500232,415,1630545,Terrence Shannon Jr.,1610612759,Minnesota Timberwolves,3,9,30,Made Shot,Running Dunk Shot,2PT Field Goal,Restricted Area,Center(C),Less Than 8 ft.,0,2,5,1,1,20260506,SAS,MIN,42500232415,15900,0,1,1628368|1630170|1630577|1641705|1642264
Shot Chart Detail,0042500232,419,201144,Mike Conley,1610612759,Minnesota Timberwolves,3,8,59,Made Shot,Jump Shot,3PT Field Goal,Above the Break 3,Left Side Center(LC),24+ ft.,25,-225,115,1,1,20260506,SAS,MIN,42500232419,16210,0,1,1628368|1630170|1630577|1641705|1642264
Shot Chart Detail,0042500232,424,203944,Julius Randle,1610612759,Minnesota Timberwolves,3,8,22,Made Shot,Driving Floating Jump Shot,2PT Field Goal,Mid-Range,Center(C),8-16 ft.,15,7,158,1,1,20260506,SAS,MIN,42500232424,16580,0,1,1628368|1630170|1630577|1641705|1642264
Shot Chart Detail,0042500232,430,1630183,Jaden McDaniels,1610612759,Minnesota Timberwolves,3,8,19,Made Shot,Driving Floating Jump Shot,2PT Field Goal,In The Paint (Non-RA),Center(C),Less Than 8 ft.,5,-13,58,1,1,20260506,SAS,MIN,42500232430,16610,0,0,1628368|1630170|1630577|1641705|1642264
Shot Chart Detail,0042500232,448,1630183,Jaden McDaniels,1610612759,Minnesota Timberwolves,3,7,12,Made Shot,Driving Floating Jump Shot,2PT Field Goal,In The Paint (Non-RA),Center(C),Less Than 8 ft.,5,-4,58,1,1,20260506,SAS,MIN,42500232448,17280,0,0,1629640|1630170|1641705|1642264|1642844
Shot Chart Detail,0042500232,460,1630183,Jaden McDaniels,1610612759,Minnesota Timberwolves,3,6,53,Missed Shot,Driving Floating Jump Shot,2PT Field Goal,In The Paint (Non-RA),Center(C),Less Than 8 ft.,5,4,52,1,0,20260506,SAS,MIN,42500232460,17470,0,0,1629640|1630170|1641705|1642264|1642844
Shot Chart Detail,0042500232,463,1629675,Naz Reid,1610612759,Minnesota Timberwolves,3,6,42,Missed Shot,Driving Floating Jump Shot,2PT Field Goal,In The Paint (Non-RA),Center(C),8-16 ft.,9,33,93,1,0,20260506,SAS,MIN,42500232463,17580,0,0,1629640|1630170|1641705|1642264|1642844
Shot Chart Detail,0042500232,465,1630162,Anthony Edwards,1610612759,Minnesota Timberwolves,3,6,31,Made Shot,Pullup Jump shot,2PT Field Goal,Mid-Range,Left Side(L),8-16 ft.,13,-123,55,1,1,20260506,SAS,MIN,42500232465,17690,0,1,1629640|1630170|1641705|1642264|1642844
Shot Chart Detail,0042500232,473,1630545,Terrence Shannon Jr.,1610612759,Minnesota Timberwolves,3,6,8,Made Shot,Driving Layup Shot,2PT Field Goal,Restricted Area,Center(C),Less Than 8 ft.,2,20,3,1,1,20260506,SAS,MIN,42500232473,17920,0,0,1629640|1630170|1641705|1642264|1642844
Shot Chart Detail,0042500232,500,203944,Julius Randle,1610612759,Minnesota Timberwolves,3,5,2,Missed Shot,Driving Layup Shot,2PT Field Goal,Restricted Area,Center(C),Less Than 8 ft.,3,-33,22,1,0,20260506,SAS,MIN,42500232500,18580,0,0,1628368|1628436|1629640|1630170|1642844
Shot Chart Detail,0042500232,521,1630162,Anthony Edwards,1610612759,Minnesota Timberwolves,3,4,26,Missed Shot,Driving Layup Shot,2PT Field Goal,Restricted Area,Center(C),Less Than 8 ft.,2,-29,-4,1,0,20260506,SAS,MIN,42500232521,18940,0,0,1628368|1628436|1629640|1630577|1642844
Shot Chart Detail,0042500232,535,1630538,Bones Hyland,1610612759,Minnesota Timberwolves,3,3,30,Missed Shot,Jump Shot,3PT Field Goal,Above the Break 3,Left Side Center(LC),24+ ft.,26,-162,214,1,0,20260506,SAS,MIN,42500232535,19500,0,0,1628368|1628436|1629640|1630577|1642844
Shot Chart Detail,0042500232,539,203937,Kyle Anderson,1610612759,Minnesota Timberwolves,3,3,7,Missed Shot,Driving Floating Jump Shot,2PT Field Goal,In The Paint (Non-RA),Center(C),Less Than 8 ft.,5,-10,53,1,0,20260506,SAS,MIN,42500232539,19730,0,0,1628368|1628436|1629640|1630577|1642844
Shot Chart Detail,0042500232,550,1629675,Naz Reid,1610612759,Minnesota Timberwolves,3,2,37,Made Shot,Step Back Jump shot,3PT Field Goal,Above the Break 3,Right Side Center(RC),24+ ft.,25,138,216,1,1,20260506,SAS,MIN,42500232550,20030,0,1,1628368|1628436|1630577|1641705|1642844
Shot Chart Detail,0042500232,560,203937,Kyle Anderson,1610612759,Minnesota Timberwolves,3,1,54,Missed Shot,Jump Shot,3PT Field Goal,Left Corner 3,Left Side(L),24+ ft.,23,-235,5,1,0,20260506,SAS,MIN,42500232560,20460,0,0,1628368|1628436|1630577|1641705|1642844
Shot Chart Detail,0042500232,574,1630538,Bones Hyland,1610612759,Minnesota Timberwolves,3,1,25,Missed Shot,Step Back Jump shot,2PT Field Goal,Mid-Range,Left Side(L),8-16 ft.,15,-152,-2,1,0,20260506,SAS,MIN,42500232574,20750,0,0,203084|1628368|1630577|1641705|1642868
Shot Chart Detail,0042500232,581,1630162,Anthony Edwards,1610612759,Minnesota Timberwolves,3,0,50,Made Shot,Driving Floating Jump Shot,2PT Field Goal,Mid-Range,Right Side(R),8-16 ft.,10,109,-1,1,1,20260506,SAS,MIN,42500232581,21100,0,0,203084|1628368|1630577|1641705|1642868
Shot Chart Detail,0042500232,596,1629675,Naz Reid,1610612759,Minnesota Timberwolves,3,0,7,Made Shot,Jump Shot,3PT Field Goal,Left Corner 3,Left Side(L),24+ ft.,23,-237,-4,1,1,20260506,SAS,MIN,42500232596,21530,0,1,203084|1630577|1641705|1642844|1642868
Shot Chart Detail,0042500232,622,1641740,Jaylen Clark,1610612759,Minnesota Timberwolves,4,11,9,Missed Shot,Jump Shot,3PT Field Goal,Above the Break 3,Right Side Center(RC),24+ ft.,25,146,215,1,0,20260506,SAS,MIN,42500232622,22110,0,0,203084|1641705|1642264|1642844|1642868
Shot Chart Detail,0042500232,625,1630183,Jaden McDaniels,1610612759,Minnesota Timberwolves,4,10,43,Made Shot,Driving Floating Jump Shot,2PT Field Goal,Mid-Range,Left Side(L),8-16 ft.,10,-92,41,1,1,20260506,SAS,MIN,42500232625,22370,0,0,203084|1641705|1642264|1642844|1642868
Shot Chart Detail,0042500232,653,1630545,Terrence Shannon Jr.,1610612759,Minnesota Timberwolves,4,9,36,Missed Shot,Pullup Jump shot,3PT Field Goal,Above the Break 3,Center(C),24+ ft.,25,22,250,1,0,20260506,SAS,MIN,42500232653,23040,0,0,203084|203482|1629162|1642844|1642868
Shot Chart Detail,0042500232,655,203937,Kyle Anderson,1610612759,Minnesota Timberwolves,4,9,33,Made Shot,Turnaround Jump Shot,2PT Field Goal,In The Paint (Non-RA),Center(C),Less Than 8 ft.,5,16,52,1,1,20260506,SAS,MIN,42500232655,23070,0,0,203084|203482|1629162|1642844|1642868
Shot Chart Detail,0042500232,658,1641740,Jaylen Clark,1610612759,Minnesota Timberwolves,4,8,58,Made Shot,Pullup Jump shot,3PT Field Goal,Above the Break 3,Center(C),24+ ft.,24,21,247,1,1,20260506,SAS,MIN,42500232658,23420,0,1,203084|203482|1629162|1642844|1642868
Shot Chart Detail,0042500232,662,203937,Kyle Anderson,1610612759,Minnesota Timberwolves,4,8,40,Missed Shot,Running Pull-Up Jump Shot,2PT Field Goal,Mid-Range,Right Side(R),8-16 ft.,8,81,17,1,0,20260506,SAS,MIN,42500232662,23600,0,0,203084|203482|1629162|1642844|1642868
Shot Chart Detail,0042500232,672,1641763,Julian Phillips,1610612759,Minnesota Timberwolves,4,8,1,Missed Shot,Driving Reverse Layup Shot,2PT Field Goal,Restricted Area,Center(C),Less Than 8 ft.,2,25,5,1,0,20260506,SAS,MIN,42500232672,23990,0,0,203084|203482|1629162|1630322|1642868
Shot Chart Detail,0042500232,679,203937,Kyle Anderson,1610612759,Minnesota Timberwolves,4,7,22,Made Shot,Driving Floating Bank Jump Shot,2PT Field Goal,In The Paint (Non-RA),Center(C),Less Than 8 ft.,4,37,17,1,1,20260506,SAS,MIN,42500232679,24380,0,0,203084|203482|1629162|1630322|1642868
Shot Chart Detail,0042500232,698,203937,Kyle Anderson,1610612759,Minnesota Timberwolves,4,6,11,Made Shot,Driving Floating Jump Shot,2PT Field Goal,In The Paint (Non-RA),Center(C),Less Than 8 ft.,5,20,55,1,1,20260506,SAS,MIN,42500232698,25090,0,1,203084|203482|1629162|1630322|1642868
Shot Chart Detail,0042500232,703,1641740,Jaylen Clark,1610612759,Minnesota Timberwolves,4,5,21,Missed Shot,Pullup Jump shot,3PT Field Goal,Above the Break 3,Center(C),24+ ft.,25,-7,250,1,0,20260506,SAS,MIN,42500232703,25590,0,0,203084|203482|1629162|1630322|1642868
Shot Chart Detail,0042500232,724,204060,Joe Ingles,1610612759,Minnesota Timberwolves,4,4,23,Made Shot,Pullup Jump shot,3PT Field Goal,Above the Break 3,Left Side Center(LC),24+ ft.,25,-194,161,1,1,20260506,SAS,MIN,42500232724,26170,0,0,203084|203482|1629162|1630322|1642868
Shot Chart Detail,0042500232,727,1641740,Jaylen Clark,1610612759,Minnesota Timberwolves,4,3,51,Missed Shot,Jump Shot,3PT Field Goal,Right Corner 3,Right Side(R),24+ ft.,23,232,25,1,0,20260506,SAS,MIN,42500232727,26490,0,0,203084|203482|1629162|1630322|1642868
Shot Chart Detail,0042500232,729,1642866,Joan Beringer,1610612759,Minnesota Timberwolves,4,3,49,Made Shot,Putback Layup Shot,2PT Field Goal,Restricted Area,Center(C),Less Than 8 ft.,0,0,0,1,1,20260506,SAS,MIN,42500232729,26510,0,0,203084|203482|1629162|1630322|1642868
Shot Chart Detail,0042500232,744,204060,Joe Ingles,1610612759,Minnesota Timberwolves,4,2,49,Missed Shot,Pullup Jump shot,3PT Field Goal,Above the Break 3,Center(C),24+ ft.,25,-56,248,1,0,20260506,SAS,MIN,42500232744,27110,0,0,202687|203482|203486|1629162|1630322
Shot Chart Detail,0042500232,747,1642866,Joan Beringer,1610612759,Minnesota Timberwolves,4,2,24,Made Shot,Alley Oop Layup shot,2PT Field Goal,Restricted Area,Center(C),Less Than 8 ft.,1,-12,3,1,1,20260506,SAS,MIN,42500232747,27360,0,1,202687|203482|203486|1629162|1630322
Shot Chart Detail,0042500232,759,1641763,Julian Phillips,1610612759,Minnesota Timberwolves,4,1,54,Made Shot,Jump Shot,3PT Field Goal,Above the Break 3,Center(C),24+ ft.,25,34,250,1,1,20260506,SAS,MIN,42500232759,27660,0,1,202687|203482|203486|1629162|1630322
Shot Chart Detail,0042500232,763,1641763,Julian Phillips,1610612759,Minnesota Timberwolves,4,1,34,Missed Shot,Driving Layup Shot,2PT Field Goal,Restricted Area,Center(C),Less Than 8 ft.,1,-17,6,1,0,20260506,SAS,MIN,42500232763,27860,0,0,202687|203482|203486|1629162|1630322
Shot Chart Detail,0042500232,768,204060,Joe Ingles,1610612759,Minnesota Timberwolves,4,1,7,Made Shot,Jump Shot,3PT Field Goal,Above the Break 3,Right Side Center(RC),24+ ft.,25,212,134,1,1,20260506,SAS,MIN,42500232768,28130,0,1,202687|203482|203486|1629162|1630322
Shot Chart Detail,0042500232,772,1642866,Joan Beringer,1610612759,Minnesota Timberwolves,4,0,44,Made Shot,Driving Reverse Layup Shot,2PT Field Goal,Restricted Area,Center(C),Less Than 8 ft.,1,9,5,1,1,20260506,SAS,MIN,42500232772,28360,0,1,202687|203482|203486|1629162|1630322
Shot Chart Detail,0042500232,777,1642866,Joan Beringer,1610612759,Minnesota Timberwolves,4,0,3,Missed Shot,Driving Layup Shot,2PT Field Goal,In The Paint (Non-RA),Center(C),Less Than 8 ft.,5,33,50,1,0,20260506,SAS,MIN,42500232777,28770,0,0,202687|203482|203486|1629162|1630322
Shot Chart Detail,0042500233,15,1630183,Jaden McDaniels,1610612759,Minnesota Timberwolves,1,11,5,Missed Shot,Driving Bank Hook Shot,2PT Field Goal,Restricted Area,Center(C),Less Than 8 ft.,2,-29,3,1,0,20260508,MIN,SAS,4250023315,550,0,0,1628368|1630170|1630577|1641705|1642264
Shot Chart Detail,0042500233,20,1630183,Jaden McDaniels,1610612759,Minnesota Timberwolves,1,10,34,Missed Shot,Driving Floating Jump Shot,2PT Field Goal,In The Paint (Non-RA),Center(C),Less Than 8 ft.,5,-51,27,1,0,20260508,MIN,SAS,4250023320,860,0,0,1628368|1630170|1630577|1641705|1642264
Shot Chart Detail,0042500233,37,203944,Julius Randle,1610612759,Minnesota Timberwolves,1,9,21,Missed Shot,Hook Shot,2PT Field Goal,In The Paint (Non-RA),Center(C),Less Than 8 ft.,4,-40,17,1,0,20260508,MIN,SAS,4250023337,1590,0,0,1628368|1630170|1630577|1641705|1642264
Shot Chart Detail,0042500233,45,1630162,Anthony Edwards,1610612759,Minnesota Timberwolves,1,9,3,Missed Shot,Pullup Jump shot,3PT Field Goal,Above the Break 3,Center(C),24+ ft.,24,4,243,1,0,20260508,MIN,SAS,4250023345,1770,0,0,1628368|1630170|1630577|1641705|1642264
Shot Chart Detail,0042500233,50,1630183,Jaden McDaniels,1610612759,Minnesota Timberwolves,1,8,38,Missed Shot,Pullup Jump shot,2PT Field Goal,Mid-Range,Right Side(R),8-16 ft.,14,115,96,1,0,20260508,MIN,SAS,4250023350,2020,0,0,1628368|1630170|1630577|1641705|1642264
Shot Chart Detail,0042500233,56,201144,Mike Conley,1610612759,Minnesota Timberwolves,1,8,10,Missed Shot,Jump Shot,3PT Field Goal,Right Corner 3,Right Side(R),24+ ft.,22,227,5,1,0,20260508,MIN,SAS,4250023356,2300,0,0,1628368|1630170|1630577|1641705|1642264
Shot Chart Detail,0042500233,69,1629675,Naz Reid,1610612759,Minnesota Timberwolves,1,7,31,Missed Shot,Pullup Jump shot,3PT Field Goal,Right Corner 3,Right Side(R),24+ ft.,22,224,30,1,0,20260508,MIN,SAS,4250023369,2690,0,0,1628368|1630170|1630577|1641705|1642264
Shot Chart Detail,0042500233,73,1630183,Jaden McDaniels,1610612759,Minnesota Timberwolves,1,7,7,Missed Shot,Running Pull-Up Jump Shot,2PT Field Goal,In The Paint (Non-RA),Center(C),8-16 ft.,10,9,108,1,0,20260508,MIN,SAS,4250023373,2930,0,0,1628368|1630170|1630577|1641705|1642264
Shot Chart Detail,0042500233,77,203944,Julius Randle,1610612759,Minnesota Timberwolves,1,6,48,Missed Shot,Running Jump Shot,3PT Field Goal,Left Corner 3,Left Side(L),24+ ft.,22,-223,43,1,0,20260508,MIN,SAS,4250023377,3120,0,0,1628368|1630170|1630577|1641705|1642264
Shot Chart Detail,0042500233,83,1629675,Naz Reid,1610612759,Minnesota Timberwolves,1,6,25,Missed Shot,Driving Layup Shot,2PT Field Goal,Restricted Area,Center(C),Less Than 8 ft.,3,31,24,1,0,20260508,MIN,SAS,4250023383,3350,0,0,1628368|1630170|1630577|1641705|1642264
Shot Chart Detail,0042500233,91,1630183,Jaden McDaniels,1610612759,Minnesota Timberwolves,1,5,50,Missed Shot,Driving Floating Jump Shot,2PT Field Goal,In The Paint (Non-RA),Center(C),Less Than 8 ft.,4,-9,47,1,0,20260508,MIN,SAS,4250023391,3700,0,0,1628368|1630170|1630577|1641705|1642264
Shot Chart Detail,0042500233,106,1630162,Anthony Edwards,1610612759,Minnesota Timberwolves,1,5,13,Missed Shot,Driving Hook Shot,2PT Field Goal,In The Paint (Non-RA),Right Side(R),8-16 ft.,9,66,68,1,0,20260508,MIN,SAS,42500233106,4070,0,0,1628436|1629640|1630170|1642264|1642844
Shot Chart Detail,0042500233,108,203497,Rudy Gobert,1610612759,Minnesota Timberwolves,1,5,12,Made Shot,Tip Layup Shot,2PT Field Goal,Restricted Area,Center(C),Less Than 8 ft.,0,0,0,1,1,20260508,MIN,SAS,42500233108,4080,0,0,1628436|1629640|1630170|1642264|1642844
Shot Chart Detail,0042500233,111,1629675,Naz Reid,1610612759,Minnesota Timberwolves,1,4,48,Missed Shot,Driving Layup Shot,2PT Field Goal,In The Paint (Non-RA),Center(C),Less Than 8 ft.,6,50,35,1,0,20260508,MIN,SAS,42500233111,4320,0,0,1628436|1629640|1630170|1642264|1642844
Shot Chart Detail,0042500233,127,1630245,Ayo Dosunmu,1610612759,Minnesota Timberwolves,1,4,7,Missed Shot,Jump Shot,3PT Field Goal,Right Corner 3,Right Side(R),24+ ft.,22,223,16,1,0,20260508,MIN,SAS,42500233127,4730,0,0,1628436|1629640|1630170|1642264|1642844
Shot Chart Detail,0042500233,130,1629675,Naz Reid,1610612759,Minnesota Timberwolves,1,3,48,Made Shot,Pullup Jump shot,3PT Field Goal,Above the Break 3,Left Side Center(LC),24+ ft.,24,-105,221,1,1,20260508,MIN,SAS,42500233130,4920,0,1,1628436|1629640|1630170|1642264|1642844
Shot Chart Detail,0042500233,140,203497,Rudy Gobert,1610612759,Minnesota Timberwolves,1,3,8,Made Shot,Layup Shot,2PT Field Goal,Restricted Area,Center(C),Less Than 8 ft.,2,16,21,1,1,20260508,MIN,SAS,42500233140,5320,0,1,1628368|1628436|1629640|1630170|1642844
Shot Chart Detail,0042500233,144,203497,Rudy Gobert,1610612759,Minnesota Timberwolves,1,2,39,Made Shot,Running Layup Shot,2PT Field Goal,Restricted Area,Center(C),Less Than 8 ft.,3,16,26,1,1,20260508,MIN,SAS,42500233144,5610,0,1,1628368|1628436|1629640|1630170|1642844
Shot Chart Detail,0042500233,150,1630162,Anthony Edwards,1610612759,Minnesota Timberwolves,1,2,8,Made Shot,Running Layup Shot,2PT Field Goal,Restricted Area,Center(C),Less Than 8 ft.,1,-18,0,1,1,20260508,MIN,SAS,42500233150,5920,0,0,1628368|1628436|1629640|1630170|1642844
Shot Chart Detail,0042500233,152,1630162,Anthony Edwards,1610612759,Minnesota Timberwolves,1,1,34,Made Shot,Driving Floating Jump Shot,2PT Field Goal,In The Paint (Non-RA),Center(C),8-16 ft.,10,6,105,1,1,20260508,MIN,SAS,42500233152,6260,0,0,1628368|1628436|1629640|1630170|1642844
Shot Chart Detail,0042500233,172,1630245,Ayo Dosunmu,1610612759,Minnesota Timberwolves,1,0,54,Missed Shot,Driving Finger Roll Layup Shot,2PT Field Goal,Restricted Area,Center(C),Less Than 8 ft.,3,23,21,1,0,20260508,MIN,SAS,42500233172,6660,0,0,1628368|1629640|1630577|1641705|1642264
Shot Chart Detail,0042500233,176,1630162,Anthony Edwards,1610612759,Minnesota Timberwolves,1,0,26,Made Shot,Pullup Jump shot,3PT Field Goal,Above the Break 3,Left Side Center(LC),24+ ft.,24,-136,201,1,1,20260508,MIN,SAS,42500233176,6940,0,1,1628368|1629640|1630577|1641705|1642264
Shot Chart Detail,0042500233,180,1630162,Anthony Edwards,1610612759,Minnesota Timberwolves,1,0,0,Made Shot,Pullup Jump shot,3PT Field Goal,Above the Break 3,Right Side Center(RC),24+ ft.,30,123,282,1,1,20260508,MIN,SAS,42500233180,7200,0,1,1628368|1629640|1630577|1641705|1642264
Shot Chart Detail,0042500233,191,1630162,Anthony Edwards,1610612759,Minnesota Timberwolves,2,11,46,Made Shot,Pullup Jump shot,2PT Field Goal,Mid-Range,Center(C),8-16 ft.,14,-27,147,1,1,20260508,MIN,SAS,42500233191,7340,0,0,203084|1628368|1630577|1641705|1642264
Shot Chart Detail,0042500233,194,1630162,Anthony Edwards,1610612759,Minnesota Timberwolves,2,11,17,Missed Shot,Turnaround Fadeaway shot,2PT Field Goal,Mid-Range,Right Side(R),8-16 ft.,14,141,25,1,0,20260508,MIN,SAS,42500233194,7630,0,0,203084|1628368|1630577|1641705|1642264
Shot Chart Detail,0042500233,196,1629675,Naz Reid,1610612759,Minnesota Timberwolves,2,11,11,Made Shot,Driving Floating Jump Shot,2PT Field Goal,Mid-Range,Left Side(L),8-16 ft.,13,-137,5,1,1,20260508,MIN,SAS,42500233196,7690,0,0,203084|1628368|1630577|1641705|1642264
Shot Chart Detail,0042500233,199,1630183,Jaden McDaniels,1610612759,Minnesota Timberwolves,2,10,41,Made Shot,Jump Shot,3PT Field Goal,Right Corner 3,Right Side(R),24+ ft.,22,227,19,1,1,20260508,MIN,SAS,42500233199,7990,0,1,203084|1628368|1630577|1641705|1642264
Shot Chart Detail,0042500233,203,1630545,Terrence Shannon Jr.,1610612759,Minnesota Timberwolves,2,10,13,Missed Shot,Jump Shot,3PT Field Goal,Right Corner 3,Right Side(R),24+ ft.,22,224,5,1,0,20260508,MIN,SAS,42500233203,8270,0,0,203084|1628368|1630577|1641705|1642264
Shot Chart Detail,0042500233,206,1629675,Naz Reid,1610612759,Minnesota Timberwolves,2,9,47,Missed Shot,Jump Shot,3PT Field Goal,Right Corner 3,Right Side(R),24+ ft.,22,228,-7,1,0,20260508,MIN,SAS,42500233206,8530,0,0,203084|1628368|1630577|1641705|1642264
Shot Chart Detail,0042500233,221,1629675,Naz Reid,1610612759,Minnesota Timberwolves,2,8,54,Missed Shot,Driving Floating Jump Shot,2PT Field Goal,Mid-Range,Left Side(L),8-16 ft.,10,-107,1,1,0,20260508,MIN,SAS,42500233221,9060,0,0,203084|1628368|1641705|1642264|1642868
Shot Chart Detail,0042500233,228,1630245,Ayo Dosunmu,1610612759,Minnesota Timberwolves,2,8,37,Missed Shot,Driving Finger Roll Layup Shot,2PT Field Goal,Restricted Area,Center(C),Less Than 8 ft.,3,22,26,1,0,20260508,MIN,SAS,42500233228,9230,0,0,203084|1628368|1641705|1642264|1642868
Shot Chart Detail,0042500233,232,1630162,Anthony Edwards,1610612759,Minnesota Timberwolves,2,8,9,Missed Shot,Step Back Jump shot,2PT Field Goal,Mid-Range,Left Side Center(LC),16-24 ft.,19,-76,183,1,0,20260508,MIN,SAS,42500233232,9510,0,0,203084|1628368|1641705|1642264|1642868
Shot Chart Detail,0042500233,239,203944,Julius Randle,1610612759,Minnesota Timberwolves,2,7,33,Missed Shot,Jump Shot,3PT Field Goal,Right Corner 3,Right Side(R),24+ ft.,23,232,14,1,0,20260508,MIN,SAS,42500233239,9870,0,0,203084|1628368|1641705|1642264|1642868
Shot Chart Detail,0042500233,241,203944,Julius Randle,1610612759,Minnesota Timberwolves,2,7,27,Made Shot,Driving Dunk Shot,2PT Field Goal,Restricted Area,Center(C),Less Than 8 ft.,0,2,3,1,1,20260508,MIN,SAS,42500233241,9930,0,1,203084|1628368|1641705|1642264|1642868
Shot Chart Detail,0042500233,255,1630545,Terrence Shannon Jr.,1610612759,Minnesota Timberwolves,2,7,2,Missed Shot,Jump Shot,3PT Field Goal,Above the Break 3,Left Side Center(LC),24+ ft.,24,-112,218,1,0,20260508,MIN,SAS,42500233255,10180,0,0,203084|1641705|1642264|1642844|1642868
Shot Chart Detail,0042500233,257,1630245,Ayo Dosunmu,1610612759,Minnesota Timberwolves,2,6,53,Missed Shot,Jump Shot,3PT Field Goal,Above the Break 3,Right Side Center(RC),24+ ft.,25,153,200,1,0,20260508,MIN,SAS,42500233257,10270,0,0,203084|1641705|1642264|1642844|1642868
Shot Chart Detail,0042500233,270,1629675,Naz Reid,1610612759,Minnesota Timberwolves,2,5,51,Missed Shot,Turnaround Jump Shot,3PT Field Goal,Above the Break 3,Left Side Center(LC),24+ ft.,24,-115,218,1,0,20260508,MIN,SAS,42500233270,10890,0,0,203084|1630170|1641705|1642844|1642868
Shot Chart Detail,0042500233,288,1630183,Jaden McDaniels,1610612759,Minnesota Timberwolves,2,5,13,Missed Shot,Jump Shot,3PT Field Goal,Left Corner 3,Left Side(L),24+ ft.,22,-227,-4,1,0,20260508,MIN,SAS,42500233288,11270,0,0,1628368|1628436|1630170|1642844|1642868
Shot Chart Detail,0042500233,306,1630545,Terrence Shannon Jr.,1610612759,Minnesota Timberwolves,2,4,45,Missed Shot,Driving Dunk Shot,2PT Field Goal,Restricted Area,Center(C),Less Than 8 ft.,1,9,15,1,0,20260508,MIN,SAS,42500233306,11550,0,0,1628436|1629640|1630170|1642264|1642844
Shot Chart Detail,0042500233,313,1630162,Anthony Edwards,1610612759,Minnesota Timberwolves,2,4,21,Missed Shot,Step Back Jump shot,3PT Field Goal,Above the Break 3,Right Side Center(RC),24+ ft.,23,138,194,1,0,20260508,MIN,SAS,42500233313,11790,0,0,1628436|1629640|1630170|1642264|1642844
Shot Chart Detail,0042500233,337,1630162,Anthony Edwards,1610612759,Minnesota Timberwolves,2,3,18,Missed Shot,Step Back Jump shot,2PT Field Goal,Mid-Range,Right Side(R),8-16 ft.,12,126,16,1,0,20260508,MIN,SAS,42500233337,12420,0,0,1628436|1629640|1630170|1642264|1642844
Shot Chart Detail,0042500233,339,1630162,Anthony Edwards,1610612759,Minnesota Timberwolves,2,3,14,Made Shot,Putback Layup Shot,2PT Field Goal,Restricted Area,Center(C),Less Than 8 ft.,2,5,27,1,1,20260508,MIN,SAS,42500233339,12460,0,0,1628436|1629640|1630170|1642264|1642844
Shot Chart Detail,0042500233,341,1630545,Terrence Shannon Jr.,1610612759,Minnesota Timberwolves,2,2,47,Missed Shot,Driving Floating Jump Shot,2PT Field Goal,In The Paint (Non-RA),Center(C),Less Than 8 ft.,5,-13,53,1,0,20260508,MIN,SAS,42500233341,12730,0,0,1628436|1629640|1630170|1642264|1642844
Shot Chart Detail,0042500233,343,203497,Rudy Gobert,1610612759,Minnesota Timberwolves,2,2,46,Made Shot,Tip Dunk Shot,2PT Field Goal,Restricted Area,Center(C),Less Than 8 ft.,0,0,0,1,1,20260508,MIN,SAS,42500233343,12740,0,0,1628436|1629640|1630170|1642264|1642844
Shot Chart Detail,0042500233,355,1629675,Naz Reid,1610612759,Minnesota Timberwolves,2,2,21,Made Shot,Jump Shot,3PT Field Goal,Left Corner 3,Left Side(L),24+ ft.,22,-228,-1,1,1,20260508,MIN,SAS,42500233355,12990,0,1,1628368|1629640|1630170|1641705|1642264
Shot Chart Detail,0042500233,368,203944,Julius Randle,1610612759,Minnesota Timberwolves,2,1,40,Missed Shot,Pullup Jump shot,2PT Field Goal,Mid-Range,Right Side(R),8-16 ft.,12,98,79,1,0,20260508,MIN,SAS,42500233368,13400,0,0,1628368|1630170|1630577|1641705|1642264
Shot Chart Detail,0042500233,372,1630183,Jaden McDaniels,1610612759,Minnesota Timberwolves,2,1,16,Missed Shot,Jump Shot,3PT Field Goal,Right Corner 3,Right Side(R),24+ ft.,22,225,17,1,0,20260508,MIN,SAS,42500233372,13640,0,0,1628368|1630170|1630577|1641705|1642264
Shot Chart Detail,0042500233,381,1630162,Anthony Edwards,1610612759,Minnesota Timberwolves,2,0,56,Made Shot,Driving Layup Shot,2PT Field Goal,Restricted Area,Center(C),Less Than 8 ft.,0,-4,5,1,1,20260508,MIN,SAS,42500233381,13840,0,1,1628368|1630170|1630577|1641705|1642264
Shot Chart Detail,0042500233,387,1630183,Jaden McDaniels,1610612759,Minnesota Timberwolves,2,0,0,Made Shot,Step Back Jump shot,3PT Field Goal,Above the Break 3,Left Side Center(LC),24+ ft.,24,-223,98,1,1,20260508,MIN,SAS,42500233387,14400,0,1,1628368|1630170|1630577|1641705|1642264
Shot Chart Detail,0042500233,402,1630162,Anthony Edwards,1610612759,Minnesota Timberwolves,3,11,43,Missed Shot,Turnaround Fadeaway shot,2PT Field Goal,Mid-Range,Left Side Center(LC),16-24 ft.,16,-108,126,1,0,20260508,MIN,SAS,42500233402,14570,0,0,1628368|1630170|1630577|1641705|1642264
Shot Chart Detail,0042500233,408,1630162,Anthony Edwards,1610612759,Minnesota Timberwolves,3,11,14,Missed Shot,Turnaround Jump Shot,2PT Field Goal,Mid-Range,Right Side Center(RC),16-24 ft.,16,92,136,1,0,20260508,MIN,SAS,42500233408,14860,0,0,1628368|1630170|1630577|1641705|1642264
Shot Chart Detail,0042500233,416,1630245,Ayo Dosunmu,1610612759,Minnesota Timberwolves,3,10,31,Missed Shot,Jump Shot,3PT Field Goal,Right Corner 3,Right Side(R),24+ ft.,23,232,36,1,0,20260508,MIN,SAS,42500233416,15290,0,0,1628368|1630170|1630577|1641705|1642264
Shot Chart Detail,0042500233,424,1630183,Jaden McDaniels,1610612759,Minnesota Timberwolves,3,9,52,Missed Shot,Step Back Jump shot,2PT Field Goal,Mid-Range,Right Side Center(RC),16-24 ft.,18,143,110,1,0,20260508,MIN,SAS,42500233424,15680,0,0,1628368|1630170|1630577|1641705|1642264
Shot Chart Detail,0042500233,426,203497,Rudy Gobert,1610612759,Minnesota Timberwolves,3,9,49,Made Shot,Floating Jump shot,2PT Field Goal,In The Paint (Non-RA),Center(C),8-16 ft.,11,4,112,1,1,20260508,MIN,SAS,42500233426,15710,0,1,1628368|1630170|1630577|1641705|1642264
Shot Chart Detail,0042500233,430,203944,Julius Randle,1610612759,Minnesota Timberwolves,3,9,17,Missed Shot,Pullup Jump shot,2PT Field Goal,Mid-Range,Center(C),16-24 ft.,18,-53,178,1,0,20260508,MIN,SAS,42500233430,16030,0,0,1628368|1630170|1630577|1641705|1642264
Shot Chart Detail,0042500233,436,1630183,Jaden McDaniels,1610612759,Minnesota Timberwolves,3,8,57,Made Shot,Pullup Jump shot,2PT Field Goal,Mid-Range,Left Side(L),8-16 ft.,13,-103,86,1,1,20260508,MIN,SAS,42500233436,16230,0,0,1628368|1630170|1630577|1641705|1642264
Shot Chart Detail,0042500233,439,203944,Julius Randle,1610612759,Minnesota Timberwolves,3,8,29,Missed Shot,Driving Layup Shot,2PT Field Goal,In The Paint (Non-RA),Center(C),Less Than 8 ft.,4,29,31,1,0,20260508,MIN,SAS,42500233439,16510,0,0,1628368|1630170|1630577|1641705|1642264
Shot Chart Detail,0042500233,448,1630162,Anthony Edwards,1610612759,Minnesota Timberwolves,3,7,55,Made Shot,Driving Floating Jump Shot,2PT Field Goal,In The Paint (Non-RA),Center(C),8-16 ft.,8,-7,88,1,1,20260508,MIN,SAS,42500233448,16850,0,0,1628368|1630170|1630577|1641705|1642264
Shot Chart Detail,0042500233,452,1629675,Naz Reid,1610612759,Minnesota Timberwolves,3,7,25,Made Shot,Step Back Jump shot,3PT Field Goal,Above the Break 3,Right Side Center(RC),24+ ft.,25,159,194,1,1,20260508,MIN,SAS,42500233452,17150,0,0,1628368|1630170|1630577|1641705|1642264
Shot Chart Detail,0042500233,458,1630162,Anthony Edwards,1610612759,Minnesota Timberwolves,3,7,5,Made Shot,Floating Jump shot,2PT Field Goal,Mid-Range,Right Side(R),8-16 ft.,8,86,13,1,1,20260508,MIN,SAS,42500233458,17350,0,1,1628368|1630170|1630577|1641705|1642264
Shot Chart Detail,0042500233,462,1630245,Ayo Dosunmu,1610612759,Minnesota Timberwolves,3,6,39,Made Shot,Jump Shot,3PT Field Goal,Left Corner 3,Left Side(L),24+ ft.,23,-223,67,1,1,20260508,MIN,SAS,42500233462,17610,0,1,1628368|1630170|1630577|1641705|1642264
Shot Chart Detail,0042500233,466,1630183,Jaden McDaniels,1610612759,Minnesota Timberwolves,3,6,19,Made Shot,Jump Shot,3PT Field Goal,Above the Break 3,Right Side Center(RC),24+ ft.,24,170,176,1,1,20260508,MIN,SAS,42500233466,17810,0,1,1628368|1630170|1630577|1641705|1642264
Shot Chart Detail,0042500233,481,1630162,Anthony Edwards,1610612759,Minnesota Timberwolves,3,5,38,Missed Shot,Step Back Jump shot,3PT Field Goal,Above the Break 3,Center(C),24+ ft.,25,-22,253,1,0,20260508,MIN,SAS,42500233481,18220,0,0,1628436|1629640|1630170|1642264|1642844
Shot Chart Detail,0042500233,487,1629675,Naz Reid,1610612759,Minnesota Timberwolves,3,5,1,Made Shot,Driving Floating Jump Shot,2PT Field Goal,In The Paint (Non-RA),Center(C),8-16 ft.,8,0,84,1,1,20260508,MIN,SAS,42500233487,18590,0,0,1628436|1629640|1630170|1642264|1642844
Shot Chart Detail,0042500233,503,203497,Rudy Gobert,1610612759,Minnesota Timberwolves,3,3,54,Missed Shot,Hook Shot,2PT Field Goal,In The Paint (Non-RA),Center(C),Less Than 8 ft.,5,-50,23,1,0,20260508,MIN,SAS,42500233503,19260,0,0,1629640|1630170|1641705|1642264|1642844
Shot Chart Detail,0042500233,517,1630162,Anthony Edwards,1610612759,Minnesota Timberwolves,3,2,53,Made Shot,Pullup Jump shot,2PT Field Goal,Mid-Range,Left Side(L),8-16 ft.,12,-115,60,1,1,20260508,MIN,SAS,42500233517,19870,0,0,1629640|1630170|1641705|1642264|1642844
Shot Chart Detail,0042500233,525,1630245,Ayo Dosunmu,1610612759,Minnesota Timberwolves,3,2,26,Made Shot,Jump Shot,3PT Field Goal,Right Corner 3,Right Side(R),24+ ft.,23,232,39,1,1,20260508,MIN,SAS,42500233525,20140,0,1,1628368|1629640|1630577|1641705|1642844
Shot Chart Detail,0042500233,528,1630245,Ayo Dosunmu,1610612759,Minnesota Timberwolves,3,1,53,Made Shot,Driving Floating Jump Shot,2PT Field Goal,In The Paint (Non-RA),Center(C),Less Than 8 ft.,7,55,58,1,1,20260508,MIN,SAS,42500233528,20470,0,1,1628368|1629640|1630577|1641705|1642844
Shot Chart Detail,0042500233,531,1630162,Anthony Edwards,1610612759,Minnesota Timberwolves,3,1,20,Missed Shot,Step Back Jump shot,3PT Field Goal,Above the Break 3,Left Side Center(LC),24+ ft.,24,-185,162,1,0,20260508,MIN,SAS,42500233531,20800,0,0,1628368|1629640|1630577|1641705|1642844
Shot Chart Detail,0042500233,535,1630162,Anthony Edwards,1610612759,Minnesota Timberwolves,3,1,9,Missed Shot,Driving Floating Jump Shot,2PT Field Goal,In The Paint (Non-RA),Center(C),8-16 ft.,11,-25,113,1,0,20260508,MIN,SAS,42500233535,20910,0,0,1628368|1629640|1630577|1641705|1642844
Shot Chart Detail,0042500233,546,1630245,Ayo Dosunmu,1610612759,Minnesota Timberwolves,3,0,55,Missed Shot,Jump Shot,3PT Field Goal,Right Corner 3,Right Side(R),24+ ft.,22,227,33,1,0,20260508,MIN,SAS,42500233546,21050,0,0,1628368|1629640|1630170|1630577|1641705
Shot Chart Detail,0042500233,560,1630162,Anthony Edwards,1610612759,Minnesota Timberwolves,3,0,0,Missed Shot,Jump Shot,2PT Field Goal,Mid-Range,Left Side Center(LC),16-24 ft.,22,-98,207,1,0,20260508,MIN,SAS,42500233560,21600,0,0,1628368|1629640|1630170|1630577|1642264
Shot Chart Detail,0042500233,574,203944,Julius Randle,1610612759,Minnesota Timberwolves,4,11,41,Missed Shot,Running Jump Shot,3PT Field Goal,Left Corner 3,Left Side(L),24+ ft.,22,-228,23,1,0,20260508,MIN,SAS,42500233574,21790,0,0,1628368|1629640|1641705|1642264|1642868
Shot Chart Detail,0042500233,580,1630183,Jaden McDaniels,1610612759,Minnesota Timberwolves,4,10,56,Missed Shot,Pullup Jump shot,2PT Field Goal,In The Paint (Non-RA),Center(C),8-16 ft.,12,-23,125,1,0,20260508,MIN,SAS,42500233580,22240,0,0,1628368|1629640|1641705|1642264|1642868
Shot Chart Detail,0042500233,589,203944,Julius Randle,1610612759,Minnesota Timberwolves,4,10,30,Missed Shot,Running Layup Shot,2PT Field Goal,In The Paint (Non-RA),Center(C),Less Than 8 ft.,4,33,32,1,0,20260508,MIN,SAS,42500233589,22500,0,0,1628368|1629640|1641705|1642264|1642868
Shot Chart Detail,0042500233,595,1630183,Jaden McDaniels,1610612759,Minnesota Timberwolves,4,10,1,Missed Shot,Driving Floating Jump Shot,2PT Field Goal,In The Paint (Non-RA),Center(C),8-16 ft.,12,-60,104,1,0,20260508,MIN,SAS,42500233595,22790,0,0,1628368|1629640|1641705|1642264|1642868
Shot Chart Detail,0042500233,598,1630545,Terrence Shannon Jr.,1610612759,Minnesota Timberwolves,4,9,50,Made Shot,Jump Shot,3PT Field Goal,Above the Break 3,Left Side Center(LC),24+ ft.,27,-157,231,1,1,20260508,MIN,SAS,42500233598,22900,0,1,1628368|1629640|1641705|1642264|1642868
Shot Chart Detail,0042500233,603,1630245,Ayo Dosunmu,1610612759,Minnesota Timberwolves,4,9,24,Made Shot,Jump Shot,3PT Field Goal,Left Corner 3,Left Side(L),24+ ft.,23,-227,43,1,1,20260508,MIN,SAS,42500233603,23160,0,1,1628368|1629640|1641705|1642264|1642868
Shot Chart Detail,0042500233,607,1630183,Jaden McDaniels,1610612759,Minnesota Timberwolves,4,8,52,Missed Shot,Driving Floating Jump Shot,2PT Field Goal,In The Paint (Non-RA),Center(C),Less Than 8 ft.,6,21,62,1,0,20260508,MIN,SAS,42500233607,23480,0,0,1628368|1629640|1641705|1642264|1642868
Shot Chart Detail,0042500233,616,1630183,Jaden McDaniels,1610612759,Minnesota Timberwolves,4,8,33,Missed Shot,Jump Shot,3PT Field Goal,Right Corner 3,Right Side(R),24+ ft.,23,229,33,1,0,20260508,MIN,SAS,42500233616,23670,0,0,1628368|1629640|1630577|1641705|1642264
Shot Chart Detail,0042500233,618,203944,Julius Randle,1610612759,Minnesota Timberwolves,4,8,31,Made Shot,Putback Dunk Shot,2PT Field Goal,Restricted Area,Center(C),Less Than 8 ft.,0,7,6,1,1,20260508,MIN,SAS,42500233618,23690,0,0,1628368|1629640|1630577|1641705|1642264
Shot Chart Detail,0042500233,621,1630545,Terrence Shannon Jr.,1610612759,Minnesota Timberwolves,4,8,3,Made Shot,Running Layup Shot,2PT Field Goal,Restricted Area,Center(C),Less Than 8 ft.,2,18,12,1,1,20260508,MIN,SAS,42500233621,23970,0,1,1628368|1629640|1630577|1641705|1642264
Shot Chart Detail,0042500233,637,1630162,Anthony Edwards,1610612759,Minnesota Timberwolves,4,7,21,Made Shot,Driving Floating Jump Shot,2PT Field Goal,In The Paint (Non-RA),Center(C),8-16 ft.,8,33,80,1,1,20260508,MIN,SAS,42500233637,24390,0,0,1628368|1628436|1630170|1630577|1642844
Shot Chart Detail,0042500233,640,1630183,Jaden McDaniels,1610612759,Minnesota Timberwolves,4,6,49,Missed Shot,Driving Floating Jump Shot,2PT Field Goal,In The Paint (Non-RA),Center(C),8-16 ft.,8,0,84,1,0,20260508,MIN,SAS,42500233640,24710,0,0,1628368|1628436|1630170|1630577|1642844
Shot Chart Detail,0042500233,642,1630183,Jaden McDaniels,1610612759,Minnesota Timberwolves,4,6,48,Missed Shot,Tip Layup Shot,2PT Field Goal,Restricted Area,Center(C),Less Than 8 ft.,0,0,0,1,0,20260508,MIN,SAS,42500233642,24720,0,0,1628368|1628436|1630170|1630577|1642844
Shot Chart Detail,0042500233,645,203944,Julius Randle,1610612759,Minnesota Timberwolves,4,6,47,Missed Shot,Putback Layup Shot,2PT Field Goal,In The Paint (Non-RA),Center(C),Less Than 8 ft.,4,29,33,1,0,20260508,MIN,SAS,42500233645,24730,0,0,1628368|1628436|1630170|1630577|1642844
Shot Chart Detail,0042500233,647,203497,Rudy Gobert,1610612759,Minnesota Timberwolves,4,6,45,Made Shot,Putback Layup Shot,2PT Field Goal,Restricted Area,Center(C),Less Than 8 ft.,1,-2,10,1,1,20260508,MIN,SAS,42500233647,24750,0,0,1628368|1628436|1630170|1630577|1642844
Shot Chart Detail,0042500233,665,1630183,Jaden McDaniels,1610612759,Minnesota Timberwolves,4,5,42,Missed Shot,Layup Shot,2PT Field Goal,In The Paint (Non-RA),Center(C),Less Than 8 ft.,4,36,33,1,0,20260508,MIN,SAS,42500233665,25380,0,0,1630170|1630577|1641705|1642264|1642844
Shot Chart Detail,0042500233,668,203944,Julius Randle,1610612759,Minnesota Timberwolves,4,5,40,Made Shot,Putback Layup Shot,2PT Field Goal,Restricted Area,Center(C),Less Than 8 ft.,1,-16,10,1,1,20260508,MIN,SAS,42500233668,25400,0,0,1630170|1630577|1641705|1642264|1642844
Shot Chart Detail,0042500233,673,1630162,Anthony Edwards,1610612759,Minnesota Timberwolves,4,4,59,Missed Shot,Step Back Jump shot,3PT Field Goal,Above the Break 3,Left Side Center(LC),24+ ft.,27,-116,254,1,0,20260508,MIN,SAS,42500233673,25810,0,0,1630170|1630577|1641705|1642264|1642844
Shot Chart Detail,0042500233,681,1630245,Ayo Dosunmu,1610612759,Minnesota Timberwolves,4,4,4,Missed Shot,Driving Floating Jump Shot,2PT Field Goal,In The Paint (Non-RA),Center(C),Less Than 8 ft.,7,-22,69,1,0,20260508,MIN,SAS,42500233681,26360,0,0,1630170|1630577|1641705|1642264|1642844
Shot Chart Detail,0042500233,688,1629675,Naz Reid,1610612759,Minnesota Timberwolves,4,3,27,Made Shot,Jump Shot,3PT Field Goal,Right Corner 3,Right Side(R),24+ ft.,23,232,12,1,1,20260508,MIN,SAS,42500233688,26730,0,1,1630170|1630577|1641705|1642264|1642844
Shot Chart Detail,0042500233,692,1629675,Naz Reid,1610612759,Minnesota Timberwolves,4,2,40,Missed Shot,Step Back Jump shot,3PT Field Goal,Above the Break 3,Center(C),24+ ft.,26,-75,249,1,0,20260508,MIN,SAS,42500233692,27200,0,0,1630170|1630577|1641705|1642264|1642844
Shot Chart Detail,0042500233,702,1630183,Jaden McDaniels,1610612759,Minnesota Timberwolves,4,2,10,Missed Shot,Jump Shot,3PT Field Goal,Left Corner 3,Left Side(L),24+ ft.,23,-229,27,1,0,20260508,MIN,SAS,42500233702,27500,0,0,1628368|1630170|1630577|1641705|1642264
Shot Chart Detail,0042500233,706,1630183,Jaden McDaniels,1610612759,Minnesota Timberwolves,4,1,45,Made Shot,Driving Layup Shot,2PT Field Goal,Restricted Area,Center(C),Less Than 8 ft.,2,22,15,1,1,20260508,MIN,SAS,42500233706,27750,0,1,1628368|1630170|1630577|1641705|1642264
Shot Chart Detail,0042500233,713,1630245,Ayo Dosunmu,1610612759,Minnesota Timberwolves,4,1,1,Missed Shot,Pullup Jump shot,3PT Field Goal,Right Corner 3,Right Side(R),24+ ft.,24,230,74,1,0,20260508,MIN,SAS,42500233713,28190,0,0,1628368|1630170|1630577|1641705|1642264
Shot Chart Detail,0042500233,719,1630162,Anthony Edwards,1610612759,Minnesota Timberwolves,4,0,39,Missed Shot,Pullup Jump shot,3PT Field Goal,Above the Break 3,Right Side Center(RC),24+ ft.,25,178,181,1,0,20260508,MIN,SAS,42500233719,28410,0,0,1628368|1630170|1630577|1641705|1642264
Shot Chart Detail,0042500233,731,1630162,Anthony Edwards,1610612759,Minnesota Timberwolves,4,0,23,Made Shot,Turnaround Jump Shot,3PT Field Goal,Above the Break 3,Right Side Center(RC),24+ ft.,24,223,92,1,1,20260508,MIN,SAS,42500233731,28570,0,1,1628368|1630170|1630577|1641705|1642264
Shot Chart Detail,0042500233,740,1630183,Jaden McDaniels,1610612759,Minnesota Timberwolves,4,0,10,Missed Shot,Pullup Jump shot,3PT Field Goal,Above the Break 3,Right Side Center(RC),24+ ft.,25,98,239,1,0,20260508,MIN,SAS,42500233740,28700,0,0,1628368|1630170|1641705|1642264|1642844
Shot Chart Detail,0042500234,9,203944,Julius Randle,1610612759,Minnesota Timberwolves,1,11,27,Missed Shot,Step Back Jump shot,2PT Field Goal,In The Paint (Non-RA),Center(C),8-16 ft.,8,-18,84,1,0,20260510,MIN,SAS,425002349,330,0,0,1628368|1630170|1630577|1641705|1642264
Shot Chart Detail,0042500234,12,203944,Julius Randle,1610612759,Minnesota Timberwolves,1,10,59,Missed Shot,Jump Shot,3PT Field Goal,Above the Break 3,Left Side Center(LC),24+ ft.,25,-161,197,1,0,20260510,MIN,SAS,4250023412,610,0,0,1628368|1630170|1630577|1641705|1642264
Shot Chart Detail,0042500234,16,1630183,Jaden McDaniels,1610612759,Minnesota Timberwolves,1,10,30,Missed Shot,Turnaround Fadeaway shot,2PT Field Goal,Mid-Range,Left Side(L),8-16 ft.,10,-105,9,1,0,20260510,MIN,SAS,4250023416,900,0,0,1628368|1630170|1630577|1641705|1642264
Shot Chart Detail,0042500234,20,1630162,Anthony Edwards,1610612759,Minnesota Timberwolves,1,10,21,Made Shot,Pullup Jump shot,3PT Field Goal,Above the Break 3,Center(C),24+ ft.,24,15,246,1,1,20260510,MIN,SAS,4250023420,990,0,0,1628368|1630170|1630577|1641705|1642264
Shot Chart Detail,0042500234,26,203497,Rudy Gobert,1610612759,Minnesota Timberwolves,1,9,39,Missed Shot,Jump Shot,3PT Field Goal,Above the Break 3,Left Side Center(LC),24+ ft.,25,-124,219,1,0,20260510,MIN,SAS,4250023426,1410,0,0,1628368|1630170|1630577|1641705|1642264
Shot Chart Detail,0042500234,32,1630245,Ayo Dosunmu,1610612759,Minnesota Timberwolves,1,8,48,Missed Shot,Driving Floating Jump Shot,2PT Field Goal,In The Paint (Non-RA),Center(C),Less Than 8 ft.,4,-5,42,1,0,20260510,MIN,SAS,4250023432,1920,0,0,1628368|1630170|1630577|1641705|1642264
Shot Chart Detail,0042500234,34,203497,Rudy Gobert,1610612759,Minnesota Timberwolves,1,8,46,Made Shot,Putback Dunk Shot,2PT Field Goal,Restricted Area,Center(C),Less Than 8 ft.,0,0,8,1,1,20260510,MIN,SAS,4250023434,1940,0,0,1628368|1630170|1630577|1641705|1642264
Shot Chart Detail,0042500234,40,1630183,Jaden McDaniels,1610612759,Minnesota Timberwolves,1,8,20,Made Shot,Pullup Jump shot,2PT Field Goal,In The Paint (Non-RA),Center(C),8-16 ft.,10,-38,98,1,1,20260510,MIN,SAS,4250023440,2200,0,0,1628368|1630170|1630577|1641705|1642264
Shot Chart Detail,0042500234,56,1630162,Anthony Edwards,1610612759,Minnesota Timberwolves,1,6,51,Missed Shot,Pullup Jump shot,3PT Field Goal,Above the Break 3,Right Side Center(RC),24+ ft.,26,203,171,1,0,20260510,MIN,SAS,4250023456,3090,0,0,1628368|1630170|1630577|1641705|1642264
Shot Chart Detail,0042500234,59,203944,Julius Randle,1610612759,Minnesota Timberwolves,1,6,18,Missed Shot,Step Back Jump shot,2PT Field Goal,Mid-Range,Left Side(L),8-16 ft.,11,-88,66,1,0,20260510,MIN,SAS,4250023459,3420,0,0,1628368|1630170|1630577|1641705|1642264
Shot Chart Detail,0042500234,61,203944,Julius Randle,1610612759,Minnesota Timberwolves,1,6,14,Made Shot,Driving Layup Shot,2PT Field Goal,Restricted Area,Center(C),Less Than 8 ft.,0,-7,-4,1,1,20260510,MIN,SAS,4250023461,3460,0,0,1628368|1630170|1630577|1641705|1642264
Shot Chart Detail,0042500234,73,1629675,Naz Reid,1610612759,Minnesota Timberwolves,1,5,34,Missed Shot,Jump Shot,3PT Field Goal,Left Corner 3,Left Side(L),24+ ft.,22,-227,17,1,0,20260510,MIN,SAS,4250023473,3860,0,0,1629640|1630170|1641705|1642264|1642844
Shot Chart Detail,0042500234,89,1630162,Anthony Edwards,1610612759,Minnesota Timberwolves,1,4,30,Made Shot,Step Back Jump shot,2PT Field Goal,Mid-Range,Left Side Center(LC),16-24 ft.,20,-119,171,1,1,20260510,MIN,SAS,4250023489,4500,0,0,1629640|1630170|1641705|1642264|1642844
Shot Chart Detail,0042500234,93,1629675,Naz Reid,1610612759,Minnesota Timberwolves,1,4,10,Missed Shot,Driving Hook Shot,2PT Field Goal,Restricted Area,Center(C),Less Than 8 ft.,2,-5,22,1,0,20260510,MIN,SAS,4250023493,4700,0,0,1629640|1630170|1641705|1642264|1642844
Shot Chart Detail,0042500234,102,1630183,Jaden McDaniels,1610612759,Minnesota Timberwolves,1,3,54,Missed Shot,Pullup Jump shot,2PT Field Goal,In The Paint (Non-RA),Center(C),8-16 ft.,8,4,84,1,0,20260510,MIN,SAS,42500234102,4860,0,0,1628368|1628436|1629640|1630170|1642844
Shot Chart Detail,0042500234,111,1630162,Anthony Edwards,1610612759,Minnesota Timberwolves,1,3,34,Missed Shot,Jump Shot,2PT Field Goal,Mid-Range,Right Side Center(RC),16-24 ft.,18,127,140,1,0,20260510,MIN,SAS,42500234111,5060,0,0,1628368|1628436|1629640|1630170|1642844
Shot Chart Detail,0042500234,115,1630162,Anthony Edwards,1610612759,Minnesota Timberwolves,1,3,24,Made Shot,Running Dunk Shot,2PT Field Goal,Restricted Area,Center(C),Less Than 8 ft.,1,-4,16,1,1,20260510,MIN,SAS,42500234115,5160,0,0,1628368|1628436|1629640|1630170|1642844
Shot Chart Detail,0042500234,122,1630545,Terrence Shannon Jr.,1610612759,Minnesota Timberwolves,1,2,54,Missed Shot,Driving Reverse Layup Shot,2PT Field Goal,Restricted Area,Center(C),Less Than 8 ft.,1,4,16,1,0,20260510,MIN,SAS,42500234122,5460,0,0,1628368|1628436|1629640|1630170|1642844
Shot Chart Detail,0042500234,124,203497,Rudy Gobert,1610612759,Minnesota Timberwolves,1,2,52,Made Shot,Putback Dunk Shot,2PT Field Goal,Restricted Area,Center(C),Less Than 8 ft.,2,9,19,1,1,20260510,MIN,SAS,42500234124,5480,0,0,1628368|1628436|1629640|1630170|1642844
Shot Chart Detail,0042500234,129,201144,Mike Conley,1610612759,Minnesota Timberwolves,1,2,31,Made Shot,Pullup Jump shot,3PT Field Goal,Above the Break 3,Left Side Center(LC),24+ ft.,25,-219,131,1,1,20260510,MIN,SAS,42500234129,5690,0,0,1628368|1628436|1629640|1630170|1642844
Shot Chart Detail,0042500234,133,1629675,Naz Reid,1610612759,Minnesota Timberwolves,1,2,11,Made Shot,Running Finger Roll Layup Shot,2PT Field Goal,Restricted Area,Center(C),Less Than 8 ft.,1,-2,11,1,1,20260510,MIN,SAS,42500234133,5890,0,0,1628368|1628436|1629640|1630170|1642844
Shot Chart Detail,0042500234,139,1630245,Ayo Dosunmu,1610612759,Minnesota Timberwolves,1,1,40,Missed Shot,Driving Floating Jump Shot,2PT Field Goal,In The Paint (Non-RA),Center(C),8-16 ft.,8,23,87,1,0,20260510,MIN,SAS,42500234139,6200,0,0,1628368|1628436|1629640|1630170|1642844
Shot Chart Detail,0042500234,154,203944,Julius Randle,1610612759,Minnesota Timberwolves,1,1,2,Made Shot,Jump Shot,3PT Field Goal,Left Corner 3,Left Side(L),24+ ft.,22,-223,25,1,1,20260510,MIN,SAS,42500234154,6580,0,0,1628368|1629640|1630577|1641705|1642844
Shot Chart Detail,0042500234,157,1630245,Ayo Dosunmu,1610612759,Minnesota Timberwolves,1,0,42,Missed Shot,Jump Shot,3PT Field Goal,Above the Break 3,Center(C),24+ ft.,28,55,278,1,0,20260510,MIN,SAS,42500234157,6780,0,0,1628368|1629640|1630577|1641705|1642844
Shot Chart Detail,0042500234,159,1629675,Naz Reid,1610612759,Minnesota Timberwolves,1,0,33,Made Shot,Driving Finger Roll Layup Shot,2PT Field Goal,Restricted Area,Center(C),Less Than 8 ft.,2,11,21,1,1,20260510,MIN,SAS,42500234159,6870,0,0,1628368|1629640|1630577|1641705|1642844
Shot Chart Detail,0042500234,163,201144,Mike Conley,1610612759,Minnesota Timberwolves,1,0,4,Made Shot,Jump Shot,3PT Field Goal,Above the Break 3,Right Side Center(RC),24+ ft.,27,93,262,1,1,20260510,MIN,SAS,42500234163,7160,0,0,1628368|1629640|1630577|1641705|1642844
Shot Chart Detail,0042500234,173,1630545,Terrence Shannon Jr.,1610612759,Minnesota Timberwolves,2,11,48,Missed Shot,Driving Floating Jump Shot,2PT Field Goal,Restricted Area,Center(C),Less Than 8 ft.,3,32,14,1,0,20260510,MIN,SAS,42500234173,7320,0,0,1628368|1630577|1641705|1642844|1642868
Shot Chart Detail,0042500234,181,1629675,Naz Reid,1610612759,Minnesota Timberwolves,2,11,22,Missed Shot,Jump Shot,3PT Field Goal,Above the Break 3,Left Side Center(LC),24+ ft.,27,-115,247,1,0,20260510,MIN,SAS,42500234181,7580,0,0,1628368|1630577|1641705|1642844|1642868
Shot Chart Detail,0042500234,185,1629675,Naz Reid,1610612759,Minnesota Timberwolves,2,11,3,Made Shot,Driving Floating Jump Shot,2PT Field Goal,In The Paint (Non-RA),Center(C),8-16 ft.,9,-6,98,1,1,20260510,MIN,SAS,42500234185,7770,0,0,1628368|1630577|1641705|1642844|1642868
Shot Chart Detail,0042500234,188,203944,Julius Randle,1610612759,Minnesota Timberwolves,2,10,43,Missed Shot,Running Jump Shot,3PT Field Goal,Above the Break 3,Right Side Center(RC),24+ ft.,25,125,226,1,0,20260510,MIN,SAS,42500234188,7970,0,0,1628368|1630577|1641705|1642844|1642868
Shot Chart Detail,0042500234,192,1630545,Terrence Shannon Jr.,1610612759,Minnesota Timberwolves,2,10,21,Missed Shot,Driving Layup Shot,2PT Field Goal,Restricted Area,Center(C),Less Than 8 ft.,1,12,5,1,0,20260510,MIN,SAS,42500234192,8190,0,0,1628368|1630577|1641705|1642844|1642868
Shot Chart Detail,0042500234,203,1630545,Terrence Shannon Jr.,1610612759,Minnesota Timberwolves,2,9,58,Missed Shot,Running Finger Roll Layup Shot,2PT Field Goal,Restricted Area,Center(C),Less Than 8 ft.,1,6,17,1,0,20260510,MIN,SAS,42500234203,8420,0,0,1630577|1641705|1642264|1642844|1642868
Shot Chart Detail,0042500234,207,1630183,Jaden McDaniels,1610612759,Minnesota Timberwolves,2,9,38,Missed Shot,Step Back Jump shot,3PT Field Goal,Above the Break 3,Right Side Center(RC),24+ ft.,24,132,210,1,0,20260510,MIN,SAS,42500234207,8620,0,0,1630577|1641705|1642264|1642844|1642868
Shot Chart Detail,0042500234,211,1630545,Terrence Shannon Jr.,1610612759,Minnesota Timberwolves,2,9,12,Missed Shot,Jump Shot,3PT Field Goal,Above the Break 3,Left Side Center(LC),24+ ft.,24,-179,169,1,0,20260510,MIN,SAS,42500234211,8880,0,0,1630577|1641705|1642264|1642844|1642868
Shot Chart Detail,0042500234,214,1629675,Naz Reid,1610612759,Minnesota Timberwolves,2,8,52,Missed Shot,Step Back Jump shot,3PT Field Goal,Above the Break 3,Right Side Center(RC),24+ ft.,24,186,162,1,0,20260510,MIN,SAS,42500234214,9080,0,0,1630577|1641705|1642264|1642844|1642868
Shot Chart Detail,0042500234,242,1630162,Anthony Edwards,1610612759,Minnesota Timberwolves,2,8,25,Missed Shot,Driving Layup Shot,2PT Field Goal,Restricted Area,Center(C),Less Than 8 ft.,1,5,9,1,0,20260510,MIN,SAS,42500234242,9350,0,0,203084|1628436|1630577|1642264|1642844
Shot Chart Detail,0042500234,250,203944,Julius Randle,1610612759,Minnesota Timberwolves,2,8,3,Made Shot,Jump Shot,3PT Field Goal,Above the Break 3,Right Side Center(RC),24+ ft.,24,109,220,1,1,20260510,MIN,SAS,42500234250,9570,0,0,203084|1628436|1630577|1642264|1642844
Shot Chart Detail,0042500234,266,203944,Julius Randle,1610612759,Minnesota Timberwolves,2,6,57,Made Shot,Step Back Jump shot,2PT Field Goal,In The Paint (Non-RA),Center(C),8-16 ft.,11,10,119,1,1,20260510,MIN,SAS,42500234266,10230,0,0,203084|1628368|1628436|1630170|1642264
Shot Chart Detail,0042500234,276,1630183,Jaden McDaniels,1610612759,Minnesota Timberwolves,2,5,42,Made Shot,Pullup Jump shot,2PT Field Goal,Mid-Range,Right Side(R),8-16 ft.,14,126,67,1,1,20260510,MIN,SAS,42500234276,10980,0,0,203084|1628368|1628436|1630170|1642264
Shot Chart Detail,0042500234,281,1630245,Ayo Dosunmu,1610612759,Minnesota Timberwolves,2,4,59,Made Shot,Jump Shot,3PT Field Goal,Above the Break 3,Left Side Center(LC),24+ ft.,26,-181,192,1,1,20260510,MIN,SAS,42500234281,11410,0,0,203084|1628368|1628436|1630170|1642264
Shot Chart Detail,0042500234,304,1630162,Anthony Edwards,1610612759,Minnesota Timberwolves,2,3,52,Made Shot,Driving Finger Roll Layup Shot,2PT Field Goal,Restricted Area,Center(C),Less Than 8 ft.,1,5,13,1,1,20260510,MIN,SAS,42500234304,12080,0,0,1628368|1628436|1630170|1642264|1642868
Shot Chart Detail,0042500234,307,203497,Rudy Gobert,1610612759,Minnesota Timberwolves,2,3,23,Missed Shot,Cutting Finger Roll Layup Shot,2PT Field Goal,Restricted Area,Center(C),Less Than 8 ft.,1,1,14,1,0,20260510,MIN,SAS,42500234307,12370,0,0,1628368|1628436|1630170|1642264|1642868
Shot Chart Detail,0042500234,315,1630245,Ayo Dosunmu,1610612759,Minnesota Timberwolves,2,2,45,Made Shot,Driving Layup Shot,2PT Field Goal,Restricted Area,Center(C),Less Than 8 ft.,1,6,16,1,1,20260510,MIN,SAS,42500234315,12750,0,0,1628368|1628436|1630170|1642264|1642868
Shot Chart Detail,0042500234,318,1630162,Anthony Edwards,1610612759,Minnesota Timberwolves,2,2,22,Made Shot,Driving Layup Shot,2PT Field Goal,Restricted Area,Center(C),Less Than 8 ft.,1,17,3,1,1,20260510,MIN,SAS,42500234318,12980,0,0,1628368|1628436|1630170|1642264|1642868
Shot Chart Detail,0042500234,331,1630162,Anthony Edwards,1610612759,Minnesota Timberwolves,2,1,41,Made Shot,Driving Layup Shot,2PT Field Goal,Restricted Area,Center(C),Less Than 8 ft.,1,0,14,1,1,20260510,MIN,SAS,42500234331,13390,0,0,1629640|1630170|1642264|1642844|1642868
Shot Chart Detail,0042500234,339,1630162,Anthony Edwards,1610612759,Minnesota Timberwolves,2,0,51,Missed Shot,Pullup Jump shot,2PT Field Goal,Mid-Range,Left Side Center(LC),16-24 ft.,16,-89,136,1,0,20260510,MIN,SAS,42500234339,13890,0,0,1629640|1630170|1642264|1642844|1642868
Shot Chart Detail,0042500234,351,1630183,Jaden McDaniels,1610612759,Minnesota Timberwolves,2,0,33,Made Shot,Driving Floating Bank Jump Shot,2PT Field Goal,Restricted Area,Center(C),Less Than 8 ft.,0,4,9,1,1,20260510,MIN,SAS,42500234351,14070,0,0,1629640|1630170|1642264|1642844|1642868
Shot Chart Detail,0042500234,375,1630545,Terrence Shannon Jr.,1610612759,Minnesota Timberwolves,2,0,1,Missed Shot,Driving Floating Bank Jump Shot,2PT Field Goal,Restricted Area,Center(C),Less Than 8 ft.,3,17,26,1,0,20260510,MIN,SAS,42500234375,14390,0,0,1628368|1629640|1630577|1642844|1642868
Shot Chart Detail,0042500234,395,1630183,Jaden McDaniels,1610612759,Minnesota Timberwolves,3,11,14,Missed Shot,Turnaround Hook Shot,2PT Field Goal,In The Paint (Non-RA),Center(C),Less Than 8 ft.,6,-38,54,1,0,20260510,MIN,SAS,42500234395,14860,0,0,1628368|1628436|1630170|1630577|1642264
Shot Chart Detail,0042500234,404,1630245,Ayo Dosunmu,1610612759,Minnesota Timberwolves,3,10,44,Missed Shot,Driving Floating Jump Shot,2PT Field Goal,In The Paint (Non-RA),Center(C),8-16 ft.,8,5,84,1,0,20260510,MIN,SAS,42500234404,15160,0,0,1628368|1628436|1630170|1630577|1642264
Shot Chart Detail,0042500234,411,1630162,Anthony Edwards,1610612759,Minnesota Timberwolves,3,10,16,Made Shot,Turnaround Fadeaway shot,2PT Field Goal,Mid-Range,Center(C),16-24 ft.,16,2,167,1,1,20260510,MIN,SAS,42500234411,15440,0,0,1628368|1628436|1630170|1630577|1642264
Shot Chart Detail,0042500234,418,1630162,Anthony Edwards,1610612759,Minnesota Timberwolves,3,9,44,Missed Shot,Pullup Jump shot,3PT Field Goal,Above the Break 3,Right Side Center(RC),24+ ft.,26,125,236,1,0,20260510,MIN,SAS,42500234418,15760,0,0,1628368|1628436|1630170|1630577|1642264
Shot Chart Detail,0042500234,424,203944,Julius Randle,1610612759,Minnesota Timberwolves,3,9,11,Missed Shot,Step Back Jump shot,2PT Field Goal,Mid-Range,Left Side(L),8-16 ft.,11,-115,-1,1,0,20260510,MIN,SAS,42500234424,16090,0,0,1628368|1628436|1630170|1630577|1642264
Shot Chart Detail,0042500234,426,1630245,Ayo Dosunmu,1610612759,Minnesota Timberwolves,3,9,3,Missed Shot,Jump Shot,3PT Field Goal,Above the Break 3,Left Side Center(LC),24+ ft.,26,-140,222,1,0,20260510,MIN,SAS,42500234426,16170,0,0,1628368|1628436|1630170|1630577|1642264
Shot Chart Detail,0042500234,432,1630183,Jaden McDaniels,1610612759,Minnesota Timberwolves,3,8,37,Made Shot,Pullup Jump shot,2PT Field Goal,Mid-Range,Center(C),8-16 ft.,15,13,153,1,1,20260510,MIN,SAS,42500234432,16430,0,0,1628368|1628436|1630170|1630577|1642264
Shot Chart Detail,0042500234,450,1630183,Jaden McDaniels,1610612759,Minnesota Timberwolves,3,7,17,Missed Shot,Driving Floating Jump Shot,2PT Field Goal,In The Paint (Non-RA),Center(C),8-16 ft.,8,-23,80,1,0,20260510,MIN,SAS,42500234450,17230,0,0,1628436|1629640|1630170|1642264|1642844
Shot Chart Detail,0042500234,452,1630183,Jaden McDaniels,1610612759,Minnesota Timberwolves,3,7,16,Made Shot,Tip Layup Shot,2PT Field Goal,Restricted Area,Center(C),Less Than 8 ft.,0,0,0,1,1,20260510,MIN,SAS,42500234452,17240,0,0,1628436|1629640|1630170|1642264|1642844
Shot Chart Detail,0042500234,454,1630183,Jaden McDaniels,1610612759,Minnesota Timberwolves,3,6,55,Missed Shot,Turnaround Fadeaway shot,2PT Field Goal,In The Paint (Non-RA),Center(C),Less Than 8 ft.,7,47,59,1,0,20260510,MIN,SAS,42500234454,17450,0,0,1628436|1629640|1630170|1642264|1642844
Shot Chart Detail,0042500234,465,1630545,Terrence Shannon Jr.,1610612759,Minnesota Timberwolves,3,6,19,Made Shot,Driving Floating Jump Shot,2PT Field Goal,In The Paint (Non-RA),Center(C),8-16 ft.,10,-16,102,1,1,20260510,MIN,SAS,42500234465,17810,0,0,1628436|1629640|1630170|1642264|1642844
Shot Chart Detail,0042500234,471,1630183,Jaden McDaniels,1610612759,Minnesota Timberwolves,3,5,51,Missed Shot,Driving Layup Shot,2PT Field Goal,Restricted Area,Center(C),Less Than 8 ft.,3,1,32,1,0,20260510,MIN,SAS,42500234471,18090,0,0,1628436|1629640|1630170|1642264|1642844
Shot Chart Detail,0042500234,475,1630162,Anthony Edwards,1610612759,Minnesota Timberwolves,3,5,26,Missed Shot,Driving Layup Shot,2PT Field Goal,Restricted Area,Center(C),Less Than 8 ft.,2,-1,22,1,0,20260510,MIN,SAS,42500234475,18340,0,0,1628436|1629640|1630170|1642264|1642844
Shot Chart Detail,0042500234,477,203497,Rudy Gobert,1610612759,Minnesota Timberwolves,3,5,26,Missed Shot,Tip Layup Shot,2PT Field Goal,Restricted Area,Center(C),Less Than 8 ft.,0,0,0,1,0,20260510,MIN,SAS,42500234477,18340,0,0,1628436|1629640|1630170|1642264|1642844
Shot Chart Detail,0042500234,483,1630545,Terrence Shannon Jr.,1610612759,Minnesota Timberwolves,3,5,20,Missed Shot,Jump Shot,3PT Field Goal,Above the Break 3,Center(C),24+ ft.,26,0,262,1,0,20260510,MIN,SAS,42500234483,18400,0,0,1628436|1629640|1630170|1642264|1642844
Shot Chart Detail,0042500234,487,1629675,Naz Reid,1610612759,Minnesota Timberwolves,3,4,53,Missed Shot,Driving Layup Shot,2PT Field Goal,Restricted Area,Center(C),Less Than 8 ft.,2,6,23,1,0,20260510,MIN,SAS,42500234487,18670,0,0,1628436|1629640|1630170|1642264|1642844
Shot Chart Detail,0042500234,490,1630162,Anthony Edwards,1610612759,Minnesota Timberwolves,3,4,15,Missed Shot,Driving Floating Jump Shot,2PT Field Goal,In The Paint (Non-RA),Center(C),8-16 ft.,8,-25,78,1,0,20260510,MIN,SAS,42500234490,19050,0,0,1628436|1629640|1630170|1642264|1642844
Shot Chart Detail,0042500234,515,203944,Julius Randle,1610612759,Minnesota Timberwolves,3,3,3,Made Shot,Cutting Dunk Shot,2PT Field Goal,Restricted Area,Center(C),Less Than 8 ft.,1,-13,15,1,1,20260510,MIN,SAS,42500234515,19770,0,0,1628368|1629640|1630577|1642844|1642868
Shot Chart Detail,0042500234,518,1630545,Terrence Shannon Jr.,1610612759,Minnesota Timberwolves,3,2,29,Made Shot,Jump Shot,3PT Field Goal,Right Corner 3,Right Side(R),24+ ft.,22,229,17,1,1,20260510,MIN,SAS,42500234518,20110,0,0,1628368|1629640|1630577|1642844|1642868
Shot Chart Detail,0042500234,521,1630545,Terrence Shannon Jr.,1610612759,Minnesota Timberwolves,3,2,2,Made Shot,Jump Shot,3PT Field Goal,Right Corner 3,Right Side(R),24+ ft.,22,223,7,1,1,20260510,MIN,SAS,42500234521,20380,0,0,1628368|1629640|1630577|1642844|1642868
Shot Chart Detail,0042500234,533,1630183,Jaden McDaniels,1610612759,Minnesota Timberwolves,3,1,25,Made Shot,Driving Layup Shot,2PT Field Goal,Restricted Area,Center(C),Less Than 8 ft.,1,10,0,1,1,20260510,MIN,SAS,42500234533,20750,0,0,1628368|1629640|1630577|1642844|1642868
Shot Chart Detail,0042500234,535,1630545,Terrence Shannon Jr.,1610612759,Minnesota Timberwolves,3,0,50,Missed Shot,Step Back Jump shot,3PT Field Goal,Above the Break 3,Left Side Center(LC),24+ ft.,26,-93,249,1,0,20260510,MIN,SAS,42500234535,21100,0,0,1628368|1629640|1630577|1642844|1642868
Shot Chart Detail,0042500234,542,1630245,Ayo Dosunmu,1610612759,Minnesota Timberwolves,3,0,1,Missed Shot,Driving Finger Roll Layup Shot,2PT Field Goal,Restricted Area,Center(C),Less Than 8 ft.,1,0,11,1,0,20260510,MIN,SAS,42500234542,21590,0,0,1628368|1629640|1630577|1642844|1642868
Shot Chart Detail,0042500234,558,1630162,Anthony Edwards,1610612759,Minnesota Timberwolves,4,11,24,Made Shot,Pullup Jump shot,2PT Field Goal,Mid-Range,Right Side(R),8-16 ft.,11,87,79,1,1,20260510,MIN,SAS,42500234558,21960,0,0,203084|1628368|1628436|1630577|1642264
Shot Chart Detail,0042500234,560,1630162,Anthony Edwards,1610612759,Minnesota Timberwolves,4,10,46,Missed Shot,Turnaround Jump Shot,2PT Field Goal,In The Paint (Non-RA),Center(C),Less Than 8 ft.,6,13,64,1,0,20260510,MIN,SAS,42500234560,22340,0,0,203084|1628368|1628436|1630577|1642264
Shot Chart Detail,0042500234,564,1629675,Naz Reid,1610612759,Minnesota Timberwolves,4,10,25,Made Shot,Turnaround Hook Shot,2PT Field Goal,In The Paint (Non-RA),Center(C),Less Than 8 ft.,5,1,57,1,1,20260510,MIN,SAS,42500234564,22550,0,0,203084|1628368|1628436|1630577|1642264
Shot Chart Detail,0042500234,567,1630245,Ayo Dosunmu,1610612759,Minnesota Timberwolves,4,9,46,Missed Shot,Driving Floating Jump Shot,2PT Field Goal,In The Paint (Non-RA),Center(C),Less Than 8 ft.,6,-17,58,1,0,20260510,MIN,SAS,42500234567,22940,0,0,203084|1628368|1628436|1630577|1642264
Shot Chart Detail,0042500234,574,1630162,Anthony Edwards,1610612759,Minnesota Timberwolves,4,9,12,Made Shot,Turnaround Jump Shot,2PT Field Goal,Mid-Range,Right Side(R),8-16 ft.,13,103,93,1,1,20260510,MIN,SAS,42500234574,23280,0,0,203084|1628368|1628436|1630577|1642264
Shot Chart Detail,0042500234,583,1630245,Ayo Dosunmu,1610612759,Minnesota Timberwolves,4,8,31,Missed Shot,Driving Finger Roll Layup Shot,2PT Field Goal,In The Paint (Non-RA),Center(C),Less Than 8 ft.,4,36,32,1,0,20260510,MIN,SAS,42500234583,23690,0,0,203084|1628368|1628436|1630577|1642264
Shot Chart Detail,0042500234,585,203944,Julius Randle,1610612759,Minnesota Timberwolves,4,8,27,Missed Shot,Putback Layup Shot,2PT Field Goal,Restricted Area,Center(C),Less Than 8 ft.,3,-5,32,1,0,20260510,MIN,SAS,42500234585,23730,0,0,203084|1628368|1628436|1630577|1642264
Shot Chart Detail,0042500234,590,1630183,Jaden McDaniels,1610612759,Minnesota Timberwolves,4,7,57,Missed Shot,Jump Shot,3PT Field Goal,Above the Break 3,Left Side Center(LC),24+ ft.,24,-214,120,1,0,20260510,MIN,SAS,42500234590,24030,0,0,203084|1628368|1628436|1630577|1642264
Shot Chart Detail,0042500234,592,1630162,Anthony Edwards,1610612759,Minnesota Timberwolves,4,7,47,Made Shot,Pullup Jump shot,2PT Field Goal,Mid-Range,Right Side(R),8-16 ft.,10,106,1,1,1,20260510,MIN,SAS,42500234592,24130,0,0,203084|1628368|1628436|1630577|1642264
Shot Chart Detail,0042500234,597,1630162,Anthony Edwards,1610612759,Minnesota Timberwolves,4,7,10,Made Shot,Pullup Jump shot,3PT Field Goal,Above the Break 3,Center(C),24+ ft.,26,-28,268,1,1,20260510,MIN,SAS,42500234597,24500,0,0,203084|1628368|1628436|1630577|1642264
Shot Chart Detail,0042500234,611,1630162,Anthony Edwards,1610612759,Minnesota Timberwolves,4,6,37,Missed Shot,Driving Layup Shot,2PT Field Goal,Restricted Area,Center(C),Less Than 8 ft.,1,-15,6,1,0,20260510,MIN,SAS,42500234611,24830,0,0,1629640|1630170|1630577|1642264|1642844
Shot Chart Detail,0042500234,638,1630162,Anthony Edwards,1610612759,Minnesota Timberwolves,4,5,12,Made Shot,Jump Shot,3PT Field Goal,Above the Break 3,Right Side Center(RC),24+ ft.,25,218,123,1,1,20260510,MIN,SAS,42500234638,25680,0,0,1628368|1628436|1630170|1630577|1642844
Shot Chart Detail,0042500234,641,1630545,Terrence Shannon Jr.,1610612759,Minnesota Timberwolves,4,4,32,Missed Shot,Driving Layup Shot,2PT Field Goal,In The Paint (Non-RA),Center(C),Less Than 8 ft.,5,-2,53,1,0,20260510,MIN,SAS,42500234641,26080,0,0,1628368|1628436|1630170|1630577|1642844
Shot Chart Detail,0042500234,646,1629675,Naz Reid,1610612759,Minnesota Timberwolves,4,4,8,Made Shot,Driving Layup Shot,2PT Field Goal,Restricted Area,Center(C),Less Than 8 ft.,1,1,12,1,1,20260510,MIN,SAS,42500234646,26320,0,0,1628368|1628436|1630170|1630577|1642844
Shot Chart Detail,0042500234,657,203944,Julius Randle,1610612759,Minnesota Timberwolves,4,3,28,Missed Shot,Fadeaway Jump Shot,2PT Field Goal,In The Paint (Non-RA),Center(C),8-16 ft.,11,0,118,1,0,20260510,MIN,SAS,42500234657,26720,0,0,1628368|1628436|1630170|1642264|1642844
Shot Chart Detail,0042500234,660,203497,Rudy Gobert,1610612759,Minnesota Timberwolves,4,3,2,Made Shot,Layup Shot,2PT Field Goal,Restricted Area,Center(C),Less Than 8 ft.,1,7,17,1,1,20260510,MIN,SAS,42500234660,26980,0,0,1628368|1628436|1630170|1642264|1642844
Shot Chart Detail,0042500234,667,1630183,Jaden McDaniels,1610612759,Minnesota Timberwolves,4,2,32,Missed Shot,Driving Finger Roll Layup Shot,2PT Field Goal,Restricted Area,Center(C),Less Than 8 ft.,2,1,26,1,0,20260510,MIN,SAS,42500234667,27280,0,0,1628368|1628436|1630170|1642264|1642844
Shot Chart Detail,0042500234,669,1629675,Naz Reid,1610612759,Minnesota Timberwolves,4,2,28,Missed Shot,Jump Shot,3PT Field Goal,Above the Break 3,Right Side Center(RC),24+ ft.,25,190,176,1,0,20260510,MIN,SAS,42500234669,27320,0,0,1628368|1628436|1630170|1642264|1642844
Shot Chart Detail,0042500234,671,1630162,Anthony Edwards,1610612759,Minnesota Timberwolves,4,2,24,Made Shot,Driving Finger Roll Layup Shot,2PT Field Goal,Restricted Area,Center(C),Less Than 8 ft.,1,-11,7,1,1,20260510,MIN,SAS,42500234671,27360,0,0,1628368|1628436|1630170|1642264|1642844
Shot Chart Detail,0042500234,676,203497,Rudy Gobert,1610612759,Minnesota Timberwolves,4,1,56,Made Shot,Dunk Shot,2PT Field Goal,Restricted Area,Center(C),Less Than 8 ft.,1,-11,8,1,1,20260510,MIN,SAS,42500234676,27640,0,0,1628368|1628436|1630170|1642264|1642844
Shot Chart Detail,0042500234,691,1630245,Ayo Dosunmu,1610612759,Minnesota Timberwolves,4,1,12,Made Shot,Driving Layup Shot,2PT Field Goal,Restricted Area,Center(C),Less Than 8 ft.,1,1,13,1,1,20260510,MIN,SAS,42500234691,28080,0,0,1628368|1630170|1630577|1642264|1642844
Shot Chart Detail,0042500234,697,1630245,Ayo Dosunmu,1610612759,Minnesota Timberwolves,4,0,40,Missed Shot,Jump Shot,3PT Field Goal,Above the Break 3,Left Side Center(LC),24+ ft.,26,-88,249,1,0,20260510,MIN,SAS,42500234697,28400,0,0,1628368|1630170|1630577|1642264|1642844
Shot Chart Detail,0042500234,699,1629675,Naz Reid,1610612759,Minnesota Timberwolves,4,0,39,Made Shot,Putback Layup Shot,2PT Field Goal,Restricted Area,Center(C),Less Than 8 ft.,2,1,23,1,1,20260510,MIN,SAS,42500234699,28410,0,0,1628368|1630170|1630577|1642264|1642844
Shot Chart Detail,0042500235,18,203944,Julius Randle,1610612759,Minnesota Timberwolves,1,10,51,Made Shot,Running Pull-Up Jump Shot,2PT Field Goal,Mid-Range,Right Side(R),8-16 ft.,14,94,106,1,1,20260512,SAS,MIN,4250023518,690,0,0,1628368|1630170|1630577|1641705|1642264
Shot Chart Detail,0042500235,37,1630162,Anthony Edwards,1610612759,Minnesota Timberwolves,1,9,42,Missed Shot,Pullup Jump shot,3PT Field Goal,Above the Break 3,Center(C),24+ ft.,29,-54,285,1,0,20260512,SAS,MIN,4250023537,1380,0,0,1628368|1630170|1630577|1641705|1642264
Shot Chart Detail,0042500235,40,203944,Julius Randle,1610612759,Minnesota Timberwolves,1,9,19,Missed Shot,Jump Shot,3PT Field Goal,Above the Break 3,Center(C),24+ ft.,27,-21,278,1,0,20260512,SAS,MIN,4250023540,1610,0,0,1628368|1630170|1630577|1641705|1642264
Shot Chart Detail,0042500235,42,203497,Rudy Gobert,1610612759,Minnesota Timberwolves,1,9,17,Made Shot,Putback Dunk Shot,2PT Field Goal,Restricted Area,Center(C),Less Than 8 ft.,0,0,0,1,1,20260512,SAS,MIN,4250023542,1630,0,0,1628368|1630170|1630577|1641705|1642264
Shot Chart Detail,0042500235,45,1630183,Jaden McDaniels,1610612759,Minnesota Timberwolves,1,8,48,Missed Shot,Pullup Jump shot,3PT Field Goal,Above the Break 3,Center(C),24+ ft.,25,53,253,1,0,20260512,SAS,MIN,4250023545,1920,0,0,1628368|1630170|1630577|1641705|1642264
Shot Chart Detail,0042500235,49,1630245,Ayo Dosunmu,1610612759,Minnesota Timberwolves,1,8,12,Made Shot,Pullup Jump shot,2PT Field Goal,Mid-Range,Right Side(R),8-16 ft.,13,137,-16,1,1,20260512,SAS,MIN,4250023549,2280,0,0,1628368|1630170|1630577|1641705|1642264
Shot Chart Detail,0042500235,54,1630245,Ayo Dosunmu,1610612759,Minnesota Timberwolves,1,7,37,Missed Shot,Driving Floating Jump Shot,2PT Field Goal,In The Paint (Non-RA),Center(C),Less Than 8 ft.,7,9,71,1,0,20260512,SAS,MIN,4250023554,2630,0,0,1628368|1630170|1630577|1641705|1642264
Shot Chart Detail,0042500235,63,1630183,Jaden McDaniels,1610612759,Minnesota Timberwolves,1,7,0,Missed Shot,Driving Floating Jump Shot,2PT Field Goal,In The Paint (Non-RA),Center(C),Less Than 8 ft.,7,-45,55,1,0,20260512,SAS,MIN,4250023563,3000,0,0,1628368|1630170|1630577|1641705|1642264
Shot Chart Detail,0042500235,66,1630162,Anthony Edwards,1610612759,Minnesota Timberwolves,1,6,33,Missed Shot,Driving Floating Jump Shot,2PT Field Goal,In The Paint (Non-RA),Center(C),8-16 ft.,8,-18,81,1,0,20260512,SAS,MIN,4250023566,3270,0,0,1628368|1630170|1630577|1641705|1642264
Shot Chart Detail,0042500235,70,1630183,Jaden McDaniels,1610612759,Minnesota Timberwolves,1,6,1,Made Shot,Driving Hook Shot,2PT Field Goal,Restricted Area,Center(C),Less Than 8 ft.,3,25,29,1,1,20260512,SAS,MIN,4250023570,3590,0,0,1628368|1630170|1630577|1641705|1642264
Shot Chart Detail,0042500235,84,1629675,Naz Reid,1610612759,Minnesota Timberwolves,1,5,31,Made Shot,Pullup Jump shot,3PT Field Goal,Left Corner 3,Left Side(L),24+ ft.,23,-233,-20,1,1,20260512,SAS,MIN,4250023584,3890,0,0,1628436|1629640|1630170|1642264|1642844
Shot Chart Detail,0042500235,96,201144,Mike Conley,1610612759,Minnesota Timberwolves,1,4,19,Made Shot,Turnaround Jump Shot,2PT Field Goal,In The Paint (Non-RA),Center(C),Less Than 8 ft.,6,20,57,1,1,20260512,SAS,MIN,4250023596,4610,0,0,1628436|1629640|1630170|1642264|1642844
Shot Chart Detail,0042500235,107,1630162,Anthony Edwards,1610612759,Minnesota Timberwolves,1,3,21,Made Shot,Step Back Jump shot,3PT Field Goal,Above the Break 3,Center(C),24+ ft.,28,22,280,1,1,20260512,SAS,MIN,42500235107,5190,0,0,1628436|1629640|1630170|1642264|1642844
Shot Chart Detail,0042500235,117,201144,Mike Conley,1610612759,Minnesota Timberwolves,1,2,59,Made Shot,Jump Shot,3PT Field Goal,Left Corner 3,Left Side(L),24+ ft.,23,-232,15,1,1,20260512,SAS,MIN,42500235117,5410,0,0,1628436|1629640|1630577|1642264|1642844
Shot Chart Detail,0042500235,133,1630162,Anthony Edwards,1610612759,Minnesota Timberwolves,1,2,7,Made Shot,Pullup Jump shot,2PT Field Goal,Mid-Range,Left Side(L),8-16 ft.,15,-132,90,1,1,20260512,SAS,MIN,42500235133,5930,0,0,1628368|1629640|1630577|1641705|1642844
Shot Chart Detail,0042500235,141,1630183,Jaden McDaniels,1610612759,Minnesota Timberwolves,1,1,36,Missed Shot,Pullup Jump shot,2PT Field Goal,In The Paint (Non-RA),Center(C),Less Than 8 ft.,5,51,15,1,0,20260512,SAS,MIN,42500235141,6240,0,0,1628368|1629640|1630577|1641705|1642844
Shot Chart Detail,0042500235,147,1629675,Naz Reid,1610612759,Minnesota Timberwolves,1,1,7,Missed Shot,Step Back Jump shot,3PT Field Goal,Above the Break 3,Center(C),24+ ft.,26,-44,260,1,0,20260512,SAS,MIN,42500235147,6530,0,0,1628368|1629640|1630577|1641705|1642844
Shot Chart Detail,0042500235,151,1630245,Ayo Dosunmu,1610612759,Minnesota Timberwolves,1,0,46,Made Shot,Running Layup Shot,2PT Field Goal,Restricted Area,Center(C),Less Than 8 ft.,3,29,10,1,1,20260512,SAS,MIN,42500235151,6740,0,0,1628368|1629640|1630577|1641705|1642844
Shot Chart Detail,0042500235,156,1629675,Naz Reid,1610612759,Minnesota Timberwolves,1,0,23,Made Shot,Driving Layup Shot,2PT Field Goal,Restricted Area,Center(C),Less Than 8 ft.,2,-22,7,1,1,20260512,SAS,MIN,42500235156,6970,0,0,1628368|1629640|1630577|1641705|1642844
Shot Chart Detail,0042500235,171,203944,Julius Randle,1610612759,Minnesota Timberwolves,2,11,43,Missed Shot,Fadeaway Jump Shot,2PT Field Goal,In The Paint (Non-RA),Center(C),8-16 ft.,13,61,121,1,0,20260512,SAS,MIN,42500235171,7370,0,0,1628368|1630170|1641705|1642264|1642868
Shot Chart Detail,0042500235,175,1629675,Naz Reid,1610612759,Minnesota Timberwolves,2,11,31,Missed Shot,Running Jump Shot,3PT Field Goal,Left Corner 3,Left Side(L),24+ ft.,23,-230,-10,1,0,20260512,SAS,MIN,42500235175,7490,0,0,1628368|1630170|1641705|1642264|1642868
Shot Chart Detail,0042500235,181,1630545,Terrence Shannon Jr.,1610612759,Minnesota Timberwolves,2,10,38,Missed Shot,Jump Shot,3PT Field Goal,Right Corner 3,Right Side(R),24+ ft.,22,228,-19,1,0,20260512,SAS,MIN,42500235181,8020,0,0,1628368|1630170|1641705|1642264|1642868
Shot Chart Detail,0042500235,185,203944,Julius Randle,1610612759,Minnesota Timberwolves,2,10,20,Missed Shot,Jump Shot,3PT Field Goal,Right Corner 3,Right Side(R),24+ ft.,22,229,-17,1,0,20260512,SAS,MIN,42500235185,8200,0,0,1628368|1630170|1641705|1642264|1642868
Shot Chart Detail,0042500235,195,1629675,Naz Reid,1610612759,Minnesota Timberwolves,2,10,2,Missed Shot,Driving Layup Shot,2PT Field Goal,Restricted Area,Center(C),Less Than 8 ft.,2,-22,0,1,0,20260512,SAS,MIN,42500235195,8380,0,0,1628368|1630170|1641705|1642264|1642868
Shot Chart Detail,0042500235,198,1630183,Jaden McDaniels,1610612759,Minnesota Timberwolves,2,9,46,Made Shot,Pullup Jump shot,3PT Field Goal,Above the Break 3,Left Side Center(LC),24+ ft.,24,-184,165,1,1,20260512,SAS,MIN,42500235198,8540,0,0,1628368|1630170|1641705|1642264|1642868
Shot Chart Detail,0042500235,205,1630183,Jaden McDaniels,1610612759,Minnesota Timberwolves,2,9,15,Missed Shot,Step Back Jump shot,3PT Field Goal,Right Corner 3,Right Side(R),24+ ft.,23,229,28,1,0,20260512,SAS,MIN,42500235205,8850,0,0,1630170|1641705|1642264|1642844|1642868
Shot Chart Detail,0042500235,222,203944,Julius Randle,1610612759,Minnesota Timberwolves,2,8,26,Made Shot,Driving Floating Jump Shot,2PT Field Goal,In The Paint (Non-RA),Center(C),Less Than 8 ft.,5,-34,38,1,1,20260512,SAS,MIN,42500235222,9340,0,0,1628436|1630170|1642264|1642844|1642868
Shot Chart Detail,0042500235,225,1630545,Terrence Shannon Jr.,1610612759,Minnesota Timberwolves,2,7,58,Missed Shot,Driving Finger Roll Layup Shot,2PT Field Goal,Restricted Area,Center(C),Less Than 8 ft.,1,-18,5,1,0,20260512,SAS,MIN,42500235225,9620,0,0,1628436|1630170|1642264|1642844|1642868
Shot Chart Detail,0042500235,227,1630183,Jaden McDaniels,1610612759,Minnesota Timberwolves,2,7,54,Missed Shot,Jump Shot,3PT Field Goal,Above the Break 3,Center(C),24+ ft.,24,21,247,1,0,20260512,SAS,MIN,42500235227,9660,0,0,1628436|1630170|1642264|1642844|1642868
Shot Chart Detail,0042500235,235,1630162,Anthony Edwards,1610612759,Minnesota Timberwolves,2,7,29,Missed Shot,Pullup Jump shot,2PT Field Goal,Mid-Range,Right Side Center(RC),16-24 ft.,18,99,151,1,0,20260512,SAS,MIN,42500235235,9910,0,0,1628436|1629640|1630170|1642844|1642868
Shot Chart Detail,0042500235,239,203944,Julius Randle,1610612759,Minnesota Timberwolves,2,7,11,Missed Shot,Pullup Jump shot,2PT Field Goal,In The Paint (Non-RA),Center(C),8-16 ft.,8,5,84,1,0,20260512,SAS,MIN,42500235239,10090,0,0,1628436|1629640|1630170|1642844|1642868
Shot Chart Detail,0042500235,259,1630245,Ayo Dosunmu,1610612759,Minnesota Timberwolves,2,5,47,Made Shot,Cutting Finger Roll Layup Shot,2PT Field Goal,Restricted Area,Center(C),Less Than 8 ft.,1,11,2,1,1,20260512,SAS,MIN,42500235259,10930,0,0,1628368|1629640|1630170|1642844|1642868
Shot Chart Detail,0042500235,264,201144,Mike Conley,1610612759,Minnesota Timberwolves,2,5,26,Missed Shot,Running Jump Shot,3PT Field Goal,Above the Break 3,Left Side Center(LC),24+ ft.,24,-151,195,1,0,20260512,SAS,MIN,42500235264,11140,0,0,1628368|1629640|1630170|1642844|1642868
Shot Chart Detail,0042500235,287,1629675,Naz Reid,1610612759,Minnesota Timberwolves,2,3,48,Missed Shot,Driving Floating Jump Shot,2PT Field Goal,In The Paint (Non-RA),Center(C),Less Than 8 ft.,5,5,58,1,0,20260512,SAS,MIN,42500235287,12120,0,0,203084|1628368|1629640|1630577|1641705
Shot Chart Detail,0042500235,292,1630245,Ayo Dosunmu,1610612759,Minnesota Timberwolves,2,3,39,Missed Shot,Pullup Jump shot,3PT Field Goal,Above the Break 3,Left Side Center(LC),24+ ft.,26,-126,228,1,0,20260512,SAS,MIN,42500235292,12210,0,0,203084|1628368|1629640|1630577|1641705
Shot Chart Detail,0042500235,296,1630245,Ayo Dosunmu,1610612759,Minnesota Timberwolves,2,3,6,Made Shot,Driving Dunk Shot,2PT Field Goal,Restricted Area,Center(C),Less Than 8 ft.,0,-1,6,1,1,20260512,SAS,MIN,42500235296,12540,0,0,203084|1628368|1629640|1630577|1641705
Shot Chart Detail,0042500235,318,1629675,Naz Reid,1610612759,Minnesota Timberwolves,2,1,52,Made Shot,Running Jump Shot,3PT Field Goal,Right Corner 3,Right Side(R),24+ ft.,24,233,64,1,1,20260512,SAS,MIN,42500235318,13280,0,0,203084|1628368|1630577|1641705|1642844
Shot Chart Detail,0042500235,328,203497,Rudy Gobert,1610612759,Minnesota Timberwolves,2,1,3,Missed Shot,Dunk Shot,2PT Field Goal,Restricted Area,Center(C),Less Than 8 ft.,1,15,10,1,0,20260512,SAS,MIN,42500235328,13770,0,0,1628368|1630170|1630577|1641705|1642844
Shot Chart Detail,0042500235,340,203944,Julius Randle,1610612759,Minnesota Timberwolves,2,0,1,Missed Shot,Fadeaway Jump Shot,2PT Field Goal,Mid-Range,Center(C),16-24 ft.,16,7,167,1,0,20260512,SAS,MIN,42500235340,14390,0,0,1628368|1630170|1630577|1641705|1642844
Shot Chart Detail,0042500235,348,1630245,Ayo Dosunmu,1610612759,Minnesota Timberwolves,3,11,46,Made Shot,Jump Shot,3PT Field Goal,Left Corner 3,Left Side(L),24+ ft.,23,-234,-17,1,1,20260512,SAS,MIN,42500235348,14540,0,0,1628368|1630170|1630577|1641705|1642264
Shot Chart Detail,0042500235,352,203944,Julius Randle,1610612759,Minnesota Timberwolves,3,11,14,Missed Shot,Jump Shot,3PT Field Goal,Above the Break 3,Right Side Center(RC),24+ ft.,25,81,243,1,0,20260512,SAS,MIN,42500235352,14860,0,0,1628368|1630170|1630577|1641705|1642264
Shot Chart Detail,0042500235,364,1630162,Anthony Edwards,1610612759,Minnesota Timberwolves,3,10,22,Made Shot,Jump Shot,2PT Field Goal,Mid-Range,Right Side(R),8-16 ft.,15,154,-10,1,1,20260512,SAS,MIN,42500235364,15380,0,0,1628368|1630170|1630577|1641705|1642264
Shot Chart Detail,0042500235,370,1630245,Ayo Dosunmu,1610612759,Minnesota Timberwolves,3,9,38,Missed Shot,Pullup Jump shot,2PT Field Goal,Mid-Range,Left Side(L),8-16 ft.,10,-105,3,1,0,20260512,SAS,MIN,42500235370,15820,0,0,1628368|1630170|1630577|1641705|1642264
Shot Chart Detail,0042500235,378,1630183,Jaden McDaniels,1610612759,Minnesota Timberwolves,3,9,2,Made Shot,Jump Shot,3PT Field Goal,Left Corner 3,Left Side(L),24+ ft.,23,-230,-21,1,1,20260512,SAS,MIN,42500235378,16180,0,0,1628368|1630170|1630577|1641705|1642264
Shot Chart Detail,0042500235,381,203944,Julius Randle,1610612759,Minnesota Timberwolves,3,8,29,Missed Shot,Pullup Jump shot,2PT Field Goal,Mid-Range,Right Side Center(RC),16-24 ft.,16,77,145,1,0,20260512,SAS,MIN,42500235381,16510,0,0,1628368|1630170|1630577|1641705|1642264
Shot Chart Detail,0042500235,385,1630183,Jaden McDaniels,1610612759,Minnesota Timberwolves,3,8,11,Made Shot,Pullup Jump shot,2PT Field Goal,Mid-Range,Left Side(L),8-16 ft.,11,-83,82,1,1,20260512,SAS,MIN,42500235385,16690,0,0,1628368|1630170|1630577|1641705|1642264
Shot Chart Detail,0042500235,390,1630245,Ayo Dosunmu,1610612759,Minnesota Timberwolves,3,7,51,Made Shot,Running Finger Roll Layup Shot,2PT Field Goal,Restricted Area,Center(C),Less Than 8 ft.,0,5,-6,1,1,20260512,SAS,MIN,42500235390,16890,0,0,1628368|1630170|1630577|1641705|1642264
Shot Chart Detail,0042500235,393,1630162,Anthony Edwards,1610612759,Minnesota Timberwolves,3,7,21,Missed Shot,Step Back Jump shot,2PT Field Goal,Mid-Range,Right Side(R),16-24 ft.,17,140,100,1,0,20260512,SAS,MIN,42500235393,17190,0,0,1628368|1630170|1630577|1641705|1642264
Shot Chart Detail,0042500235,397,1630183,Jaden McDaniels,1610612759,Minnesota Timberwolves,3,6,47,Missed Shot,Driving Floating Jump Shot,2PT Field Goal,Mid-Range,Left Side(L),8-16 ft.,9,-98,5,1,0,20260512,SAS,MIN,42500235397,17530,0,0,1628368|1630170|1630577|1641705|1642264
Shot Chart Detail,0042500235,408,1630545,Terrence Shannon Jr.,1610612759,Minnesota Timberwolves,3,6,15,Missed Shot,Jump Shot,3PT Field Goal,Right Corner 3,Right Side(R),24+ ft.,23,232,11,1,0,20260512,SAS,MIN,42500235408,17850,0,0,1629640|1630577|1641705|1642264|1642844
Shot Chart Detail,0042500235,410,203497,Rudy Gobert,1610612759,Minnesota Timberwolves,3,6,12,Missed Shot,Putback Layup Shot,2PT Field Goal,Restricted Area,Center(C),Less Than 8 ft.,0,0,0,1,0,20260512,SAS,MIN,42500235410,17880,0,0,1629640|1630577|1641705|1642264|1642844
Shot Chart Detail,0042500235,418,1630245,Ayo Dosunmu,1610612759,Minnesota Timberwolves,3,5,46,Made Shot,Driving Floating Jump Shot,2PT Field Goal,In The Paint (Non-RA),Right Side(R),8-16 ft.,9,67,69,1,1,20260512,SAS,MIN,42500235418,18140,0,0,1629640|1630577|1641705|1642264|1642844
Shot Chart Detail,0042500235,428,1630162,Anthony Edwards,1610612759,Minnesota Timberwolves,3,4,53,Made Shot,Driving Floating Bank Jump Shot,2PT Field Goal,In The Paint (Non-RA),Left Side(L),8-16 ft.,8,-72,37,1,1,20260512,SAS,MIN,42500235428,18670,0,0,1629640|1630577|1641705|1642264|1642844
Shot Chart Detail,0042500235,446,1630162,Anthony Edwards,1610612759,Minnesota Timberwolves,3,3,56,Missed Shot,Driving Layup Shot,2PT Field Goal,In The Paint (Non-RA),Center(C),Less Than 8 ft.,7,-70,25,1,0,20260512,SAS,MIN,42500235446,19240,0,0,1628368|1629640|1630577|1641705|1642844
Shot Chart Detail,0042500235,457,203944,Julius Randle,1610612759,Minnesota Timberwolves,3,3,31,Missed Shot,Driving Layup Shot,2PT Field Goal,Restricted Area,Center(C),Less Than 8 ft.,2,17,19,1,0,20260512,SAS,MIN,42500235457,19490,0,0,1628368|1629640|1630170|1641705|1642844
Shot Chart Detail,0042500235,459,203944,Julius Randle,1610612759,Minnesota Timberwolves,3,3,28,Missed Shot,Tip Layup Shot,2PT Field Goal,Restricted Area,Center(C),Less Than 8 ft.,0,0,0,1,0,20260512,SAS,MIN,42500235459,19520,0,0,1628368|1629640|1630170|1641705|1642844
Shot Chart Detail,0042500235,471,1630162,Anthony Edwards,1610612759,Minnesota Timberwolves,3,2,59,Made Shot,Driving Finger Roll Layup Shot,2PT Field Goal,Restricted Area,Center(C),Less Than 8 ft.,1,16,9,1,1,20260512,SAS,MIN,42500235471,19810,0,0,1628368|1628436|1629640|1630170|1642844
Shot Chart Detail,0042500235,482,1630245,Ayo Dosunmu,1610612759,Minnesota Timberwolves,3,2,10,Missed Shot,Driving Finger Roll Layup Shot,2PT Field Goal,Restricted Area,Center(C),Less Than 8 ft.,2,22,3,1,0,20260512,SAS,MIN,42500235482,20300,0,0,1628368|1628436|1629640|1630170|1642844
Shot Chart Detail,0042500235,504,203497,Rudy Gobert,1610612759,Minnesota Timberwolves,3,0,47,Missed Shot,Driving Layup Shot,2PT Field Goal,Restricted Area,Center(C),Less Than 8 ft.,1,-11,3,1,0,20260512,SAS,MIN,42500235504,21130,0,0,1628368|1628436|1629640|1630170|1642844
Shot Chart Detail,0042500235,521,203944,Julius Randle,1610612759,Minnesota Timberwolves,3,0,0,Missed Shot,Jump Shot,3PT Field Goal,Left Corner 3,Left Side(L),24+ ft.,22,-223,0,1,0,20260512,SAS,MIN,42500235521,21600,0,0,1628368|1629640|1630170|1630577|1641705
Shot Chart Detail,0042500235,535,1629675,Naz Reid,1610612759,Minnesota Timberwolves,4,11,32,Missed Shot,Jump Shot,3PT Field Goal,Above the Break 3,Left Side Center(LC),24+ ft.,26,-94,245,1,0,20260512,SAS,MIN,42500235535,21880,0,0,1628368|1630170|1641705|1642264|1642868
Shot Chart Detail,0042500235,546,1630183,Jaden McDaniels,1610612759,Minnesota Timberwolves,4,10,46,Made Shot,Driving Reverse Layup Shot,2PT Field Goal,Restricted Area,Center(C),Less Than 8 ft.,2,20,4,1,1,20260512,SAS,MIN,42500235546,22340,0,0,1628368|1630170|1641705|1642264|1642868
Shot Chart Detail,0042500235,550,1630162,Anthony Edwards,1610612759,Minnesota Timberwolves,4,10,32,Made Shot,Driving Floating Bank Jump Shot,2PT Field Goal,Restricted Area,Center(C),Less Than 8 ft.,2,-20,3,1,1,20260512,SAS,MIN,42500235550,22480,0,0,1628368|1630170|1641705|1642264|1642868
Shot Chart Detail,0042500235,553,1630183,Jaden McDaniels,1610612759,Minnesota Timberwolves,4,10,14,Missed Shot,Running Jump Shot,3PT Field Goal,Above the Break 3,Right Side Center(RC),24+ ft.,25,213,135,1,0,20260512,SAS,MIN,42500235553,22660,0,0,1628368|1630170|1641705|1642264|1642868
Shot Chart Detail,0042500235,563,1630545,Terrence Shannon Jr.,1610612759,Minnesota Timberwolves,4,9,52,Missed Shot,Running Jump Shot,3PT Field Goal,Right Corner 3,Right Side(R),24+ ft.,23,229,22,1,0,20260512,SAS,MIN,42500235563,22880,0,0,1628368|1630170|1641705|1642264|1642868
Shot Chart Detail,0042500235,565,1629675,Naz Reid,1610612759,Minnesota Timberwolves,4,9,34,Made Shot,Step Back Jump shot,3PT Field Goal,Left Corner 3,Left Side(L),24+ ft.,22,-227,-4,1,1,20260512,SAS,MIN,42500235565,23060,0,0,1628368|1630170|1641705|1642264|1642868
Shot Chart Detail,0042500235,572,1630183,Jaden McDaniels,1610612759,Minnesota Timberwolves,4,9,3,Made Shot,Pullup Jump shot,3PT Field Goal,Above the Break 3,Center(C),24+ ft.,26,-16,260,1,1,20260512,SAS,MIN,42500235572,23370,0,0,1628368|1630170|1630577|1641705|1642264
Shot Chart Detail,0042500235,574,1630545,Terrence Shannon Jr.,1610612759,Minnesota Timberwolves,4,8,33,Missed Shot,Pullup Jump shot,3PT Field Goal,Left Corner 3,Left Side(L),24+ ft.,24,-238,53,1,0,20260512,SAS,MIN,42500235574,23670,0,0,1628368|1630170|1630577|1641705|1642264
Shot Chart Detail,0042500235,579,203944,Julius Randle,1610612759,Minnesota Timberwolves,4,8,19,Made Shot,Running Dunk Shot,2PT Field Goal,Restricted Area,Center(C),Less Than 8 ft.,1,-9,15,1,1,20260512,SAS,MIN,42500235579,23810,0,0,1628368|1630170|1630577|1641705|1642264
Shot Chart Detail,0042500235,601,1630162,Anthony Edwards,1610612759,Minnesota Timberwolves,4,7,9,Missed Shot,Driving Finger Roll Layup Shot,2PT Field Goal,Restricted Area,Center(C),Less Than 8 ft.,2,-25,4,1,0,20260512,SAS,MIN,42500235601,24510,0,0,1628436|1630170|1630577|1642264|1642844
Shot Chart Detail,0042500235,606,1630245,Ayo Dosunmu,1610612759,Minnesota Timberwolves,4,7,4,Missed Shot,Jump Shot,3PT Field Goal,Above the Break 3,Right Side Center(RC),24+ ft.,27,189,197,1,0,20260512,SAS,MIN,42500235606,24560,0,0,1628436|1630170|1630577|1642264|1642844
Shot Chart Detail,0042500235,623,203944,Julius Randle,1610612759,Minnesota Timberwolves,4,6,5,Made Shot,Driving Reverse Layup Shot,2PT Field Goal,Restricted Area,Center(C),Less Than 8 ft.,1,-12,4,1,1,20260512,SAS,MIN,42500235623,25150,0,0,1628436|1629640|1630577|1642264|1642844
Shot Chart Detail,0042500235,631,203944,Julius Randle,1610612759,Minnesota Timberwolves,4,5,37,Made Shot,Driving Floating Jump Shot,2PT Field Goal,In The Paint (Non-RA),Center(C),Less Than 8 ft.,6,0,69,1,1,20260512,SAS,MIN,42500235631,25430,0,0,1628368|1629640|1630577|1641705|1642844
Shot Chart Detail,0042500235,638,1630162,Anthony Edwards,1610612759,Minnesota Timberwolves,4,5,12,Missed Shot,Jump Shot,3PT Field Goal,Left Corner 3,Left Side(L),24+ ft.,23,-234,50,1,0,20260512,SAS,MIN,42500235638,25680,0,0,1628368|1629640|1630577|1641705|1642844
Shot Chart Detail,0042500235,645,203944,Julius Randle,1610612759,Minnesota Timberwolves,4,7,9,Missed Shot,Tip Dunk Shot,2PT Field Goal,Restricted Area,Center(C),Less Than 8 ft.,1,4,11,1,0,20260512,SAS,MIN,42500235645,24510,0,0,1628436|1630170|1630577|1642264|1642844
Shot Chart Detail,0042500235,650,1629675,Naz Reid,1610612759,Minnesota Timberwolves,4,4,26,Missed Shot,Jump Shot,3PT Field Goal,Left Corner 3,Left Side(L),24+ ft.,23,-238,-8,1,0,20260512,SAS,MIN,42500235650,26140,0,0,1628368|1629640|1630577|1641705|1642844
Shot Chart Detail,0042500235,653,1630245,Ayo Dosunmu,1610612759,Minnesota Timberwolves,4,3,59,Missed Shot,Driving Dunk Shot,2PT Field Goal,Restricted Area,Center(C),Less Than 8 ft.,0,0,-1,1,0,20260512,SAS,MIN,42500235653,26410,0,0,1628368|1629640|1630577|1641705|1642844
Shot Chart Detail,0042500235,655,203944,Julius Randle,1610612759,Minnesota Timberwolves,4,3,57,Made Shot,Putback Dunk Shot,2PT Field Goal,Restricted Area,Center(C),Less Than 8 ft.,0,0,0,1,1,20260512,SAS,MIN,42500235655,26430,0,0,1628368|1629640|1630577|1641705|1642844
Shot Chart Detail,0042500235,662,1630245,Ayo Dosunmu,1610612759,Minnesota Timberwolves,4,3,25,Missed Shot,Jump Shot,3PT Field Goal,Left Corner 3,Left Side(L),24+ ft.,23,-230,-12,1,0,20260512,SAS,MIN,42500235662,26750,0,0,1628368|1629640|1630577|1641705|1642844
Shot Chart Detail,0042500235,682,1630538,Bones Hyland,1610612759,Minnesota Timberwolves,4,2,52,Missed Shot,Jump Shot,3PT Field Goal,Above the Break 3,Left Side Center(LC),24+ ft.,25,-219,122,1,0,20260512,SAS,MIN,42500235682,27080,0,0,1629162|1629640|1630577|1642844|1642868
Shot Chart Detail,0042500235,699,203937,Kyle Anderson,1610612759,Minnesota Timberwolves,4,1,40,Missed Shot,Pullup Jump shot,2PT Field Goal,Mid-Range,Left Side Center(LC),16-24 ft.,16,-99,132,1,0,20260512,SAS,MIN,42500235699,27800,0,0,202687|203482|1629162|1630322|1642868
Shot Chart Detail,0042500235,703,1642866,Joan Beringer,1610612759,Minnesota Timberwolves,4,1,8,Missed Shot,Cutting Layup Shot,2PT Field Goal,Restricted Area,Center(C),Less Than 8 ft.,3,31,3,1,0,20260512,SAS,MIN,42500235703,28120,0,0,202687|203482|1629162|1630322|1642868
Shot Chart Detail,0042500235,726,1641763,Julian Phillips,1610612759,Minnesota Timberwolves,4,0,15,Missed Shot,Running Jump Shot,3PT Field Goal,Left Corner 3,Left Side(L),24+ ft.,22,-224,-8,1,0,20260512,SAS,MIN,42500235726,28650,0,0,202687|203482|1629162|1630322|1642868
Shot Chart Detail,0042500236,12,1630183,Jaden McDaniels,1610612759,Minnesota Timberwolves,1,10,54,Missed Shot,Pullup Jump shot,2PT Field Goal,Mid-Range,Left Side(L),8-16 ft.,15,-134,80,1,0,20260515,MIN,SAS,4250023612,660,0,0,1628368|1630170|1630577|1641705|1642264
Shot Chart Detail,0042500236,20,203944,Julius Randle,1610612759,Minnesota Timberwolves,1,10,15,Made Shot,Driving Dunk Shot,2PT Field Goal,Restricted Area,Center(C),Less Than 8 ft.,0,-2,6,1,1,20260515,MIN,SAS,4250023620,1050,0,0,1628368|1630170|1630577|1641705|1642264
Shot Chart Detail,0042500236,23,1630245,Ayo Dosunmu,1610612759,Minnesota Timberwolves,1,9,56,Made Shot,Driving Layup Shot,2PT Field Goal,Restricted Area,Center(C),Less Than 8 ft.,0,0,3,1,1,20260515,MIN,SAS,4250023623,1240,0,0,1628368|1630170|1630577|1641705|1642264
Shot Chart Detail,0042500236,29,1630183,Jaden McDaniels,1610612759,Minnesota Timberwolves,1,9,27,Missed Shot,Driving Floating Jump Shot,2PT Field Goal,In The Paint (Non-RA),Center(C),8-16 ft.,8,-7,89,1,0,20260515,MIN,SAS,4250023629,1530,0,0,1628368|1630170|1630577|1641705|1642264
Shot Chart Detail,0042500236,32,203944,Julius Randle,1610612759,Minnesota Timberwolves,1,8,47,Missed Shot,Fadeaway Jump Shot,2PT Field Goal,Mid-Range,Right Side(R),8-16 ft.,10,105,31,1,0,20260515,MIN,SAS,4250023632,1930,0,0,1628368|1630170|1630577|1641705|1642264
Shot Chart Detail,0042500236,35,1630162,Anthony Edwards,1610612759,Minnesota Timberwolves,1,8,41,Made Shot,Cutting Layup Shot,2PT Field Goal,Restricted Area,Center(C),Less Than 8 ft.,1,2,14,1,1,20260515,MIN,SAS,4250023635,1990,0,0,1628368|1630170|1630577|1641705|1642264
Shot Chart Detail,0042500236,39,1630245,Ayo Dosunmu,1610612759,Minnesota Timberwolves,1,8,16,Missed Shot,Driving Floating Jump Shot,2PT Field Goal,In The Paint (Non-RA),Center(C),Less Than 8 ft.,6,69,7,1,0,20260515,MIN,SAS,4250023639,2240,0,0,1628368|1630170|1630577|1641705|1642264
Shot Chart Detail,0042500236,43,1630162,Anthony Edwards,1610612759,Minnesota Timberwolves,1,8,2,Made Shot,Driving Dunk Shot,2PT Field Goal,Restricted Area,Center(C),Less Than 8 ft.,0,-2,5,1,1,20260515,MIN,SAS,4250023643,2380,0,0,1628368|1630170|1630577|1641705|1642264
Shot Chart Detail,0042500236,50,1630162,Anthony Edwards,1610612759,Minnesota Timberwolves,1,7,23,Made Shot,Pullup Jump shot,2PT Field Goal,Mid-Range,Left Side(L),8-16 ft.,15,-136,73,1,1,20260515,MIN,SAS,4250023650,2770,0,0,1630170|1630577|1641705|1642264|1642844
Shot Chart Detail,0042500236,60,1630162,Anthony Edwards,1610612759,Minnesota Timberwolves,1,7,0,Missed Shot,Running Pull-Up Jump Shot,2PT Field Goal,In The Paint (Non-RA),Center(C),8-16 ft.,11,40,106,1,0,20260515,MIN,SAS,4250023660,3000,0,0,1630170|1630577|1641705|1642264|1642844
Shot Chart Detail,0042500236,72,1630545,Terrence Shannon Jr.,1610612759,Minnesota Timberwolves,1,6,53,Missed Shot,Jump Shot,3PT Field Goal,Above the Break 3,Left Side Center(LC),24+ ft.,24,-217,122,1,0,20260515,MIN,SAS,4250023672,3070,0,0,1629640|1630170|1641705|1642264|1642844
Shot Chart Detail,0042500236,76,203944,Julius Randle,1610612759,Minnesota Timberwolves,1,6,25,Missed Shot,Driving Floating Jump Shot,2PT Field Goal,In The Paint (Non-RA),Center(C),8-16 ft.,8,-4,88,1,0,20260515,MIN,SAS,4250023676,3350,0,0,1629640|1630170|1641705|1642264|1642844
Shot Chart Detail,0042500236,87,1629675,Naz Reid,1610612759,Minnesota Timberwolves,1,5,49,Made Shot,Step Back Jump shot,3PT Field Goal,Above the Break 3,Center(C),24+ ft.,24,-36,246,1,1,20260515,MIN,SAS,4250023687,3710,0,0,1629640|1630170|1641705|1642264|1642844
Shot Chart Detail,0042500236,98,1629675,Naz Reid,1610612759,Minnesota Timberwolves,1,4,51,Made Shot,Driving Layup Shot,2PT Field Goal,Restricted Area,Center(C),Less Than 8 ft.,1,18,1,1,1,20260515,MIN,SAS,4250023698,4290,0,0,1629640|1630577|1641705|1642264|1642844
Shot Chart Detail,0042500236,102,1629675,Naz Reid,1610612759,Minnesota Timberwolves,1,4,29,Made Shot,Step Back Jump shot,3PT Field Goal,Left Corner 3,Left Side(L),24+ ft.,23,-233,-5,1,1,20260515,MIN,SAS,42500236102,4510,0,0,1629640|1630577|1641705|1642264|1642844
Shot Chart Detail,0042500236,114,1630162,Anthony Edwards,1610612759,Minnesota Timberwolves,1,3,44,Missed Shot,Pullup Jump shot,3PT Field Goal,Above the Break 3,Left Side Center(LC),24+ ft.,25,-148,205,1,0,20260515,MIN,SAS,42500236114,4960,0,0,1628436|1629640|1630577|1642264|1642844
Shot Chart Detail,0042500236,126,1630162,Anthony Edwards,1610612759,Minnesota Timberwolves,1,3,26,Missed Shot,Driving Floating Jump Shot,2PT Field Goal,Restricted Area,Center(C),Less Than 8 ft.,3,-32,21,1,0,20260515,MIN,SAS,42500236126,5140,0,0,1628368|1628436|1629640|1630577|1642844
Shot Chart Detail,0042500236,146,1630545,Terrence Shannon Jr.,1610612759,Minnesota Timberwolves,1,2,9,Missed Shot,Driving Layup Shot,2PT Field Goal,Restricted Area,Center(C),Less Than 8 ft.,2,-18,16,1,0,20260515,MIN,SAS,42500236146,5910,0,0,1628368|1628436|1629640|1630577|1642844
Shot Chart Detail,0042500236,150,201144,Mike Conley,1610612759,Minnesota Timberwolves,1,1,46,Made Shot,Jump Shot,3PT Field Goal,Above the Break 3,Right Side Center(RC),24+ ft.,24,213,126,1,1,20260515,MIN,SAS,42500236150,6140,0,0,1628368|1628436|1629640|1630577|1642844
Shot Chart Detail,0042500236,157,1629675,Naz Reid,1610612759,Minnesota Timberwolves,1,1,15,Missed Shot,Driving Layup Shot,2PT Field Goal,In The Paint (Non-RA),Center(C),Less Than 8 ft.,4,40,25,1,0,20260515,MIN,SAS,42500236157,6450,0,0,1628368|1628436|1629640|1630577|1642844
Shot Chart Detail,0042500236,165,1630183,Jaden McDaniels,1610612759,Minnesota Timberwolves,1,0,47,Missed Shot,Turnaround Jump Shot,2PT Field Goal,In The Paint (Non-RA),Center(C),8-16 ft.,10,-16,100,1,0,20260515,MIN,SAS,42500236165,6730,0,0,1628368|1629640|1630577|1641705|1642844
Shot Chart Detail,0042500236,169,1629675,Naz Reid,1610612759,Minnesota Timberwolves,1,0,20,Made Shot,Driving Layup Shot,2PT Field Goal,Restricted Area,Center(C),Less Than 8 ft.,3,-25,24,1,1,20260515,MIN,SAS,42500236169,7000,0,0,1628368|1629640|1630577|1641705|1642844
Shot Chart Detail,0042500236,184,1630162,Anthony Edwards,1610612759,Minnesota Timberwolves,2,11,46,Missed Shot,Driving Layup Shot,2PT Field Goal,Restricted Area,Center(C),Less Than 8 ft.,2,-21,18,1,0,20260515,MIN,SAS,42500236184,7340,0,0,1628368|1630577|1641705|1642844|1642868
Shot Chart Detail,0042500236,186,1629675,Naz Reid,1610612759,Minnesota Timberwolves,2,11,39,Missed Shot,Jump Shot,3PT Field Goal,Above the Break 3,Right Side Center(RC),24+ ft.,24,175,178,1,0,20260515,MIN,SAS,42500236186,7410,0,0,1628368|1630577|1641705|1642844|1642868
Shot Chart Detail,0042500236,190,203944,Julius Randle,1610612759,Minnesota Timberwolves,2,11,12,Missed Shot,Driving Layup Shot,2PT Field Goal,Restricted Area,Center(C),Less Than 8 ft.,1,-6,13,1,0,20260515,MIN,SAS,42500236190,7680,0,0,1628368|1630577|1641705|1642844|1642868
Shot Chart Detail,0042500236,196,203944,Julius Randle,1610612759,Minnesota Timberwolves,2,10,58,Missed Shot,Jump Shot,3PT Field Goal,Above the Break 3,Left Side Center(LC),24+ ft.,25,-192,161,1,0,20260515,MIN,SAS,42500236196,7820,0,0,1628368|1630577|1641705|1642264|1642868
Shot Chart Detail,0042500236,203,1630162,Anthony Edwards,1610612759,Minnesota Timberwolves,2,10,37,Missed Shot,Driving Floating Jump Shot,2PT Field Goal,Mid-Range,Right Side Center(RC),16-24 ft.,16,59,155,1,0,20260515,MIN,SAS,42500236203,8030,0,0,1628368|1630577|1641705|1642264|1642868
Shot Chart Detail,0042500236,208,1629675,Naz Reid,1610612759,Minnesota Timberwolves,2,9,59,Missed Shot,Step Back Jump shot,3PT Field Goal,Above the Break 3,Left Side Center(LC),24+ ft.,25,-126,218,1,0,20260515,MIN,SAS,42500236208,8410,0,0,1628368|1630577|1641705|1642264|1642868
Shot Chart Detail,0042500236,223,1630245,Ayo Dosunmu,1610612759,Minnesota Timberwolves,2,9,13,Missed Shot,Jump Shot,3PT Field Goal,Above the Break 3,Right Side Center(RC),24+ ft.,26,135,225,1,0,20260515,MIN,SAS,42500236223,8870,0,0,1628368|1630577|1641705|1642264|1642868
Shot Chart Detail,0042500236,227,203944,Julius Randle,1610612759,Minnesota Timberwolves,2,8,52,Missed Shot,Driving Floating Jump Shot,2PT Field Goal,In The Paint (Non-RA),Center(C),Less Than 8 ft.,4,4,40,1,0,20260515,MIN,SAS,42500236227,9080,0,0,1628368|1630577|1641705|1642264|1642868
Shot Chart Detail,0042500236,242,1630162,Anthony Edwards,1610612759,Minnesota Timberwolves,2,8,17,Missed Shot,Driving Layup Shot,2PT Field Goal,Restricted Area,Center(C),Less Than 8 ft.,3,-20,27,1,0,20260515,MIN,SAS,42500236242,9430,0,0,1630170|1641705|1642264|1642844|1642868
Shot Chart Detail,0042500236,249,201144,Mike Conley,1610612759,Minnesota Timberwolves,2,7,54,Missed Shot,Pullup Jump shot,3PT Field Goal,Above the Break 3,Left Side Center(LC),24+ ft.,24,-142,198,1,0,20260515,MIN,SAS,42500236249,9660,0,0,1630170|1641705|1642264|1642844|1642868
Shot Chart Detail,0042500236,259,1629675,Naz Reid,1610612759,Minnesota Timberwolves,2,7,28,Missed Shot,Pullup Jump shot,3PT Field Goal,Above the Break 3,Left Side Center(LC),24+ ft.,24,-146,195,1,0,20260515,MIN,SAS,42500236259,9920,0,0,1630170|1641705|1642264|1642844|1642868
Shot Chart Detail,0042500236,261,203497,Rudy Gobert,1610612759,Minnesota Timberwolves,2,7,25,Missed Shot,Putback Layup Shot,2PT Field Goal,Restricted Area,Center(C),Less Than 8 ft.,2,-10,26,1,0,20260515,MIN,SAS,42500236261,9950,0,0,1630170|1641705|1642264|1642844|1642868
Shot Chart Detail,0042500236,268,1630545,Terrence Shannon Jr.,1610612759,Minnesota Timberwolves,2,7,3,Made Shot,Driving Layup Shot,2PT Field Goal,Restricted Area,Center(C),Less Than 8 ft.,0,-4,-4,1,1,20260515,MIN,SAS,42500236268,10170,0,0,1630170|1641705|1642264|1642844|1642868
Shot Chart Detail,0042500236,276,1630545,Terrence Shannon Jr.,1610612759,Minnesota Timberwolves,2,6,48,Missed Shot,Driving Floating Jump Shot,2PT Field Goal,In The Paint (Non-RA),Center(C),Less Than 8 ft.,7,-4,74,1,0,20260515,MIN,SAS,42500236276,10320,0,0,1630170|1641705|1642264|1642844|1642868
Shot Chart Detail,0042500236,280,1630545,Terrence Shannon Jr.,1610612759,Minnesota Timberwolves,2,6,35,Made Shot,Running Layup Shot,2PT Field Goal,Restricted Area,Center(C),Less Than 8 ft.,2,23,10,1,1,20260515,MIN,SAS,42500236280,10450,0,0,1630170|1641705|1642264|1642844|1642868
Shot Chart Detail,0042500236,289,1629675,Naz Reid,1610612759,Minnesota Timberwolves,2,6,3,Made Shot,Driving Layup Shot,2PT Field Goal,Restricted Area,Center(C),Less Than 8 ft.,2,22,8,1,1,20260515,MIN,SAS,42500236289,10770,0,0,1628368|1628436|1630170|1642264|1642868
Shot Chart Detail,0042500236,297,1630545,Terrence Shannon Jr.,1610612759,Minnesota Timberwolves,2,5,38,Made Shot,Driving Floating Jump Shot,2PT Field Goal,In The Paint (Non-RA),Center(C),8-16 ft.,9,45,84,1,1,20260515,MIN,SAS,42500236297,11020,0,0,1628368|1628436|1630170|1642264|1642868
Shot Chart Detail,0042500236,299,1630545,Terrence Shannon Jr.,1610612759,Minnesota Timberwolves,2,5,13,Made Shot,Driving Layup Shot,2PT Field Goal,Restricted Area,Center(C),Less Than 8 ft.,0,-4,6,1,1,20260515,MIN,SAS,42500236299,11270,0,0,1628368|1628436|1630170|1642264|1642868
Shot Chart Detail,0042500236,303,1630545,Terrence Shannon Jr.,1610612759,Minnesota Timberwolves,2,5,0,Missed Shot,Driving Finger Roll Layup Shot,2PT Field Goal,Restricted Area,Center(C),Less Than 8 ft.,1,12,14,1,0,20260515,MIN,SAS,42500236303,11400,0,0,1628368|1628436|1630170|1642844|1642868
Shot Chart Detail,0042500236,309,1630162,Anthony Edwards,1610612759,Minnesota Timberwolves,2,4,55,Missed Shot,Driving Floating Jump Shot,2PT Field Goal,In The Paint (Non-RA),Center(C),Less Than 8 ft.,5,-10,51,1,0,20260515,MIN,SAS,42500236309,11450,0,0,1628368|1628436|1629640|1630170|1642844
Shot Chart Detail,0042500236,311,201144,Mike Conley,1610612759,Minnesota Timberwolves,2,4,50,Made Shot,Jump Shot,3PT Field Goal,Right Corner 3,Right Side(R),24+ ft.,23,232,-8,1,1,20260515,MIN,SAS,42500236311,11500,0,0,1628368|1628436|1629640|1630170|1642844
Shot Chart Detail,0042500236,319,1630545,Terrence Shannon Jr.,1610612759,Minnesota Timberwolves,2,4,11,Missed Shot,Driving Floating Jump Shot,2PT Field Goal,In The Paint (Non-RA),Right Side(R),8-16 ft.,8,54,61,1,0,20260515,MIN,SAS,42500236319,11890,0,0,1628368|1629640|1630170|1641705|1642844
Shot Chart Detail,0042500236,323,203497,Rudy Gobert,1610612759,Minnesota Timberwolves,2,4,8,Missed Shot,Floating Jump shot,2PT Field Goal,In The Paint (Non-RA),Center(C),8-16 ft.,9,6,98,1,0,20260515,MIN,SAS,42500236323,11920,0,0,1628368|1629640|1630170|1641705|1642844
Shot Chart Detail,0042500236,327,1630162,Anthony Edwards,1610612759,Minnesota Timberwolves,2,3,37,Made Shot,Driving Floating Jump Shot,2PT Field Goal,In The Paint (Non-RA),Center(C),Less Than 8 ft.,5,-1,51,1,1,20260515,MIN,SAS,42500236327,12230,0,0,1628368|1629640|1630170|1641705|1642844
Shot Chart Detail,0042500236,336,1629675,Naz Reid,1610612759,Minnesota Timberwolves,2,3,14,Made Shot,Jump Shot,3PT Field Goal,Above the Break 3,Left Side Center(LC),24+ ft.,24,-195,153,1,1,20260515,MIN,SAS,42500236336,12460,0,0,1629640|1630170|1641705|1642264|1642844
Shot Chart Detail,0042500236,339,1630162,Anthony Edwards,1610612759,Minnesota Timberwolves,2,2,41,Made Shot,Driving Layup Shot,2PT Field Goal,Restricted Area,Center(C),Less Than 8 ft.,1,-10,8,1,1,20260515,MIN,SAS,42500236339,12790,0,0,1629640|1630170|1641705|1642264|1642844
Shot Chart Detail,0042500236,352,1630162,Anthony Edwards,1610612759,Minnesota Timberwolves,2,2,22,Made Shot,Driving Layup Shot,2PT Field Goal,Restricted Area,Center(C),Less Than 8 ft.,3,25,23,1,1,20260515,MIN,SAS,42500236352,12980,0,0,1628368|1629640|1630170|1641705|1642264
Shot Chart Detail,0042500236,355,1630162,Anthony Edwards,1610612759,Minnesota Timberwolves,2,2,1,Made Shot,Running Pull-Up Jump Shot,3PT Field Goal,Above the Break 3,Right Side Center(RC),24+ ft.,24,227,89,1,1,20260515,MIN,SAS,42500236355,13190,0,0,1628368|1629640|1630170|1641705|1642264
Shot Chart Detail,0042500236,362,1630162,Anthony Edwards,1610612759,Minnesota Timberwolves,2,1,41,Missed Shot,Pullup Jump shot,3PT Field Goal,Above the Break 3,Right Side Center(RC),24+ ft.,26,107,241,1,0,20260515,MIN,SAS,42500236362,13390,0,0,1628368|1630170|1630577|1641705|1642264
Shot Chart Detail,0042500236,364,1630183,Jaden McDaniels,1610612759,Minnesota Timberwolves,2,1,35,Missed Shot,Jump Shot,3PT Field Goal,Right Corner 3,Right Side(R),24+ ft.,22,225,5,1,0,20260515,MIN,SAS,42500236364,13450,0,0,1628368|1630170|1630577|1641705|1642264
Shot Chart Detail,0042500236,368,1630162,Anthony Edwards,1610612759,Minnesota Timberwolves,2,1,20,Missed Shot,Running Layup Shot,2PT Field Goal,Restricted Area,Center(C),Less Than 8 ft.,1,-10,16,1,0,20260515,MIN,SAS,42500236368,13600,0,0,1628368|1630170|1630577|1641705|1642264
Shot Chart Detail,0042500236,371,1630162,Anthony Edwards,1610612759,Minnesota Timberwolves,2,1,17,Missed Shot,Fadeaway Jump Shot,2PT Field Goal,Mid-Range,Left Side(L),8-16 ft.,12,-128,7,1,0,20260515,MIN,SAS,42500236371,13630,0,0,1628368|1630170|1630577|1641705|1642264
Shot Chart Detail,0042500236,381,1630183,Jaden McDaniels,1610612759,Minnesota Timberwolves,2,1,7,Missed Shot,Jump Shot,3PT Field Goal,Left Corner 3,Left Side(L),24+ ft.,22,-227,3,1,0,20260515,MIN,SAS,42500236381,13730,0,0,1630170|1630577|1641705|1642264|1642844
Shot Chart Detail,0042500236,391,203944,Julius Randle,1610612759,Minnesota Timberwolves,2,0,36,Missed Shot,Driving Layup Shot,2PT Field Goal,Restricted Area,Center(C),Less Than 8 ft.,3,-6,38,1,0,20260515,MIN,SAS,42500236391,14040,0,0,1630170|1630577|1641705|1642264|1642844
Shot Chart Detail,0042500236,400,1630162,Anthony Edwards,1610612759,Minnesota Timberwolves,2,0,27,Made Shot,Step Back Jump shot,2PT Field Goal,Mid-Range,Left Side Center(LC),16-24 ft.,22,-158,165,1,1,20260515,MIN,SAS,42500236400,14130,0,0,1630170|1630577|1641705|1642264|1642844
Shot Chart Detail,0042500236,413,1629675,Naz Reid,1610612759,Minnesota Timberwolves,2,0,0,Made Shot,Putback Layup Shot,2PT Field Goal,In The Paint (Non-RA),Center(C),Less Than 8 ft.,6,60,30,1,1,20260515,MIN,SAS,42500236413,14400,0,0,1628436|1629640|1630170|1630577|1641705
Shot Chart Detail,0042500236,426,1630162,Anthony Edwards,1610612759,Minnesota Timberwolves,3,11,47,Missed Shot,Step Back Jump shot,3PT Field Goal,Above the Break 3,Left Side Center(LC),24+ ft.,25,-189,165,1,0,20260515,MIN,SAS,42500236426,14530,0,0,1628368|1630170|1630577|1641705|1642264
Shot Chart Detail,0042500236,430,1630183,Jaden McDaniels,1610612759,Minnesota Timberwolves,3,11,19,Missed Shot,Driving Hook Shot,2PT Field Goal,In The Paint (Non-RA),Center(C),Less Than 8 ft.,6,-17,64,1,0,20260515,MIN,SAS,42500236430,14810,0,0,1628368|1630170|1630577|1641705|1642264
Shot Chart Detail,0042500236,436,1630183,Jaden McDaniels,1610612759,Minnesota Timberwolves,3,10,39,Made Shot,Driving Floating Jump Shot,2PT Field Goal,In The Paint (Non-RA),Center(C),Less Than 8 ft.,7,-42,65,1,1,20260515,MIN,SAS,42500236436,15210,0,0,1628368|1630170|1630577|1641705|1642264
Shot Chart Detail,0042500236,444,203497,Rudy Gobert,1610612759,Minnesota Timberwolves,3,10,14,Missed Shot,Dunk Shot,2PT Field Goal,Restricted Area,Center(C),Less Than 8 ft.,2,22,19,1,0,20260515,MIN,SAS,42500236444,15460,0,0,1628368|1630170|1630577|1641705|1642264
Shot Chart Detail,0042500236,449,1630162,Anthony Edwards,1610612759,Minnesota Timberwolves,3,10,0,Missed Shot,Driving Floating Jump Shot,2PT Field Goal,Mid-Range,Right Side(R),8-16 ft.,10,102,33,1,0,20260515,MIN,SAS,42500236449,15600,0,0,1628368|1630170|1630577|1641705|1642264
Shot Chart Detail,0042500236,456,1630545,Terrence Shannon Jr.,1610612759,Minnesota Timberwolves,3,9,35,Missed Shot,Jump Shot,3PT Field Goal,Above the Break 3,Center(C),24+ ft.,24,-20,246,1,0,20260515,MIN,SAS,42500236456,15850,0,0,1628368|1630170|1630577|1641705|1642264
Shot Chart Detail,0042500236,463,1630245,Ayo Dosunmu,1610612759,Minnesota Timberwolves,3,9,14,Made Shot,Driving Finger Roll Layup Shot,2PT Field Goal,Restricted Area,Center(C),Less Than 8 ft.,3,2,33,1,1,20260515,MIN,SAS,42500236463,16060,0,0,1628368|1630170|1630577|1641705|1642264
Shot Chart Detail,0042500236,466,1630545,Terrence Shannon Jr.,1610612759,Minnesota Timberwolves,3,8,47,Made Shot,Driving Dunk Shot,2PT Field Goal,Restricted Area,Center(C),Less Than 8 ft.,1,1,16,1,1,20260515,MIN,SAS,42500236466,16330,0,0,1628368|1630170|1630577|1641705|1642264
Shot Chart Detail,0042500236,470,203944,Julius Randle,1610612759,Minnesota Timberwolves,3,8,6,Missed Shot,Jump Shot,3PT Field Goal,Above the Break 3,Right Side Center(RC),24+ ft.,25,206,147,1,0,20260515,MIN,SAS,42500236470,16740,0,0,1628368|1630170|1630577|1641705|1642264
Shot Chart Detail,0042500236,475,1629675,Naz Reid,1610612759,Minnesota Timberwolves,3,7,46,Missed Shot,Jump Shot,3PT Field Goal,Left Corner 3,Left Side(L),24+ ft.,23,-232,16,1,0,20260515,MIN,SAS,42500236475,16940,0,0,1628368|1630170|1630577|1641705|1642264
Shot Chart Detail,0042500236,490,1630183,Jaden McDaniels,1610612759,Minnesota Timberwolves,3,6,53,Made Shot,Pullup Jump shot,3PT Field Goal,Above the Break 3,Center(C),24+ ft.,25,75,242,1,1,20260515,MIN,SAS,42500236490,17470,0,0,1630170|1641705|1642264|1642844|1642868
Shot Chart Detail,0042500236,494,1630545,Terrence Shannon Jr.,1610612759,Minnesota Timberwolves,3,6,35,Made Shot,Driving Layup Shot,2PT Field Goal,Restricted Area,Center(C),Less Than 8 ft.,2,-18,17,1,1,20260515,MIN,SAS,42500236494,17650,0,0,1630170|1641705|1642264|1642844|1642868
Shot Chart Detail,0042500236,505,1630183,Jaden McDaniels,1610612759,Minnesota Timberwolves,3,6,17,Made Shot,Driving Floating Jump Shot,2PT Field Goal,In The Paint (Non-RA),Center(C),Less Than 8 ft.,5,-20,51,1,1,20260515,MIN,SAS,42500236505,17830,0,0,1628436|1630170|1642264|1642844|1642868
Shot Chart Detail,0042500236,511,1630162,Anthony Edwards,1610612759,Minnesota Timberwolves,3,6,2,Missed Shot,Running Reverse Layup Shot,2PT Field Goal,Restricted Area,Center(C),Less Than 8 ft.,0,5,6,1,0,20260515,MIN,SAS,42500236511,17980,0,0,1628436|1630170|1642264|1642844|1642868
Shot Chart Detail,0042500236,526,1629675,Naz Reid,1610612759,Minnesota Timberwolves,3,5,9,Missed Shot,Driving Layup Shot,2PT Field Goal,Restricted Area,Center(C),Less Than 8 ft.,3,10,36,1,0,20260515,MIN,SAS,42500236526,18510,0,0,1628368|1628436|1630170|1642844|1642868
Shot Chart Detail,0042500236,534,1630545,Terrence Shannon Jr.,1610612759,Minnesota Timberwolves,3,4,52,Missed Shot,Running Reverse Layup Shot,2PT Field Goal,Restricted Area,Center(C),Less Than 8 ft.,2,12,17,1,0,20260515,MIN,SAS,42500236534,18680,0,0,1628368|1628436|1630170|1642844|1642868
Shot Chart Detail,0042500236,538,1630183,Jaden McDaniels,1610612759,Minnesota Timberwolves,3,4,34,Missed Shot,Driving Dunk Shot,2PT Field Goal,Restricted Area,Center(C),Less Than 8 ft.,1,0,12,1,0,20260515,MIN,SAS,42500236538,18860,0,0,1628368|1628436|1630170|1642844|1642868
Shot Chart Detail,0042500236,541,1630183,Jaden McDaniels,1610612759,Minnesota Timberwolves,3,4,9,Missed Shot,Driving Floating Jump Shot,2PT Field Goal,In The Paint (Non-RA),Center(C),Less Than 8 ft.,6,9,69,1,0,20260515,MIN,SAS,42500236541,19110,0,0,1628368|1628436|1630170|1642844|1642868
Shot Chart Detail,0042500236,557,1630183,Jaden McDaniels,1610612759,Minnesota Timberwolves,3,3,16,Missed Shot,Driving Layup Shot,2PT Field Goal,Restricted Area,Center(C),Less Than 8 ft.,1,11,16,1,0,20260515,MIN,SAS,42500236557,19640,0,0,1628368|1628436|1630170|1642844|1642868
Shot Chart Detail,0042500236,561,1630183,Jaden McDaniels,1610612759,Minnesota Timberwolves,3,2,49,Made Shot,Jump Shot,3PT Field Goal,Right Corner 3,Right Side(R),24+ ft.,22,224,8,1,1,20260515,MIN,SAS,42500236561,19910,0,0,1628368|1628436|1630170|1642844|1642868
Shot Chart Detail,0042500236,565,1630162,Anthony Edwards,1610612759,Minnesota Timberwolves,3,2,11,Missed Shot,Pullup Jump shot,3PT Field Goal,Above the Break 3,Left Side Center(LC),24+ ft.,25,-229,110,1,0,20260515,MIN,SAS,42500236565,20290,0,0,1628368|1628436|1630170|1642844|1642868
Shot Chart Detail,0042500236,569,203497,Rudy Gobert,1610612759,Minnesota Timberwolves,3,1,49,Missed Shot,Hook Shot,2PT Field Goal,Restricted Area,Center(C),Less Than 8 ft.,3,-35,18,1,0,20260515,MIN,SAS,42500236569,20510,0,0,1628368|1628436|1630170|1642844|1642868
Shot Chart Detail,0042500236,573,1630162,Anthony Edwards,1610612759,Minnesota Timberwolves,3,1,27,Made Shot,Pullup Jump shot,3PT Field Goal,Above the Break 3,Center(C),24+ ft.,25,-53,251,1,1,20260515,MIN,SAS,42500236573,20730,0,0,1628368|1628436|1630170|1642844|1642868
Shot Chart Detail,0042500236,594,1630162,Anthony Edwards,1610612759,Minnesota Timberwolves,3,0,32,Missed Shot,Driving Floating Jump Shot,2PT Field Goal,In The Paint (Non-RA),Center(C),8-16 ft.,13,-42,126,1,0,20260515,MIN,SAS,42500236594,21280,0,0,1630170|1630577|1641705|1642264|1642844
Shot Chart Detail,0042500236,601,1630162,Anthony Edwards,1610612759,Minnesota Timberwolves,3,0,0,Missed Shot,Step Back Jump shot,3PT Field Goal,Above the Break 3,Right Side Center(RC),24+ ft.,24,221,116,1,0,20260515,MIN,SAS,42500236601,21600,0,0,1630170|1630577|1641705|1642264|1642868
Shot Chart Detail,0042500236,620,1630245,Ayo Dosunmu,1610612759,Minnesota Timberwolves,4,11,16,Made Shot,Driving Finger Roll Layup Shot,2PT Field Goal,In The Paint (Non-RA),Center(C),Less Than 8 ft.,5,50,32,1,1,20260515,MIN,SAS,42500236620,22040,0,0,203084|1630577|1641705|1642264|1642844
Shot Chart Detail,0042500236,626,1630245,Ayo Dosunmu,1610612759,Minnesota Timberwolves,4,10,47,Made Shot,Driving Layup Shot,2PT Field Goal,Restricted Area,Center(C),Less Than 8 ft.,2,9,26,1,1,20260515,MIN,SAS,42500236626,22330,0,0,203084|1630577|1641705|1642264|1642844
Shot Chart Detail,0042500236,634,1630245,Ayo Dosunmu,1610612759,Minnesota Timberwolves,4,9,59,Missed Shot,Driving Layup Shot,2PT Field Goal,Restricted Area,Center(C),Less Than 8 ft.,2,16,15,1,0,20260515,MIN,SAS,42500236634,22810,0,0,203084|1630577|1641705|1642264|1642844
Shot Chart Detail,0042500236,641,1630545,Terrence Shannon Jr.,1610612759,Minnesota Timberwolves,4,9,36,Made Shot,Driving Layup Shot,2PT Field Goal,Restricted Area,Center(C),Less Than 8 ft.,1,-2,18,1,1,20260515,MIN,SAS,42500236641,23040,0,0,203084|1628436|1630577|1642264|1642844
Shot Chart Detail,0042500236,648,1630245,Ayo Dosunmu,1610612759,Minnesota Timberwolves,4,9,6,Missed Shot,Cutting Layup Shot,2PT Field Goal,Restricted Area,Center(C),Less Than 8 ft.,2,10,26,1,0,20260515,MIN,SAS,42500236648,23340,0,0,203084|1628436|1630577|1642264|1642844
Shot Chart Detail,0042500236,653,1630162,Anthony Edwards,1610612759,Minnesota Timberwolves,4,8,43,Missed Shot,Driving Floating Bank Jump Shot,2PT Field Goal,Mid-Range,Left Side(L),8-16 ft.,10,-81,61,1,0,20260515,MIN,SAS,42500236653,23570,0,0,203084|1628436|1630577|1642264|1642844
Shot Chart Detail,0042500236,657,1630545,Terrence Shannon Jr.,1610612759,Minnesota Timberwolves,4,8,17,Made Shot,Pullup Jump shot,3PT Field Goal,Above the Break 3,Left Side Center(LC),24+ ft.,25,-167,194,1,1,20260515,MIN,SAS,42500236657,23830,0,0,203084|1628436|1630577|1642264|1642844
Shot Chart Detail,0042500236,677,1642866,Joan Beringer,1610612759,Minnesota Timberwolves,4,7,48,Missed Shot,Turnaround Hook Shot,2PT Field Goal,In The Paint (Non-RA),Center(C),Less Than 8 ft.,5,-29,46,1,0,20260515,MIN,SAS,42500236677,24120,0,0,203084|203482|1628436|1629162|1630322
Shot Chart Detail,0042500236,681,203937,Kyle Anderson,1610612759,Minnesota Timberwolves,4,7,25,Missed Shot,Driving Layup Shot,2PT Field Goal,Restricted Area,Center(C),Less Than 8 ft.,3,-20,31,1,0,20260515,MIN,SAS,42500236681,24350,0,0,203084|203482|1628436|1629162|1630322
Shot Chart Detail,0042500236,685,1630538,Bones Hyland,1610612759,Minnesota Timberwolves,4,6,59,Missed Shot,Pullup Jump shot,3PT Field Goal,Above the Break 3,Left Side Center(LC),24+ ft.,25,-179,183,1,0,20260515,MIN,SAS,42500236685,24610,0,0,203084|203482|1628436|1629162|1630322
Shot Chart Detail,0042500236,694,1630538,Bones Hyland,1610612759,Minnesota Timberwolves,4,6,15,Missed Shot,Jump Shot,3PT Field Goal,Right Corner 3,Right Side(R),24+ ft.,23,233,-19,1,0,20260515,MIN,SAS,42500236694,25050,0,0,202687|203084|203482|1629162|1630322
Shot Chart Detail,0042500236,699,1641740,Jaylen Clark,1610612759,Minnesota Timberwolves,4,5,44,Missed Shot,Driving Floating Jump Shot,2PT Field Goal,In The Paint (Non-RA),Center(C),8-16 ft.,12,-55,112,1,0,20260515,MIN,SAS,42500236699,25360,0,0,202687|203084|203482|1629162|1630322
Shot Chart Detail,0042500236,701,1642866,Joan Beringer,1610612759,Minnesota Timberwolves,4,5,40,Made Shot,Putback Dunk Shot,2PT Field Goal,Restricted Area,Center(C),Less Than 8 ft.,1,4,13,1,1,20260515,MIN,SAS,42500236701,25400,0,0,202687|203084|203482|1629162|1630322
Shot Chart Detail,0042500236,714,1630538,Bones Hyland,1610612759,Minnesota Timberwolves,4,4,9,Missed Shot,Pullup Jump shot,2PT Field Goal,Mid-Range,Right Side(R),8-16 ft.,13,131,16,1,0,20260515,MIN,SAS,42500236714,26310,0,0,202687|203482|203486|1629162|1630322
Shot Chart Detail,0042500236,717,1641740,Jaylen Clark,1610612759,Minnesota Timberwolves,4,4,5,Missed Shot,Jump Shot,3PT Field Goal,Left Corner 3,Left Side(L),24+ ft.,23,-233,50,1,0,20260515,MIN,SAS,42500236717,26350,0,0,202687|203482|203486|1629162|1630322
Shot Chart Detail,0042500236,721,1630538,Bones Hyland,1610612759,Minnesota Timberwolves,4,3,50,Made Shot,Jump Shot,3PT Field Goal,Above the Break 3,Left Side Center(LC),24+ ft.,25,-219,138,1,1,20260515,MIN,SAS,42500236721,26500,0,0,202687|203482|203486|1629162|1630322
Shot Chart Detail,0042500236,724,1630538,Bones Hyland,1610612759,Minnesota Timberwolves,4,3,15,Missed Shot,Driving Layup Shot,2PT Field Goal,Restricted Area,Center(C),Less Than 8 ft.,2,12,20,1,0,20260515,MIN,SAS,42500236724,26850,0,0,202687|203482|203486|1629162|1630322
Shot Chart Detail,0042500236,728,203937,Kyle Anderson,1610612759,Minnesota Timberwolves,4,3,10,Missed Shot,Pullup Jump shot,2PT Field Goal,Mid-Range,Center(C),8-16 ft.,15,-11,151,1,0,20260515,MIN,SAS,42500236728,26900,0,0,202687|203482|203486|1629162|1630322
Shot Chart Detail,0042500236,732,1642866,Joan Beringer,1610612759,Minnesota Timberwolves,4,2,45,Made Shot,Alley Oop Dunk Shot,2PT Field Goal,Restricted Area,Center(C),Less Than 8 ft.,1,-7,17,1,1,20260515,MIN,SAS,42500236732,27150,0,0,202687|203482|203486|1629162|1630322
Shot Chart Detail,0042500236,737,203937,Kyle Anderson,1610612759,Minnesota Timberwolves,4,2,16,Made Shot,Driving Floating Bank Jump Shot,2PT Field Goal,In The Paint (Non-RA),Center(C),Less Than 8 ft.,6,-17,60,1,1,20260515,MIN,SAS,42500236737,27440,0,0,202687|203482|203486|1629162|1630322
Shot Chart Detail,0042500236,742,1641763,Julian Phillips,1610612759,Minnesota Timberwolves,4,1,39,Made Shot,Jump Shot,3PT Field Goal,Above the Break 3,Right Side Center(RC),24+ ft.,25,148,212,1,1,20260515,MIN,SAS,42500236742,27810,0,0,202687|203482|203486|1629162|1630322
Shot Chart Detail,0042500236,748,1641763,Julian Phillips,1610612759,Minnesota Timberwolves,4,1,14,Missed Shot,Pullup Jump shot,3PT Field Goal,Above the Break 3,Center(C),24+ ft.,25,-45,252,1,0,20260515,MIN,SAS,42500236748,28060,0,0,202687|203482|203486|1629162|1630322
Shot Chart Detail,0042500236,754,1630538,Bones Hyland,1610612759,Minnesota Timberwolves,4,0,52,Missed Shot,Step Back Jump shot,3PT Field Goal,Above the Break 3,Left Side Center(LC),24+ ft.,25,-173,191,1,0,20260515,MIN,SAS,42500236754,28280,0,0,202687|203482|203486|1629162|1630322
Shot Chart Detail,0042500311,9,1628392,Isaiah Hartenstein,1610612759,Oklahoma City Thunder,1,11,17,Missed Shot,Floating Jump shot,2PT Field Goal,In The Paint (Non-RA),Center(C),8-16 ft.,8,2,88,1,0,20260518,OKC,SAS,425003119,430,0,0,1630170|1630577|1641705|1642264|1642844
Shot Chart Detail,0042500311,24,1628983,Shai Gilgeous-Alexander,1610612759,Oklahoma City Thunder,1,10,21,Missed Shot,Pullup Jump shot,2PT Field Goal,In The Paint (Non-RA),Center(C),Less Than 8 ft.,7,-65,31,1,0,20260518,OKC,SAS,4250031124,990,0,0,1630170|1630577|1641705|1642264|1642844
Shot Chart Detail,0042500311,28,1629652,Luguentz Dort,1610612759,Oklahoma City Thunder,1,9,54,Missed Shot,Jump Shot,3PT Field Goal,Right Corner 3,Right Side(R),24+ ft.,22,228,21,1,0,20260518,OKC,SAS,4250031128,1260,0,0,1630170|1630577|1641705|1642264|1642844
Shot Chart Detail,0042500311,38,1628983,Shai Gilgeous-Alexander,1610612759,Oklahoma City Thunder,1,9,8,Missed Shot,Step Back Jump shot,3PT Field Goal,Above the Break 3,Right Side Center(RC),24+ ft.,25,113,225,1,0,20260518,OKC,SAS,4250031138,1720,0,0,1630170|1630577|1641705|1642264|1642844
Shot Chart Detail,0042500311,41,1627936,Alex Caruso,1610612759,Oklahoma City Thunder,1,8,46,Made Shot,Jump Shot,3PT Field Goal,Above the Break 3,Center(C),24+ ft.,24,1,247,1,1,20260518,OKC,SAS,4250031141,1940,0,0,1630170|1630577|1641705|1642264|1642844
Shot Chart Detail,0042500311,50,1627936,Alex Caruso,1610612759,Oklahoma City Thunder,1,7,58,Missed Shot,Jump Shot,3PT Field Goal,Above the Break 3,Center(C),24+ ft.,24,44,245,1,0,20260518,OKC,SAS,4250031150,2420,0,0,1630170|1630577|1641705|1642264|1642844
Shot Chart Detail,0042500311,54,1631114,Jalen Williams,1610612759,Oklahoma City Thunder,1,7,40,Missed Shot,Running Layup Shot,2PT Field Goal,In The Paint (Non-RA),Center(C),Less Than 8 ft.,6,65,9,1,0,20260518,OKC,SAS,4250031154,2600,0,0,1630170|1630577|1641705|1642264|1642844
Shot Chart Detail,0042500311,70,1627936,Alex Caruso,1610612759,Oklahoma City Thunder,1,7,11,Made Shot,Driving Layup Shot,2PT Field Goal,Restricted Area,Center(C),Less Than 8 ft.,1,-4,17,1,1,20260518,OKC,SAS,4250031170,2890,0,0,1629640|1630170|1630577|1641705|1642264
Shot Chart Detail,0042500311,74,1627936,Alex Caruso,1610612759,Oklahoma City Thunder,1,6,48,Made Shot,Running Finger Roll Layup Shot,2PT Field Goal,Restricted Area,Center(C),Less Than 8 ft.,1,11,-4,1,1,20260518,OKC,SAS,4250031174,3120,0,0,1629640|1630170|1630577|1641705|1642264
Shot Chart Detail,0042500311,78,1628983,Shai Gilgeous-Alexander,1610612759,Oklahoma City Thunder,1,6,27,Made Shot,Running Pull-Up Jump Shot,2PT Field Goal,Mid-Range,Right Side(R),8-16 ft.,15,81,130,1,1,20260518,OKC,SAS,4250031178,3330,0,0,1629640|1630170|1630577|1641705|1642264
Shot Chart Detail,0042500311,81,1628983,Shai Gilgeous-Alexander,1610612759,Oklahoma City Thunder,1,5,52,Missed Shot,Fadeaway Jump Shot,2PT Field Goal,Mid-Range,Right Side(R),8-16 ft.,13,129,36,1,0,20260518,OKC,SAS,4250031181,3680,0,0,1629640|1630170|1630577|1641705|1642264
Shot Chart Detail,0042500311,86,1629652,Luguentz Dort,1610612759,Oklahoma City Thunder,1,5,35,Missed Shot,Jump Shot,3PT Field Goal,Above the Break 3,Left Side Center(LC),24+ ft.,24,-200,143,1,0,20260518,OKC,SAS,4250031186,3850,0,0,1629640|1630170|1630577|1641705|1642264
Shot Chart Detail,0042500311,90,1627936,Alex Caruso,1610612759,Oklahoma City Thunder,1,4,55,Made Shot,Jump Shot,3PT Field Goal,Left Corner 3,Left Side(L),24+ ft.,23,-233,-31,1,1,20260518,OKC,SAS,4250031190,4250,0,0,1629640|1630170|1630577|1641705|1642264
Shot Chart Detail,0042500311,94,1629652,Luguentz Dort,1610612759,Oklahoma City Thunder,1,4,26,Missed Shot,Jump Shot,3PT Field Goal,Above the Break 3,Left Side Center(LC),24+ ft.,25,-153,200,1,0,20260518,OKC,SAS,4250031194,4540,0,0,1629640|1630170|1630577|1641705|1642264
Shot Chart Detail,0042500311,114,1631114,Jalen Williams,1610612759,Oklahoma City Thunder,1,4,3,Made Shot,Driving Finger Roll Layup Shot,2PT Field Goal,Restricted Area,Center(C),Less Than 8 ft.,1,10,-15,1,1,20260518,OKC,SAS,42500311114,4770,0,0,203084|1628436|1630170|1642264|1642844
Shot Chart Detail,0042500311,118,1631114,Jalen Williams,1610612759,Oklahoma City Thunder,1,3,39,Missed Shot,Pullup Jump shot,2PT Field Goal,In The Paint (Non-RA),Center(C),8-16 ft.,13,33,129,1,0,20260518,OKC,SAS,42500311118,5010,0,0,203084|1628436|1630170|1642264|1642844
Shot Chart Detail,0042500311,120,1631114,Jalen Williams,1610612759,Oklahoma City Thunder,1,3,35,Made Shot,Driving Floating Jump Shot,2PT Field Goal,In The Paint (Non-RA),Center(C),Less Than 8 ft.,5,-40,34,1,1,20260518,OKC,SAS,42500311120,5050,0,0,203084|1628436|1630170|1642264|1642844
Shot Chart Detail,0042500311,123,1631114,Jalen Williams,1610612759,Oklahoma City Thunder,1,3,11,Made Shot,Running Dunk Shot,2PT Field Goal,Restricted Area,Center(C),Less Than 8 ft.,0,5,-5,1,1,20260518,OKC,SAS,42500311123,5290,0,0,203084|1628436|1630170|1642264|1642844
Shot Chart Detail,0042500311,127,1642272,Jared McCain,1610612759,Oklahoma City Thunder,1,2,43,Made Shot,Running Finger Roll Layup Shot,2PT Field Goal,Restricted Area,Center(C),Less Than 8 ft.,1,10,-4,1,1,20260518,OKC,SAS,42500311127,5570,0,0,203084|1628436|1630170|1642264|1642844
Shot Chart Detail,0042500311,133,1631114,Jalen Williams,1610612759,Oklahoma City Thunder,1,2,13,Made Shot,Driving Layup Shot,2PT Field Goal,Restricted Area,Center(C),Less Than 8 ft.,1,16,0,1,1,20260518,OKC,SAS,42500311133,5870,0,0,203084|1628436|1630170|1642264|1642844
Shot Chart Detail,0042500311,135,1642272,Jared McCain,1610612759,Oklahoma City Thunder,1,1,48,Missed Shot,Pullup Jump shot,3PT Field Goal,Above the Break 3,Left Side Center(LC),24+ ft.,26,-103,239,1,0,20260518,OKC,SAS,42500311135,6120,0,0,203084|1628436|1630170|1642264|1642844
Shot Chart Detail,0042500311,149,1641717,Cason Wallace,1610612759,Oklahoma City Thunder,1,1,17,Made Shot,Jump Shot,3PT Field Goal,Above the Break 3,Right Side Center(RC),24+ ft.,25,156,201,1,1,20260518,OKC,SAS,42500311149,6430,0,0,203084|1629640|1630170|1641705|1642844
Shot Chart Detail,0042500311,154,1631114,Jalen Williams,1610612759,Oklahoma City Thunder,1,0,39,Missed Shot,Jump Shot,3PT Field Goal,Right Corner 3,Right Side(R),24+ ft.,22,227,22,1,0,20260518,OKC,SAS,42500311154,6810,0,0,203084|1629640|1630170|1641705|1642844
Shot Chart Detail,0042500311,181,1641717,Cason Wallace,1610612759,Oklahoma City Thunder,2,11,41,Missed Shot,Jump Shot,3PT Field Goal,Above the Break 3,Right Side Center(RC),24+ ft.,25,191,163,1,0,20260518,OKC,SAS,42500311181,7390,0,0,1629640|1630577|1641705|1642844|1642868
Shot Chart Detail,0042500311,185,1627936,Alex Caruso,1610612759,Oklahoma City Thunder,2,11,3,Missed Shot,Jump Shot,3PT Field Goal,Right Corner 3,Right Side(R),24+ ft.,23,229,-31,1,0,20260518,OKC,SAS,42500311185,7770,0,0,1629640|1630577|1641705|1642844|1642868
Shot Chart Detail,0042500311,189,1630598,Aaron Wiggins,1610612759,Oklahoma City Thunder,2,10,33,Missed Shot,Running Jump Shot,3PT Field Goal,Left Corner 3,Left Side(L),24+ ft.,23,-237,-16,1,0,20260518,OKC,SAS,42500311189,8070,0,0,1629640|1630577|1641705|1642844|1642868
Shot Chart Detail,0042500311,201,1630598,Aaron Wiggins,1610612759,Oklahoma City Thunder,2,9,20,Missed Shot,Jump Shot,3PT Field Goal,Left Corner 3,Left Side(L),24+ ft.,22,-223,-36,1,0,20260518,OKC,SAS,42500311201,8800,0,0,1629640|1630577|1641705|1642844|1642868
Shot Chart Detail,0042500311,206,1630598,Aaron Wiggins,1610612759,Oklahoma City Thunder,2,8,49,Missed Shot,Pullup Jump shot,3PT Field Goal,Left Corner 3,Left Side(L),24+ ft.,22,-228,0,1,0,20260518,OKC,SAS,42500311206,9110,0,0,1629640|1630577|1641705|1642844|1642868
Shot Chart Detail,0042500311,210,1641717,Cason Wallace,1610612759,Oklahoma City Thunder,2,8,10,Missed Shot,Jump Shot,3PT Field Goal,Above the Break 3,Left Side Center(LC),24+ ft.,24,-97,230,1,0,20260518,OKC,SAS,42500311210,9500,0,0,1629640|1630577|1641705|1642844|1642868
Shot Chart Detail,0042500311,226,1627936,Alex Caruso,1610612759,Oklahoma City Thunder,2,7,37,Made Shot,Jump Shot,3PT Field Goal,Above the Break 3,Center(C),24+ ft.,24,-20,247,1,1,20260518,OKC,SAS,42500311226,9830,0,0,1629640|1630170|1641705|1642264|1642868
Shot Chart Detail,0042500311,233,1627936,Alex Caruso,1610612759,Oklahoma City Thunder,2,7,8,Missed Shot,Driving Layup Shot,2PT Field Goal,Restricted Area,Center(C),Less Than 8 ft.,2,25,9,1,0,20260518,OKC,SAS,42500311233,10120,0,0,1629640|1630170|1641705|1642264|1642868
Shot Chart Detail,0042500311,239,1627936,Alex Caruso,1610612759,Oklahoma City Thunder,2,6,42,Made Shot,Jump Shot,3PT Field Goal,Above the Break 3,Right Side Center(RC),24+ ft.,24,157,189,1,1,20260518,OKC,SAS,42500311239,10380,0,0,1629640|1630170|1641705|1642264|1642868
Shot Chart Detail,0042500311,247,1627936,Alex Caruso,1610612759,Oklahoma City Thunder,2,5,40,Missed Shot,Jump Shot,3PT Field Goal,Right Corner 3,Right Side(R),24+ ft.,23,230,25,1,0,20260518,OKC,SAS,42500311247,11000,0,0,1629640|1630170|1641705|1642264|1642868
Shot Chart Detail,0042500311,272,1642272,Jared McCain,1610612759,Oklahoma City Thunder,2,4,54,Missed Shot,Jump Shot,3PT Field Goal,Above the Break 3,Left Side Center(LC),24+ ft.,24,-202,140,1,0,20260518,OKC,SAS,42500311272,11460,0,0,203084|1628436|1630170|1630577|1642844
Shot Chart Detail,0042500311,286,1631114,Jalen Williams,1610612759,Oklahoma City Thunder,2,4,1,Missed Shot,Driving Floating Bank Jump Shot,2PT Field Goal,In The Paint (Non-RA),Center(C),Less Than 8 ft.,6,58,35,1,0,20260518,OKC,SAS,42500311286,11990,0,0,203084|1628436|1630170|1630577|1642264
Shot Chart Detail,0042500311,290,1631114,Jalen Williams,1610612759,Oklahoma City Thunder,2,3,47,Made Shot,Running Layup Shot,2PT Field Goal,Restricted Area,Center(C),Less Than 8 ft.,1,16,-7,1,1,20260518,OKC,SAS,42500311290,12130,0,0,203084|1628436|1630170|1630577|1642264
Shot Chart Detail,0042500311,294,1642272,Jared McCain,1610612759,Oklahoma City Thunder,2,3,30,Made Shot,Running Layup Shot,2PT Field Goal,Restricted Area,Center(C),Less Than 8 ft.,1,11,-1,1,1,20260518,OKC,SAS,42500311294,12300,0,0,203084|1628436|1630170|1630577|1642264
Shot Chart Detail,0042500311,307,1628983,Shai Gilgeous-Alexander,1610612759,Oklahoma City Thunder,2,2,56,Missed Shot,Step Back Jump shot,2PT Field Goal,Mid-Range,Center(C),16-24 ft.,18,-21,180,1,0,20260518,OKC,SAS,42500311307,12640,0,0,1630170|1630577|1641705|1642264|1642844
Shot Chart Detail,0042500311,314,1642349,Ajay Mitchell,1610612759,Oklahoma City Thunder,2,1,54,Missed Shot,Pullup Jump shot,2PT Field Goal,In The Paint (Non-RA),Right Side(R),8-16 ft.,9,66,68,1,0,20260518,OKC,SAS,42500311314,13260,0,0,1630170|1630577|1641705|1642264|1642844
Shot Chart Detail,0042500311,318,1631114,Jalen Williams,1610612759,Oklahoma City Thunder,2,1,8,Missed Shot,Driving Layup Shot,2PT Field Goal,Restricted Area,Center(C),Less Than 8 ft.,1,18,-1,1,0,20260518,OKC,SAS,42500311318,13720,0,0,1630170|1630577|1641705|1642264|1642844
Shot Chart Detail,0042500311,320,1641717,Cason Wallace,1610612759,Oklahoma City Thunder,2,1,2,Missed Shot,Jump Shot,3PT Field Goal,Above the Break 3,Left Side Center(LC),24+ ft.,24,-224,92,1,0,20260518,OKC,SAS,42500311320,13780,0,0,1630170|1630577|1641705|1642264|1642844
Shot Chart Detail,0042500311,324,1631096,Chet Holmgren,1610612759,Oklahoma City Thunder,2,0,42,Made Shot,Jump Shot,3PT Field Goal,Left Corner 3,Left Side(L),24+ ft.,22,-228,-21,1,1,20260518,OKC,SAS,42500311324,13980,0,0,1630170|1630577|1641705|1642264|1642844
Shot Chart Detail,0042500311,334,1631114,Jalen Williams,1610612759,Oklahoma City Thunder,2,0,1,Missed Shot,Step Back Jump shot,2PT Field Goal,In The Paint (Non-RA),Center(C),8-16 ft.,13,49,125,1,0,20260518,OKC,SAS,42500311334,14390,0,0,1630170|1630577|1641705|1642264|1642844
Shot Chart Detail,0042500311,338,1631096,Chet Holmgren,1610612759,Oklahoma City Thunder,2,0,1,Missed Shot,Tip Layup Shot,2PT Field Goal,Restricted Area,Center(C),Less Than 8 ft.,2,-5,20,1,0,20260518,OKC,SAS,42500311338,14390,0,0,1630170|1630577|1641705|1642264|1642844
Shot Chart Detail,0042500311,348,1628983,Shai Gilgeous-Alexander,1610612759,Oklahoma City Thunder,3,11,29,Missed Shot,Fadeaway Jump Shot,2PT Field Goal,Mid-Range,Left Side(L),8-16 ft.,13,-131,-26,1,0,20260518,OKC,SAS,42500311348,14710,0,0,1630170|1630577|1641705|1642264|1642844
Shot Chart Detail,0042500311,354,1631114,Jalen Williams,1610612759,Oklahoma City Thunder,3,10,50,Made Shot,Pullup Jump shot,2PT Field Goal,Mid-Range,Left Side(L),8-16 ft.,11,-87,78,1,1,20260518,OKC,SAS,42500311354,15100,0,0,1630170|1630577|1641705|1642264|1642844
Shot Chart Detail,0042500311,360,1631096,Chet Holmgren,1610612759,Oklahoma City Thunder,3,10,18,Made Shot,Jump Shot,3PT Field Goal,Above the Break 3,Right Side Center(RC),24+ ft.,26,103,241,1,1,20260518,OKC,SAS,42500311360,15420,0,0,1630170|1630577|1641705|1642264|1642844
Shot Chart Detail,0042500311,363,1641717,Cason Wallace,1610612759,Oklahoma City Thunder,3,9,48,Made Shot,Driving Layup Shot,2PT Field Goal,Restricted Area,Center(C),Less Than 8 ft.,2,-16,18,1,1,20260518,OKC,SAS,42500311363,15720,0,0,1630170|1630577|1641705|1642264|1642844
Shot Chart Detail,0042500311,366,1629652,Luguentz Dort,1610612759,Oklahoma City Thunder,3,9,17,Missed Shot,Jump Shot,3PT Field Goal,Above the Break 3,Left Side Center(LC),24+ ft.,26,-157,211,1,0,20260518,OKC,SAS,42500311366,16030,0,0,1630170|1630577|1641705|1642264|1642844
Shot Chart Detail,0042500311,368,1628983,Shai Gilgeous-Alexander,1610612759,Oklahoma City Thunder,3,9,3,Missed Shot,Step Back Jump shot,2PT Field Goal,Mid-Range,Right Side(R),8-16 ft.,14,123,83,1,0,20260518,OKC,SAS,42500311368,16170,0,0,1630170|1630577|1641705|1642264|1642844
Shot Chart Detail,0042500311,371,1628983,Shai Gilgeous-Alexander,1610612759,Oklahoma City Thunder,3,8,20,Made Shot,Jump Shot,3PT Field Goal,Right Corner 3,Right Side(R),24+ ft.,23,234,27,1,1,20260518,OKC,SAS,42500311371,16600,0,0,1630170|1630577|1641705|1642264|1642844
Shot Chart Detail,0042500311,374,1628983,Shai Gilgeous-Alexander,1610612759,Oklahoma City Thunder,3,7,55,Missed Shot,Step Back Jump shot,3PT Field Goal,Above the Break 3,Left Side Center(LC),24+ ft.,27,-136,235,1,0,20260518,OKC,SAS,42500311374,16850,0,0,1630170|1630577|1641705|1642264|1642844
Shot Chart Detail,0042500311,376,1629652,Luguentz Dort,1610612759,Oklahoma City Thunder,3,7,50,Made Shot,Jump Shot,3PT Field Goal,Left Corner 3,Left Side(L),24+ ft.,23,-237,0,1,1,20260518,OKC,SAS,42500311376,16900,0,0,1630170|1630577|1641705|1642264|1642844
Shot Chart Detail,0042500311,386,1631096,Chet Holmgren,1610612759,Oklahoma City Thunder,3,7,18,Missed Shot,Fadeaway Jump Shot,2PT Field Goal,In The Paint (Non-RA),Center(C),8-16 ft.,12,6,126,1,0,20260518,OKC,SAS,42500311386,17220,0,0,1630170|1630577|1641705|1642264|1642868
Shot Chart Detail,0042500311,390,1631096,Chet Holmgren,1610612759,Oklahoma City Thunder,3,6,35,Missed Shot,Jump Shot,3PT Field Goal,Above the Break 3,Right Side Center(RC),24+ ft.,25,197,157,1,0,20260518,OKC,SAS,42500311390,17650,0,0,1630170|1630577|1641705|1642264|1642868
Shot Chart Detail,0042500311,414,1642272,Jared McCain,1610612759,Oklahoma City Thunder,3,5,30,Made Shot,Jump Shot,3PT Field Goal,Left Corner 3,Left Side(L),24+ ft.,22,-228,8,1,1,20260518,OKC,SAS,42500311414,18300,0,0,1628436|1629640|1630577|1642264|1642868
Shot Chart Detail,0042500311,429,1631114,Jalen Williams,1610612759,Oklahoma City Thunder,3,4,29,Missed Shot,Driving Floating Jump Shot,2PT Field Goal,In The Paint (Non-RA),Center(C),Less Than 8 ft.,6,4,62,1,0,20260518,OKC,SAS,42500311429,18910,0,0,1628436|1629640|1630170|1642844|1642868
Shot Chart Detail,0042500311,432,1642349,Ajay Mitchell,1610612759,Oklahoma City Thunder,3,4,9,Made Shot,Pullup Jump shot,2PT Field Goal,Mid-Range,Center(C),8-16 ft.,15,-65,143,1,1,20260518,OKC,SAS,42500311432,19110,0,0,1628436|1629640|1630170|1642844|1642868
Shot Chart Detail,0042500311,437,1642349,Ajay Mitchell,1610612759,Oklahoma City Thunder,3,3,37,Missed Shot,Driving Reverse Layup Shot,2PT Field Goal,Restricted Area,Center(C),Less Than 8 ft.,1,13,12,1,0,20260518,OKC,SAS,42500311437,19430,0,0,1628436|1629640|1630170|1642844|1642868
Shot Chart Detail,0042500311,445,1631114,Jalen Williams,1610612759,Oklahoma City Thunder,3,3,5,Made Shot,Cutting Dunk Shot,2PT Field Goal,Restricted Area,Center(C),Less Than 8 ft.,1,4,13,1,1,20260518,OKC,SAS,42500311445,19750,0,0,1628436|1629640|1630170|1642264|1642868
Shot Chart Detail,0042500311,462,1631114,Jalen Williams,1610612759,Oklahoma City Thunder,3,2,35,Missed Shot,Driving Hook Shot,2PT Field Goal,Restricted Area,Center(C),Less Than 8 ft.,3,-33,11,1,0,20260518,OKC,SAS,42500311462,20050,0,0,1629640|1630170|1641705|1642264|1642844
Shot Chart Detail,0042500311,472,1642272,Jared McCain,1610612759,Oklahoma City Thunder,3,1,58,Missed Shot,Step Back Jump shot,2PT Field Goal,In The Paint (Non-RA),Center(C),8-16 ft.,13,12,133,1,0,20260518,OKC,SAS,42500311472,20420,0,0,1629640|1630170|1641705|1642264|1642844
Shot Chart Detail,0042500311,474,1631114,Jalen Williams,1610612759,Oklahoma City Thunder,3,1,57,Missed Shot,Tip Layup Shot,2PT Field Goal,Restricted Area,Center(C),Less Than 8 ft.,0,0,0,1,0,20260518,OKC,SAS,42500311474,20430,0,0,1629640|1630170|1641705|1642264|1642844
Shot Chart Detail,0042500311,480,1628983,Shai Gilgeous-Alexander,1610612759,Oklahoma City Thunder,3,1,25,Made Shot,Step Back Jump shot,3PT Field Goal,Above the Break 3,Left Side Center(LC),24+ ft.,26,-130,235,1,1,20260518,OKC,SAS,42500311480,20750,0,0,1629640|1630170|1641705|1642264|1642844
Shot Chart Detail,0042500311,494,1627936,Alex Caruso,1610612759,Oklahoma City Thunder,3,0,33,Made Shot,Jump Shot,3PT Field Goal,Right Corner 3,Right Side(R),24+ ft.,22,223,-29,1,1,20260518,OKC,SAS,42500311494,21270,0,0,1630170|1630577|1641705|1642264|1642844
Shot Chart Detail,0042500311,498,1627936,Alex Caruso,1610612759,Oklahoma City Thunder,3,0,1,Missed Shot,Pullup Jump shot,3PT Field Goal,Above the Break 3,Left Side Center(LC),24+ ft.,26,-181,200,1,0,20260518,OKC,SAS,42500311498,21590,0,0,1630170|1630577|1641705|1642264|1642844
Shot Chart Detail,0042500311,517,1642349,Ajay Mitchell,1610612759,Oklahoma City Thunder,4,11,2,Made Shot,Pullup Jump shot,2PT Field Goal,Mid-Range,Center(C),16-24 ft.,23,16,233,1,1,20260518,OKC,SAS,42500311517,22180,0,0,1629640|1630170|1641705|1642264|1642868
Shot Chart Detail,0042500311,520,1628983,Shai Gilgeous-Alexander,1610612759,Oklahoma City Thunder,4,10,39,Missed Shot,Pullup Jump shot,2PT Field Goal,Mid-Range,Left Side(L),8-16 ft.,13,-86,104,1,0,20260518,OKC,SAS,42500311520,22410,0,0,1629640|1630170|1641705|1642264|1642868
Shot Chart Detail,0042500311,538,1627936,Alex Caruso,1610612759,Oklahoma City Thunder,4,8,53,Made Shot,Jump Shot,3PT Field Goal,Right Corner 3,Right Side(R),24+ ft.,23,232,-16,1,1,20260518,OKC,SAS,42500311538,23470,0,0,1629640|1630170|1641705|1642264|1642844
Shot Chart Detail,0042500311,542,1628983,Shai Gilgeous-Alexander,1610612759,Oklahoma City Thunder,4,8,26,Missed Shot,Jump Shot,2PT Field Goal,In The Paint (Non-RA),Center(C),Less Than 8 ft.,6,-58,34,1,0,20260518,OKC,SAS,42500311542,23740,0,0,1629640|1630170|1641705|1642264|1642844
Shot Chart Detail,0042500311,558,1628983,Shai Gilgeous-Alexander,1610612759,Oklahoma City Thunder,4,7,58,Missed Shot,Running Layup Shot,2PT Field Goal,Restricted Area,Center(C),Less Than 8 ft.,1,-6,17,1,0,20260518,OKC,SAS,42500311558,24020,0,0,1628436|1629640|1630577|1642264|1642844
Shot Chart Detail,0042500311,572,1629652,Luguentz Dort,1610612759,Oklahoma City Thunder,4,7,8,Made Shot,Cutting Dunk Shot,2PT Field Goal,Restricted Area,Center(C),Less Than 8 ft.,1,-7,15,1,1,20260518,OKC,SAS,42500311572,24520,0,0,1629640|1630577|1641705|1642264|1642844
Shot Chart Detail,0042500311,587,1628983,Shai Gilgeous-Alexander,1610612759,Oklahoma City Thunder,4,6,6,Missed Shot,Step Back Jump shot,2PT Field Goal,Mid-Range,Right Side(R),8-16 ft.,10,103,22,1,0,20260518,OKC,SAS,42500311587,25140,0,0,1630170|1630577|1641705|1642264|1642844
Shot Chart Detail,0042500311,592,1628983,Shai Gilgeous-Alexander,1610612759,Oklahoma City Thunder,4,5,26,Made Shot,Driving Layup Shot,2PT Field Goal,Restricted Area,Center(C),Less Than 8 ft.,2,-17,13,1,1,20260518,OKC,SAS,42500311592,25540,0,0,1630170|1630577|1641705|1642264|1642844
Shot Chart Detail,0042500311,618,1631114,Jalen Williams,1610612759,Oklahoma City Thunder,4,4,19,Made Shot,Pullup Jump shot,2PT Field Goal,In The Paint (Non-RA),Left Side(L),8-16 ft.,9,-59,75,1,1,20260518,OKC,SAS,42500311618,26210,0,0,1630170|1630577|1641705|1642264|1642844
Shot Chart Detail,0042500311,628,1627936,Alex Caruso,1610612759,Oklahoma City Thunder,4,3,23,Made Shot,Cutting Layup Shot,2PT Field Goal,Restricted Area,Center(C),Less Than 8 ft.,1,10,10,1,1,20260518,OKC,SAS,42500311628,26770,0,0,1630170|1630577|1641705|1642264|1642844
Shot Chart Detail,0042500311,635,1628983,Shai Gilgeous-Alexander,1610612759,Oklahoma City Thunder,4,2,51,Missed Shot,Running Pull-Up Jump Shot,3PT Field Goal,Above the Break 3,Left Side Center(LC),24+ ft.,25,-208,143,1,0,20260518,OKC,SAS,42500311635,27090,0,0,1630170|1630577|1641705|1642264|1642844
Shot Chart Detail,0042500311,641,1628983,Shai Gilgeous-Alexander,1610612759,Oklahoma City Thunder,4,2,10,Made Shot,Step Back Jump shot,2PT Field Goal,In The Paint (Non-RA),Right Side(R),8-16 ft.,10,67,85,1,1,20260518,OKC,SAS,42500311641,27500,0,0,1630170|1630577|1641705|1642264|1642844
Shot Chart Detail,0042500311,647,1627936,Alex Caruso,1610612759,Oklahoma City Thunder,4,1,51,Made Shot,Jump Shot,3PT Field Goal,Above the Break 3,Center(C),24+ ft.,25,23,258,1,1,20260518,OKC,SAS,42500311647,27690,0,0,1630170|1630577|1641705|1642264|1642844
Shot Chart Detail,0042500311,651,1631114,Jalen Williams,1610612759,Oklahoma City Thunder,4,1,12,Made Shot,Driving Floating Jump Shot,2PT Field Goal,Mid-Range,Left Side(L),8-16 ft.,11,-82,80,1,1,20260518,OKC,SAS,42500311651,28080,0,0,1630170|1630577|1641705|1642264|1642844
Shot Chart Detail,0042500311,655,1628983,Shai Gilgeous-Alexander,1610612759,Oklahoma City Thunder,4,0,59,Missed Shot,Running Layup Shot,2PT Field Goal,In The Paint (Non-RA),Center(C),Less Than 8 ft.,5,-39,34,1,0,20260518,OKC,SAS,42500311655,28210,0,0,1630170|1630577|1641705|1642264|1642844
Shot Chart Detail,0042500311,677,1628983,Shai Gilgeous-Alexander,1610612759,Oklahoma City Thunder,4,0,3,Made Shot,Driving Finger Roll Layup Shot,2PT Field Goal,Restricted Area,Center(C),Less Than 8 ft.,2,-21,7,1,1,20260518,OKC,SAS,42500311677,28770,0,0,1630170|1630577|1641705|1642264|1642844
Shot Chart Detail,0042500311,702,1628983,Shai Gilgeous-Alexander,1610612759,Oklahoma City Thunder,5,4,14,Missed Shot,Step Back Jump shot,3PT Field Goal,Above the Break 3,Left Side Center(LC),24+ ft.,28,-178,220,1,0,20260518,OKC,SAS,42500311702,29260,1,0,1630170|1630577|1641705|1642264|1642844
Shot Chart Detail,0042500311,711,1628983,Shai Gilgeous-Alexander,1610612759,Oklahoma City Thunder,5,3,27,Missed Shot,Driving Floating Jump Shot,2PT Field Goal,In The Paint (Non-RA),Center(C),Less Than 8 ft.,5,-2,53,1,0,20260518,OKC,SAS,42500311711,29730,1,0,1630170|1630577|1641705|1642264|1642844
Shot Chart Detail,0042500311,715,1631114,Jalen Williams,1610612759,Oklahoma City Thunder,5,3,13,Missed Shot,Running Layup Shot,2PT Field Goal,Restricted Area,Center(C),Less Than 8 ft.,2,-17,18,1,0,20260518,OKC,SAS,42500311715,29870,1,0,1630170|1630577|1641705|1642264|1642844
Shot Chart Detail,0042500311,724,1627936,Alex Caruso,1610612759,Oklahoma City Thunder,5,2,32,Missed Shot,Jump Shot,3PT Field Goal,Above the Break 3,Center(C),24+ ft.,26,69,254,1,0,20260518,OKC,SAS,42500311724,30280,1,0,1630170|1630577|1641705|1642264|1642844
Shot Chart Detail,0042500311,728,1627936,Alex Caruso,1610612759,Oklahoma City Thunder,5,2,21,Made Shot,Jump Shot,3PT Field Goal,Left Corner 3,Left Side(L),24+ ft.,22,-229,-10,1,1,20260518,OKC,SAS,42500311728,30390,1,0,1630170|1630577|1641705|1642264|1642844
Shot Chart Detail,0042500311,732,1631114,Jalen Williams,1610612759,Oklahoma City Thunder,5,1,52,Made Shot,Running Dunk Shot,2PT Field Goal,Restricted Area,Center(C),Less Than 8 ft.,1,5,18,1,1,20260518,OKC,SAS,42500311732,30680,1,0,1630170|1630577|1641705|1642264|1642844
Shot Chart Detail,0042500311,735,1642349,Ajay Mitchell,1610612759,Oklahoma City Thunder,5,1,31,Missed Shot,Running Jump Shot,3PT Field Goal,Above the Break 3,Left Side Center(LC),24+ ft.,27,-233,138,1,0,20260518,OKC,SAS,42500311735,30890,1,0,1630170|1630577|1641705|1642264|1642844
Shot Chart Detail,0042500311,743,1628983,Shai Gilgeous-Alexander,1610612759,Oklahoma City Thunder,5,0,57,Made Shot,Driving Dunk Shot,2PT Field Goal,Restricted Area,Center(C),Less Than 8 ft.,1,0,16,1,1,20260518,OKC,SAS,42500311743,31230,1,0,1630170|1630577|1641705|1642264|1642844
Shot Chart Detail,0042500311,746,1631114,Jalen Williams,1610612759,Oklahoma City Thunder,5,0,33,Missed Shot,Pullup Jump shot,2PT Field Goal,Mid-Range,Left Side(L),8-16 ft.,13,-87,105,1,0,20260518,OKC,SAS,42500311746,31470,1,0,1630170|1630577|1641705|1642264|1642844
Shot Chart Detail,0042500311,751,1631114,Jalen Williams,1610612759,Oklahoma City Thunder,5,0,4,Missed Shot,Jump Shot,3PT Field Goal,Above the Break 3,Right Side Center(RC),24+ ft.,26,178,200,1,0,20260518,OKC,SAS,42500311751,31760,1,0,1630170|1630577|1641705|1642264|1642844
Shot Chart Detail,0042500311,776,1631096,Chet Holmgren,1610612759,Oklahoma City Thunder,6,3,51,Missed Shot,Step Back Jump shot,3PT Field Goal,Right Corner 3,Right Side(R),24+ ft.,22,225,36,1,0,20260518,OKC,SAS,42500311776,32490,2,0,1630170|1630577|1641705|1642264|1642844
Shot Chart Detail,0042500311,780,1628983,Shai Gilgeous-Alexander,1610612759,Oklahoma City Thunder,6,3,23,Missed Shot,Step Back Jump shot,3PT Field Goal,Above the Break 3,Left Side Center(LC),24+ ft.,25,-202,154,1,0,20260518,OKC,SAS,42500311780,32770,2,0,1630170|1630577|1641705|1642264|1642844
Shot Chart Detail,0042500311,791,1627936,Alex Caruso,1610612759,Oklahoma City Thunder,6,2,57,Missed Shot,Step Back Jump shot,3PT Field Goal,Left Corner 3,Left Side(L),24+ ft.,23,-232,0,1,0,20260518,OKC,SAS,42500311791,33030,2,0,1630170|1630577|1641705|1642264|1642844
Shot Chart Detail,0042500311,796,1641717,Cason Wallace,1610612759,Oklahoma City Thunder,6,2,24,Made Shot,Jump Shot,3PT Field Goal,Above the Break 3,Left Side Center(LC),24+ ft.,27,-168,212,1,1,20260518,OKC,SAS,42500311796,33360,2,0,1630170|1630577|1641705|1642264|1642844
Shot Chart Detail,0042500311,809,1631114,Jalen Williams,1610612759,Oklahoma City Thunder,6,1,21,Made Shot,Jump Shot,3PT Field Goal,Above the Break 3,Center(C),24+ ft.,27,53,273,1,1,20260518,OKC,SAS,42500311809,33990,2,0,1630170|1630577|1641705|1642264|1642844
Shot Chart Detail,0042500311,818,1627936,Alex Caruso,1610612759,Oklahoma City Thunder,6,0,46,Missed Shot,Driving Reverse Layup Shot,2PT Field Goal,Restricted Area,Center(C),Less Than 8 ft.,1,-11,10,1,0,20260518,OKC,SAS,42500311818,34340,2,0,1630170|1630577|1641705|1642264|1642844
Shot Chart Detail,0042500311,820,1631096,Chet Holmgren,1610612759,Oklahoma City Thunder,6,0,43,Missed Shot,Putback Layup Shot,2PT Field Goal,Restricted Area,Center(C),Less Than 8 ft.,1,-17,1,1,0,20260518,OKC,SAS,42500311820,34370,2,0,1630170|1630577|1641705|1642264|1642844
Shot Chart Detail,0042500311,823,1631114,Jalen Williams,1610612759,Oklahoma City Thunder,6,0,39,Missed Shot,Putback Layup Shot,2PT Field Goal,Restricted Area,Center(C),Less Than 8 ft.,3,-32,6,1,0,20260518,OKC,SAS,42500311823,34410,2,0,1630170|1630577|1641705|1642264|1642844
Shot Chart Detail,0042500311,830,1631114,Jalen Williams,1610612759,Oklahoma City Thunder,6,0,17,Missed Shot,Driving Finger Roll Layup Shot,2PT Field Goal,Restricted Area,Center(C),Less Than 8 ft.,0,-6,6,1,0,20260518,OKC,SAS,42500311830,34630,2,0,1630170|1630577|1641705|1642264|1642844
Shot Chart Detail,0042500312,9,1629652,Luguentz Dort,1610612759,Oklahoma City Thunder,1,11,29,Made Shot,Pullup Jump shot,2PT Field Goal,In The Paint (Non-RA),Center(C),8-16 ft.,12,62,108,1,1,20260520,OKC,SAS,425003129,310,0,0,1630170|1630577|1641705|1642264|1642844
Shot Chart Detail,0042500312,24,1628983,Shai Gilgeous-Alexander,1610612759,Oklahoma City Thunder,1,10,21,Made Shot,Step Back Jump shot,2PT Field Goal,Mid-Range,Right Side(R),16-24 ft.,17,176,9,1,1,20260520,OKC,SAS,4250031224,990,0,0,1630170|1630577|1641705|1642264|1642844
Shot Chart Detail,0042500312,28,1631114,Jalen Williams,1610612759,Oklahoma City Thunder,1,9,57,Made Shot,Pullup Jump shot,2PT Field Goal,Mid-Range,Right Side(R),8-16 ft.,14,103,104,1,1,20260520,OKC,SAS,4250031228,1230,0,0,1630170|1630577|1641705|1642264|1642844
Shot Chart Detail,0042500312,32,1628983,Shai Gilgeous-Alexander,1610612759,Oklahoma City Thunder,1,9,22,Made Shot,Step Back Jump shot,2PT Field Goal,Mid-Range,Left Side(L),8-16 ft.,10,-105,10,1,1,20260520,OKC,SAS,4250031232,1580,0,0,1630170|1630577|1641705|1642264|1642844
Shot Chart Detail,0042500312,44,1631114,Jalen Williams,1610612759,Oklahoma City Thunder,1,7,46,Missed Shot,Fadeaway Jump Shot,2PT Field Goal,In The Paint (Non-RA),Left Side(L),8-16 ft.,8,-75,47,1,0,20260520,OKC,SAS,4250031244,2540,0,0,1630170|1630577|1641705|1642264|1642844
Shot Chart Detail,0042500312,48,1628392,Isaiah Hartenstein,1610612759,Oklahoma City Thunder,1,7,23,Made Shot,Driving Floating Jump Shot,2PT Field Goal,In The Paint (Non-RA),Center(C),8-16 ft.,13,-37,127,1,1,20260520,OKC,SAS,4250031248,2770,0,0,1630170|1630577|1641705|1642264|1642844
Shot Chart Detail,0042500312,62,1631119,Jaylin Williams,1610612759,Oklahoma City Thunder,1,6,48,Made Shot,Jump Shot,3PT Field Goal,Above the Break 3,Center(C),24+ ft.,24,-4,246,1,1,20260520,OKC,SAS,4250031262,3120,0,0,1628436|1629640|1630170|1642264|1642844
Shot Chart Detail,0042500312,66,1628983,Shai Gilgeous-Alexander,1610612759,Oklahoma City Thunder,1,6,28,Missed Shot,Running Layup Shot,2PT Field Goal,In The Paint (Non-RA),Center(C),Less Than 8 ft.,4,-38,-18,1,0,20260520,OKC,SAS,4250031266,3320,0,0,1628436|1629640|1630170|1642264|1642844
Shot Chart Detail,0042500312,86,1642272,Jared McCain,1610612759,Oklahoma City Thunder,1,5,27,Missed Shot,Jump Shot,3PT Field Goal,Right Corner 3,Right Side(R),24+ ft.,23,233,1,1,0,20260520,OKC,SAS,4250031286,3930,0,0,1628436|1629640|1630170|1642264|1642868
Shot Chart Detail,0042500312,89,1642349,Ajay Mitchell,1610612759,Oklahoma City Thunder,1,4,57,Made Shot,Driving Layup Shot,2PT Field Goal,Restricted Area,Center(C),Less Than 8 ft.,1,-6,-8,1,1,20260520,OKC,SAS,4250031289,4230,0,0,1628436|1629640|1630170|1642264|1642868
Shot Chart Detail,0042500312,93,1629652,Luguentz Dort,1610612759,Oklahoma City Thunder,1,4,17,Made Shot,Jump Shot,3PT Field Goal,Right Corner 3,Right Side(R),24+ ft.,23,230,15,1,1,20260520,OKC,SAS,4250031293,4630,0,0,1628436|1629640|1630170|1642264|1642868
Shot Chart Detail,0042500312,96,1631119,Jaylin Williams,1610612759,Oklahoma City Thunder,1,3,53,Missed Shot,Jump Shot,3PT Field Goal,Above the Break 3,Center(C),24+ ft.,24,6,248,1,0,20260520,OKC,SAS,4250031296,4870,0,0,1628436|1629640|1630170|1642264|1642868
Shot Chart Detail,0042500312,121,1642272,Jared McCain,1610612759,Oklahoma City Thunder,1,2,47,Missed Shot,Driving Finger Roll Layup Shot,2PT Field Goal,In The Paint (Non-RA),Center(C),Less Than 8 ft.,4,40,22,1,0,20260520,OKC,SAS,42500312121,5530,0,0,1628436|1629640|1630577|1642844|1642868
Shot Chart Detail,0042500312,128,1631114,Jalen Williams,1610612759,Oklahoma City Thunder,1,2,23,Missed Shot,Pullup Jump shot,2PT Field Goal,Mid-Range,Right Side(R),8-16 ft.,14,103,105,1,0,20260520,OKC,SAS,42500312128,5770,0,0,1628436|1629640|1630577|1642844|1642868
Shot Chart Detail,0042500312,133,1631114,Jalen Williams,1610612759,Oklahoma City Thunder,1,2,13,Made Shot,Running Alley Oop Dunk Shot,2PT Field Goal,Restricted Area,Center(C),Less Than 8 ft.,1,13,-4,1,1,20260520,OKC,SAS,42500312133,5870,0,0,1628436|1629640|1630577|1642844|1642868
Shot Chart Detail,0042500312,137,1631096,Chet Holmgren,1610612759,Oklahoma City Thunder,1,1,45,Made Shot,Jump Shot,2PT Field Goal,Mid-Range,Center(C),16-24 ft.,23,-42,227,1,1,20260520,OKC,SAS,42500312137,6150,0,0,1628436|1629640|1630577|1642844|1642868
Shot Chart Detail,0042500312,148,1641717,Cason Wallace,1610612759,Oklahoma City Thunder,1,1,16,Made Shot,Jump Shot,3PT Field Goal,Left Corner 3,Left Side(L),24+ ft.,22,-228,-15,1,1,20260520,OKC,SAS,42500312148,6440,0,0,1629162|1629640|1630577|1641705|1642844
Shot Chart Detail,0042500312,152,1642272,Jared McCain,1610612759,Oklahoma City Thunder,1,0,47,Made Shot,Pullup Jump shot,2PT Field Goal,In The Paint (Non-RA),Center(C),8-16 ft.,13,9,131,1,1,20260520,OKC,SAS,42500312152,6730,0,0,1629162|1629640|1630577|1641705|1642844
Shot Chart Detail,0042500312,159,1642272,Jared McCain,1610612759,Oklahoma City Thunder,1,0,16,Missed Shot,Jump Shot,3PT Field Goal,Above the Break 3,Right Side Center(RC),24+ ft.,25,191,164,1,0,20260520,OKC,SAS,42500312159,7040,0,0,1629162|1629640|1630577|1641705|1642844
Shot Chart Detail,0042500312,188,1631119,Jaylin Williams,1610612759,Oklahoma City Thunder,1,0,0,Missed Shot,Jump Shot,3PT Field Goal,Above the Break 3,Center(C),24+ ft.,24,-12,248,1,0,20260520,OKC,SAS,42500312188,7200,0,0,1630170|1630577|1641705|1642264|1642868
Shot Chart Detail,0042500312,200,1642349,Ajay Mitchell,1610612759,Oklahoma City Thunder,2,11,41,Missed Shot,Driving Floating Bank Jump Shot,2PT Field Goal,In The Paint (Non-RA),Center(C),Less Than 8 ft.,6,-60,16,1,0,20260520,OKC,SAS,42500312200,7390,0,0,1629162|1629640|1630170|1641705|1642264
Shot Chart Detail,0042500312,210,1627936,Alex Caruso,1610612759,Oklahoma City Thunder,2,10,59,Made Shot,Jump Shot,3PT Field Goal,Left Corner 3,Left Side(L),24+ ft.,22,-228,-28,1,1,20260520,OKC,SAS,42500312210,7810,0,0,1629162|1629640|1630170|1641705|1642264
Shot Chart Detail,0042500312,221,1628983,Shai Gilgeous-Alexander,1610612759,Oklahoma City Thunder,2,10,9,Made Shot,Pullup Jump shot,2PT Field Goal,In The Paint (Non-RA),Center(C),8-16 ft.,13,58,121,1,1,20260520,OKC,SAS,42500312221,8310,0,0,1629162|1629640|1630170|1641705|1642264
Shot Chart Detail,0042500312,230,1628983,Shai Gilgeous-Alexander,1610612759,Oklahoma City Thunder,2,9,45,Missed Shot,Pullup Jump shot,2PT Field Goal,Mid-Range,Center(C),16-24 ft.,18,-10,187,1,0,20260520,OKC,SAS,42500312230,8550,0,0,1629640|1630170|1641705|1642264|1642844
Shot Chart Detail,0042500312,233,1627936,Alex Caruso,1610612759,Oklahoma City Thunder,2,9,31,Made Shot,Pullup Jump shot,2PT Field Goal,Mid-Range,Left Side(L),8-16 ft.,14,-138,35,1,1,20260520,OKC,SAS,42500312233,8690,0,0,1629640|1630170|1641705|1642264|1642844
Shot Chart Detail,0042500312,237,1630198,Isaiah Joe,1610612759,Oklahoma City Thunder,2,9,14,Missed Shot,Running Jump Shot,2PT Field Goal,Mid-Range,Left Side(L),16-24 ft.,22,-206,84,1,0,20260520,OKC,SAS,42500312237,8860,0,0,1629640|1630170|1641705|1642264|1642844
Shot Chart Detail,0042500312,240,1628983,Shai Gilgeous-Alexander,1610612759,Oklahoma City Thunder,2,8,52,Missed Shot,Pullup Jump shot,2PT Field Goal,In The Paint (Non-RA),Right Side(R),8-16 ft.,14,75,126,1,0,20260520,OKC,SAS,42500312240,9080,0,0,1629640|1630170|1641705|1642264|1642844
Shot Chart Detail,0042500312,246,1628392,Isaiah Hartenstein,1610612759,Oklahoma City Thunder,2,8,36,Missed Shot,Driving Floating Jump Shot,2PT Field Goal,In The Paint (Non-RA),Center(C),8-16 ft.,12,4,129,1,0,20260520,OKC,SAS,42500312246,9240,0,0,1629640|1630170|1641705|1642264|1642844
Shot Chart Detail,0042500312,250,1641717,Cason Wallace,1610612759,Oklahoma City Thunder,2,7,59,Made Shot,Jump Shot,3PT Field Goal,Right Corner 3,Right Side(R),24+ ft.,22,228,17,1,1,20260520,OKC,SAS,42500312250,9610,0,0,1629640|1630170|1641705|1642264|1642844
Shot Chart Detail,0042500312,254,1628983,Shai Gilgeous-Alexander,1610612759,Oklahoma City Thunder,2,7,38,Made Shot,Running Dunk Shot,2PT Field Goal,Restricted Area,Center(C),Less Than 8 ft.,1,1,-10,1,1,20260520,OKC,SAS,42500312254,9820,0,0,1629640|1630170|1641705|1642264|1642844
Shot Chart Detail,0042500312,263,1628983,Shai Gilgeous-Alexander,1610612759,Oklahoma City Thunder,2,7,12,Missed Shot,Driving Layup Shot,2PT Field Goal,Restricted Area,Center(C),Less Than 8 ft.,1,-13,-4,1,0,20260520,OKC,SAS,42500312263,10080,0,0,1630170|1630577|1641705|1642844|1642868
Shot Chart Detail,0042500312,266,1628392,Isaiah Hartenstein,1610612759,Oklahoma City Thunder,2,7,9,Missed Shot,Putback Layup Shot,2PT Field Goal,Restricted Area,Center(C),Less Than 8 ft.,1,11,6,1,0,20260520,OKC,SAS,42500312266,10110,0,0,1630170|1630577|1641705|1642844|1642868
Shot Chart Detail,0042500312,271,1641717,Cason Wallace,1610612759,Oklahoma City Thunder,2,6,47,Missed Shot,Jump Shot,3PT Field Goal,Above the Break 3,Left Side Center(LC),24+ ft.,25,-150,201,1,0,20260520,OKC,SAS,42500312271,10330,0,0,1630170|1630577|1641705|1642844|1642868
Shot Chart Detail,0042500312,273,1630198,Isaiah Joe,1610612759,Oklahoma City Thunder,2,6,38,Missed Shot,Jump Shot,3PT Field Goal,Left Corner 3,Left Side(L),24+ ft.,23,-233,-7,1,0,20260520,OKC,SAS,42500312273,10420,0,0,1630170|1630577|1641705|1642844|1642868
Shot Chart Detail,0042500312,277,1628983,Shai Gilgeous-Alexander,1610612759,Oklahoma City Thunder,2,6,16,Missed Shot,Step Back Jump shot,2PT Field Goal,In The Paint (Non-RA),Left Side(L),8-16 ft.,10,-65,82,1,0,20260520,OKC,SAS,42500312277,10640,0,0,1630170|1630577|1641705|1642844|1642868
Shot Chart Detail,0042500312,298,1641717,Cason Wallace,1610612759,Oklahoma City Thunder,2,5,19,Made Shot,Jump Shot,3PT Field Goal,Above the Break 3,Right Side Center(RC),24+ ft.,24,189,156,1,1,20260520,OKC,SAS,42500312298,11210,0,0,1628436|1630170|1630577|1642264|1642868
Shot Chart Detail,0042500312,303,1631119,Jaylin Williams,1610612759,Oklahoma City Thunder,2,4,53,Missed Shot,Jump Shot,3PT Field Goal,Right Corner 3,Right Side(R),24+ ft.,23,232,50,1,0,20260520,OKC,SAS,42500312303,11470,0,0,203084|1628436|1630170|1630577|1642264
Shot Chart Detail,0042500312,308,1631096,Chet Holmgren,1610612759,Oklahoma City Thunder,2,4,29,Made Shot,Driving Layup Shot,2PT Field Goal,Restricted Area,Center(C),Less Than 8 ft.,0,-7,-5,1,1,20260520,OKC,SAS,42500312308,11710,0,0,203084|1628436|1630170|1630577|1642264
Shot Chart Detail,0042500312,326,1628983,Shai Gilgeous-Alexander,1610612759,Oklahoma City Thunder,2,3,47,Made Shot,Running Pull-Up Jump Shot,2PT Field Goal,In The Paint (Non-RA),Center(C),8-16 ft.,12,42,121,1,1,20260520,OKC,SAS,42500312326,12130,0,0,203084|1628436|1630577|1642264|1642844
Shot Chart Detail,0042500312,329,1631096,Chet Holmgren,1610612759,Oklahoma City Thunder,2,3,4,Missed Shot,Jump Shot,2PT Field Goal,Mid-Range,Right Side(R),8-16 ft.,14,113,90,1,0,20260520,OKC,SAS,42500312329,12560,0,0,203084|1628436|1630577|1642264|1642844
Shot Chart Detail,0042500312,342,1628983,Shai Gilgeous-Alexander,1610612759,Oklahoma City Thunder,2,2,35,Made Shot,Fadeaway Jump Shot,2PT Field Goal,Mid-Range,Left Side(L),8-16 ft.,8,-82,-7,1,1,20260520,OKC,SAS,42500312342,12850,0,0,203084|1630577|1641705|1642264|1642844
Shot Chart Detail,0042500312,348,1631096,Chet Holmgren,1610612759,Oklahoma City Thunder,2,1,51,Missed Shot,Jump Shot,3PT Field Goal,Right Corner 3,Right Side(R),24+ ft.,23,233,10,1,0,20260520,OKC,SAS,42500312348,13290,0,0,203084|1630577|1641705|1642264|1642844
Shot Chart Detail,0042500312,358,1631096,Chet Holmgren,1610612759,Oklahoma City Thunder,2,1,34,Missed Shot,Cutting Layup Shot,2PT Field Goal,Restricted Area,Center(C),Less Than 8 ft.,1,16,8,1,0,20260520,OKC,SAS,42500312358,13460,0,0,203084|1630577|1641705|1642264|1642844
Shot Chart Detail,0042500312,365,1628392,Isaiah Hartenstein,1610612759,Oklahoma City Thunder,2,1,6,Made Shot,Cutting Dunk Shot,2PT Field Goal,Restricted Area,Center(C),Less Than 8 ft.,0,0,-4,1,1,20260520,OKC,SAS,42500312365,13740,0,0,203084|1630170|1630577|1641705|1642844
Shot Chart Detail,0042500312,377,1642349,Ajay Mitchell,1610612759,Oklahoma City Thunder,2,0,33,Made Shot,Driving Floating Jump Shot,2PT Field Goal,In The Paint (Non-RA),Center(C),Less Than 8 ft.,7,-53,47,1,1,20260520,OKC,SAS,42500312377,14070,0,0,203084|1630170|1630577|1641705|1642844
Shot Chart Detail,0042500312,403,1629652,Luguentz Dort,1610612759,Oklahoma City Thunder,3,11,44,Made Shot,Pullup Jump shot,2PT Field Goal,In The Paint (Non-RA),Center(C),8-16 ft.,10,-10,104,1,1,20260520,OKC,SAS,42500312403,14560,0,0,1630170|1630577|1641705|1642264|1642844
Shot Chart Detail,0042500312,407,1631096,Chet Holmgren,1610612759,Oklahoma City Thunder,3,11,7,Missed Shot,Jump Shot,3PT Field Goal,Above the Break 3,Right Side Center(RC),24+ ft.,25,121,226,1,0,20260520,OKC,SAS,42500312407,14930,0,0,1630170|1630577|1641705|1642264|1642844
Shot Chart Detail,0042500312,411,1628392,Isaiah Hartenstein,1610612759,Oklahoma City Thunder,3,10,24,Made Shot,Floating Jump shot,2PT Field Goal,Mid-Range,Left Side(L),8-16 ft.,11,-115,12,1,1,20260520,OKC,SAS,42500312411,15360,0,0,1630170|1630577|1641705|1642264|1642844
Shot Chart Detail,0042500312,418,1628392,Isaiah Hartenstein,1610612759,Oklahoma City Thunder,3,9,35,Missed Shot,Floating Jump shot,2PT Field Goal,In The Paint (Non-RA),Center(C),8-16 ft.,11,-36,109,1,0,20260520,OKC,SAS,42500312418,15850,0,0,1630170|1630577|1641705|1642264|1642844
Shot Chart Detail,0042500312,420,1641717,Cason Wallace,1610612759,Oklahoma City Thunder,3,9,31,Missed Shot,Jump Shot,3PT Field Goal,Left Corner 3,Left Side(L),24+ ft.,23,-230,-10,1,0,20260520,OKC,SAS,42500312420,15890,0,0,1630170|1630577|1641705|1642264|1642844
Shot Chart Detail,0042500312,430,1631119,Jaylin Williams,1610612759,Oklahoma City Thunder,3,8,52,Missed Shot,Jump Shot,3PT Field Goal,Left Corner 3,Left Side(L),24+ ft.,22,-228,-16,1,0,20260520,OKC,SAS,42500312430,16280,0,0,1630170|1630577|1641705|1642264|1642844
Shot Chart Detail,0042500312,434,1642272,Jared McCain,1610612759,Oklahoma City Thunder,3,8,26,Missed Shot,Driving Finger Roll Layup Shot,2PT Field Goal,Restricted Area,Center(C),Less Than 8 ft.,2,-23,12,1,0,20260520,OKC,SAS,42500312434,16540,0,0,1630170|1630577|1641705|1642264|1642844
Shot Chart Detail,0042500312,436,1629652,Luguentz Dort,1610612759,Oklahoma City Thunder,3,8,22,Missed Shot,Jump Shot,3PT Field Goal,Above the Break 3,Left Side Center(LC),24+ ft.,25,-229,113,1,0,20260520,OKC,SAS,42500312436,16580,0,0,1630170|1630577|1641705|1642264|1642844
Shot Chart Detail,0042500312,439,1631119,Jaylin Williams,1610612759,Oklahoma City Thunder,3,7,56,Made Shot,Jump Shot,3PT Field Goal,Right Corner 3,Right Side(R),24+ ft.,22,228,-14,1,1,20260520,OKC,SAS,42500312439,16840,0,0,1630170|1630577|1641705|1642264|1642844
Shot Chart Detail,0042500312,447,1627936,Alex Caruso,1610612759,Oklahoma City Thunder,3,7,18,Made Shot,Jump Shot,3PT Field Goal,Above the Break 3,Center(C),24+ ft.,26,67,254,1,1,20260520,OKC,SAS,42500312447,17220,0,0,1630170|1630577|1641705|1642264|1642844
Shot Chart Detail,0042500312,452,1627936,Alex Caruso,1610612759,Oklahoma City Thunder,3,6,45,Missed Shot,Cutting Layup Shot,2PT Field Goal,Restricted Area,Center(C),Less Than 8 ft.,1,-13,11,1,0,20260520,OKC,SAS,42500312452,17550,0,0,1630170|1630577|1641705|1642264|1642844
Shot Chart Detail,0042500312,467,1627936,Alex Caruso,1610612759,Oklahoma City Thunder,3,6,15,Made Shot,Jump Shot,3PT Field Goal,Right Corner 3,Right Side(R),24+ ft.,22,228,15,1,1,20260520,OKC,SAS,42500312467,17850,0,0,1629640|1630170|1641705|1642264|1642844
Shot Chart Detail,0042500312,470,1628983,Shai Gilgeous-Alexander,1610612759,Oklahoma City Thunder,3,5,38,Made Shot,Step Back Jump shot,2PT Field Goal,Mid-Range,Right Side Center(RC),16-24 ft.,17,110,131,1,1,20260520,OKC,SAS,42500312470,18220,0,0,1629640|1630170|1641705|1642264|1642844
Shot Chart Detail,0042500312,474,1642272,Jared McCain,1610612759,Oklahoma City Thunder,3,5,16,Missed Shot,Running Pull-Up Jump Shot,2PT Field Goal,In The Paint (Non-RA),Center(C),Less Than 8 ft.,4,-7,44,1,0,20260520,OKC,SAS,42500312474,18440,0,0,1629640|1630170|1641705|1642264|1642844
Shot Chart Detail,0042500312,478,1642272,Jared McCain,1610612759,Oklahoma City Thunder,3,5,3,Missed Shot,Running Jump Shot,3PT Field Goal,Above the Break 3,Left Side Center(LC),24+ ft.,26,-229,128,1,0,20260520,OKC,SAS,42500312478,18570,0,0,1629640|1630170|1641705|1642264|1642844
Shot Chart Detail,0042500312,480,1628983,Shai Gilgeous-Alexander,1610612759,Oklahoma City Thunder,3,4,51,Missed Shot,Driving Floating Jump Shot,2PT Field Goal,In The Paint (Non-RA),Center(C),Less Than 8 ft.,6,-9,63,1,0,20260520,OKC,SAS,42500312480,18690,0,0,1629640|1630170|1641705|1642264|1642844
Shot Chart Detail,0042500312,492,1628983,Shai Gilgeous-Alexander,1610612759,Oklahoma City Thunder,3,4,19,Made Shot,Driving Floating Bank Jump Shot,2PT Field Goal,Restricted Area,Center(C),Less Than 8 ft.,1,1,18,1,1,20260520,OKC,SAS,42500312492,19010,0,0,1628436|1629640|1630170|1642264|1642868
Shot Chart Detail,0042500312,501,1631096,Chet Holmgren,1610612759,Oklahoma City Thunder,3,3,56,Made Shot,Driving Hook Shot,2PT Field Goal,Restricted Area,Center(C),Less Than 8 ft.,3,-28,27,1,1,20260520,OKC,SAS,42500312501,19240,0,0,1628436|1629640|1630170|1642264|1642868
Shot Chart Detail,0042500312,507,1628983,Shai Gilgeous-Alexander,1610612759,Oklahoma City Thunder,3,3,23,Made Shot,Pullup Jump shot,2PT Field Goal,Mid-Range,Center(C),16-24 ft.,19,39,193,1,1,20260520,OKC,SAS,42500312507,19570,0,0,1628436|1629640|1630170|1642264|1642868
Shot Chart Detail,0042500312,510,1631096,Chet Holmgren,1610612759,Oklahoma City Thunder,3,2,57,Made Shot,Driving Dunk Shot,2PT Field Goal,Restricted Area,Center(C),Less Than 8 ft.,1,12,13,1,1,20260520,OKC,SAS,42500312510,19830,0,0,1628436|1629640|1630170|1642264|1642868
Shot Chart Detail,0042500312,525,1631096,Chet Holmgren,1610612759,Oklahoma City Thunder,3,2,29,Made Shot,Alley Oop Dunk Shot,2PT Field Goal,Restricted Area,Center(C),Less Than 8 ft.,0,0,6,1,1,20260520,OKC,SAS,42500312525,20110,0,0,203084|1629162|1630170|1630577|1641705
Shot Chart Detail,0042500312,529,1642349,Ajay Mitchell,1610612759,Oklahoma City Thunder,3,1,49,Made Shot,Reverse Layup Shot,2PT Field Goal,Restricted Area,Center(C),Less Than 8 ft.,1,-11,13,1,1,20260520,OKC,SAS,42500312529,20510,0,0,203084|1629162|1630170|1630577|1641705
Shot Chart Detail,0042500312,533,1642272,Jared McCain,1610612759,Oklahoma City Thunder,3,1,21,Missed Shot,Jump Shot,3PT Field Goal,Right Corner 3,Right Side(R),24+ ft.,23,230,-14,1,0,20260520,OKC,SAS,42500312533,20790,0,0,203084|1629162|1630170|1630577|1641705
Shot Chart Detail,0042500312,544,1642349,Ajay Mitchell,1610612759,Oklahoma City Thunder,3,1,2,Missed Shot,Jump Shot,3PT Field Goal,Right Corner 3,Right Side(R),24+ ft.,23,232,-13,1,0,20260520,OKC,SAS,42500312544,20980,0,0,203084|1629162|1630170|1630577|1641705
Shot Chart Detail,0042500312,554,1628983,Shai Gilgeous-Alexander,1610612759,Oklahoma City Thunder,3,0,29,Made Shot,Pullup Jump shot,2PT Field Goal,Mid-Range,Right Side(R),8-16 ft.,12,113,57,1,1,20260520,OKC,SAS,42500312554,21310,0,0,203084|1629162|1630170|1630577|1641705
Shot Chart Detail,0042500312,557,1642272,Jared McCain,1610612759,Oklahoma City Thunder,3,0,4,Made Shot,Jump Shot,3PT Field Goal,Above the Break 3,Right Side Center(RC),24+ ft.,25,202,155,1,1,20260520,OKC,SAS,42500312557,21560,0,0,203084|1629162|1630170|1630577|1641705
Shot Chart Detail,0042500312,575,1642272,Jared McCain,1610612759,Oklahoma City Thunder,4,11,29,Missed Shot,Jump Shot,3PT Field Goal,Left Corner 3,Left Side(L),24+ ft.,23,-230,12,1,0,20260520,OKC,SAS,42500312575,21910,0,0,203084|1629640|1630577|1641705|1642264
Shot Chart Detail,0042500312,579,1642272,Jared McCain,1610612759,Oklahoma City Thunder,4,10,55,Missed Shot,Step Back Jump shot,3PT Field Goal,Above the Break 3,Left Side Center(LC),24+ ft.,25,-205,151,1,0,20260520,OKC,SAS,42500312579,22250,0,0,203084|1629640|1630577|1641705|1642264
Shot Chart Detail,0042500312,582,1630198,Isaiah Joe,1610612759,Oklahoma City Thunder,4,10,16,Missed Shot,Jump Shot,3PT Field Goal,Right Corner 3,Right Side(R),24+ ft.,22,224,0,1,0,20260520,OKC,SAS,42500312582,22640,0,0,203084|1629640|1630577|1641705|1642264
Shot Chart Detail,0042500312,584,1642272,Jared McCain,1610612759,Oklahoma City Thunder,4,10,9,Made Shot,Jump Shot,3PT Field Goal,Right Corner 3,Right Side(R),24+ ft.,23,227,73,1,1,20260520,OKC,SAS,42500312584,22710,0,0,203084|1629640|1630577|1641705|1642264
Shot Chart Detail,0042500312,590,1642272,Jared McCain,1610612759,Oklahoma City Thunder,4,9,41,Missed Shot,Running Finger Roll Layup Shot,2PT Field Goal,Restricted Area,Center(C),Less Than 8 ft.,3,-37,15,1,0,20260520,OKC,SAS,42500312590,22990,0,0,203084|1629640|1630577|1641705|1642264
Shot Chart Detail,0042500312,595,1628392,Isaiah Hartenstein,1610612759,Oklahoma City Thunder,4,9,16,Missed Shot,Driving Floating Jump Shot,2PT Field Goal,Mid-Range,Center(C),8-16 ft.,15,61,146,1,0,20260520,OKC,SAS,42500312595,23240,0,0,203084|1629640|1630577|1641705|1642264
Shot Chart Detail,0042500312,609,1627936,Alex Caruso,1610612759,Oklahoma City Thunder,4,8,32,Missed Shot,Pullup Jump shot,3PT Field Goal,Above the Break 3,Right Side Center(RC),24+ ft.,30,114,278,1,0,20260520,OKC,SAS,42500312609,23680,0,0,203084|1629640|1630577|1641705|1642264
Shot Chart Detail,0042500312,613,1641717,Cason Wallace,1610612759,Oklahoma City Thunder,4,8,24,Made Shot,Jump Shot,3PT Field Goal,Above the Break 3,Center(C),24+ ft.,26,74,251,1,1,20260520,OKC,SAS,42500312613,23760,0,0,203084|1629640|1630577|1641705|1642264
Shot Chart Detail,0042500312,617,1642272,Jared McCain,1610612759,Oklahoma City Thunder,4,8,1,Made Shot,Jump Bank Shot,3PT Field Goal,Above the Break 3,Center(C),24+ ft.,25,-7,259,1,1,20260520,OKC,SAS,42500312617,23990,0,0,203084|1629640|1630577|1641705|1642264
Shot Chart Detail,0042500312,634,1628983,Shai Gilgeous-Alexander,1610612759,Oklahoma City Thunder,4,7,4,Missed Shot,Pullup Jump shot,3PT Field Goal,Above the Break 3,Center(C),24+ ft.,26,75,249,1,0,20260520,OKC,SAS,42500312634,24560,0,0,1629162|1630170|1641705|1642264|1642868
Shot Chart Detail,0042500312,636,1628983,Shai Gilgeous-Alexander,1610612759,Oklahoma City Thunder,4,6,59,Missed Shot,Jump Shot,3PT Field Goal,Above the Break 3,Center(C),24+ ft.,26,-11,268,1,0,20260520,OKC,SAS,42500312636,24610,0,0,1629162|1630170|1641705|1642264|1642868
Shot Chart Detail,0042500312,661,1631096,Chet Holmgren,1610612759,Oklahoma City Thunder,4,5,56,Missed Shot,Turnaround Jump Shot,2PT Field Goal,In The Paint (Non-RA),Left Side(L),8-16 ft.,12,-65,110,1,0,20260520,OKC,SAS,42500312661,25240,0,0,1629640|1630170|1630577|1641705|1642264
Shot Chart Detail,0042500312,663,1628392,Isaiah Hartenstein,1610612759,Oklahoma City Thunder,4,5,44,Made Shot,Floating Jump shot,2PT Field Goal,In The Paint (Non-RA),Center(C),Less Than 8 ft.,7,74,12,1,1,20260520,OKC,SAS,42500312663,25360,0,0,1629640|1630170|1630577|1641705|1642264
Shot Chart Detail,0042500312,677,1628983,Shai Gilgeous-Alexander,1610612759,Oklahoma City Thunder,4,5,0,Made Shot,Driving Floating Jump Shot,2PT Field Goal,Restricted Area,Center(C),Less Than 8 ft.,3,0,36,1,1,20260520,OKC,SAS,42500312677,25800,0,0,1629640|1630170|1630577|1641705|1642264
Shot Chart Detail,0042500312,681,1642349,Ajay Mitchell,1610612759,Oklahoma City Thunder,4,4,16,Missed Shot,Pullup Jump shot,3PT Field Goal,Above the Break 3,Right Side Center(RC),24+ ft.,29,135,257,1,0,20260520,OKC,SAS,42500312681,26240,0,0,1629640|1630170|1630577|1641705|1642264
Shot Chart Detail,0042500312,683,1628983,Shai Gilgeous-Alexander,1610612759,Oklahoma City Thunder,4,4,7,Missed Shot,Pullup Jump shot,3PT Field Goal,Above the Break 3,Right Side Center(RC),24+ ft.,25,107,232,1,0,20260520,OKC,SAS,42500312683,26330,0,0,1629640|1630170|1630577|1641705|1642264
Shot Chart Detail,0042500312,685,1628983,Shai Gilgeous-Alexander,1610612759,Oklahoma City Thunder,4,3,55,Missed Shot,Pullup Jump shot,2PT Field Goal,Mid-Range,Left Side(L),16-24 ft.,20,-203,5,1,0,20260520,OKC,SAS,42500312685,26450,0,0,1629640|1630170|1630577|1641705|1642264
Shot Chart Detail,0042500312,689,1642349,Ajay Mitchell,1610612759,Oklahoma City Thunder,4,3,19,Missed Shot,Driving Hook Shot,2PT Field Goal,Restricted Area,Center(C),Less Than 8 ft.,3,-32,16,1,0,20260520,OKC,SAS,42500312689,26810,0,0,1629640|1630170|1630577|1641705|1642264
Shot Chart Detail,0042500312,708,1628983,Shai Gilgeous-Alexander,1610612759,Oklahoma City Thunder,4,2,38,Missed Shot,Step Back Jump shot,2PT Field Goal,Mid-Range,Left Side Center(LC),16-24 ft.,19,-142,133,1,0,20260520,OKC,SAS,42500312708,27220,0,0,1629640|1630170|1630577|1641705|1642264
Shot Chart Detail,0042500312,712,1642349,Ajay Mitchell,1610612759,Oklahoma City Thunder,4,2,12,Made Shot,Pullup Jump shot,2PT Field Goal,In The Paint (Non-RA),Center(C),8-16 ft.,11,23,109,1,1,20260520,OKC,SAS,42500312712,27480,0,0,1629640|1630170|1630577|1641705|1642264
Shot Chart Detail,0042500312,716,1628983,Shai Gilgeous-Alexander,1610612759,Oklahoma City Thunder,4,1,37,Missed Shot,Pullup Jump shot,2PT Field Goal,Mid-Range,Left Side(L),16-24 ft.,18,-154,96,1,0,20260520,OKC,SAS,42500312716,27830,0,0,1629640|1630170|1630577|1641705|1642264
Shot Chart Detail,0042500312,729,1628983,Shai Gilgeous-Alexander,1610612759,Oklahoma City Thunder,4,0,42,Made Shot,Step Back Jump shot,2PT Field Goal,Mid-Range,Left Side Center(LC),16-24 ft.,18,-148,112,1,1,20260520,OKC,SAS,42500312729,28380,0,0,1629640|1630170|1630577|1641705|1642264
Shot Chart Detail,0042500312,733,1627936,Alex Caruso,1610612759,Oklahoma City Thunder,4,0,19,Made Shot,Driving Layup Shot,2PT Field Goal,Restricted Area,Center(C),Less Than 8 ft.,1,-12,13,1,1,20260520,OKC,SAS,42500312733,28610,0,0,1629640|1630170|1630577|1641705|1642264
Shot Chart Detail,0042500313,9,1631096,Chet Holmgren,1610612759,Oklahoma City Thunder,1,11,22,Missed Shot,Pullup Jump shot,2PT Field Goal,In The Paint (Non-RA),Right Side(R),8-16 ft.,11,80,83,1,0,20260522,SAS,OKC,425003139,380,0,0,1628368|1630170|1630577|1641705|1642264
Shot Chart Detail,0042500313,22,1642349,Ajay Mitchell,1610612759,Oklahoma City Thunder,1,10,19,Missed Shot,Pullup Jump shot,2PT Field Goal,In The Paint (Non-RA),Left Side(L),8-16 ft.,10,-64,84,1,0,20260522,SAS,OKC,4250031322,1010,0,0,1628368|1630170|1630577|1641705|1642264
Shot Chart Detail,0042500313,26,1628983,Shai Gilgeous-Alexander,1610612759,Oklahoma City Thunder,1,9,57,Missed Shot,Driving Layup Shot,2PT Field Goal,Restricted Area,Center(C),Less Than 8 ft.,2,-22,8,1,0,20260522,SAS,OKC,4250031326,1230,0,0,1628368|1630170|1630577|1641705|1642264
Shot Chart Detail,0042500313,32,1628983,Shai Gilgeous-Alexander,1610612759,Oklahoma City Thunder,1,9,31,Missed Shot,Pullup Jump shot,2PT Field Goal,Mid-Range,Left Side Center(LC),16-24 ft.,16,-65,157,1,0,20260522,SAS,OKC,4250031332,1490,0,0,1628368|1630170|1630577|1641705|1642264
Shot Chart Detail,0042500313,37,1628392,Isaiah Hartenstein,1610612759,Oklahoma City Thunder,1,8,58,Missed Shot,Floating Jump shot,2PT Field Goal,Mid-Range,Center(C),16-24 ft.,16,4,164,1,0,20260522,SAS,OKC,4250031337,1820,0,0,1628368|1630170|1630577|1641705|1642264
Shot Chart Detail,0042500313,45,1627936,Alex Caruso,1610612759,Oklahoma City Thunder,1,8,27,Missed Shot,Jump Shot,3PT Field Goal,Above the Break 3,Right Side Center(RC),24+ ft.,26,99,246,1,0,20260522,SAS,OKC,4250031345,2130,0,0,1628368|1630170|1630577|1641705|1642264
Shot Chart Detail,0042500313,49,1628392,Isaiah Hartenstein,1610612759,Oklahoma City Thunder,1,8,6,Made Shot,Floating Jump shot,2PT Field Goal,In The Paint (Non-RA),Center(C),8-16 ft.,11,40,112,1,1,20260522,SAS,OKC,4250031349,2340,0,0,1628368|1630170|1630577|1641705|1642264
Shot Chart Detail,0042500313,53,1627936,Alex Caruso,1610612759,Oklahoma City Thunder,1,7,41,Made Shot,Pullup Jump shot,2PT Field Goal,Mid-Range,Right Side(R),8-16 ft.,12,125,33,1,1,20260522,SAS,OKC,4250031353,2590,0,0,1628368|1630170|1630577|1641705|1642264
Shot Chart Detail,0042500313,72,1642272,Jared McCain,1610612759,Oklahoma City Thunder,1,6,55,Missed Shot,Jump Shot,3PT Field Goal,Above the Break 3,Left Side Center(LC),24+ ft.,27,-121,249,1,0,20260522,SAS,OKC,4250031372,3050,0,0,1628436|1629640|1630170|1642264|1642844
Shot Chart Detail,0042500313,74,1641717,Cason Wallace,1610612759,Oklahoma City Thunder,1,6,49,Made Shot,Jump Shot,3PT Field Goal,Above the Break 3,Left Side Center(LC),24+ ft.,26,-142,220,1,1,20260522,SAS,OKC,4250031374,3110,0,0,1628436|1629640|1630170|1642264|1642844
Shot Chart Detail,0042500313,78,1627936,Alex Caruso,1610612759,Oklahoma City Thunder,1,6,17,Made Shot,Pullup Jump shot,3PT Field Goal,Above the Break 3,Right Side Center(RC),24+ ft.,26,108,238,1,1,20260522,SAS,OKC,4250031378,3430,0,0,1628436|1629640|1630170|1642264|1642844
Shot Chart Detail,0042500313,82,1627936,Alex Caruso,1610612759,Oklahoma City Thunder,1,5,44,Missed Shot,Jump Shot,3PT Field Goal,Above the Break 3,Center(C),24+ ft.,25,-1,257,1,0,20260522,SAS,OKC,4250031382,3760,0,0,1628436|1629640|1630170|1642264|1642844
Shot Chart Detail,0042500313,86,1642272,Jared McCain,1610612759,Oklahoma City Thunder,1,5,17,Missed Shot,Jump Shot,3PT Field Goal,Right Corner 3,Right Side(R),24+ ft.,23,232,11,1,0,20260522,SAS,OKC,4250031386,4030,0,0,1628436|1629640|1630170|1642264|1642844
Shot Chart Detail,0042500313,88,1631119,Jaylin Williams,1610612759,Oklahoma City Thunder,1,5,11,Made Shot,Jump Shot,3PT Field Goal,Above the Break 3,Center(C),24+ ft.,26,-1,267,1,1,20260522,SAS,OKC,4250031388,4090,0,0,1628436|1629640|1630170|1642264|1642844
Shot Chart Detail,0042500313,92,1631119,Jaylin Williams,1610612759,Oklahoma City Thunder,1,4,47,Made Shot,Jump Shot,3PT Field Goal,Above the Break 3,Left Side Center(LC),24+ ft.,26,-99,248,1,1,20260522,SAS,OKC,4250031392,4330,0,0,1628436|1629640|1630170|1642264|1642844
Shot Chart Detail,0042500313,105,1642272,Jared McCain,1610612759,Oklahoma City Thunder,1,3,57,Made Shot,Step Back Jump shot,2PT Field Goal,In The Paint (Non-RA),Center(C),8-16 ft.,12,-38,121,1,1,20260522,SAS,OKC,42500313105,4830,0,0,1628436|1629640|1630170|1642264|1642844
Shot Chart Detail,0042500313,119,1642272,Jared McCain,1610612759,Oklahoma City Thunder,1,3,22,Missed Shot,Driving Finger Roll Layup Shot,2PT Field Goal,Restricted Area,Center(C),Less Than 8 ft.,3,17,26,1,0,20260522,SAS,OKC,42500313119,5180,0,0,1628368|1629640|1630170|1641705|1642844
Shot Chart Detail,0042500313,140,1642349,Ajay Mitchell,1610612759,Oklahoma City Thunder,1,2,38,Missed Shot,Jump Shot,3PT Field Goal,Right Corner 3,Right Side(R),24+ ft.,23,233,28,1,0,20260522,SAS,OKC,42500313140,5620,0,0,1628368|1629640|1630577|1641705|1642868
Shot Chart Detail,0042500313,144,1642349,Ajay Mitchell,1610612759,Oklahoma City Thunder,1,2,1,Made Shot,Driving Finger Roll Layup Shot,2PT Field Goal,Restricted Area,Center(C),Less Than 8 ft.,2,-24,17,1,1,20260522,SAS,OKC,42500313144,5990,0,0,1628368|1629640|1630577|1641705|1642868
Shot Chart Detail,0042500313,148,1642272,Jared McCain,1610612759,Oklahoma City Thunder,1,1,38,Made Shot,Running Layup Shot,2PT Field Goal,Restricted Area,Center(C),Less Than 8 ft.,2,20,12,1,1,20260522,SAS,OKC,42500313148,6220,0,0,1628368|1629640|1630577|1641705|1642868
Shot Chart Detail,0042500313,170,1631119,Jaylin Williams,1610612759,Oklahoma City Thunder,1,0,47,Missed Shot,Jump Shot,3PT Field Goal,Right Corner 3,Right Side(R),24+ ft.,23,227,40,1,0,20260522,SAS,OKC,42500313170,6730,0,0,1628368|1628436|1630170|1630577|1641705
Shot Chart Detail,0042500313,174,1628983,Shai Gilgeous-Alexander,1610612759,Oklahoma City Thunder,1,0,22,Missed Shot,Pullup Jump shot,2PT Field Goal,Mid-Range,Right Side(R),8-16 ft.,12,91,89,1,0,20260522,SAS,OKC,42500313174,6980,0,0,1628368|1628436|1630170|1630577|1641705
Shot Chart Detail,0042500313,205,1631096,Chet Holmgren,1610612759,Oklahoma City Thunder,2,11,46,Made Shot,Jump Shot,3PT Field Goal,Above the Break 3,Left Side Center(LC),24+ ft.,29,-102,272,1,1,20260522,SAS,OKC,42500313205,7340,0,0,1628368|1630577|1641705|1642264|1642868
Shot Chart Detail,0042500313,209,1628983,Shai Gilgeous-Alexander,1610612759,Oklahoma City Thunder,2,10,56,Made Shot,Step Back Jump shot,3PT Field Goal,Above the Break 3,Left Side Center(LC),24+ ft.,27,-109,251,1,1,20260522,SAS,OKC,42500313209,7840,0,0,1628368|1630577|1641705|1642264|1642868
Shot Chart Detail,0042500313,213,1631119,Jaylin Williams,1610612759,Oklahoma City Thunder,2,10,22,Made Shot,Jump Shot,3PT Field Goal,Above the Break 3,Left Side Center(LC),24+ ft.,26,-217,144,1,1,20260522,SAS,OKC,42500313213,8180,0,0,1628368|1630577|1641705|1642264|1642868
Shot Chart Detail,0042500313,217,1631119,Jaylin Williams,1610612759,Oklahoma City Thunder,2,9,47,Missed Shot,Pullup Jump shot,2PT Field Goal,Mid-Range,Left Side(L),16-24 ft.,18,-178,36,1,0,20260522,SAS,OKC,42500313217,8530,0,0,1628368|1630577|1641705|1642264|1642868
Shot Chart Detail,0042500313,220,1641717,Cason Wallace,1610612759,Oklahoma City Thunder,2,9,25,Made Shot,Reverse Layup Shot,2PT Field Goal,Restricted Area,Center(C),Less Than 8 ft.,1,11,7,1,1,20260522,SAS,OKC,42500313220,8750,0,0,1628368|1630577|1641705|1642264|1642868
Shot Chart Detail,0042500313,224,1628983,Shai Gilgeous-Alexander,1610612759,Oklahoma City Thunder,2,8,53,Missed Shot,Step Back Jump shot,3PT Field Goal,Above the Break 3,Left Side Center(LC),24+ ft.,26,-190,178,1,0,20260522,SAS,OKC,42500313224,9070,0,0,1628368|1630577|1641705|1642264|1642868
Shot Chart Detail,0042500313,226,1631096,Chet Holmgren,1610612759,Oklahoma City Thunder,2,8,46,Made Shot,Alley Oop Dunk Shot,2PT Field Goal,Restricted Area,Center(C),Less Than 8 ft.,1,-16,11,1,1,20260522,SAS,OKC,42500313226,9140,0,0,1628368|1630577|1641705|1642264|1642868
Shot Chart Detail,0042500313,243,1628983,Shai Gilgeous-Alexander,1610612759,Oklahoma City Thunder,2,8,19,Made Shot,Fadeaway Jump Shot,2PT Field Goal,In The Paint (Non-RA),Left Side(L),8-16 ft.,9,-74,67,1,1,20260522,SAS,OKC,42500313243,9410,0,0,203084|1641705|1642264|1642844|1642868
Shot Chart Detail,0042500313,249,1641717,Cason Wallace,1610612759,Oklahoma City Thunder,2,7,28,Missed Shot,Pullup Jump shot,2PT Field Goal,Mid-Range,Left Side Center(LC),16-24 ft.,17,-86,154,1,0,20260522,SAS,OKC,42500313249,9920,0,0,203084|1641705|1642264|1642844|1642868
Shot Chart Detail,0042500313,270,1642272,Jared McCain,1610612759,Oklahoma City Thunder,2,7,4,Made Shot,Step Back Jump shot,2PT Field Goal,In The Paint (Non-RA),Left Side(L),8-16 ft.,9,-58,75,1,1,20260522,SAS,OKC,42500313270,10160,0,0,203084|1630170|1641705|1642264|1642844
Shot Chart Detail,0042500313,285,1642349,Ajay Mitchell,1610612759,Oklahoma City Thunder,2,5,58,Missed Shot,Step Back Jump shot,2PT Field Goal,Mid-Range,Right Side(R),8-16 ft.,9,88,34,1,0,20260522,SAS,OKC,42500313285,10820,0,0,203084|1630170|1641705|1642264|1642844
Shot Chart Detail,0042500313,289,1642349,Ajay Mitchell,1610612759,Oklahoma City Thunder,2,5,28,Missed Shot,Pullup Jump shot,2PT Field Goal,In The Paint (Non-RA),Right Side(R),8-16 ft.,8,67,55,1,0,20260522,SAS,OKC,42500313289,11120,0,0,203084|1630170|1641705|1642264|1642844
Shot Chart Detail,0042500313,299,1642272,Jared McCain,1610612759,Oklahoma City Thunder,2,5,3,Made Shot,Cutting Layup Shot,2PT Field Goal,Restricted Area,Center(C),Less Than 8 ft.,2,20,17,1,1,20260522,SAS,OKC,42500313299,11370,0,0,1628436|1629640|1630170|1642264|1642844
Shot Chart Detail,0042500313,319,1630198,Isaiah Joe,1610612759,Oklahoma City Thunder,2,4,21,Made Shot,Pullup Jump shot,3PT Field Goal,Above the Break 3,Right Side Center(RC),24+ ft.,25,188,174,1,1,20260522,SAS,OKC,42500313319,11790,0,0,1628368|1628436|1629640|1630170|1630577
Shot Chart Detail,0042500313,339,1628983,Shai Gilgeous-Alexander,1610612759,Oklahoma City Thunder,2,3,24,Made Shot,Driving Floating Bank Jump Shot,2PT Field Goal,In The Paint (Non-RA),Left Side(L),8-16 ft.,8,-49,71,1,1,20260522,SAS,OKC,42500313339,12360,0,0,1628368|1628436|1629640|1630577|1642264
Shot Chart Detail,0042500313,356,1628983,Shai Gilgeous-Alexander,1610612759,Oklahoma City Thunder,2,2,21,Missed Shot,Driving Layup Shot,2PT Field Goal,In The Paint (Non-RA),Center(C),Less Than 8 ft.,6,11,69,1,0,20260522,SAS,OKC,42500313356,12990,0,0,1628368|1630170|1630577|1641705|1642264
Shot Chart Detail,0042500313,367,1628983,Shai Gilgeous-Alexander,1610612759,Oklahoma City Thunder,2,1,55,Made Shot,Step Back Jump shot,2PT Field Goal,In The Paint (Non-RA),Left Side(L),8-16 ft.,13,-71,116,1,1,20260522,SAS,OKC,42500313367,13250,0,0,1628368|1630170|1630577|1641705|1642264
Shot Chart Detail,0042500313,371,1629652,Luguentz Dort,1610612759,Oklahoma City Thunder,2,1,22,Missed Shot,Jump Shot,3PT Field Goal,Above the Break 3,Left Side Center(LC),24+ ft.,26,-159,215,1,0,20260522,SAS,OKC,42500313371,13580,0,0,1628368|1630170|1630577|1641705|1642264
Shot Chart Detail,0042500313,388,1631119,Jaylin Williams,1610612759,Oklahoma City Thunder,2,0,27,Made Shot,Jump Shot,3PT Field Goal,Left Corner 3,Left Side(L),24+ ft.,23,-238,20,1,1,20260522,SAS,OKC,42500313388,14130,0,0,1628368|1630170|1630577|1641705|1642264
Shot Chart Detail,0042500313,400,1628392,Isaiah Hartenstein,1610612759,Oklahoma City Thunder,3,11,43,Made Shot,Cutting Dunk Shot,2PT Field Goal,Restricted Area,Center(C),Less Than 8 ft.,0,-1,4,1,1,20260522,SAS,OKC,42500313400,14570,0,0,1628368|1630170|1630577|1641705|1642264
Shot Chart Detail,0042500313,404,1628983,Shai Gilgeous-Alexander,1610612759,Oklahoma City Thunder,3,11,5,Missed Shot,Step Back Jump shot,2PT Field Goal,Mid-Range,Right Side Center(RC),16-24 ft.,18,118,136,1,0,20260522,SAS,OKC,42500313404,14950,0,0,1628368|1630170|1630577|1641705|1642264
Shot Chart Detail,0042500313,408,1628983,Shai Gilgeous-Alexander,1610612759,Oklahoma City Thunder,3,10,48,Missed Shot,Step Back Jump shot,2PT Field Goal,In The Paint (Non-RA),Center(C),8-16 ft.,15,71,136,1,0,20260522,SAS,OKC,42500313408,15120,0,0,1628368|1630170|1630577|1641705|1642264
Shot Chart Detail,0042500313,421,1627936,Alex Caruso,1610612759,Oklahoma City Thunder,3,10,3,Made Shot,Jump Shot,3PT Field Goal,Right Corner 3,Right Side(R),24+ ft.,23,238,8,1,1,20260522,SAS,OKC,42500313421,15570,0,0,1628368|1630170|1630577|1641705|1642264
Shot Chart Detail,0042500313,427,1631096,Chet Holmgren,1610612759,Oklahoma City Thunder,3,9,32,Made Shot,Cutting Dunk Shot,2PT Field Goal,Restricted Area,Center(C),Less Than 8 ft.,1,10,3,1,1,20260522,SAS,OKC,42500313427,15880,0,0,1628368|1630170|1630577|1641705|1642264
Shot Chart Detail,0042500313,438,1628983,Shai Gilgeous-Alexander,1610612759,Oklahoma City Thunder,3,8,53,Missed Shot,Step Back Jump shot,2PT Field Goal,Mid-Range,Left Side(L),8-16 ft.,12,-129,-5,1,0,20260522,SAS,OKC,42500313438,16270,0,0,1628368|1630170|1630577|1641705|1642264
Shot Chart Detail,0042500313,440,1631096,Chet Holmgren,1610612759,Oklahoma City Thunder,3,8,52,Made Shot,Tip Dunk Shot,2PT Field Goal,Restricted Area,Center(C),Less Than 8 ft.,0,0,0,1,1,20260522,SAS,OKC,42500313440,16280,0,0,1628368|1630170|1630577|1641705|1642264
Shot Chart Detail,0042500313,459,1628983,Shai Gilgeous-Alexander,1610612759,Oklahoma City Thunder,3,8,0,Made Shot,Driving Floating Jump Shot,2PT Field Goal,In The Paint (Non-RA),Right Side(R),8-16 ft.,8,62,53,1,1,20260522,SAS,OKC,42500313459,16800,0,0,1628368|1630170|1630577|1641705|1642264
Shot Chart Detail,0042500313,465,1642272,Jared McCain,1610612759,Oklahoma City Thunder,3,7,35,Missed Shot,Step Back Jump shot,2PT Field Goal,Mid-Range,Right Side(R),8-16 ft.,12,91,83,1,0,20260522,SAS,OKC,42500313465,17050,0,0,1628368|1630170|1630577|1641705|1642264
Shot Chart Detail,0042500313,481,1642272,Jared McCain,1610612759,Oklahoma City Thunder,3,7,4,Made Shot,Jump Shot,3PT Field Goal,Above the Break 3,Left Side Center(LC),24+ ft.,26,-110,245,1,1,20260522,SAS,OKC,42500313481,17360,0,0,1630170|1630577|1641705|1642264|1642868
Shot Chart Detail,0042500313,492,1642272,Jared McCain,1610612759,Oklahoma City Thunder,3,6,30,Made Shot,Driving Layup Shot,2PT Field Goal,Restricted Area,Center(C),Less Than 8 ft.,1,-9,14,1,1,20260522,SAS,OKC,42500313492,17700,0,0,1630170|1641705|1642264|1642844|1642868
Shot Chart Detail,0042500313,499,1641717,Cason Wallace,1610612759,Oklahoma City Thunder,3,6,6,Missed Shot,Jump Shot,3PT Field Goal,Left Corner 3,Left Side(L),24+ ft.,22,-227,-1,1,0,20260522,SAS,OKC,42500313499,17940,0,0,1630170|1641705|1642264|1642844|1642868
Shot Chart Detail,0042500313,503,1642272,Jared McCain,1610612759,Oklahoma City Thunder,3,5,44,Missed Shot,Running Jump Shot,3PT Field Goal,Above the Break 3,Right Side Center(RC),24+ ft.,26,162,215,1,0,20260522,SAS,OKC,42500313503,18160,0,0,1630170|1641705|1642264|1642844|1642868
Shot Chart Detail,0042500313,536,1641717,Cason Wallace,1610612759,Oklahoma City Thunder,3,4,2,Missed Shot,Jump Shot,3PT Field Goal,Above the Break 3,Left Side Center(LC),24+ ft.,26,-191,180,1,0,20260522,SAS,OKC,42500313536,19180,0,0,1628368|1628436|1630170|1642844|1642868
Shot Chart Detail,0042500313,538,1628983,Shai Gilgeous-Alexander,1610612759,Oklahoma City Thunder,3,3,57,Made Shot,Jump Shot,3PT Field Goal,Above the Break 3,Center(C),24+ ft.,24,-5,246,1,1,20260522,SAS,OKC,42500313538,19230,0,0,1628368|1628436|1630170|1642844|1642868
Shot Chart Detail,0042500313,573,1627936,Alex Caruso,1610612759,Oklahoma City Thunder,3,2,46,Made Shot,Jump Shot,3PT Field Goal,Right Corner 3,Right Side(R),24+ ft.,23,230,-1,1,1,20260522,SAS,OKC,42500313573,19940,0,0,1628368|1629640|1630577|1641705|1642264
Shot Chart Detail,0042500313,591,1642272,Jared McCain,1610612759,Oklahoma City Thunder,3,1,53,Made Shot,Driving Finger Roll Layup Shot,2PT Field Goal,Restricted Area,Center(C),Less Than 8 ft.,3,37,6,1,1,20260522,SAS,OKC,42500313591,20470,0,0,1628368|1629640|1630577|1641705|1642264
Shot Chart Detail,0042500313,594,1642272,Jared McCain,1610612759,Oklahoma City Thunder,3,1,30,Missed Shot,Jump Shot,3PT Field Goal,Above the Break 3,Left Side Center(LC),24+ ft.,26,-200,173,1,0,20260522,SAS,OKC,42500313594,20700,0,0,1628368|1629640|1630577|1641705|1642264
Shot Chart Detail,0042500313,607,1642272,Jared McCain,1610612759,Oklahoma City Thunder,3,0,30,Missed Shot,Jump Shot,3PT Field Goal,Above the Break 3,Left Side Center(LC),24+ ft.,25,-214,136,1,0,20260522,SAS,OKC,42500313607,21300,0,0,1629640|1630170|1630577|1641705|1642264
Shot Chart Detail,0042500313,620,1628392,Isaiah Hartenstein,1610612759,Oklahoma City Thunder,3,0,0,Missed Shot,Jump Shot,3PT Field Goal,Above the Break 3,Left Side Center(LC),24+ ft.,26,-199,176,1,0,20260522,SAS,OKC,42500313620,21600,0,0,1630170|1630577|1641705|1642264|1642844
Shot Chart Detail,0042500313,630,1631096,Chet Holmgren,1610612759,Oklahoma City Thunder,4,11,36,Made Shot,Fadeaway Jump Shot,2PT Field Goal,In The Paint (Non-RA),Right Side(R),8-16 ft.,10,69,85,1,1,20260522,SAS,OKC,42500313630,21840,0,0,1630170|1630577|1641705|1642264|1642844
Shot Chart Detail,0042500313,641,1642272,Jared McCain,1610612759,Oklahoma City Thunder,4,10,54,Missed Shot,Jump Shot,3PT Field Goal,Above the Break 3,Right Side Center(RC),24+ ft.,26,91,245,1,0,20260522,SAS,OKC,42500313641,22260,0,0,1630170|1630577|1641705|1642264|1642844
Shot Chart Detail,0042500313,645,1642272,Jared McCain,1610612759,Oklahoma City Thunder,4,10,30,Made Shot,Jump Shot,3PT Field Goal,Left Corner 3,Left Side(L),24+ ft.,23,-230,50,1,1,20260522,SAS,OKC,42500313645,22500,0,0,1630170|1630577|1641705|1642264|1642844
Shot Chart Detail,0042500313,655,1642272,Jared McCain,1610612759,Oklahoma City Thunder,4,9,46,Made Shot,Driving Floating Jump Shot,2PT Field Goal,In The Paint (Non-RA),Center(C),Less Than 8 ft.,4,-17,43,1,1,20260522,SAS,OKC,42500313655,22940,0,0,1628368|1628436|1630170|1630577|1641705
Shot Chart Detail,0042500313,660,1642272,Jared McCain,1610612759,Oklahoma City Thunder,4,9,2,Missed Shot,Fadeaway Jump Shot,2PT Field Goal,In The Paint (Non-RA),Center(C),Less Than 8 ft.,4,-42,17,1,0,20260522,SAS,OKC,42500313660,23380,0,0,1628368|1628436|1630170|1630577|1641705
Shot Chart Detail,0042500313,665,1642272,Jared McCain,1610612759,Oklahoma City Thunder,4,8,47,Missed Shot,Jump Shot,3PT Field Goal,Above the Break 3,Right Side Center(RC),24+ ft.,25,136,216,1,0,20260522,SAS,OKC,42500313665,23530,0,0,1628368|1628436|1630170|1630577|1641705
Shot Chart Detail,0042500313,674,1642272,Jared McCain,1610612759,Oklahoma City Thunder,4,8,27,Missed Shot,Jump Shot,3PT Field Goal,Above the Break 3,Left Side Center(LC),24+ ft.,25,-218,131,1,0,20260522,SAS,OKC,42500313674,23730,0,0,1628368|1628436|1630170|1630577|1641705
Shot Chart Detail,0042500313,684,1631096,Chet Holmgren,1610612759,Oklahoma City Thunder,4,7,48,Missed Shot,Jump Shot,3PT Field Goal,Above the Break 3,Right Side Center(RC),24+ ft.,26,134,225,1,0,20260522,SAS,OKC,42500313684,24120,0,0,1628436|1630170|1630577|1641705|1642264
Shot Chart Detail,0042500313,695,1641717,Cason Wallace,1610612759,Oklahoma City Thunder,4,7,10,Missed Shot,Jump Shot,3PT Field Goal,Above the Break 3,Left Side Center(LC),24+ ft.,25,-211,150,1,0,20260522,SAS,OKC,42500313695,24500,0,0,1628436|1630170|1630577|1641705|1642264
Shot Chart Detail,0042500313,707,1642272,Jared McCain,1610612759,Oklahoma City Thunder,4,6,39,Made Shot,Pullup Jump shot,2PT Field Goal,In The Paint (Non-RA),Center(C),8-16 ft.,11,-22,113,1,1,20260522,SAS,OKC,42500313707,24810,0,0,1628436|1630170|1630577|1641705|1642844
Shot Chart Detail,0042500313,711,1631119,Jaylin Williams,1610612759,Oklahoma City Thunder,4,5,57,Made Shot,Jump Shot,3PT Field Goal,Above the Break 3,Right Side Center(RC),24+ ft.,25,154,204,1,1,20260522,SAS,OKC,42500313711,25230,0,0,1628436|1630170|1630577|1641705|1642844
Shot Chart Detail,0042500313,722,1628983,Shai Gilgeous-Alexander,1610612759,Oklahoma City Thunder,4,5,27,Missed Shot,Step Back Jump shot,3PT Field Goal,Above the Break 3,Left Side Center(LC),24+ ft.,26,-208,157,1,0,20260522,SAS,OKC,42500313722,25530,0,0,1628368|1630170|1630577|1641705|1642844
Shot Chart Detail,0042500313,733,1628983,Shai Gilgeous-Alexander,1610612759,Oklahoma City Thunder,4,4,42,Missed Shot,Step Back Jump shot,2PT Field Goal,In The Paint (Non-RA),Center(C),8-16 ft.,14,-66,134,1,0,20260522,SAS,OKC,42500313733,25980,0,0,1628368|1630170|1630577|1641705|1642844
Shot Chart Detail,0042500313,742,1641717,Cason Wallace,1610612759,Oklahoma City Thunder,4,4,2,Missed Shot,Pullup Jump shot,3PT Field Goal,Above the Break 3,Right Side Center(RC),24+ ft.,25,210,150,1,0,20260522,SAS,OKC,42500313742,26380,0,0,1630170|1630577|1641705|1642264|1642844
Shot Chart Detail,0042500313,749,1627936,Alex Caruso,1610612759,Oklahoma City Thunder,4,3,31,Missed Shot,Driving Floating Jump Shot,2PT Field Goal,In The Paint (Non-RA),Center(C),Less Than 8 ft.,6,2,63,1,0,20260522,SAS,OKC,42500313749,26690,0,0,1630170|1630577|1641705|1642264|1642844
Shot Chart Detail,0042500313,765,1641717,Cason Wallace,1610612759,Oklahoma City Thunder,4,2,28,Made Shot,Jump Shot,3PT Field Goal,Left Corner 3,Left Side(L),24+ ft.,24,-234,59,1,1,20260522,SAS,OKC,42500313765,27320,0,0,1628368|1630170|1630577|1641705|1642264
Shot Chart Detail,0042500313,785,1628983,Shai Gilgeous-Alexander,1610612759,Oklahoma City Thunder,4,1,34,Missed Shot,Running Finger Roll Layup Shot,2PT Field Goal,Restricted Area,Center(C),Less Than 8 ft.,1,10,11,1,0,20260522,SAS,OKC,42500313785,27860,0,0,202687|203482|203486|1629162|1630322
Shot Chart Detail,0042500313,800,1642260,Nikola Topić,1610612759,Oklahoma City Thunder,4,1,10,Missed Shot,Driving Finger Roll Layup Shot,2PT Field Goal,Restricted Area,Center(C),Less Than 8 ft.,1,15,-8,1,0,20260522,SAS,OKC,42500313800,28100,0,0,202687|203482|203486|1629162|1630322
Shot Chart Detail,0042500313,803,1629026,Kenrich Williams,1610612759,Oklahoma City Thunder,4,1,10,Made Shot,Tip Layup Shot,2PT Field Goal,Restricted Area,Center(C),Less Than 8 ft.,0,0,0,1,1,20260522,SAS,OKC,42500313803,28100,0,0,202687|203482|203486|1629162|1630322
Shot Chart Detail,0042500313,806,1629026,Kenrich Williams,1610612759,Oklahoma City Thunder,4,0,25,Made Shot,Jump Shot,3PT Field Goal,Above the Break 3,Left Side Center(LC),24+ ft.,26,-169,201,1,1,20260522,SAS,OKC,42500313806,28550,0,0,202687|203482|203486|1629162|1630322
Shot Chart Detail,0042500314,11,1628392,Isaiah Hartenstein,1610612759,Oklahoma City Thunder,1,11,20,Made Shot,Floating Jump shot,2PT Field Goal,In The Paint (Non-RA),Center(C),8-16 ft.,10,51,90,1,1,20260524,SAS,OKC,4250031411,400,0,0,1628368|1630170|1630577|1641705|1642264
Shot Chart Detail,0042500314,15,1628983,Shai Gilgeous-Alexander,1610612759,Oklahoma City Thunder,1,10,48,Missed Shot,Step Back Jump shot,2PT Field Goal,In The Paint (Non-RA),Center(C),8-16 ft.,14,-58,138,1,0,20260524,SAS,OKC,4250031415,720,0,0,1628368|1630170|1630577|1641705|1642264
Shot Chart Detail,0042500314,17,1631096,Chet Holmgren,1610612759,Oklahoma City Thunder,1,10,36,Missed Shot,Cutting Dunk Shot,2PT Field Goal,Restricted Area,Center(C),Less Than 8 ft.,2,-26,6,1,0,20260524,SAS,OKC,4250031417,840,0,0,1628368|1630170|1630577|1641705|1642264
Shot Chart Detail,0042500314,23,1628392,Isaiah Hartenstein,1610612759,Oklahoma City Thunder,1,10,8,Made Shot,Floating Jump shot,2PT Field Goal,In The Paint (Non-RA),Center(C),8-16 ft.,11,38,112,1,1,20260524,SAS,OKC,4250031423,1120,0,0,1628368|1630170|1630577|1641705|1642264
Shot Chart Detail,0042500314,26,1628392,Isaiah Hartenstein,1610612759,Oklahoma City Thunder,1,9,36,Made Shot,Floating Jump shot,2PT Field Goal,Mid-Range,Center(C),8-16 ft.,14,-26,142,1,1,20260524,SAS,OKC,4250031426,1440,0,0,1628368|1630170|1630577|1641705|1642264
Shot Chart Detail,0042500314,32,1641717,Cason Wallace,1610612759,Oklahoma City Thunder,1,9,11,Missed Shot,Jump Shot,3PT Field Goal,Left Corner 3,Left Side(L),24+ ft.,22,-228,4,1,0,20260524,SAS,OKC,4250031432,1690,0,0,1628368|1630170|1630577|1641705|1642264
Shot Chart Detail,0042500314,39,1628392,Isaiah Hartenstein,1610612759,Oklahoma City Thunder,1,8,31,Made Shot,Floating Jump shot,2PT Field Goal,In The Paint (Non-RA),Center(C),8-16 ft.,9,-25,89,1,1,20260524,SAS,OKC,4250031439,2090,0,0,1628368|1630170|1630577|1641705|1642264
Shot Chart Detail,0042500314,43,1628392,Isaiah Hartenstein,1610612759,Oklahoma City Thunder,1,8,4,Missed Shot,Floating Jump shot,2PT Field Goal,In The Paint (Non-RA),Center(C),8-16 ft.,10,22,100,1,0,20260524,SAS,OKC,4250031443,2360,0,0,1628368|1630170|1630577|1641705|1642264
Shot Chart Detail,0042500314,47,1628392,Isaiah Hartenstein,1610612759,Oklahoma City Thunder,1,7,34,Missed Shot,Floating Jump shot,2PT Field Goal,In The Paint (Non-RA),Center(C),8-16 ft.,10,23,101,1,0,20260524,SAS,OKC,4250031447,2660,0,0,1628368|1630170|1630577|1641705|1642264
Shot Chart Detail,0042500314,64,1642272,Jared McCain,1610612759,Oklahoma City Thunder,1,7,0,Missed Shot,Jump Shot,3PT Field Goal,Right Corner 3,Right Side(R),24+ ft.,23,233,-9,1,0,20260524,SAS,OKC,4250031464,3000,0,0,1629640|1630170|1641705|1642264|1642844
Shot Chart Detail,0042500314,68,1628983,Shai Gilgeous-Alexander,1610612759,Oklahoma City Thunder,1,6,30,Missed Shot,Driving Floating Jump Shot,2PT Field Goal,In The Paint (Non-RA),Center(C),8-16 ft.,12,48,115,1,0,20260524,SAS,OKC,4250031468,3300,0,0,1629640|1630170|1641705|1642264|1642844
Shot Chart Detail,0042500314,77,1631119,Jaylin Williams,1610612759,Oklahoma City Thunder,1,5,45,Missed Shot,Jump Shot,3PT Field Goal,Above the Break 3,Right Side Center(RC),24+ ft.,24,211,130,1,0,20260524,SAS,OKC,4250031477,3750,0,0,1629640|1630170|1641705|1642264|1642844
Shot Chart Detail,0042500314,91,1642272,Jared McCain,1610612759,Oklahoma City Thunder,1,4,45,Missed Shot,Driving Reverse Layup Shot,2PT Field Goal,Restricted Area,Center(C),Less Than 8 ft.,2,23,1,1,0,20260524,SAS,OKC,4250031491,4350,0,0,1629640|1630170|1641705|1642264|1642844
Shot Chart Detail,0042500314,114,1642272,Jared McCain,1610612759,Oklahoma City Thunder,1,3,38,Missed Shot,Pullup Jump shot,3PT Field Goal,Above the Break 3,Center(C),24+ ft.,26,-32,262,1,0,20260524,SAS,OKC,42500314114,5020,0,0,1629640|1630577|1641705|1642264|1642844
Shot Chart Detail,0042500314,128,1628983,Shai Gilgeous-Alexander,1610612759,Oklahoma City Thunder,1,3,23,Made Shot,Pullup Jump shot,2PT Field Goal,Mid-Range,Left Side Center(LC),16-24 ft.,16,-123,117,1,1,20260524,SAS,OKC,42500314128,5170,0,0,1628368|1629640|1630577|1641705|1642844
Shot Chart Detail,0042500314,143,1628983,Shai Gilgeous-Alexander,1610612759,Oklahoma City Thunder,1,2,50,Missed Shot,Step Back Jump shot,2PT Field Goal,Mid-Range,Left Side Center(LC),16-24 ft.,19,-107,165,1,0,20260524,SAS,OKC,42500314143,5500,0,0,1628368|1628436|1630170|1630577|1642264
Shot Chart Detail,0042500314,148,1628983,Shai Gilgeous-Alexander,1610612759,Oklahoma City Thunder,1,2,28,Made Shot,Driving Layup Shot,2PT Field Goal,Restricted Area,Center(C),Less Than 8 ft.,2,-23,-4,1,1,20260524,SAS,OKC,42500314148,5720,0,0,1628368|1628436|1630170|1630577|1642264
Shot Chart Detail,0042500314,157,1629026,Kenrich Williams,1610612759,Oklahoma City Thunder,1,1,20,Missed Shot,Pullup Jump shot,2PT Field Goal,Mid-Range,Left Side Center(LC),16-24 ft.,17,-130,111,1,0,20260524,SAS,OKC,42500314157,6400,0,0,1628368|1628436|1630170|1630577|1642264
Shot Chart Detail,0042500314,161,1631119,Jaylin Williams,1610612759,Oklahoma City Thunder,1,1,6,Made Shot,Jump Shot,3PT Field Goal,Above the Break 3,Right Side Center(RC),24+ ft.,24,113,222,1,1,20260524,SAS,OKC,42500314161,6540,0,0,1628368|1628436|1630170|1630577|1642264
Shot Chart Detail,0042500314,165,1628983,Shai Gilgeous-Alexander,1610612759,Oklahoma City Thunder,1,0,38,Missed Shot,Driving Floating Jump Shot,2PT Field Goal,In The Paint (Non-RA),Center(C),Less Than 8 ft.,7,66,42,1,0,20260524,SAS,OKC,42500314165,6820,0,0,1628368|1628436|1630170|1630577|1642264
Shot Chart Detail,0042500314,175,1630598,Aaron Wiggins,1610612759,Oklahoma City Thunder,1,0,4,Missed Shot,Driving Layup Shot,2PT Field Goal,Restricted Area,Center(C),Less Than 8 ft.,1,17,2,1,0,20260524,SAS,OKC,42500314175,7160,0,0,1628368|1630170|1630577|1641705|1642264
Shot Chart Detail,0042500314,177,1631096,Chet Holmgren,1610612759,Oklahoma City Thunder,1,0,2,Made Shot,Tip Layup Shot,2PT Field Goal,Restricted Area,Center(C),Less Than 8 ft.,0,0,0,1,1,20260524,SAS,OKC,42500314177,7180,0,0,1628368|1630170|1630577|1641705|1642264
Shot Chart Detail,0042500314,192,1642272,Jared McCain,1610612759,Oklahoma City Thunder,2,11,46,Missed Shot,Jump Shot,3PT Field Goal,Above the Break 3,Right Side Center(RC),24+ ft.,26,178,199,1,0,20260524,SAS,OKC,42500314192,7340,0,0,1628368|1628436|1630577|1642264|1642868
Shot Chart Detail,0042500314,197,1631096,Chet Holmgren,1610612759,Oklahoma City Thunder,2,11,25,Made Shot,Cutting Dunk Shot,2PT Field Goal,Restricted Area,Center(C),Less Than 8 ft.,0,-9,-3,1,1,20260524,SAS,OKC,42500314197,7550,0,0,1628368|1628436|1630577|1642264|1642868
Shot Chart Detail,0042500314,201,1630198,Isaiah Joe,1610612759,Oklahoma City Thunder,2,10,53,Made Shot,Driving Finger Roll Layup Shot,2PT Field Goal,Restricted Area,Center(C),Less Than 8 ft.,0,-4,4,1,1,20260524,SAS,OKC,42500314201,7870,0,0,1628368|1628436|1630577|1642264|1642868
Shot Chart Detail,0042500314,211,1642272,Jared McCain,1610612759,Oklahoma City Thunder,2,10,18,Missed Shot,Fadeaway Jump Shot,2PT Field Goal,In The Paint (Non-RA),Center(C),8-16 ft.,8,-32,75,1,0,20260524,SAS,OKC,42500314211,8220,0,0,203084|1628368|1628436|1630577|1642844
Shot Chart Detail,0042500314,221,1630198,Isaiah Joe,1610612759,Oklahoma City Thunder,2,9,55,Missed Shot,Pullup Jump shot,3PT Field Goal,Above the Break 3,Left Side Center(LC),24+ ft.,26,-176,193,1,0,20260524,SAS,OKC,42500314221,8450,0,0,203084|1628368|1628436|1630577|1642844
Shot Chart Detail,0042500314,226,1641717,Cason Wallace,1610612759,Oklahoma City Thunder,2,9,34,Missed Shot,Running Pull-Up Jump Shot,2PT Field Goal,Restricted Area,Center(C),Less Than 8 ft.,2,25,8,1,0,20260524,SAS,OKC,42500314226,8660,0,0,203084|1628368|1628436|1630577|1642844
Shot Chart Detail,0042500314,234,1630198,Isaiah Joe,1610612759,Oklahoma City Thunder,2,9,12,Missed Shot,Pullup Jump shot,3PT Field Goal,Above the Break 3,Right Side Center(RC),24+ ft.,25,113,230,1,0,20260524,SAS,OKC,42500314234,8880,0,0,203084|1628368|1628436|1630577|1642844
Shot Chart Detail,0042500314,236,1641717,Cason Wallace,1610612759,Oklahoma City Thunder,2,9,9,Missed Shot,Putback Layup Shot,2PT Field Goal,Restricted Area,Center(C),Less Than 8 ft.,2,27,7,1,0,20260524,SAS,OKC,42500314236,8910,0,0,203084|1628368|1628436|1630577|1642844
Shot Chart Detail,0042500314,248,1628392,Isaiah Hartenstein,1610612759,Oklahoma City Thunder,2,8,29,Missed Shot,Cutting Layup Shot,2PT Field Goal,In The Paint (Non-RA),Center(C),Less Than 8 ft.,4,-15,44,1,0,20260524,SAS,OKC,42500314248,9310,0,0,203084|1628436|1630577|1642264|1642844
Shot Chart Detail,0042500314,250,1628392,Isaiah Hartenstein,1610612759,Oklahoma City Thunder,2,8,27,Made Shot,Tip Layup Shot,2PT Field Goal,Restricted Area,Center(C),Less Than 8 ft.,0,0,0,1,1,20260524,SAS,OKC,42500314250,9330,0,0,203084|1628436|1630577|1642264|1642844
Shot Chart Detail,0042500314,253,1641717,Cason Wallace,1610612759,Oklahoma City Thunder,2,8,17,Missed Shot,Running Layup Shot,2PT Field Goal,Restricted Area,Center(C),Less Than 8 ft.,2,21,5,1,0,20260524,SAS,OKC,42500314253,9430,0,0,203084|1628436|1630577|1642264|1642844
Shot Chart Detail,0042500314,277,1628392,Isaiah Hartenstein,1610612759,Oklahoma City Thunder,2,7,3,Made Shot,Cutting Dunk Shot,2PT Field Goal,Restricted Area,Center(C),Less Than 8 ft.,0,-4,5,1,1,20260524,SAS,OKC,42500314277,10170,0,0,203084|1628368|1630577|1641705|1642264
Shot Chart Detail,0042500314,296,1628983,Shai Gilgeous-Alexander,1610612759,Oklahoma City Thunder,2,5,57,Made Shot,Pullup Jump shot,2PT Field Goal,Mid-Range,Left Side Center(LC),16-24 ft.,18,-134,131,1,1,20260524,SAS,OKC,42500314296,10830,0,0,203084|1628368|1630577|1641705|1642264
Shot Chart Detail,0042500314,309,1628983,Shai Gilgeous-Alexander,1610612759,Oklahoma City Thunder,2,5,4,Missed Shot,Step Back Jump shot,2PT Field Goal,Mid-Range,Left Side Center(LC),16-24 ft.,16,-120,120,1,0,20260524,SAS,OKC,42500314309,11360,0,0,203084|1628368|1630170|1641705|1642264
Shot Chart Detail,0042500314,315,1631119,Jaylin Williams,1610612759,Oklahoma City Thunder,2,4,32,Missed Shot,Jump Shot,3PT Field Goal,Right Corner 3,Right Side(R),24+ ft.,23,232,23,1,0,20260524,SAS,OKC,42500314315,11680,0,0,203084|1628368|1630170|1641705|1642264
Shot Chart Detail,0042500314,361,1628983,Shai Gilgeous-Alexander,1610612759,Oklahoma City Thunder,2,2,50,Missed Shot,Step Back Jump shot,2PT Field Goal,Mid-Range,Right Side(R),8-16 ft.,14,91,113,1,0,20260524,SAS,OKC,42500314361,12700,0,0,1629640|1630170|1641705|1642264|1642844
Shot Chart Detail,0042500314,373,1641717,Cason Wallace,1610612759,Oklahoma City Thunder,2,2,26,Made Shot,Driving Finger Roll Layup Shot,2PT Field Goal,Restricted Area,Center(C),Less Than 8 ft.,1,13,5,1,1,20260524,SAS,OKC,42500314373,12940,0,0,1628368|1630170|1630577|1641705|1642844
Shot Chart Detail,0042500314,377,1641717,Cason Wallace,1610612759,Oklahoma City Thunder,2,2,10,Missed Shot,Running Layup Shot,2PT Field Goal,Restricted Area,Center(C),Less Than 8 ft.,1,-16,-3,1,0,20260524,SAS,OKC,42500314377,13100,0,0,1628368|1630170|1630577|1641705|1642844
Shot Chart Detail,0042500314,379,1631096,Chet Holmgren,1610612759,Oklahoma City Thunder,2,2,8,Made Shot,Tip Layup Shot,2PT Field Goal,Restricted Area,Center(C),Less Than 8 ft.,0,0,0,1,1,20260524,SAS,OKC,42500314379,13120,0,0,1628368|1630170|1630577|1641705|1642844
Shot Chart Detail,0042500314,383,1628983,Shai Gilgeous-Alexander,1610612759,Oklahoma City Thunder,2,1,37,Made Shot,Step Back Jump shot,2PT Field Goal,Mid-Range,Left Side(L),8-16 ft.,15,-156,-17,1,1,20260524,SAS,OKC,42500314383,13430,0,0,1628368|1630170|1630577|1641705|1642844
Shot Chart Detail,0042500314,386,1642272,Jared McCain,1610612759,Oklahoma City Thunder,2,0,58,Missed Shot,Jump Shot,3PT Field Goal,Above the Break 3,Left Side Center(LC),24+ ft.,25,-203,149,1,0,20260524,SAS,OKC,42500314386,13820,0,0,1628368|1630170|1630577|1641705|1642264
Shot Chart Detail,0042500314,396,1642272,Jared McCain,1610612759,Oklahoma City Thunder,2,0,48,Missed Shot,Jump Shot,2PT Field Goal,Mid-Range,Center(C),8-16 ft.,14,1,144,1,0,20260524,SAS,OKC,42500314396,13920,0,0,1628368|1630170|1630577|1641705|1642264
Shot Chart Detail,0042500314,403,1641717,Cason Wallace,1610612759,Oklahoma City Thunder,2,0,14,Missed Shot,Jump Shot,3PT Field Goal,Left Corner 3,Left Side(L),24+ ft.,22,-229,8,1,0,20260524,SAS,OKC,42500314403,14260,0,0,1628368|1630170|1630577|1641705|1642264
Shot Chart Detail,0042500314,417,1641717,Cason Wallace,1610612759,Oklahoma City Thunder,3,11,42,Made Shot,Jump Shot,3PT Field Goal,Above the Break 3,Center(C),24+ ft.,25,74,243,1,1,20260524,SAS,OKC,42500314417,14580,0,0,1628368|1630170|1630577|1641705|1642264
Shot Chart Detail,0042500314,426,1628392,Isaiah Hartenstein,1610612759,Oklahoma City Thunder,3,11,16,Missed Shot,Floating Jump shot,2PT Field Goal,Mid-Range,Right Side(R),8-16 ft.,10,108,4,1,0,20260524,SAS,OKC,42500314426,14840,0,0,1628368|1630170|1630577|1641705|1642264
Shot Chart Detail,0042500314,430,1630598,Aaron Wiggins,1610612759,Oklahoma City Thunder,3,10,55,Missed Shot,Jump Shot,3PT Field Goal,Above the Break 3,Left Side Center(LC),24+ ft.,24,-195,156,1,0,20260524,SAS,OKC,42500314430,15050,0,0,1628368|1630170|1630577|1641705|1642264
Shot Chart Detail,0042500314,435,1628983,Shai Gilgeous-Alexander,1610612759,Oklahoma City Thunder,3,10,32,Missed Shot,Pullup Jump shot,2PT Field Goal,Mid-Range,Right Side Center(RC),16-24 ft.,18,113,152,1,0,20260524,SAS,OKC,42500314435,15280,0,0,1628368|1630170|1630577|1641705|1642264
Shot Chart Detail,0042500314,439,1628983,Shai Gilgeous-Alexander,1610612759,Oklahoma City Thunder,3,10,24,Made Shot,Driving Finger Roll Layup Shot,2PT Field Goal,Restricted Area,Center(C),Less Than 8 ft.,1,-11,14,1,1,20260524,SAS,OKC,42500314439,15360,0,0,1628368|1630170|1630577|1641705|1642264
Shot Chart Detail,0042500314,444,1630598,Aaron Wiggins,1610612759,Oklahoma City Thunder,3,9,36,Missed Shot,Pullup Jump shot,2PT Field Goal,Mid-Range,Right Side(R),8-16 ft.,15,107,108,1,0,20260524,SAS,OKC,42500314444,15840,0,0,1628368|1630170|1630577|1641705|1642264
Shot Chart Detail,0042500314,447,1628392,Isaiah Hartenstein,1610612759,Oklahoma City Thunder,3,9,35,Missed Shot,Turnaround Hook Shot,2PT Field Goal,Restricted Area,Center(C),Less Than 8 ft.,0,0,0,1,0,20260524,SAS,OKC,42500314447,15850,0,0,1628368|1630170|1630577|1641705|1642264
Shot Chart Detail,0042500314,456,1630598,Aaron Wiggins,1610612759,Oklahoma City Thunder,3,9,6,Missed Shot,Jump Shot,3PT Field Goal,Right Corner 3,Right Side(R),24+ ft.,23,230,53,1,0,20260524,SAS,OKC,42500314456,16140,0,0,1628368|1630170|1630577|1641705|1642264
Shot Chart Detail,0042500314,461,1627936,Alex Caruso,1610612759,Oklahoma City Thunder,3,8,37,Missed Shot,Running Pull-Up Jump Shot,2PT Field Goal,Restricted Area,Center(C),Less Than 8 ft.,1,18,3,1,0,20260524,SAS,OKC,42500314461,16430,0,0,1628368|1630170|1630577|1641705|1642264
Shot Chart Detail,0042500314,490,1628983,Shai Gilgeous-Alexander,1610612759,Oklahoma City Thunder,3,7,29,Missed Shot,Pullup Jump shot,2PT Field Goal,Mid-Range,Right Side Center(RC),16-24 ft.,17,103,143,1,0,20260524,SAS,OKC,42500314490,17110,0,0,203084|1630170|1641705|1642264|1642844
Shot Chart Detail,0042500314,497,1631096,Chet Holmgren,1610612759,Oklahoma City Thunder,3,6,58,Missed Shot,Jump Shot,3PT Field Goal,Left Corner 3,Left Side(L),24+ ft.,24,-235,69,1,0,20260524,SAS,OKC,42500314497,17420,0,0,203084|1630170|1641705|1642264|1642844
Shot Chart Detail,0042500314,502,1631096,Chet Holmgren,1610612759,Oklahoma City Thunder,3,6,24,Missed Shot,Turnaround Fadeaway shot,2PT Field Goal,Mid-Range,Center(C),16-24 ft.,17,43,167,1,0,20260524,SAS,OKC,42500314502,17760,0,0,203084|1630170|1641705|1642264|1642844
Shot Chart Detail,0042500314,514,1631119,Jaylin Williams,1610612759,Oklahoma City Thunder,3,5,57,Missed Shot,Running Jump Shot,3PT Field Goal,Left Corner 3,Left Side(L),24+ ft.,22,-227,-23,1,0,20260524,SAS,OKC,42500314514,18030,0,0,203084|1628368|1630170|1641705|1642844
Shot Chart Detail,0042500314,535,1631119,Jaylin Williams,1610612759,Oklahoma City Thunder,3,4,38,Missed Shot,Jump Shot,3PT Field Goal,Above the Break 3,Right Side Center(RC),24+ ft.,25,124,226,1,0,20260524,SAS,OKC,42500314535,18820,0,0,1628368|1628436|1630170|1642844|1642868
Shot Chart Detail,0042500314,540,1631096,Chet Holmgren,1610612759,Oklahoma City Thunder,3,4,7,Missed Shot,Layup Shot,2PT Field Goal,Restricted Area,Center(C),Less Than 8 ft.,3,27,25,1,0,20260524,SAS,OKC,42500314540,19130,0,0,1628368|1628436|1630170|1642844|1642868
Shot Chart Detail,0042500314,553,1628983,Shai Gilgeous-Alexander,1610612759,Oklahoma City Thunder,3,3,28,Made Shot,Running Finger Roll Layup Shot,2PT Field Goal,Restricted Area,Center(C),Less Than 8 ft.,1,-13,1,1,1,20260524,SAS,OKC,42500314553,19520,0,0,1628368|1628436|1630170|1630577|1642868
Shot Chart Detail,0042500314,568,1630198,Isaiah Joe,1610612759,Oklahoma City Thunder,3,3,2,Missed Shot,Jump Shot,3PT Field Goal,Above the Break 3,Right Side Center(RC),24+ ft.,26,104,246,1,0,20260524,SAS,OKC,42500314568,19780,0,0,203084|1628368|1629640|1630577|1641705
Shot Chart Detail,0042500314,574,1631119,Jaylin Williams,1610612759,Oklahoma City Thunder,3,2,36,Missed Shot,Jump Shot,3PT Field Goal,Above the Break 3,Right Side Center(RC),24+ ft.,25,142,216,1,0,20260524,SAS,OKC,42500314574,20040,0,0,203084|1628368|1629640|1630577|1641705
Shot Chart Detail,0042500314,580,1642272,Jared McCain,1610612759,Oklahoma City Thunder,3,2,25,Made Shot,Driving Finger Roll Layup Shot,2PT Field Goal,Restricted Area,Center(C),Less Than 8 ft.,1,9,6,1,1,20260524,SAS,OKC,42500314580,20150,0,0,203084|1628368|1629640|1630577|1641705
Shot Chart Detail,0042500314,594,1631119,Jaylin Williams,1610612759,Oklahoma City Thunder,3,1,34,Missed Shot,Jump Shot,3PT Field Goal,Above the Break 3,Center(C),24+ ft.,26,6,260,1,0,20260524,SAS,OKC,42500314594,20660,0,0,203084|1628368|1629640|1630577|1641705
Shot Chart Detail,0042500314,599,1629026,Kenrich Williams,1610612759,Oklahoma City Thunder,3,1,5,Made Shot,Jump Shot,3PT Field Goal,Right Corner 3,Right Side(R),24+ ft.,22,227,8,1,1,20260524,SAS,OKC,42500314599,20950,0,0,203084|1628368|1629640|1630577|1641705
Shot Chart Detail,0042500314,603,1629026,Kenrich Williams,1610612759,Oklahoma City Thunder,3,0,34,Made Shot,Jump Shot,3PT Field Goal,Right Corner 3,Right Side(R),24+ ft.,22,229,13,1,1,20260524,SAS,OKC,42500314603,21260,0,0,203084|1628368|1629640|1630577|1641705
Shot Chart Detail,0042500314,607,1628983,Shai Gilgeous-Alexander,1610612759,Oklahoma City Thunder,3,0,2,Missed Shot,Step Back Jump shot,3PT Field Goal,Above the Break 3,Right Side Center(RC),24+ ft.,25,200,155,1,0,20260524,SAS,OKC,42500314607,21580,0,0,203084|1628368|1629640|1630577|1641705
Shot Chart Detail,0042500314,623,1642272,Jared McCain,1610612759,Oklahoma City Thunder,4,11,15,Missed Shot,Driving Finger Roll Layup Shot,2PT Field Goal,Restricted Area,Center(C),Less Than 8 ft.,1,15,8,1,0,20260524,SAS,OKC,42500314623,22050,0,0,203084|1629640|1630170|1641705|1642264
Shot Chart Detail,0042500314,628,1642272,Jared McCain,1610612759,Oklahoma City Thunder,4,10,55,Missed Shot,Pullup Jump shot,3PT Field Goal,Above the Break 3,Left Side Center(LC),24+ ft.,25,-158,199,1,0,20260524,SAS,OKC,42500314628,22250,0,0,203084|1629640|1630170|1641705|1642264
Shot Chart Detail,0042500314,630,1630198,Isaiah Joe,1610612759,Oklahoma City Thunder,4,10,48,Missed Shot,Jump Shot,3PT Field Goal,Above the Break 3,Right Side Center(RC),24+ ft.,25,179,182,1,0,20260524,SAS,OKC,42500314630,22320,0,0,203084|1629640|1630170|1641705|1642264
Shot Chart Detail,0042500314,650,1629652,Luguentz Dort,1610612759,Oklahoma City Thunder,4,9,38,Made Shot,Pullup Jump shot,2PT Field Goal,In The Paint (Non-RA),Center(C),8-16 ft.,12,-49,113,1,1,20260524,SAS,OKC,42500314650,23020,0,0,203084|1629640|1630170|1641705|1642264
Shot Chart Detail,0042500314,659,1630598,Aaron Wiggins,1610612759,Oklahoma City Thunder,4,9,2,Made Shot,Step Back Jump shot,2PT Field Goal,Mid-Range,Center(C),8-16 ft.,15,4,152,1,1,20260524,SAS,OKC,42500314659,23380,0,0,203084|1629640|1630170|1641705|1642264
Shot Chart Detail,0042500314,676,1630598,Aaron Wiggins,1610612759,Oklahoma City Thunder,4,8,18,Missed Shot,Driving Layup Shot,2PT Field Goal,Restricted Area,Center(C),Less Than 8 ft.,3,33,22,1,0,20260524,SAS,OKC,42500314676,23820,0,0,1628368|1628436|1629640|1630170|1642844
Shot Chart Detail,0042500314,688,1629026,Kenrich Williams,1610612759,Oklahoma City Thunder,4,7,41,Missed Shot,Jump Shot,3PT Field Goal,Above the Break 3,Left Side Center(LC),24+ ft.,25,-127,218,1,0,20260524,SAS,OKC,42500314688,24190,0,0,1628368|1628436|1629640|1630170|1642844
Shot Chart Detail,0042500314,692,1630598,Aaron Wiggins,1610612759,Oklahoma City Thunder,4,7,8,Made Shot,Pullup Jump shot,2PT Field Goal,Mid-Range,Right Side Center(RC),16-24 ft.,18,150,110,1,1,20260524,SAS,OKC,42500314692,24520,0,0,1628368|1628436|1629640|1630170|1642844
Shot Chart Detail,0042500314,701,1631096,Chet Holmgren,1610612759,Oklahoma City Thunder,4,6,43,Missed Shot,Layup Shot,2PT Field Goal,In The Paint (Non-RA),Center(C),Less Than 8 ft.,4,-22,-41,1,0,20260524,SAS,OKC,42500314701,24770,0,0,1628436|1630170|1630577|1642264|1642844
Shot Chart Detail,0042500314,705,1629026,Kenrich Williams,1610612759,Oklahoma City Thunder,4,6,37,Missed Shot,Jump Shot,3PT Field Goal,Above the Break 3,Right Side Center(RC),24+ ft.,25,118,222,1,0,20260524,SAS,OKC,42500314705,24830,0,0,1628436|1630170|1630577|1642264|1642844
Shot Chart Detail,0042500314,715,1629652,Luguentz Dort,1610612759,Oklahoma City Thunder,4,6,17,Missed Shot,Jump Shot,3PT Field Goal,Above the Break 3,Left Side Center(LC),24+ ft.,25,-164,194,1,0,20260524,SAS,OKC,42500314715,25030,0,0,1628436|1630170|1630577|1642264|1642844
Shot Chart Detail,0042500314,719,1630598,Aaron Wiggins,1610612759,Oklahoma City Thunder,4,6,1,Missed Shot,Running Pull-Up Jump Shot,3PT Field Goal,Above the Break 3,Left Side Center(LC),24+ ft.,25,-141,208,1,0,20260524,SAS,OKC,42500314719,25190,0,0,1628436|1630170|1630577|1642264|1642844
Shot Chart Detail,0042500314,723,1630198,Isaiah Joe,1610612759,Oklahoma City Thunder,4,5,51,Missed Shot,Step Back Jump shot,3PT Field Goal,Above the Break 3,Left Side Center(LC),24+ ft.,25,-178,184,1,0,20260524,SAS,OKC,42500314723,25290,0,0,1628436|1630170|1630577|1642264|1642844
Shot Chart Detail,0042500314,725,1630598,Aaron Wiggins,1610612759,Oklahoma City Thunder,4,5,44,Missed Shot,Driving Floating Bank Jump Shot,2PT Field Goal,Mid-Range,Left Side(L),8-16 ft.,8,-86,24,1,0,20260524,SAS,OKC,42500314725,25360,0,0,1628436|1630170|1630577|1642264|1642844
Shot Chart Detail,0042500314,731,1630598,Aaron Wiggins,1610612759,Oklahoma City Thunder,4,5,37,Missed Shot,Jump Shot,3PT Field Goal,Above the Break 3,Right Side Center(RC),24+ ft.,26,88,247,1,0,20260524,SAS,OKC,42500314731,25430,0,0,1628368|1628436|1630170|1630577|1642844
Shot Chart Detail,0042500314,742,1630598,Aaron Wiggins,1610612759,Oklahoma City Thunder,4,4,36,Missed Shot,Cutting Layup Shot,2PT Field Goal,Restricted Area,Center(C),Less Than 8 ft.,2,21,5,1,0,20260524,SAS,OKC,42500314742,26040,0,0,1628368|1628436|1630170|1630577|1642844
Shot Chart Detail,0042500314,745,1629026,Kenrich Williams,1610612759,Oklahoma City Thunder,4,4,8,Missed Shot,Driving Layup Shot,2PT Field Goal,Restricted Area,Center(C),Less Than 8 ft.,1,6,13,1,0,20260524,SAS,OKC,42500314745,26320,0,0,1628368|1628436|1630170|1630577|1642844
Shot Chart Detail,0042500314,749,1630198,Isaiah Joe,1610612759,Oklahoma City Thunder,4,3,57,Made Shot,Running Jump Shot,3PT Field Goal,Above the Break 3,Right Side Center(RC),24+ ft.,25,173,182,1,1,20260524,SAS,OKC,42500314749,26430,0,0,1628368|1628436|1630170|1630577|1642844
Shot Chart Detail,0042500314,764,1630198,Isaiah Joe,1610612759,Oklahoma City Thunder,4,3,33,Made Shot,Driving Layup Shot,2PT Field Goal,Restricted Area,Center(C),Less Than 8 ft.,1,18,0,1,1,20260524,SAS,OKC,42500314764,26670,0,0,1628368|1628436|1629162|1629640|1642868
Shot Chart Detail,0042500314,774,1642260,Nikola Topić,1610612759,Oklahoma City Thunder,4,2,57,Missed Shot,Driving Layup Shot,2PT Field Goal,Restricted Area,Center(C),Less Than 8 ft.,2,26,3,1,0,20260524,SAS,OKC,42500314774,27030,0,0,203482|1629162|1629640|1630322|1642868
Shot Chart Detail,0042500314,793,1630198,Isaiah Joe,1610612759,Oklahoma City Thunder,4,1,13,Made Shot,Step Back Jump shot,3PT Field Goal,Left Corner 3,Left Side(L),24+ ft.,23,-230,-18,1,1,20260524,SAS,OKC,42500314793,28070,0,0,203482|1629162|1629640|1630322|1642868
Shot Chart Detail,0042500314,796,1642260,Nikola Topić,1610612759,Oklahoma City Thunder,4,0,55,Made Shot,Running Layup Shot,2PT Field Goal,Restricted Area,Center(C),Less Than 8 ft.,1,-17,1,1,1,20260524,SAS,OKC,42500314796,28250,0,0,203482|1629162|1629640|1630322|1642868
Shot Chart Detail,0042500314,800,1629026,Kenrich Williams,1610612759,Oklahoma City Thunder,4,0,28,Made Shot,Cutting Layup Shot,2PT Field Goal,Restricted Area,Center(C),Less Than 8 ft.,1,-12,1,1,1,20260524,SAS,OKC,42500314800,28520,0,0,203482|1629162|1629640|1630322|1642868
Shot Chart Detail,0042500315,15,1629652,Luguentz Dort,1610612759,Oklahoma City Thunder,1,10,59,Missed Shot,Jump Shot,3PT Field Goal,Right Corner 3,Right Side(R),24+ ft.,22,228,19,1,0,20260526,OKC,SAS,4250031515,610,0,0,1628368|1630170|1630577|1641705|1642264
Shot Chart Detail,0042500315,17,1631096,Chet Holmgren,1610612759,Oklahoma City Thunder,1,10,54,Made Shot,Turnaround Jump Shot,2PT Field Goal,In The Paint (Non-RA),Center(C),Less Than 8 ft.,7,-75,6,1,1,20260526,OKC,SAS,4250031517,660,0,0,1628368|1630170|1630577|1641705|1642264
Shot Chart Detail,0042500315,20,1642272,Jared McCain,1610612759,Oklahoma City Thunder,1,10,33,Missed Shot,Step Back Jump shot,2PT Field Goal,In The Paint (Non-RA),Right Side(R),8-16 ft.,14,74,121,1,0,20260526,OKC,SAS,4250031520,870,0,0,1628368|1630170|1630577|1641705|1642264
Shot Chart Detail,0042500315,28,1629652,Luguentz Dort,1610612759,Oklahoma City Thunder,1,10,6,Missed Shot,Jump Shot,3PT Field Goal,Right Corner 3,Right Side(R),24+ ft.,23,237,-12,1,0,20260526,OKC,SAS,4250031528,1140,0,0,1628368|1630170|1630577|1641705|1642264
Shot Chart Detail,0042500315,32,1631096,Chet Holmgren,1610612759,Oklahoma City Thunder,1,9,38,Made Shot,Turnaround Jump Shot,2PT Field Goal,In The Paint (Non-RA),Center(C),8-16 ft.,14,-34,138,1,1,20260526,OKC,SAS,4250031532,1420,0,0,1628368|1630170|1630577|1641705|1642264
Shot Chart Detail,0042500315,39,1628983,Shai Gilgeous-Alexander,1610612759,Oklahoma City Thunder,1,9,3,Missed Shot,Jump Shot,2PT Field Goal,Mid-Range,Left Side(L),8-16 ft.,14,-141,-13,1,0,20260526,OKC,SAS,4250031539,1770,0,0,1628368|1630170|1630577|1641705|1642264
Shot Chart Detail,0042500315,43,1628392,Isaiah Hartenstein,1610612759,Oklahoma City Thunder,1,8,39,Made Shot,Cutting Dunk Shot,2PT Field Goal,Restricted Area,Center(C),Less Than 8 ft.,0,-9,3,1,1,20260526,OKC,SAS,4250031543,2010,0,0,1628368|1630170|1630577|1641705|1642264
Shot Chart Detail,0042500315,54,1628983,Shai Gilgeous-Alexander,1610612759,Oklahoma City Thunder,1,7,37,Missed Shot,Driving Finger Roll Layup Shot,2PT Field Goal,Restricted Area,Center(C),Less Than 8 ft.,2,-22,3,1,0,20260526,OKC,SAS,4250031554,2630,0,0,1628368|1630170|1630577|1641705|1642264
Shot Chart Detail,0042500315,59,1629652,Luguentz Dort,1610612759,Oklahoma City Thunder,1,6,55,Made Shot,Driving Layup Shot,2PT Field Goal,Restricted Area,Center(C),Less Than 8 ft.,1,-10,-8,1,1,20260526,OKC,SAS,4250031559,3050,0,0,1628368|1630170|1630577|1641705|1642264
Shot Chart Detail,0042500315,66,1631096,Chet Holmgren,1610612759,Oklahoma City Thunder,1,5,58,Made Shot,Turnaround Fadeaway shot,2PT Field Goal,Mid-Range,Left Side(L),8-16 ft.,11,-115,16,1,1,20260526,OKC,SAS,4250031566,3620,0,0,1628368|1630170|1630577|1641705|1642264
Shot Chart Detail,0042500315,82,1627936,Alex Caruso,1610612759,Oklahoma City Thunder,1,5,9,Made Shot,Jump Shot,3PT Field Goal,Right Corner 3,Right Side(R),24+ ft.,22,229,8,1,1,20260526,OKC,SAS,4250031582,4110,0,0,1629640|1630577|1641705|1642264|1642844
Shot Chart Detail,0042500315,91,1641717,Cason Wallace,1610612759,Oklahoma City Thunder,1,4,23,Missed Shot,Jump Shot,3PT Field Goal,Right Corner 3,Right Side(R),24+ ft.,23,232,0,1,0,20260526,OKC,SAS,4250031591,4570,0,0,1629640|1630577|1641705|1642264|1642844
Shot Chart Detail,0042500315,95,1631096,Chet Holmgren,1610612759,Oklahoma City Thunder,1,3,59,Made Shot,Driving Floating Jump Shot,2PT Field Goal,In The Paint (Non-RA),Center(C),Less Than 8 ft.,7,65,32,1,1,20260526,OKC,SAS,4250031595,4810,0,0,1629640|1630577|1641705|1642264|1642844
Shot Chart Detail,0042500315,105,1641717,Cason Wallace,1610612759,Oklahoma City Thunder,1,3,27,Made Shot,Driving Layup Shot,2PT Field Goal,Restricted Area,Center(C),Less Than 8 ft.,2,-25,0,1,1,20260526,OKC,SAS,42500315105,5130,0,0,1628368|1629640|1630577|1641705|1642844
Shot Chart Detail,0042500315,120,1627936,Alex Caruso,1610612759,Oklahoma City Thunder,1,3,0,Missed Shot,Jump Shot,3PT Field Goal,Left Corner 3,Left Side(L),24+ ft.,22,-223,-12,1,0,20260526,OKC,SAS,42500315120,5400,0,0,1628368|1628436|1630170|1642844|1642868
Shot Chart Detail,0042500315,122,1628983,Shai Gilgeous-Alexander,1610612759,Oklahoma City Thunder,1,2,46,Missed Shot,Driving Floating Jump Shot,2PT Field Goal,In The Paint (Non-RA),Center(C),Less Than 8 ft.,4,-10,48,1,0,20260526,OKC,SAS,42500315122,5540,0,0,1628368|1628436|1630170|1642844|1642868
Shot Chart Detail,0042500315,127,1628983,Shai Gilgeous-Alexander,1610612759,Oklahoma City Thunder,1,2,22,Missed Shot,Driving Finger Roll Layup Shot,2PT Field Goal,Restricted Area,Center(C),Less Than 8 ft.,2,26,5,1,0,20260526,OKC,SAS,42500315127,5780,0,0,1628368|1628436|1630170|1642844|1642868
Shot Chart Detail,0042500315,129,1629026,Kenrich Williams,1610612759,Oklahoma City Thunder,1,2,19,Made Shot,Jump Shot,3PT Field Goal,Above the Break 3,Right Side Center(RC),24+ ft.,25,91,237,1,1,20260526,OKC,SAS,42500315129,5810,0,0,1628368|1628436|1630170|1642844|1642868
Shot Chart Detail,0042500315,150,1628983,Shai Gilgeous-Alexander,1610612759,Oklahoma City Thunder,1,0,31,Made Shot,Jump Shot,3PT Field Goal,Above the Break 3,Right Side Center(RC),24+ ft.,25,118,225,1,1,20260526,OKC,SAS,42500315150,6890,0,0,1628368|1628436|1630170|1642844|1642868
Shot Chart Detail,0042500315,154,1641717,Cason Wallace,1610612759,Oklahoma City Thunder,1,0,21,Missed Shot,Driving Layup Shot,2PT Field Goal,Restricted Area,Center(C),Less Than 8 ft.,0,7,6,1,0,20260526,OKC,SAS,42500315154,6990,0,0,1628368|1628436|1630170|1642844|1642868
Shot Chart Detail,0042500315,182,1628392,Isaiah Hartenstein,1610612759,Oklahoma City Thunder,2,11,36,Missed Shot,Driving Floating Jump Shot,2PT Field Goal,In The Paint (Non-RA),Center(C),Less Than 8 ft.,4,-37,31,1,0,20260526,OKC,SAS,42500315182,7440,0,0,203084|1630577|1641705|1642264|1642844
Shot Chart Detail,0042500315,194,1628392,Isaiah Hartenstein,1610612759,Oklahoma City Thunder,2,11,5,Made Shot,Running Jump Shot,2PT Field Goal,In The Paint (Non-RA),Center(C),Less Than 8 ft.,7,78,5,1,1,20260526,OKC,SAS,42500315194,7750,0,0,203084|1630577|1641705|1642264|1642844
Shot Chart Detail,0042500315,203,1641717,Cason Wallace,1610612759,Oklahoma City Thunder,2,10,42,Made Shot,Jump Shot,3PT Field Goal,Left Corner 3,Left Side(L),24+ ft.,22,-222,-31,1,1,20260526,OKC,SAS,42500315203,7980,0,0,203084|1630577|1641705|1642264|1642844
Shot Chart Detail,0042500315,207,1631119,Jaylin Williams,1610612759,Oklahoma City Thunder,2,10,16,Made Shot,Jump Shot,3PT Field Goal,Above the Break 3,Right Side Center(RC),24+ ft.,25,123,229,1,1,20260526,OKC,SAS,42500315207,8240,0,0,203084|1630577|1641705|1642264|1642844
Shot Chart Detail,0042500315,212,1642272,Jared McCain,1610612759,Oklahoma City Thunder,2,10,6,Missed Shot,Driving Floating Jump Shot,2PT Field Goal,In The Paint (Non-RA),Center(C),Less Than 8 ft.,5,-47,25,1,0,20260526,OKC,SAS,42500315212,8340,0,0,203084|1630577|1641705|1642264|1642844
Shot Chart Detail,0042500315,220,1642272,Jared McCain,1610612759,Oklahoma City Thunder,2,9,32,Made Shot,Driving Layup Shot,2PT Field Goal,Restricted Area,Center(C),Less Than 8 ft.,0,-7,-4,1,1,20260526,OKC,SAS,42500315220,8680,0,0,203084|1628368|1630577|1641705|1642264
Shot Chart Detail,0042500315,235,1627936,Alex Caruso,1610612759,Oklahoma City Thunder,2,8,15,Made Shot,Pullup Jump shot,2PT Field Goal,In The Paint (Non-RA),Right Side(R),8-16 ft.,9,66,75,1,1,20260526,OKC,SAS,42500315235,9450,0,0,203084|1628368|1630170|1641705|1642264
Shot Chart Detail,0042500315,242,1631119,Jaylin Williams,1610612759,Oklahoma City Thunder,2,7,48,Missed Shot,Jump Shot,3PT Field Goal,Right Corner 3,Right Side(R),24+ ft.,23,229,58,1,0,20260526,OKC,SAS,42500315242,9720,0,0,1628368|1629640|1630170|1641705|1642264
Shot Chart Detail,0042500315,246,1642272,Jared McCain,1610612759,Oklahoma City Thunder,2,7,27,Missed Shot,Running Pull-Up Jump Shot,3PT Field Goal,Above the Break 3,Right Side Center(RC),24+ ft.,25,174,187,1,0,20260526,OKC,SAS,42500315246,9930,0,0,1628368|1629640|1630170|1641705|1642264
Shot Chart Detail,0042500315,258,1628983,Shai Gilgeous-Alexander,1610612759,Oklahoma City Thunder,2,6,54,Missed Shot,Pullup Jump shot,2PT Field Goal,In The Paint (Non-RA),Center(C),8-16 ft.,14,-69,132,1,0,20260526,OKC,SAS,42500315258,10260,0,0,1629640|1630170|1641705|1642264|1642844
Shot Chart Detail,0042500315,260,1631096,Chet Holmgren,1610612759,Oklahoma City Thunder,2,6,48,Missed Shot,Turnaround Fadeaway shot,2PT Field Goal,In The Paint (Non-RA),Center(C),Less Than 8 ft.,6,34,58,1,0,20260526,OKC,SAS,42500315260,10320,0,0,1629640|1630170|1641705|1642264|1642844
Shot Chart Detail,0042500315,285,1628983,Shai Gilgeous-Alexander,1610612759,Oklahoma City Thunder,2,5,51,Made Shot,Step Back Jump shot,2PT Field Goal,Mid-Range,Left Side(L),8-16 ft.,11,-113,-1,1,1,20260526,OKC,SAS,42500315285,10890,0,0,1629640|1630170|1641705|1642264|1642844
Shot Chart Detail,0042500315,293,1628983,Shai Gilgeous-Alexander,1610612759,Oklahoma City Thunder,2,5,1,Missed Shot,Pullup Jump shot,2PT Field Goal,In The Paint (Non-RA),Center(C),8-16 ft.,15,-72,136,1,0,20260526,OKC,SAS,42500315293,11390,0,0,1629640|1630170|1641705|1642264|1642844
Shot Chart Detail,0042500315,300,1629652,Luguentz Dort,1610612759,Oklahoma City Thunder,2,4,30,Made Shot,Jump Shot,3PT Field Goal,Above the Break 3,Left Side Center(LC),24+ ft.,25,-199,152,1,1,20260526,OKC,SAS,42500315300,11700,0,0,1629640|1630170|1641705|1642264|1642844
Shot Chart Detail,0042500315,315,1628983,Shai Gilgeous-Alexander,1610612759,Oklahoma City Thunder,2,4,0,Made Shot,Fadeaway Jump Shot,2PT Field Goal,Mid-Range,Right Side(R),8-16 ft.,12,126,0,1,1,20260526,OKC,SAS,42500315315,12000,0,0,1628368|1628436|1630170|1630577|1642844
Shot Chart Detail,0042500315,328,1629652,Luguentz Dort,1610612759,Oklahoma City Thunder,2,3,0,Missed Shot,Step Back Jump shot,2PT Field Goal,In The Paint (Non-RA),Center(C),8-16 ft.,13,33,126,1,0,20260526,OKC,SAS,42500315328,12600,0,0,1628368|1628436|1630170|1630577|1642844
Shot Chart Detail,0042500315,342,1631096,Chet Holmgren,1610612759,Oklahoma City Thunder,2,2,15,Made Shot,Driving Layup Shot,2PT Field Goal,Restricted Area,Center(C),Less Than 8 ft.,1,12,0,1,1,20260526,OKC,SAS,42500315342,13050,0,0,1628368|1628436|1630170|1630577|1642264
Shot Chart Detail,0042500315,360,1627936,Alex Caruso,1610612759,Oklahoma City Thunder,2,1,48,Made Shot,Jump Shot,3PT Field Goal,Above the Break 3,Right Side Center(RC),24+ ft.,25,161,199,1,1,20260526,OKC,SAS,42500315360,13320,0,0,1628368|1630170|1630577|1641705|1642264
Shot Chart Detail,0042500315,397,1628983,Shai Gilgeous-Alexander,1610612759,Oklahoma City Thunder,2,0,23,Made Shot,Step Back Jump shot,2PT Field Goal,In The Paint (Non-RA),Right Side(R),8-16 ft.,13,77,108,1,1,20260526,OKC,SAS,42500315397,14170,0,0,1628368|1629640|1630170|1641705|1642264
Shot Chart Detail,0042500315,399,1642272,Jared McCain,1610612759,Oklahoma City Thunder,2,0,0,Missed Shot,Jump Shot,3PT Field Goal,Left Corner 3,Left Side(L),24+ ft.,22,-229,-16,1,0,20260526,OKC,SAS,42500315399,14400,0,0,1628368|1629640|1630170|1641705|1642264
Shot Chart Detail,0042500315,413,1629652,Luguentz Dort,1610612759,Oklahoma City Thunder,3,11,5,Missed Shot,Jump Shot,3PT Field Goal,Above the Break 3,Left Side Center(LC),24+ ft.,25,-203,157,1,0,20260526,OKC,SAS,42500315413,14950,0,0,1628368|1630170|1630577|1641705|1642264
Shot Chart Detail,0042500315,418,1642272,Jared McCain,1610612759,Oklahoma City Thunder,3,10,48,Missed Shot,Running Layup Shot,2PT Field Goal,Restricted Area,Center(C),Less Than 8 ft.,3,37,13,1,0,20260526,OKC,SAS,42500315418,15120,0,0,1628368|1630170|1630577|1641705|1642264
Shot Chart Detail,0042500315,421,1629652,Luguentz Dort,1610612759,Oklahoma City Thunder,3,10,45,Made Shot,Putback Layup Shot,2PT Field Goal,Restricted Area,Center(C),Less Than 8 ft.,1,-13,12,1,1,20260526,OKC,SAS,42500315421,15150,0,0,1628368|1630170|1630577|1641705|1642264
Shot Chart Detail,0042500315,425,1642272,Jared McCain,1610612759,Oklahoma City Thunder,3,10,28,Made Shot,Driving Floating Bank Jump Shot,2PT Field Goal,Restricted Area,Center(C),Less Than 8 ft.,2,1,28,1,1,20260526,OKC,SAS,42500315425,15320,0,0,1628368|1630170|1630577|1641705|1642264
Shot Chart Detail,0042500315,432,1628983,Shai Gilgeous-Alexander,1610612759,Oklahoma City Thunder,3,9,56,Made Shot,Step Back Jump shot,3PT Field Goal,Above the Break 3,Left Side Center(LC),24+ ft.,26,-179,196,1,1,20260526,OKC,SAS,42500315432,15640,0,0,1628368|1630170|1630577|1641705|1642264
Shot Chart Detail,0042500315,435,1628983,Shai Gilgeous-Alexander,1610612759,Oklahoma City Thunder,3,9,32,Made Shot,Pullup Jump shot,2PT Field Goal,Mid-Range,Left Side(L),16-24 ft.,18,-183,-11,1,1,20260526,OKC,SAS,42500315435,15880,0,0,1628368|1630170|1630577|1641705|1642264
Shot Chart Detail,0042500315,438,1642272,Jared McCain,1610612759,Oklahoma City Thunder,3,9,8,Made Shot,Step Back Jump shot,2PT Field Goal,Mid-Range,Right Side(R),8-16 ft.,11,112,16,1,1,20260526,OKC,SAS,42500315438,16120,0,0,1628368|1630170|1630577|1641705|1642264
Shot Chart Detail,0042500315,446,1642272,Jared McCain,1610612759,Oklahoma City Thunder,3,8,39,Made Shot,Step Back Jump shot,2PT Field Goal,Mid-Range,Center(C),8-16 ft.,14,28,147,1,1,20260526,OKC,SAS,42500315446,16410,0,0,1628368|1630170|1630577|1641705|1642264
Shot Chart Detail,0042500315,450,1642272,Jared McCain,1610612759,Oklahoma City Thunder,3,8,14,Made Shot,Jump Shot,3PT Field Goal,Above the Break 3,Left Side Center(LC),24+ ft.,27,-159,226,1,1,20260526,OKC,SAS,42500315450,16660,0,0,1628368|1630170|1630577|1641705|1642264
Shot Chart Detail,0042500315,471,1628983,Shai Gilgeous-Alexander,1610612759,Oklahoma City Thunder,3,7,9,Missed Shot,Step Back Jump shot,2PT Field Goal,Mid-Range,Left Side Center(LC),16-24 ft.,16,-71,154,1,0,20260526,OKC,SAS,42500315471,17310,0,0,1629640|1630170|1641705|1642264|1642844
Shot Chart Detail,0042500315,475,1631096,Chet Holmgren,1610612759,Oklahoma City Thunder,3,8,46,Missed Shot,Driving Layup Shot,2PT Field Goal,Restricted Area,Center(C),Less Than 8 ft.,1,5,11,1,0,20260526,OKC,SAS,42500315475,16340,0,0,1628368|1630170|1630577|1641705|1642264
Shot Chart Detail,0042500315,478,1631096,Chet Holmgren,1610612759,Oklahoma City Thunder,3,7,0,Missed Shot,Jump Shot,3PT Field Goal,Above the Break 3,Left Side Center(LC),24+ ft.,26,-200,170,1,0,20260526,OKC,SAS,42500315478,17400,0,0,1629640|1630170|1641705|1642264|1642844
Shot Chart Detail,0042500315,483,1631096,Chet Holmgren,1610612759,Oklahoma City Thunder,3,6,33,Made Shot,Dunk Shot,2PT Field Goal,Restricted Area,Center(C),Less Than 8 ft.,1,2,12,1,1,20260526,OKC,SAS,42500315483,17670,0,0,1629640|1630170|1641705|1642264|1642844
Shot Chart Detail,0042500315,493,1631119,Jaylin Williams,1610612759,Oklahoma City Thunder,3,5,47,Missed Shot,Driving Floating Jump Shot,2PT Field Goal,Mid-Range,Right Side(R),8-16 ft.,11,107,39,1,0,20260526,OKC,SAS,42500315493,18130,0,0,1629640|1630170|1641705|1642264|1642844
Shot Chart Detail,0042500315,500,1627936,Alex Caruso,1610612759,Oklahoma City Thunder,3,5,20,Missed Shot,Jump Shot,3PT Field Goal,Right Corner 3,Right Side(R),24+ ft.,22,225,-10,1,0,20260526,OKC,SAS,42500315500,18400,0,0,1629640|1630170|1641705|1642264|1642844
Shot Chart Detail,0042500315,502,1627936,Alex Caruso,1610612759,Oklahoma City Thunder,3,5,7,Made Shot,Jump Shot,3PT Field Goal,Above the Break 3,Left Side Center(LC),24+ ft.,26,-127,230,1,1,20260526,OKC,SAS,42500315502,18530,0,0,1629640|1630170|1641705|1642264|1642844
Shot Chart Detail,0042500315,508,1627936,Alex Caruso,1610612759,Oklahoma City Thunder,3,4,25,Missed Shot,Jump Shot,3PT Field Goal,Right Corner 3,Right Side(R),24+ ft.,22,225,36,1,0,20260526,OKC,SAS,42500315508,18950,0,0,1629640|1630170|1641705|1642264|1642844
Shot Chart Detail,0042500315,521,1628392,Isaiah Hartenstein,1610612759,Oklahoma City Thunder,3,3,46,Missed Shot,Floating Jump shot,2PT Field Goal,In The Paint (Non-RA),Center(C),8-16 ft.,12,1,122,1,0,20260526,OKC,SAS,42500315521,19340,0,0,1628368|1628436|1629640|1630577|1642844
Shot Chart Detail,0042500315,523,1629026,Kenrich Williams,1610612759,Oklahoma City Thunder,3,3,44,Made Shot,Jump Shot,3PT Field Goal,Above the Break 3,Center(C),24+ ft.,27,-13,275,1,1,20260526,OKC,SAS,42500315523,19360,0,0,1628368|1628436|1629640|1630577|1642844
Shot Chart Detail,0042500315,534,1628983,Shai Gilgeous-Alexander,1610612759,Oklahoma City Thunder,3,2,36,Missed Shot,Step Back Jump shot,2PT Field Goal,Mid-Range,Right Side Center(RC),16-24 ft.,18,89,162,1,0,20260526,OKC,SAS,42500315534,20040,0,0,1628368|1628436|1630170|1630577|1642844
Shot Chart Detail,0042500315,537,1628392,Isaiah Hartenstein,1610612759,Oklahoma City Thunder,3,2,9,Made Shot,Floating Jump shot,2PT Field Goal,Mid-Range,Right Side(R),8-16 ft.,8,89,12,1,1,20260526,OKC,SAS,42500315537,20310,0,0,1628368|1628436|1630170|1630577|1642844
Shot Chart Detail,0042500315,604,1642272,Jared McCain,1610612759,Oklahoma City Thunder,3,0,1,Missed Shot,Pullup Jump shot,3PT Field Goal,Above the Break 3,Right Side Center(RC),24+ ft.,24,179,160,1,0,20260526,OKC,SAS,42500315604,21590,0,0,1628368|1629640|1630170|1641705|1642844
Shot Chart Detail,0042500315,629,1628392,Isaiah Hartenstein,1610612759,Oklahoma City Thunder,4,11,19,Made Shot,Floating Jump shot,2PT Field Goal,In The Paint (Non-RA),Right Side(R),8-16 ft.,9,54,81,1,1,20260526,OKC,SAS,42500315629,22010,0,0,1628368|1630170|1630577|1641705|1642264
Shot Chart Detail,0042500315,633,1642272,Jared McCain,1610612759,Oklahoma City Thunder,4,10,56,Missed Shot,Jump Shot,3PT Field Goal,Above the Break 3,Left Side Center(LC),24+ ft.,25,-227,123,1,0,20260526,OKC,SAS,42500315633,22240,0,0,1628368|1630170|1630577|1641705|1642264
Shot Chart Detail,0042500315,643,1628392,Isaiah Hartenstein,1610612759,Oklahoma City Thunder,4,10,15,Made Shot,Running Dunk Shot,2PT Field Goal,Restricted Area,Center(C),Less Than 8 ft.,1,-2,11,1,1,20260526,OKC,SAS,42500315643,22650,0,0,1628368|1630170|1630577|1641705|1642264
Shot Chart Detail,0042500315,659,1627936,Alex Caruso,1610612759,Oklahoma City Thunder,4,9,17,Missed Shot,Driving Finger Roll Layup Shot,2PT Field Goal,Restricted Area,Center(C),Less Than 8 ft.,2,13,21,1,0,20260526,OKC,SAS,42500315659,23230,0,0,1628368|1629640|1630170|1641705|1642844
Shot Chart Detail,0042500315,672,1642272,Jared McCain,1610612759,Oklahoma City Thunder,4,8,17,Missed Shot,Fadeaway Jump Shot,2PT Field Goal,Mid-Range,Center(C),16-24 ft.,16,16,160,1,0,20260526,OKC,SAS,42500315672,23830,0,0,1628368|1629640|1630170|1641705|1642844
Shot Chart Detail,0042500315,681,1628983,Shai Gilgeous-Alexander,1610612759,Oklahoma City Thunder,4,7,39,Missed Shot,Step Back Jump shot,2PT Field Goal,Mid-Range,Left Side Center(LC),16-24 ft.,19,-137,132,1,0,20260526,OKC,SAS,42500315681,24210,0,0,1628368|1629640|1630170|1641705|1642844
Shot Chart Detail,0042500315,694,1628983,Shai Gilgeous-Alexander,1610612759,Oklahoma City Thunder,4,7,10,Missed Shot,Step Back Jump shot,2PT Field Goal,Mid-Range,Left Side(L),8-16 ft.,13,-134,-13,1,0,20260526,OKC,SAS,42500315694,24500,0,0,1628368|1629640|1630170|1641705|1642844
Shot Chart Detail,0042500315,698,1628392,Isaiah Hartenstein,1610612759,Oklahoma City Thunder,4,6,37,Made Shot,Turnaround Hook Shot,2PT Field Goal,In The Paint (Non-RA),Center(C),Less Than 8 ft.,4,-36,18,1,1,20260526,OKC,SAS,42500315698,24830,0,0,1628368|1629640|1630170|1641705|1642844
Shot Chart Detail,0042500315,702,1642272,Jared McCain,1610612759,Oklahoma City Thunder,4,6,12,Made Shot,Running Jump Shot,3PT Field Goal,Above the Break 3,Right Side Center(RC),24+ ft.,24,174,179,1,1,20260526,OKC,SAS,42500315702,25080,0,0,1628368|1629640|1630170|1641705|1642844
Shot Chart Detail,0042500315,711,1628983,Shai Gilgeous-Alexander,1610612759,Oklahoma City Thunder,4,5,46,Missed Shot,Step Back Jump shot,2PT Field Goal,Mid-Range,Right Side Center(RC),16-24 ft.,19,127,148,1,0,20260526,OKC,SAS,42500315711,25340,0,0,1629640|1630577|1641705|1642264|1642844
Shot Chart Detail,0042500315,715,1627936,Alex Caruso,1610612759,Oklahoma City Thunder,4,5,14,Made Shot,Jump Shot,3PT Field Goal,Right Corner 3,Right Side(R),24+ ft.,22,225,-5,1,1,20260526,OKC,SAS,42500315715,25660,0,0,1629640|1630577|1641705|1642264|1642844
Shot Chart Detail,0042500315,719,1642272,Jared McCain,1610612759,Oklahoma City Thunder,4,4,42,Missed Shot,Jump Shot,3PT Field Goal,Above the Break 3,Center(C),24+ ft.,27,54,269,1,0,20260526,OKC,SAS,42500315719,25980,0,0,1629640|1630577|1641705|1642264|1642844
Shot Chart Detail,0042500315,726,1627936,Alex Caruso,1610612759,Oklahoma City Thunder,4,4,3,Missed Shot,Pullup Jump shot,3PT Field Goal,Above the Break 3,Right Side Center(RC),24+ ft.,24,213,130,1,0,20260526,OKC,SAS,42500315726,26370,0,0,1629640|1630577|1641705|1642264|1642844
Shot Chart Detail,0042500315,730,1628983,Shai Gilgeous-Alexander,1610612759,Oklahoma City Thunder,4,3,47,Missed Shot,Step Back Jump shot,3PT Field Goal,Above the Break 3,Center(C),24+ ft.,26,-43,260,1,0,20260526,OKC,SAS,42500315730,26530,0,0,1629640|1630577|1641705|1642264|1642844
Shot Chart Detail,0042500315,732,1642272,Jared McCain,1610612759,Oklahoma City Thunder,4,3,42,Made Shot,Jump Shot,3PT Field Goal,Above the Break 3,Right Side Center(RC),24+ ft.,26,123,235,1,1,20260526,OKC,SAS,42500315732,26580,0,0,1629640|1630577|1641705|1642264|1642844
Shot Chart Detail,0042500315,741,1642272,Jared McCain,1610612759,Oklahoma City Thunder,4,3,4,Missed Shot,Driving Finger Roll Layup Shot,2PT Field Goal,Restricted Area,Center(C),Less Than 8 ft.,3,-7,33,1,0,20260526,OKC,SAS,42500315741,26960,0,0,1628368|1630170|1630577|1641705|1642264
Shot Chart Detail,0042500315,745,1628983,Shai Gilgeous-Alexander,1610612759,Oklahoma City Thunder,4,2,34,Made Shot,Driving Layup Shot,2PT Field Goal,Restricted Area,Center(C),Less Than 8 ft.,1,-13,8,1,1,20260526,OKC,SAS,42500315745,27260,0,0,1628368|1630170|1630577|1641705|1642264
Shot Chart Detail,0042500315,748,1641717,Cason Wallace,1610612759,Oklahoma City Thunder,4,2,14,Missed Shot,Jump Shot,3PT Field Goal,Left Corner 3,Left Side(L),24+ ft.,23,-230,-14,1,0,20260526,OKC,SAS,42500315748,27460,0,0,1628368|1630170|1630577|1641705|1642264
Shot Chart Detail,0042500315,785,1642272,Jared McCain,1610612759,Oklahoma City Thunder,4,1,9,Missed Shot,Driving Finger Roll Layup Shot,2PT Field Goal,Restricted Area,Center(C),Less Than 8 ft.,3,33,15,1,0,20260526,OKC,SAS,42500315785,28110,0,0,202687|203482|203486|1629162|1642868
Shot Chart Detail,0042500315,800,1642272,Jared McCain,1610612759,Oklahoma City Thunder,4,0,21,Missed Shot,Jump Shot,3PT Field Goal,Above the Break 3,Right Side Center(RC),24+ ft.,27,102,251,1,0,20260526,OKC,SAS,42500315800,28590,0,0,202687|203482|203486|1629162|1642868
Shot Chart Detail,0042500315,802,1629026,Kenrich Williams,1610612759,Oklahoma City Thunder,4,0,19,Made Shot,Tip Layup Shot,2PT Field Goal,Restricted Area,Center(C),Less Than 8 ft.,2,-5,26,1,1,20260526,OKC,SAS,42500315802,28610,0,0,202687|203482|203486|1629162|1642868
Shot Chart Detail,0042500316,9,1628392,Isaiah Hartenstein,1610612759,Oklahoma City Thunder,1,11,19,Made Shot,Floating Jump shot,2PT Field Goal,In The Paint (Non-RA),Center(C),8-16 ft.,12,1,120,1,1,20260528,SAS,OKC,425003169,410,0,0,1628368|1630170|1630577|1641705|1642264
Shot Chart Detail,0042500316,13,1642272,Jared McCain,1610612759,Oklahoma City Thunder,1,10,47,Missed Shot,Driving Finger Roll Layup Shot,2PT Field Goal,Restricted Area,Center(C),Less Than 8 ft.,3,-9,36,1,0,20260528,SAS,OKC,4250031613,730,0,0,1628368|1630170|1630577|1641705|1642264
Shot Chart Detail,0042500316,19,1631096,Chet Holmgren,1610612759,Oklahoma City Thunder,1,10,43,Missed Shot,Jump Shot,3PT Field Goal,Above the Break 3,Left Side Center(LC),24+ ft.,25,-191,175,1,0,20260528,SAS,OKC,4250031619,770,0,0,1628368|1630170|1630577|1641705|1642264
Shot Chart Detail,0042500316,22,1629652,Luguentz Dort,1610612759,Oklahoma City Thunder,1,10,20,Made Shot,Jump Shot,3PT Field Goal,Right Corner 3,Right Side(R),24+ ft.,24,240,11,1,1,20260528,SAS,OKC,4250031622,1000,0,0,1628368|1630170|1630577|1641705|1642264
Shot Chart Detail,0042500316,25,1628392,Isaiah Hartenstein,1610612759,Oklahoma City Thunder,1,9,51,Made Shot,Floating Jump shot,2PT Field Goal,In The Paint (Non-RA),Center(C),8-16 ft.,11,5,111,1,1,20260528,SAS,OKC,4250031625,1290,0,0,1628368|1630170|1630577|1641705|1642264
Shot Chart Detail,0042500316,29,1628392,Isaiah Hartenstein,1610612759,Oklahoma City Thunder,1,9,12,Missed Shot,Layup Shot,2PT Field Goal,Restricted Area,Center(C),Less Than 8 ft.,1,11,13,1,0,20260528,SAS,OKC,4250031629,1680,0,0,1628368|1630170|1630577|1641705|1642264
Shot Chart Detail,0042500316,34,1629652,Luguentz Dort,1610612759,Oklahoma City Thunder,1,8,46,Missed Shot,Jump Shot,3PT Field Goal,Above the Break 3,Center(C),24+ ft.,28,-2,284,1,0,20260528,SAS,OKC,4250031634,1940,0,0,1628368|1630170|1630577|1641705|1642264
Shot Chart Detail,0042500316,41,1628392,Isaiah Hartenstein,1610612759,Oklahoma City Thunder,1,8,11,Missed Shot,Floating Jump shot,2PT Field Goal,Mid-Range,Center(C),8-16 ft.,14,-34,141,1,0,20260528,SAS,OKC,4250031641,2290,0,0,1630170|1630577|1641705|1642264|1642844
Shot Chart Detail,0042500316,50,1628983,Shai Gilgeous-Alexander,1610612759,Oklahoma City Thunder,1,7,33,Made Shot,Pullup Jump shot,2PT Field Goal,Mid-Range,Left Side Center(LC),16-24 ft.,17,-60,162,1,1,20260528,SAS,OKC,4250031650,2670,0,0,1629640|1630170|1641705|1642264|1642844
Shot Chart Detail,0042500316,62,1628983,Shai Gilgeous-Alexander,1610612759,Oklahoma City Thunder,1,6,41,Made Shot,Step Back Jump shot,2PT Field Goal,Mid-Range,Right Side Center(RC),16-24 ft.,22,117,188,1,1,20260528,SAS,OKC,4250031662,3190,0,0,1629640|1630170|1641705|1642264|1642844
Shot Chart Detail,0042500316,65,1627936,Alex Caruso,1610612759,Oklahoma City Thunder,1,6,21,Missed Shot,Jump Shot,3PT Field Goal,Left Corner 3,Left Side(L),24+ ft.,23,-230,15,1,0,20260528,SAS,OKC,4250031665,3390,0,0,1629640|1630170|1641705|1642264|1642844
Shot Chart Detail,0042500316,69,1629652,Luguentz Dort,1610612759,Oklahoma City Thunder,1,5,52,Missed Shot,Pullup Jump shot,2PT Field Goal,In The Paint (Non-RA),Center(C),8-16 ft.,13,1,133,1,0,20260528,SAS,OKC,4250031669,3680,0,0,1629640|1630170|1641705|1642264|1642844
Shot Chart Detail,0042500316,73,1629652,Luguentz Dort,1610612759,Oklahoma City Thunder,1,5,42,Made Shot,Running Dunk Shot,2PT Field Goal,Restricted Area,Center(C),Less Than 8 ft.,1,4,15,1,1,20260528,SAS,OKC,4250031673,3780,0,0,1629640|1630170|1641705|1642264|1642844
Shot Chart Detail,0042500316,82,1629652,Luguentz Dort,1610612759,Oklahoma City Thunder,1,4,43,Missed Shot,Jump Shot,3PT Field Goal,Above the Break 3,Left Side Center(LC),24+ ft.,26,-179,201,1,0,20260528,SAS,OKC,4250031682,4370,0,0,1628436|1629640|1630170|1642264|1642844
Shot Chart Detail,0042500316,100,1628983,Shai Gilgeous-Alexander,1610612759,Oklahoma City Thunder,1,4,4,Missed Shot,Step Back Jump shot,2PT Field Goal,Mid-Range,Left Side Center(LC),16-24 ft.,16,-108,127,1,0,20260528,SAS,OKC,42500316100,4760,0,0,1628368|1628436|1629640|1630170|1642844
Shot Chart Detail,0042500316,104,1627936,Alex Caruso,1610612759,Oklahoma City Thunder,1,3,41,Made Shot,Driving Finger Roll Layup Shot,2PT Field Goal,Restricted Area,Center(C),Less Than 8 ft.,2,-21,13,1,1,20260528,SAS,OKC,42500316104,4990,0,0,1628368|1628436|1629640|1630170|1642844
Shot Chart Detail,0042500316,108,1628983,Shai Gilgeous-Alexander,1610612759,Oklahoma City Thunder,1,3,17,Missed Shot,Fadeaway Jump Shot,2PT Field Goal,In The Paint (Non-RA),Left Side(L),8-16 ft.,11,-60,97,1,0,20260528,SAS,OKC,42500316108,5230,0,0,1628368|1628436|1629640|1630170|1642844
Shot Chart Detail,0042500316,112,1628983,Shai Gilgeous-Alexander,1610612759,Oklahoma City Thunder,1,3,4,Missed Shot,Running Finger Roll Layup Shot,2PT Field Goal,Restricted Area,Center(C),Less Than 8 ft.,2,-15,16,1,0,20260528,SAS,OKC,42500316112,5360,0,0,1628368|1628436|1629640|1630170|1642844
Shot Chart Detail,0042500316,132,1628392,Isaiah Hartenstein,1610612759,Oklahoma City Thunder,1,2,3,Made Shot,Alley Oop Dunk Shot,2PT Field Goal,Restricted Area,Center(C),Less Than 8 ft.,1,0,11,1,1,20260528,SAS,OKC,42500316132,5970,0,0,1628368|1628436|1629640|1630577|1642844
Shot Chart Detail,0042500316,137,1628983,Shai Gilgeous-Alexander,1610612759,Oklahoma City Thunder,1,1,20,Made Shot,Turnaround Jump Shot,2PT Field Goal,In The Paint (Non-RA),Center(C),8-16 ft.,12,-11,127,1,1,20260528,SAS,OKC,42500316137,6400,0,0,1628368|1628436|1629640|1630577|1642844
Shot Chart Detail,0042500316,154,1628983,Shai Gilgeous-Alexander,1610612759,Oklahoma City Thunder,1,0,27,Missed Shot,Pullup Jump shot,3PT Field Goal,Above the Break 3,Left Side Center(LC),24+ ft.,27,-153,228,1,0,20260528,SAS,OKC,42500316154,6930,0,0,203084|1628368|1630577|1641705|1642264
Shot Chart Detail,0042500316,175,1642272,Jared McCain,1610612759,Oklahoma City Thunder,2,11,39,Missed Shot,Fadeaway Jump Shot,2PT Field Goal,In The Paint (Non-RA),Left Side(L),8-16 ft.,9,-64,71,1,0,20260528,SAS,OKC,42500316175,7410,0,0,203084|1628368|1630577|1641705|1642264
Shot Chart Detail,0042500316,179,1627936,Alex Caruso,1610612759,Oklahoma City Thunder,2,11,9,Made Shot,Driving Layup Shot,2PT Field Goal,Restricted Area,Center(C),Less Than 8 ft.,2,23,18,1,1,20260528,SAS,OKC,42500316179,7710,0,0,203084|1628368|1630577|1641705|1642264
Shot Chart Detail,0042500316,184,1642272,Jared McCain,1610612759,Oklahoma City Thunder,2,10,33,Made Shot,Running Jump Shot,3PT Field Goal,Above the Break 3,Left Side Center(LC),24+ ft.,26,-200,175,1,1,20260528,SAS,OKC,42500316184,8070,0,0,203084|1628368|1630577|1641705|1642264
Shot Chart Detail,0042500316,198,1627936,Alex Caruso,1610612759,Oklahoma City Thunder,2,9,53,Missed Shot,Driving Floating Jump Shot,2PT Field Goal,In The Paint (Non-RA),Left Side(L),8-16 ft.,11,-75,92,1,0,20260528,SAS,OKC,42500316198,8470,0,0,203084|1630577|1641705|1642264|1642844
Shot Chart Detail,0042500316,201,1631119,Jaylin Williams,1610612759,Oklahoma City Thunder,2,9,41,Missed Shot,Jump Shot,3PT Field Goal,Right Corner 3,Right Side(R),24+ ft.,23,228,34,1,0,20260528,SAS,OKC,42500316201,8590,0,0,203084|1630577|1641705|1642264|1642844
Shot Chart Detail,0042500316,203,1631096,Chet Holmgren,1610612759,Oklahoma City Thunder,2,9,36,Made Shot,Putback Dunk Shot,2PT Field Goal,Restricted Area,Center(C),Less Than 8 ft.,1,4,13,1,1,20260528,SAS,OKC,42500316203,8640,0,0,203084|1630577|1641705|1642264|1642844
Shot Chart Detail,0042500316,208,1641717,Cason Wallace,1610612759,Oklahoma City Thunder,2,8,48,Made Shot,Layup Shot,2PT Field Goal,Restricted Area,Center(C),Less Than 8 ft.,2,-12,26,1,1,20260528,SAS,OKC,42500316208,9120,0,0,203084|1630577|1641705|1642264|1642844
Shot Chart Detail,0042500316,221,1642272,Jared McCain,1610612759,Oklahoma City Thunder,2,8,17,Made Shot,Driving Floating Jump Shot,2PT Field Goal,In The Paint (Non-RA),Center(C),8-16 ft.,10,-21,104,1,1,20260528,SAS,OKC,42500316221,9430,0,0,1628436|1630170|1630577|1642264|1642844
Shot Chart Detail,0042500316,223,1641717,Cason Wallace,1610612759,Oklahoma City Thunder,2,7,42,Made Shot,Pullup Jump shot,3PT Field Goal,Above the Break 3,Right Side Center(RC),24+ ft.,26,140,223,1,1,20260528,SAS,OKC,42500316223,9780,0,0,1628436|1630170|1630577|1642264|1642844
Shot Chart Detail,0042500316,227,1631096,Chet Holmgren,1610612759,Oklahoma City Thunder,2,7,16,Made Shot,Turnaround Hook Shot,2PT Field Goal,In The Paint (Non-RA),Center(C),Less Than 8 ft.,4,-43,18,1,1,20260528,SAS,OKC,42500316227,10040,0,0,1628436|1630170|1630577|1642264|1642844
Shot Chart Detail,0042500316,231,1631119,Jaylin Williams,1610612759,Oklahoma City Thunder,2,6,54,Missed Shot,Jump Shot,3PT Field Goal,Above the Break 3,Left Side Center(LC),24+ ft.,26,-181,196,1,0,20260528,SAS,OKC,42500316231,10260,0,0,1628436|1630170|1630577|1642264|1642844
Shot Chart Detail,0042500316,235,1641717,Cason Wallace,1610612759,Oklahoma City Thunder,2,6,28,Made Shot,Jump Shot,3PT Field Goal,Left Corner 3,Left Side(L),24+ ft.,23,-234,22,1,1,20260528,SAS,OKC,42500316235,10520,0,0,1628436|1630170|1630577|1642264|1642844
Shot Chart Detail,0042500316,253,1628392,Isaiah Hartenstein,1610612759,Oklahoma City Thunder,2,5,51,Missed Shot,Floating Jump shot,2PT Field Goal,Restricted Area,Center(C),Less Than 8 ft.,3,16,33,1,0,20260528,SAS,OKC,42500316253,10890,0,0,1628368|1630170|1641705|1642844|1642868
Shot Chart Detail,0042500316,262,1629652,Luguentz Dort,1610612759,Oklahoma City Thunder,2,5,13,Missed Shot,Jump Shot,3PT Field Goal,Right Corner 3,Right Side(R),24+ ft.,24,240,21,1,0,20260528,SAS,OKC,42500316262,11270,0,0,1628368|1630170|1641705|1642844|1642868
Shot Chart Detail,0042500316,266,1631119,Jaylin Williams,1610612759,Oklahoma City Thunder,2,4,37,Made Shot,Pullup Jump shot,2PT Field Goal,Mid-Range,Left Side(L),16-24 ft.,18,-180,25,1,1,20260528,SAS,OKC,42500316266,11630,0,0,1628368|1630170|1641705|1642844|1642868
Shot Chart Detail,0042500316,270,1629652,Luguentz Dort,1610612759,Oklahoma City Thunder,2,4,5,Missed Shot,Jump Shot,3PT Field Goal,Above the Break 3,Right Side Center(RC),24+ ft.,26,82,248,1,0,20260528,SAS,OKC,42500316270,11950,0,0,1628368|1630170|1641705|1642844|1642868
Shot Chart Detail,0042500316,279,1628983,Shai Gilgeous-Alexander,1610612759,Oklahoma City Thunder,2,3,33,Missed Shot,Pullup Jump shot,3PT Field Goal,Above the Break 3,Right Side Center(RC),24+ ft.,27,97,252,1,0,20260528,SAS,OKC,42500316279,12270,0,0,1628368|1630170|1641705|1642264|1642868
Shot Chart Detail,0042500316,289,1628983,Shai Gilgeous-Alexander,1610612759,Oklahoma City Thunder,2,2,59,Missed Shot,Step Back Jump shot,3PT Field Goal,Above the Break 3,Left Side Center(LC),24+ ft.,26,-119,239,1,0,20260528,SAS,OKC,42500316289,12610,0,0,1628368|1630170|1641705|1642264|1642868
Shot Chart Detail,0042500316,293,1631096,Chet Holmgren,1610612759,Oklahoma City Thunder,2,2,34,Missed Shot,Cutting Dunk Shot,2PT Field Goal,Restricted Area,Center(C),Less Than 8 ft.,2,4,25,1,0,20260528,SAS,OKC,42500316293,12860,0,0,1628368|1630170|1641705|1642264|1642868
Shot Chart Detail,0042500316,299,1627936,Alex Caruso,1610612759,Oklahoma City Thunder,2,2,17,Made Shot,Jump Shot,3PT Field Goal,Above the Break 3,Right Side Center(RC),24+ ft.,25,228,116,1,1,20260528,SAS,OKC,42500316299,13030,0,0,1628368|1630170|1641705|1642264|1642868
Shot Chart Detail,0042500316,305,1628983,Shai Gilgeous-Alexander,1610612759,Oklahoma City Thunder,2,1,46,Made Shot,Step Back Jump shot,2PT Field Goal,Mid-Range,Center(C),16-24 ft.,18,31,185,1,1,20260528,SAS,OKC,42500316305,13340,0,0,1628368|1630170|1641705|1642264|1642868
Shot Chart Detail,0042500316,319,1641717,Cason Wallace,1610612759,Oklahoma City Thunder,2,1,5,Made Shot,Running Jump Shot,3PT Field Goal,Above the Break 3,Left Side Center(LC),24+ ft.,26,-197,184,1,1,20260528,SAS,OKC,42500316319,13750,0,0,1628368|1630170|1630577|1641705|1642264
Shot Chart Detail,0042500316,323,1631119,Jaylin Williams,1610612759,Oklahoma City Thunder,2,0,31,Missed Shot,Jump Shot,3PT Field Goal,Right Corner 3,Right Side(R),24+ ft.,23,230,53,1,0,20260528,SAS,OKC,42500316323,14090,0,0,1628368|1630170|1630577|1641705|1642264
Shot Chart Detail,0042500316,328,1628983,Shai Gilgeous-Alexander,1610612759,Oklahoma City Thunder,2,0,1,Missed Shot,Driving Finger Roll Layup Shot,2PT Field Goal,In The Paint (Non-RA),Center(C),8-16 ft.,8,-5,83,1,0,20260528,SAS,OKC,42500316328,14390,0,0,1628368|1630170|1630577|1641705|1642264
Shot Chart Detail,0042500316,340,1628983,Shai Gilgeous-Alexander,1610612759,Oklahoma City Thunder,3,11,43,Missed Shot,Step Back Jump shot,2PT Field Goal,Mid-Range,Left Side(L),8-16 ft.,15,-147,48,1,0,20260528,SAS,OKC,42500316340,14570,0,0,1628368|1630170|1630577|1641705|1642264
Shot Chart Detail,0042500316,344,1628392,Isaiah Hartenstein,1610612759,Oklahoma City Thunder,3,11,20,Made Shot,Floating Jump shot,2PT Field Goal,In The Paint (Non-RA),Center(C),8-16 ft.,10,-5,106,1,1,20260528,SAS,OKC,42500316344,14800,0,0,1628368|1630170|1630577|1641705|1642264
Shot Chart Detail,0042500316,348,1642272,Jared McCain,1610612759,Oklahoma City Thunder,3,10,57,Missed Shot,Running Finger Roll Layup Shot,2PT Field Goal,Restricted Area,Center(C),Less Than 8 ft.,3,33,1,1,0,20260528,SAS,OKC,42500316348,15030,0,0,1628368|1630170|1630577|1641705|1642264
Shot Chart Detail,0042500316,351,1628983,Shai Gilgeous-Alexander,1610612759,Oklahoma City Thunder,3,10,54,Made Shot,Driving Finger Roll Layup Shot,2PT Field Goal,Restricted Area,Center(C),Less Than 8 ft.,2,-15,14,1,1,20260528,SAS,OKC,42500316351,15060,0,0,1628368|1630170|1630577|1641705|1642264
Shot Chart Detail,0042500316,357,1631096,Chet Holmgren,1610612759,Oklahoma City Thunder,3,10,30,Missed Shot,Finger Roll Layup Shot,2PT Field Goal,In The Paint (Non-RA),Center(C),Less Than 8 ft.,5,-2,59,1,0,20260528,SAS,OKC,42500316357,15300,0,0,1628368|1630170|1630577|1641705|1642264
Shot Chart Detail,0042500316,359,1628392,Isaiah Hartenstein,1610612759,Oklahoma City Thunder,3,10,28,Made Shot,Tip Layup Shot,2PT Field Goal,Restricted Area,Center(C),Less Than 8 ft.,0,0,0,1,1,20260528,SAS,OKC,42500316359,15320,0,0,1628368|1630170|1630577|1641705|1642264
Shot Chart Detail,0042500316,367,1642272,Jared McCain,1610612759,Oklahoma City Thunder,3,9,49,Missed Shot,Driving Layup Shot,2PT Field Goal,Restricted Area,Center(C),Less Than 8 ft.,3,-31,16,1,0,20260528,SAS,OKC,42500316367,15710,0,0,1628368|1630170|1630577|1641705|1642264
Shot Chart Detail,0042500316,370,1629652,Luguentz Dort,1610612759,Oklahoma City Thunder,3,9,44,Missed Shot,Jump Shot,3PT Field Goal,Above the Break 3,Left Side Center(LC),24+ ft.,26,-147,220,1,0,20260528,SAS,OKC,42500316370,15760,0,0,1628368|1630170|1630577|1641705|1642264
Shot Chart Detail,0042500316,378,1628983,Shai Gilgeous-Alexander,1610612759,Oklahoma City Thunder,3,9,20,Missed Shot,Jump Shot,3PT Field Goal,Left Corner 3,Left Side(L),24+ ft.,23,-229,58,1,0,20260528,SAS,OKC,42500316378,16000,0,0,1628368|1630170|1630577|1641705|1642264
Shot Chart Detail,0042500316,380,1631096,Chet Holmgren,1610612759,Oklahoma City Thunder,3,9,17,Made Shot,Tip Dunk Shot,2PT Field Goal,Restricted Area,Center(C),Less Than 8 ft.,0,0,0,1,1,20260528,SAS,OKC,42500316380,16030,0,0,1628368|1630170|1630577|1641705|1642264
Shot Chart Detail,0042500316,392,1628983,Shai Gilgeous-Alexander,1610612759,Oklahoma City Thunder,3,8,23,Made Shot,Step Back Jump shot,2PT Field Goal,Mid-Range,Right Side(R),8-16 ft.,11,110,17,1,1,20260528,SAS,OKC,42500316392,16570,0,0,1628368|1630170|1630577|1641705|1642264
Shot Chart Detail,0042500316,395,1628392,Isaiah Hartenstein,1610612759,Oklahoma City Thunder,3,8,3,Missed Shot,Cutting Layup Shot,2PT Field Goal,Restricted Area,Center(C),Less Than 8 ft.,2,15,22,1,0,20260528,SAS,OKC,42500316395,16770,0,0,1628368|1630170|1630577|1641705|1642264
Shot Chart Detail,0042500316,412,1642272,Jared McCain,1610612759,Oklahoma City Thunder,3,7,30,Missed Shot,Driving Finger Roll Layup Shot,2PT Field Goal,Restricted Area,Center(C),Less Than 8 ft.,3,15,36,1,0,20260528,SAS,OKC,42500316412,17100,0,0,1628436|1630170|1630577|1642264|1642844
Shot Chart Detail,0042500316,419,1628983,Shai Gilgeous-Alexander,1610612759,Oklahoma City Thunder,3,7,9,Missed Shot,Pullup Jump shot,2PT Field Goal,Mid-Range,Right Side(R),8-16 ft.,14,91,116,1,0,20260528,SAS,OKC,42500316419,17310,0,0,1628436|1630170|1630577|1642264|1642844
Shot Chart Detail,0042500316,427,1627936,Alex Caruso,1610612759,Oklahoma City Thunder,3,6,50,Missed Shot,Driving Layup Shot,2PT Field Goal,Restricted Area,Center(C),Less Than 8 ft.,2,-17,14,1,0,20260528,SAS,OKC,42500316427,17500,0,0,1628436|1630170|1630577|1642264|1642844
Shot Chart Detail,0042500316,442,1641717,Cason Wallace,1610612759,Oklahoma City Thunder,3,6,15,Missed Shot,Jump Shot,3PT Field Goal,Above the Break 3,Right Side Center(RC),24+ ft.,25,152,204,1,0,20260528,SAS,OKC,42500316442,17850,0,0,1628436|1630170|1630577|1642264|1642844
Shot Chart Detail,0042500316,448,1628392,Isaiah Hartenstein,1610612759,Oklahoma City Thunder,3,5,54,Missed Shot,Alley Oop Dunk Shot,2PT Field Goal,Restricted Area,Center(C),Less Than 8 ft.,1,7,8,1,0,20260528,SAS,OKC,42500316448,18060,0,0,1628436|1630170|1630577|1642264|1642844
Shot Chart Detail,0042500316,458,1631114,Jalen Williams,1610612759,Oklahoma City Thunder,3,5,17,Missed Shot,Jump Shot,3PT Field Goal,Above the Break 3,Left Side Center(LC),24+ ft.,25,-115,225,1,0,20260528,SAS,OKC,42500316458,18430,0,0,1628436|1630170|1630577|1642264|1642844
Shot Chart Detail,0042500316,461,1641717,Cason Wallace,1610612759,Oklahoma City Thunder,3,4,37,Missed Shot,Driving Layup Shot,2PT Field Goal,In The Paint (Non-RA),Center(C),Less Than 8 ft.,4,39,24,1,0,20260528,SAS,OKC,42500316461,18830,0,0,1628436|1630170|1630577|1642264|1642844
Shot Chart Detail,0042500316,464,1627936,Alex Caruso,1610612759,Oklahoma City Thunder,3,4,32,Missed Shot,Jump Shot,3PT Field Goal,Above the Break 3,Right Side Center(RC),24+ ft.,26,173,203,1,0,20260528,SAS,OKC,42500316464,18880,0,0,1628436|1630170|1630577|1642264|1642844
Shot Chart Detail,0042500316,470,1628983,Shai Gilgeous-Alexander,1610612759,Oklahoma City Thunder,3,4,10,Missed Shot,Jump Shot,3PT Field Goal,Above the Break 3,Left Side Center(LC),24+ ft.,26,-202,173,1,0,20260528,SAS,OKC,42500316470,19100,0,0,1628436|1630170|1630577|1642264|1642844
Shot Chart Detail,0042500316,491,1630198,Isaiah Joe,1610612759,Oklahoma City Thunder,3,3,3,Missed Shot,Jump Shot,3PT Field Goal,Above the Break 3,Left Side Center(LC),24+ ft.,25,-179,187,1,0,20260528,SAS,OKC,42500316491,19770,0,0,1628368|1629640|1630577|1641705|1642844
Shot Chart Detail,0042500316,495,1642272,Jared McCain,1610612759,Oklahoma City Thunder,3,2,43,Missed Shot,Running Finger Roll Layup Shot,2PT Field Goal,Restricted Area,Center(C),Less Than 8 ft.,2,-22,3,1,0,20260528,SAS,OKC,42500316495,19970,0,0,1628368|1629640|1630577|1641705|1642844
Shot Chart Detail,0042500316,519,1629026,Kenrich Williams,1610612759,Oklahoma City Thunder,3,1,45,Missed Shot,Turnaround Fadeaway shot,2PT Field Goal,In The Paint (Non-RA),Center(C),Less Than 8 ft.,6,-55,38,1,0,20260528,SAS,OKC,42500316519,20550,0,0,203084|1628368|1629640|1630577|1641705
Shot Chart Detail,0042500316,525,1628983,Shai Gilgeous-Alexander,1610612759,Oklahoma City Thunder,3,1,24,Missed Shot,Step Back Bank Jump Shot,2PT Field Goal,Mid-Range,Right Side(R),8-16 ft.,10,100,36,1,0,20260528,SAS,OKC,42500316525,20760,0,0,203084|1628368|1629640|1630577|1641705
Shot Chart Detail,0042500316,533,1631096,Chet Holmgren,1610612759,Oklahoma City Thunder,3,0,55,Made Shot,Reverse Layup Shot,2PT Field Goal,Restricted Area,Center(C),Less Than 8 ft.,0,5,5,1,1,20260528,SAS,OKC,42500316533,21050,0,0,203084|1628368|1629640|1641705|1642264
Shot Chart Detail,0042500316,537,1631119,Jaylin Williams,1610612759,Oklahoma City Thunder,3,0,28,Missed Shot,Jump Shot,3PT Field Goal,Above the Break 3,Left Side Center(LC),24+ ft.,24,-203,145,1,0,20260528,SAS,OKC,42500316537,21320,0,0,203084|1628368|1629640|1641705|1642264
Shot Chart Detail,0042500316,543,1631096,Chet Holmgren,1610612759,Oklahoma City Thunder,3,0,1,Missed Shot,Turnaround Fadeaway shot,2PT Field Goal,Restricted Area,Center(C),Less Than 8 ft.,3,-33,9,1,0,20260528,SAS,OKC,42500316543,21590,0,0,203084|1628368|1629640|1641705|1642264
Shot Chart Detail,0042500316,554,1642272,Jared McCain,1610612759,Oklahoma City Thunder,4,11,28,Made Shot,Jump Shot,3PT Field Goal,Left Corner 3,Left Side(L),24+ ft.,23,-233,9,1,1,20260528,SAS,OKC,42500316554,21920,0,0,203084|1628368|1629640|1641705|1642264
Shot Chart Detail,0042500316,558,1642272,Jared McCain,1610612759,Oklahoma City Thunder,4,10,55,Made Shot,Driving Floating Jump Shot,2PT Field Goal,In The Paint (Non-RA),Center(C),8-16 ft.,9,18,98,1,1,20260528,SAS,OKC,42500316558,22250,0,0,203084|1628368|1629640|1641705|1642264
Shot Chart Detail,0042500316,578,1629652,Luguentz Dort,1610612759,Oklahoma City Thunder,4,9,24,Missed Shot,Jump Shot,3PT Field Goal,Right Corner 3,Right Side(R),24+ ft.,23,232,20,1,0,20260528,SAS,OKC,42500316578,23160,0,0,203084|1629640|1641705|1642264|1642844
Shot Chart Detail,0042500316,585,1629026,Kenrich Williams,1610612759,Oklahoma City Thunder,4,8,51,Made Shot,Jump Shot,3PT Field Goal,Above the Break 3,Right Side Center(RC),24+ ft.,26,170,203,1,1,20260528,SAS,OKC,42500316585,23490,0,0,203084|1628436|1629640|1642264|1642844
Shot Chart Detail,0042500316,596,1631119,Jaylin Williams,1610612759,Oklahoma City Thunder,4,8,9,Made Shot,Running Dunk Shot,2PT Field Goal,Restricted Area,Center(C),Less Than 8 ft.,0,0,6,1,1,20260528,SAS,OKC,42500316596,23910,0,0,203084|1628436|1629640|1642264|1642844
Shot Chart Detail,0042500316,604,1642272,Jared McCain,1610612759,Oklahoma City Thunder,4,7,35,Missed Shot,Jump Shot,3PT Field Goal,Above the Break 3,Left Side Center(LC),24+ ft.,26,-175,193,1,0,20260528,SAS,OKC,42500316604,24250,0,0,203084|1628436|1629640|1642264|1642868
Shot Chart Detail,0042500316,617,1630198,Isaiah Joe,1610612759,Oklahoma City Thunder,4,7,8,Made Shot,Jump Shot,3PT Field Goal,Above the Break 3,Right Side Center(RC),24+ ft.,25,189,173,1,1,20260528,SAS,OKC,42500316617,24520,0,0,203084|1628436|1629162|1629640|1642868
Shot Chart Detail,0042500316,620,1630198,Isaiah Joe,1610612759,Oklahoma City Thunder,4,6,35,Missed Shot,Jump Shot,3PT Field Goal,Above the Break 3,Left Side Center(LC),24+ ft.,26,-186,193,1,0,20260528,SAS,OKC,42500316620,24850,0,0,203084|1628436|1629162|1629640|1642868
Shot Chart Detail,0042500316,632,1629026,Kenrich Williams,1610612759,Oklahoma City Thunder,4,5,53,Missed Shot,Pullup Jump shot,2PT Field Goal,Mid-Range,Right Side Center(RC),16-24 ft.,18,143,124,1,0,20260528,SAS,OKC,42500316632,25270,0,0,203084|1629162|1629640|1630322|1642868
Shot Chart Detail,0042500316,638,1629026,Kenrich Williams,1610612759,Oklahoma City Thunder,4,5,26,Missed Shot,Running Jump Shot,3PT Field Goal,Above the Break 3,Center(C),24+ ft.,25,33,255,1,0,20260528,SAS,OKC,42500316638,25540,0,0,203084|1629162|1629640|1630322|1642868
Shot Chart Detail,0042500316,652,1629026,Kenrich Williams,1610612759,Oklahoma City Thunder,4,4,49,Missed Shot,Driving Finger Roll Layup Shot,2PT Field Goal,Restricted Area,Center(C),Less Than 8 ft.,2,-22,5,1,0,20260528,SAS,OKC,42500316652,25910,0,0,202687|203482|1629162|1630322|1642868
Shot Chart Detail,0042500316,658,1630598,Aaron Wiggins,1610612759,Oklahoma City Thunder,4,4,13,Made Shot,Step Back Bank Jump Shot,2PT Field Goal,Mid-Range,Left Side(L),8-16 ft.,10,-89,63,1,1,20260528,SAS,OKC,42500316658,26270,0,0,202687|203482|203486|1629162|1630322
Shot Chart Detail,0042500316,663,1629652,Luguentz Dort,1610612759,Oklahoma City Thunder,4,3,44,Missed Shot,Jump Shot,3PT Field Goal,Above the Break 3,Left Side Center(LC),24+ ft.,26,-199,168,1,0,20260528,SAS,OKC,42500316663,26560,0,0,202687|203482|203486|1629162|1630322
Shot Chart Detail,0042500316,665,1629026,Kenrich Williams,1610612759,Oklahoma City Thunder,4,3,42,Made Shot,Tip Layup Shot,2PT Field Goal,Restricted Area,Center(C),Less Than 8 ft.,0,0,0,1,1,20260528,SAS,OKC,42500316665,26580,0,0,202687|203482|203486|1629162|1630322
Shot Chart Detail,0042500316,668,1629652,Luguentz Dort,1610612759,Oklahoma City Thunder,4,3,13,Missed Shot,Jump Shot,3PT Field Goal,Above the Break 3,Right Side Center(RC),24+ ft.,26,159,215,1,0,20260528,SAS,OKC,42500316668,26870,0,0,202687|203482|203486|1629162|1630322
Shot Chart Detail,0042500316,675,1629026,Kenrich Williams,1610612759,Oklahoma City Thunder,4,2,54,Missed Shot,Jump Shot,3PT Field Goal,Above the Break 3,Left Side Center(LC),24+ ft.,26,-103,242,1,0,20260528,SAS,OKC,42500316675,27060,0,0,202687|203482|203486|1629162|1630322
Shot Chart Detail,0042500316,680,1642260,Nikola Topić,1610612759,Oklahoma City Thunder,4,2,20,Missed Shot,Jump Shot,3PT Field Goal,Above the Break 3,Right Side Center(RC),24+ ft.,25,233,93,1,0,20260528,SAS,OKC,42500316680,27400,0,0,202687|203482|203486|1629162|1630322
Shot Chart Detail,0042500316,690,1630598,Aaron Wiggins,1610612759,Oklahoma City Thunder,4,1,54,Made Shot,Step Back Jump shot,3PT Field Goal,Left Corner 3,Left Side(L),24+ ft.,23,-233,57,1,1,20260528,SAS,OKC,42500316690,27660,0,0,202687|203482|203486|1629162|1630322
Shot Chart Detail,0042500316,693,1630198,Isaiah Joe,1610612759,Oklahoma City Thunder,4,1,34,Missed Shot,Running Jump Shot,3PT Field Goal,Left Corner 3,Left Side(L),24+ ft.,23,-230,53,1,0,20260528,SAS,OKC,42500316693,27860,0,0,202687|203482|203486|1629162|1630322
Shot Chart Detail,0042500316,696,1630598,Aaron Wiggins,1610612759,Oklahoma City Thunder,4,0,59,Missed Shot,Driving Floating Jump Shot,2PT Field Goal,In The Paint (Non-RA),Center(C),Less Than 8 ft.,7,2,73,1,0,20260528,SAS,OKC,42500316696,28210,0,0,202687|203482|203486|1629162|1630322
Shot Chart Detail,0042500316,702,1629026,Kenrich Williams,1610612759,Oklahoma City Thunder,4,0,35,Missed Shot,Running Pull-Up Jump Shot,3PT Field Goal,Above the Break 3,Center(C),24+ ft.,26,12,261,1,0,20260528,SAS,OKC,42500316702,28450,0,0,202687|203482|203486|1629162|1630322
Shot Chart Detail,0042500317,14,1631096,Chet Holmgren,1610612759,Oklahoma City Thunder,1,10,41,Made Shot,Step Back Jump shot,2PT Field Goal,Mid-Range,Right Side(R),8-16 ft.,11,118,0,1,1,20260530,OKC,SAS,4250031714,790,0,0,1628368|1630170|1630577|1641705|1642264
Shot Chart Detail,0042500317,18,1628983,Shai Gilgeous-Alexander,1610612759,Oklahoma City Thunder,1,10,12,Made Shot,Turnaround Fadeaway shot,2PT Field Goal,Mid-Range,Center(C),16-24 ft.,18,5,185,1,1,20260530,OKC,SAS,4250031718,1080,0,0,1628368|1630170|1630577|1641705|1642264
Shot Chart Detail,0042500317,21,1631096,Chet Holmgren,1610612759,Oklahoma City Thunder,1,9,39,Missed Shot,Driving Floating Jump Shot,2PT Field Goal,In The Paint (Non-RA),Left Side(L),8-16 ft.,8,-61,57,1,0,20260530,OKC,SAS,4250031721,1410,0,0,1628368|1630170|1630577|1641705|1642264
Shot Chart Detail,0042500317,23,1629652,Luguentz Dort,1610612759,Oklahoma City Thunder,1,9,30,Missed Shot,Pullup Jump shot,3PT Field Goal,Above the Break 3,Right Side Center(RC),24+ ft.,25,110,229,1,0,20260530,OKC,SAS,4250031723,1500,0,0,1628368|1630170|1630577|1641705|1642264
Shot Chart Detail,0042500317,28,1629652,Luguentz Dort,1610612759,Oklahoma City Thunder,1,8,52,Missed Shot,Jump Shot,3PT Field Goal,Above the Break 3,Left Side Center(LC),24+ ft.,25,-86,243,1,0,20260530,OKC,SAS,4250031728,1880,0,0,1628368|1630170|1630577|1641705|1642264
Shot Chart Detail,0042500317,41,1628392,Isaiah Hartenstein,1610612759,Oklahoma City Thunder,1,7,57,Made Shot,Floating Jump shot,2PT Field Goal,Mid-Range,Right Side(R),8-16 ft.,8,85,4,1,1,20260530,OKC,SAS,4250031741,2430,0,0,1628368|1630170|1630577|1641705|1642264
Shot Chart Detail,0042500317,49,1628983,Shai Gilgeous-Alexander,1610612759,Oklahoma City Thunder,1,6,56,Made Shot,Driving Floating Jump Shot,2PT Field Goal,In The Paint (Non-RA),Center(C),Less Than 8 ft.,4,18,46,1,1,20260530,OKC,SAS,4250031749,3040,0,0,1628368|1630170|1630577|1641705|1642264
Shot Chart Detail,0042500317,64,1641717,Cason Wallace,1610612759,Oklahoma City Thunder,1,6,20,Missed Shot,Jump Shot,3PT Field Goal,Above the Break 3,Right Side Center(RC),24+ ft.,27,153,226,1,0,20260530,OKC,SAS,4250031764,3400,0,0,1628436|1630170|1630577|1642264|1642844
Shot Chart Detail,0042500317,66,1642272,Jared McCain,1610612759,Oklahoma City Thunder,1,6,14,Missed Shot,Jump Shot,3PT Field Goal,Above the Break 3,Left Side Center(LC),24+ ft.,24,-216,121,1,0,20260530,OKC,SAS,4250031766,3460,0,0,1628436|1630170|1630577|1642264|1642844
Shot Chart Detail,0042500317,68,1641717,Cason Wallace,1610612759,Oklahoma City Thunder,1,6,4,Made Shot,Jump Shot,3PT Field Goal,Left Corner 3,Left Side(L),24+ ft.,22,-225,-18,1,1,20260530,OKC,SAS,4250031768,3560,0,0,1628436|1630170|1630577|1642264|1642844
Shot Chart Detail,0042500317,72,1627936,Alex Caruso,1610612759,Oklahoma City Thunder,1,5,42,Made Shot,Driving Finger Roll Layup Shot,2PT Field Goal,Restricted Area,Center(C),Less Than 8 ft.,1,10,6,1,1,20260530,OKC,SAS,4250031772,3780,0,0,1628436|1630170|1630577|1642264|1642844
Shot Chart Detail,0042500317,81,1642272,Jared McCain,1610612759,Oklahoma City Thunder,1,4,48,Made Shot,Driving Finger Roll Layup Shot,2PT Field Goal,In The Paint (Non-RA),Center(C),Less Than 8 ft.,4,-42,8,1,1,20260530,OKC,SAS,4250031781,4320,0,0,1628436|1630170|1630577|1642264|1642844
Shot Chart Detail,0042500317,84,1642272,Jared McCain,1610612759,Oklahoma City Thunder,1,4,25,Made Shot,Running Jump Shot,3PT Field Goal,Right Corner 3,Right Side(R),24+ ft.,23,234,1,1,1,20260530,OKC,SAS,4250031784,4550,0,0,1628436|1630170|1630577|1642264|1642844
Shot Chart Detail,0042500317,110,1628983,Shai Gilgeous-Alexander,1610612759,Oklahoma City Thunder,1,3,7,Missed Shot,Step Back Jump shot,3PT Field Goal,Above the Break 3,Left Side Center(LC),24+ ft.,25,-81,239,1,0,20260530,OKC,SAS,42500317110,5330,0,0,1628368|1629640|1630170|1641705|1642844
Shot Chart Detail,0042500317,112,1631119,Jaylin Williams,1610612759,Oklahoma City Thunder,1,2,56,Missed Shot,Jump Shot,3PT Field Goal,Above the Break 3,Right Side Center(RC),24+ ft.,25,189,167,1,0,20260530,OKC,SAS,42500317112,5440,0,0,1628368|1629640|1630170|1641705|1642844
Shot Chart Detail,0042500317,116,1642272,Jared McCain,1610612759,Oklahoma City Thunder,1,2,34,Missed Shot,Pullup Jump shot,3PT Field Goal,Above the Break 3,Left Side Center(LC),24+ ft.,25,-102,230,1,0,20260530,OKC,SAS,42500317116,5660,0,0,1628368|1629640|1630170|1641705|1642844
Shot Chart Detail,0042500317,122,1629026,Kenrich Williams,1610612759,Oklahoma City Thunder,1,2,22,Missed Shot,Jump Shot,3PT Field Goal,Above the Break 3,Right Side Center(RC),24+ ft.,25,162,201,1,0,20260530,OKC,SAS,42500317122,5780,0,0,1628368|1629640|1630170|1641705|1642844
Shot Chart Detail,0042500317,125,1628983,Shai Gilgeous-Alexander,1610612759,Oklahoma City Thunder,1,1,53,Missed Shot,Driving Floating Bank Jump Shot,2PT Field Goal,In The Paint (Non-RA),Center(C),Less Than 8 ft.,7,-70,35,1,0,20260530,OKC,SAS,42500317125,6070,0,0,1628368|1629640|1630170|1641705|1642844
Shot Chart Detail,0042500317,133,1627936,Alex Caruso,1610612759,Oklahoma City Thunder,1,1,25,Missed Shot,Pullup Jump shot,3PT Field Goal,Above the Break 3,Center(C),24+ ft.,24,-7,242,1,0,20260530,OKC,SAS,42500317133,6350,0,0,1628368|1629640|1630170|1630577|1641705
Shot Chart Detail,0042500317,142,1627936,Alex Caruso,1610612759,Oklahoma City Thunder,1,0,53,Missed Shot,Jump Shot,3PT Field Goal,Above the Break 3,Left Side Center(LC),24+ ft.,25,-113,225,1,0,20260530,OKC,SAS,42500317142,6670,0,0,203084|1628368|1630577|1641705|1642264
Shot Chart Detail,0042500317,144,1629026,Kenrich Williams,1610612759,Oklahoma City Thunder,1,0,53,Made Shot,Tip Layup Shot,2PT Field Goal,Restricted Area,Center(C),Less Than 8 ft.,0,0,0,1,1,20260530,OKC,SAS,42500317144,6670,0,0,203084|1628368|1630577|1641705|1642264
Shot Chart Detail,0042500317,154,1642272,Jared McCain,1610612759,Oklahoma City Thunder,1,0,22,Missed Shot,Driving Layup Shot,2PT Field Goal,Restricted Area,Center(C),Less Than 8 ft.,1,16,-4,1,0,20260530,OKC,SAS,42500317154,6980,0,0,203084|1628368|1630577|1641705|1642264
Shot Chart Detail,0042500317,158,1642272,Jared McCain,1610612759,Oklahoma City Thunder,1,0,15,Made Shot,Jump Shot,3PT Field Goal,Above the Break 3,Center(C),24+ ft.,26,-36,262,1,1,20260530,OKC,SAS,42500317158,7050,0,0,203084|1628368|1630577|1641705|1642264
Shot Chart Detail,0042500317,170,1628983,Shai Gilgeous-Alexander,1610612759,Oklahoma City Thunder,2,11,46,Made Shot,Step Back Jump shot,2PT Field Goal,In The Paint (Non-RA),Right Side(R),8-16 ft.,13,74,110,1,1,20260530,OKC,SAS,42500317170,7340,0,0,203084|1630577|1641705|1642264|1642844
Shot Chart Detail,0042500317,174,1627936,Alex Caruso,1610612759,Oklahoma City Thunder,2,11,7,Missed Shot,Jump Shot,3PT Field Goal,Above the Break 3,Center(C),24+ ft.,25,-51,246,1,0,20260530,OKC,SAS,42500317174,7730,0,0,203084|1630577|1641705|1642264|1642844
Shot Chart Detail,0042500317,182,1642272,Jared McCain,1610612759,Oklahoma City Thunder,2,10,20,Missed Shot,Step Back Jump shot,2PT Field Goal,Mid-Range,Left Side(L),8-16 ft.,11,-110,-7,1,0,20260530,OKC,SAS,42500317182,8200,0,0,203084|1630577|1641705|1642264|1642844
Shot Chart Detail,0042500317,186,1628392,Isaiah Hartenstein,1610612759,Oklahoma City Thunder,2,10,12,Made Shot,Driving Floating Jump Shot,2PT Field Goal,In The Paint (Non-RA),Center(C),Less Than 8 ft.,5,-17,52,1,1,20260530,OKC,SAS,42500317186,8280,0,0,203084|1630577|1641705|1642264|1642844
Shot Chart Detail,0042500317,197,1642272,Jared McCain,1610612759,Oklahoma City Thunder,2,9,38,Made Shot,Pullup Jump shot,2PT Field Goal,In The Paint (Non-RA),Center(C),8-16 ft.,12,59,105,1,1,20260530,OKC,SAS,42500317197,8620,0,0,1628368|1630577|1641705|1642844|1642868
Shot Chart Detail,0042500317,199,1628392,Isaiah Hartenstein,1610612759,Oklahoma City Thunder,2,9,5,Missed Shot,Driving Floating Jump Shot,2PT Field Goal,Mid-Range,Left Side(L),8-16 ft.,12,-113,51,1,0,20260530,OKC,SAS,42500317199,8950,0,0,1628368|1630577|1641705|1642844|1642868
Shot Chart Detail,0042500317,208,1627936,Alex Caruso,1610612759,Oklahoma City Thunder,2,8,32,Missed Shot,Driving Finger Roll Layup Shot,2PT Field Goal,In The Paint (Non-RA),Center(C),Less Than 8 ft.,4,-25,35,1,0,20260530,OKC,SAS,42500317208,9280,0,0,1628368|1628436|1630577|1642844|1642868
Shot Chart Detail,0042500317,210,1631119,Jaylin Williams,1610612759,Oklahoma City Thunder,2,8,29,Made Shot,Putback Layup Shot,2PT Field Goal,Restricted Area,Center(C),Less Than 8 ft.,1,10,-5,1,1,20260530,OKC,SAS,42500317210,9310,0,0,1628368|1628436|1630577|1642844|1642868
Shot Chart Detail,0042500317,213,1641717,Cason Wallace,1610612759,Oklahoma City Thunder,2,7,59,Missed Shot,Step Back Jump shot,3PT Field Goal,Above the Break 3,Left Side Center(LC),24+ ft.,26,-186,192,1,0,20260530,OKC,SAS,42500317213,9610,0,0,1628368|1628436|1630577|1642844|1642868
Shot Chart Detail,0042500317,223,1627936,Alex Caruso,1610612759,Oklahoma City Thunder,2,7,33,Missed Shot,Running Finger Roll Layup Shot,2PT Field Goal,Restricted Area,Center(C),Less Than 8 ft.,1,-9,-17,1,0,20260530,OKC,SAS,42500317223,9870,0,0,1628368|1628436|1630170|1642844|1642868
Shot Chart Detail,0042500317,241,1628983,Shai Gilgeous-Alexander,1610612759,Oklahoma City Thunder,2,6,51,Made Shot,Pullup Jump shot,3PT Field Goal,Above the Break 3,Right Side Center(RC),24+ ft.,25,118,226,1,1,20260530,OKC,SAS,42500317241,10290,0,0,1628368|1628436|1630170|1642264|1642868
Shot Chart Detail,0042500317,250,1631119,Jaylin Williams,1610612759,Oklahoma City Thunder,2,6,20,Missed Shot,Jump Shot,2PT Field Goal,Mid-Range,Left Side(L),8-16 ft.,13,-132,-20,1,0,20260530,OKC,SAS,42500317250,10600,0,0,1628368|1630170|1630577|1641705|1642264
Shot Chart Detail,0042500317,254,1628983,Shai Gilgeous-Alexander,1610612759,Oklahoma City Thunder,2,6,11,Missed Shot,Jump Shot,2PT Field Goal,In The Paint (Non-RA),Center(C),8-16 ft.,15,-74,136,1,0,20260530,OKC,SAS,42500317254,10690,0,0,1628368|1630170|1630577|1641705|1642264
Shot Chart Detail,0042500317,256,1628983,Shai Gilgeous-Alexander,1610612759,Oklahoma City Thunder,2,6,5,Made Shot,Driving Dunk Shot,2PT Field Goal,Restricted Area,Center(C),Less Than 8 ft.,0,-4,4,1,1,20260530,OKC,SAS,42500317256,10750,0,0,1628368|1630170|1630577|1641705|1642264
Shot Chart Detail,0042500317,276,1628983,Shai Gilgeous-Alexander,1610612759,Oklahoma City Thunder,2,5,2,Made Shot,Pullup Jump shot,2PT Field Goal,Mid-Range,Right Side Center(RC),16-24 ft.,17,112,140,1,1,20260530,OKC,SAS,42500317276,11380,0,0,1630170|1630577|1641705|1642264|1642844
Shot Chart Detail,0042500317,280,1631119,Jaylin Williams,1610612759,Oklahoma City Thunder,2,4,32,Made Shot,Floating Jump shot,2PT Field Goal,In The Paint (Non-RA),Center(C),Less Than 8 ft.,6,54,36,1,1,20260530,OKC,SAS,42500317280,11680,0,0,1630170|1630577|1641705|1642264|1642844
Shot Chart Detail,0042500317,286,1628983,Shai Gilgeous-Alexander,1610612759,Oklahoma City Thunder,2,3,50,Made Shot,Step Back Jump shot,2PT Field Goal,Mid-Range,Left Side(L),8-16 ft.,14,-145,31,1,1,20260530,OKC,SAS,42500317286,12100,0,0,1630170|1630577|1641705|1642264|1642844
Shot Chart Detail,0042500317,302,1628983,Shai Gilgeous-Alexander,1610612759,Oklahoma City Thunder,2,2,52,Made Shot,Jump Shot,2PT Field Goal,Mid-Range,Left Side Center(LC),16-24 ft.,16,-86,145,1,1,20260530,OKC,SAS,42500317302,12680,0,0,1628368|1629640|1630170|1641705|1642264
Shot Chart Detail,0042500317,305,1629652,Luguentz Dort,1610612759,Oklahoma City Thunder,2,2,22,Missed Shot,Jump Shot,2PT Field Goal,In The Paint (Non-RA),Right Side(R),8-16 ft.,12,70,103,1,0,20260530,OKC,SAS,42500317305,12980,0,0,1628368|1629640|1630170|1641705|1642264
Shot Chart Detail,0042500317,307,1629652,Luguentz Dort,1610612759,Oklahoma City Thunder,2,2,17,Made Shot,Jump Shot,3PT Field Goal,Above the Break 3,Center(C),24+ ft.,24,70,239,1,1,20260530,OKC,SAS,42500317307,13030,0,0,1628368|1629640|1630170|1641705|1642264
Shot Chart Detail,0042500317,311,1631119,Jaylin Williams,1610612759,Oklahoma City Thunder,2,1,33,Made Shot,Jump Shot,2PT Field Goal,Mid-Range,Center(C),8-16 ft.,14,-9,145,1,1,20260530,OKC,SAS,42500317311,13470,0,0,1628368|1629640|1630170|1641705|1642264
Shot Chart Detail,0042500317,329,1627936,Alex Caruso,1610612759,Oklahoma City Thunder,2,0,28,Missed Shot,Turnaround Hook Shot,2PT Field Goal,Mid-Range,Right Side(R),8-16 ft.,8,83,14,1,0,20260530,OKC,SAS,42500317329,14120,0,0,1628368|1629640|1630170|1641705|1642264
Shot Chart Detail,0042500317,333,1627936,Alex Caruso,1610612759,Oklahoma City Thunder,2,0,0,Missed Shot,Pullup Jump shot,3PT Field Goal,Above the Break 3,Center(C),24+ ft.,26,-58,256,1,0,20260530,OKC,SAS,42500317333,14400,0,0,1628368|1629640|1630170|1641705|1642264
Shot Chart Detail,0042500317,341,1631119,Jaylin Williams,1610612759,Oklahoma City Thunder,3,11,45,Missed Shot,Jump Shot,3PT Field Goal,Left Corner 3,Left Side(L),24+ ft.,23,-230,-26,1,0,20260530,OKC,SAS,42500317341,14550,0,0,1628368|1630170|1630577|1641705|1642264
Shot Chart Detail,0042500317,345,1627936,Alex Caruso,1610612759,Oklahoma City Thunder,3,11,4,Missed Shot,Driving Floating Bank Jump Shot,2PT Field Goal,In The Paint (Non-RA),Center(C),Less Than 8 ft.,6,64,-11,1,0,20260530,OKC,SAS,42500317345,14960,0,0,1628368|1630170|1630577|1641705|1642264
Shot Chart Detail,0042500317,350,1631119,Jaylin Williams,1610612759,Oklahoma City Thunder,3,10,24,Made Shot,Floating Jump shot,2PT Field Goal,In The Paint (Non-RA),Center(C),Less Than 8 ft.,6,25,59,1,1,20260530,OKC,SAS,42500317350,15360,0,0,1628368|1630170|1630577|1641705|1642264
Shot Chart Detail,0042500317,354,1628983,Shai Gilgeous-Alexander,1610612759,Oklahoma City Thunder,3,9,56,Missed Shot,Driving Reverse Layup Shot,2PT Field Goal,Restricted Area,Center(C),Less Than 8 ft.,1,7,12,1,0,20260530,OKC,SAS,42500317354,15640,0,0,1628368|1630170|1630577|1641705|1642264
Shot Chart Detail,0042500317,358,1628983,Shai Gilgeous-Alexander,1610612759,Oklahoma City Thunder,3,9,43,Made Shot,Step Back Jump shot,3PT Field Goal,Above the Break 3,Left Side Center(LC),24+ ft.,26,-217,153,1,1,20260530,OKC,SAS,42500317358,15770,0,0,1628368|1630170|1630577|1641705|1642264
Shot Chart Detail,0042500317,362,1627936,Alex Caruso,1610612759,Oklahoma City Thunder,3,9,10,Made Shot,Jump Shot,3PT Field Goal,Above the Break 3,Right Side Center(RC),24+ ft.,26,88,249,1,1,20260530,OKC,SAS,42500317362,16100,0,0,1628368|1630170|1630577|1641705|1642264
Shot Chart Detail,0042500317,387,1628392,Isaiah Hartenstein,1610612759,Oklahoma City Thunder,3,7,46,Missed Shot,Floating Jump shot,2PT Field Goal,Mid-Range,Center(C),8-16 ft.,13,2,139,1,0,20260530,OKC,SAS,42500317387,16940,0,0,1628368|1630170|1630577|1641705|1642264
Shot Chart Detail,0042500317,406,1628983,Shai Gilgeous-Alexander,1610612759,Oklahoma City Thunder,3,7,4,Made Shot,Fadeaway Jump Shot,2PT Field Goal,Mid-Range,Left Side(L),8-16 ft.,13,-116,63,1,1,20260530,OKC,SAS,42500317406,17360,0,0,1629640|1630577|1641705|1642264|1642844
Shot Chart Detail,0042500317,412,1627936,Alex Caruso,1610612759,Oklahoma City Thunder,3,6,22,Missed Shot,Driving Layup Shot,2PT Field Goal,Restricted Area,Center(C),Less Than 8 ft.,3,31,18,1,0,20260530,OKC,SAS,42500317412,17780,0,0,1629640|1630577|1641705|1642264|1642844
Shot Chart Detail,0042500317,414,1628392,Isaiah Hartenstein,1610612759,Oklahoma City Thunder,3,6,18,Missed Shot,Tip Layup Shot,2PT Field Goal,Restricted Area,Center(C),Less Than 8 ft.,0,0,0,1,0,20260530,OKC,SAS,42500317414,17820,0,0,1629640|1630577|1641705|1642264|1642844
Shot Chart Detail,0042500317,431,1629026,Kenrich Williams,1610612759,Oklahoma City Thunder,3,5,28,Missed Shot,Driving Floating Jump Shot,2PT Field Goal,In The Paint (Non-RA),Center(C),Less Than 8 ft.,6,-54,44,1,0,20260530,OKC,SAS,42500317431,18320,0,0,1629640|1630577|1641705|1642264|1642844
Shot Chart Detail,0042500317,435,1628983,Shai Gilgeous-Alexander,1610612759,Oklahoma City Thunder,3,5,3,Missed Shot,Pullup Jump shot,2PT Field Goal,In The Paint (Non-RA),Right Side(R),8-16 ft.,8,61,58,1,0,20260530,OKC,SAS,42500317435,18570,0,0,1629640|1630577|1641705|1642264|1642844
Shot Chart Detail,0042500317,504,1628983,Shai Gilgeous-Alexander,1610612759,Oklahoma City Thunder,3,2,10,Missed Shot,Pullup Jump shot,2PT Field Goal,Mid-Range,Left Side Center(LC),16-24 ft.,17,-126,116,1,0,20260530,OKC,SAS,42500317504,20300,0,0,1628368|1630170|1630577|1641705|1642264
Shot Chart Detail,0042500317,519,1628983,Shai Gilgeous-Alexander,1610612759,Oklahoma City Thunder,3,1,47,Missed Shot,Driving Floating Jump Shot,2PT Field Goal,Restricted Area,Center(C),Less Than 8 ft.,2,0,27,1,0,20260530,OKC,SAS,42500317519,20530,0,0,1628368|1630170|1630577|1641705|1642264
Shot Chart Detail,0042500317,523,1631119,Jaylin Williams,1610612759,Oklahoma City Thunder,3,1,8,Made Shot,Jump Shot,3PT Field Goal,Above the Break 3,Left Side Center(LC),24+ ft.,26,-227,137,1,1,20260530,OKC,SAS,42500317523,20920,0,0,1628368|1630170|1630577|1641705|1642264
Shot Chart Detail,0042500317,537,1641717,Cason Wallace,1610612759,Oklahoma City Thunder,3,0,28,Missed Shot,Jump Shot,3PT Field Goal,Above the Break 3,Left Side Center(LC),24+ ft.,26,-129,231,1,0,20260530,OKC,SAS,42500317537,21320,0,0,1628368|1630170|1630577|1641705|1642844
Shot Chart Detail,0042500317,556,1642272,Jared McCain,1610612759,Oklahoma City Thunder,4,11,30,Made Shot,Step Back Jump shot,2PT Field Goal,In The Paint (Non-RA),Center(C),8-16 ft.,14,62,133,1,1,20260530,OKC,SAS,42500317556,21900,0,0,1628368|1629640|1630577|1641705|1642844
Shot Chart Detail,0042500317,560,1641717,Cason Wallace,1610612759,Oklahoma City Thunder,4,10,53,Made Shot,Jump Shot,3PT Field Goal,Left Corner 3,Left Side(L),24+ ft.,23,-237,8,1,1,20260530,OKC,SAS,42500317560,22270,0,0,1628368|1629640|1630577|1641705|1642844
Shot Chart Detail,0042500317,566,1642272,Jared McCain,1610612759,Oklahoma City Thunder,4,10,7,Missed Shot,Step Back Jump shot,3PT Field Goal,Right Corner 3,Right Side(R),24+ ft.,22,224,-10,1,0,20260530,OKC,SAS,42500317566,22730,0,0,1628368|1629640|1630577|1641705|1642844
Shot Chart Detail,0042500317,581,1641717,Cason Wallace,1610612759,Oklahoma City Thunder,4,9,7,Made Shot,Jump Shot,3PT Field Goal,Above the Break 3,Center(C),24+ ft.,25,-16,258,1,1,20260530,OKC,SAS,42500317581,23330,0,0,1628368|1629640|1630577|1641705|1642844
Shot Chart Detail,0042500317,584,1628983,Shai Gilgeous-Alexander,1610612759,Oklahoma City Thunder,4,8,31,Missed Shot,Pullup Jump shot,3PT Field Goal,Above the Break 3,Left Side Center(LC),24+ ft.,25,-213,149,1,0,20260530,OKC,SAS,42500317584,23690,0,0,1628368|1629640|1630577|1641705|1642844
Shot Chart Detail,0042500317,588,1627936,Alex Caruso,1610612759,Oklahoma City Thunder,4,8,8,Missed Shot,Running Layup Shot,2PT Field Goal,Restricted Area,Center(C),Less Than 8 ft.,3,-29,11,1,0,20260530,OKC,SAS,42500317588,23920,0,0,1628368|1629640|1630577|1641705|1642844
Shot Chart Detail,0042500317,601,1628392,Isaiah Hartenstein,1610612759,Oklahoma City Thunder,4,7,50,Made Shot,Cutting Dunk Shot,2PT Field Goal,Restricted Area,Center(C),Less Than 8 ft.,1,-1,16,1,1,20260530,OKC,SAS,42500317601,24100,0,0,1628368|1629640|1630170|1641705|1642264
Shot Chart Detail,0042500317,608,1642272,Jared McCain,1610612759,Oklahoma City Thunder,4,7,23,Missed Shot,Jump Shot,3PT Field Goal,Left Corner 3,Left Side(L),24+ ft.,23,-234,-13,1,0,20260530,OKC,SAS,42500317608,24370,0,0,1628368|1629640|1630170|1641705|1642264
Shot Chart Detail,0042500317,612,1628983,Shai Gilgeous-Alexander,1610612759,Oklahoma City Thunder,4,6,49,Made Shot,Turnaround Fadeaway shot,2PT Field Goal,In The Paint (Non-RA),Center(C),8-16 ft.,13,48,130,1,1,20260530,OKC,SAS,42500317612,24710,0,0,1628368|1629640|1630170|1641705|1642264
Shot Chart Detail,0042500317,622,1628392,Isaiah Hartenstein,1610612759,Oklahoma City Thunder,4,6,31,Missed Shot,Running Dunk Shot,2PT Field Goal,Restricted Area,Center(C),Less Than 8 ft.,1,15,13,1,0,20260530,OKC,SAS,42500317622,24890,0,0,1628436|1630170|1630577|1642264|1642844
Shot Chart Detail,0042500317,631,1627936,Alex Caruso,1610612759,Oklahoma City Thunder,4,5,16,Made Shot,Driving Floating Bank Jump Shot,2PT Field Goal,In The Paint (Non-RA),Center(C),Less Than 8 ft.,6,61,27,1,1,20260530,OKC,SAS,42500317631,25640,0,0,1630170|1630577|1641705|1642264|1642844
Shot Chart Detail,0042500317,635,1642272,Jared McCain,1610612759,Oklahoma City Thunder,4,4,44,Missed Shot,Running Jump Shot,3PT Field Goal,Left Corner 3,Left Side(L),24+ ft.,23,-230,-11,1,0,20260530,OKC,SAS,42500317635,25960,0,0,1630170|1630577|1641705|1642264|1642844
Shot Chart Detail,0042500317,647,1628983,Shai Gilgeous-Alexander,1610612759,Oklahoma City Thunder,4,4,9,Made Shot,Step Back Jump shot,2PT Field Goal,Mid-Range,Left Side Center(LC),16-24 ft.,20,-151,143,1,1,20260530,OKC,SAS,42500317647,26310,0,0,1628368|1630170|1630577|1641705|1642844
Shot Chart Detail,0042500317,652,1641717,Cason Wallace,1610612759,Oklahoma City Thunder,4,3,26,Made Shot,Jump Shot,3PT Field Goal,Right Corner 3,Right Side(R),24+ ft.,22,224,-15,1,1,20260530,OKC,SAS,42500317652,26740,0,0,1628368|1630577|1641705|1642264|1642844
Shot Chart Detail,0042500317,657,1631119,Jaylin Williams,1610612759,Oklahoma City Thunder,4,2,34,Missed Shot,Pullup Jump shot,2PT Field Goal,Mid-Range,Left Side(L),16-24 ft.,19,-165,101,1,0,20260530,OKC,SAS,42500317657,27260,0,0,1628368|1630577|1641705|1642264|1642844
Shot Chart Detail,0042500317,663,1641717,Cason Wallace,1610612759,Oklahoma City Thunder,4,2,2,Made Shot,Jump Shot,3PT Field Goal,Above the Break 3,Right Side Center(RC),24+ ft.,25,167,195,1,1,20260530,OKC,SAS,42500317663,27580,0,0,1628368|1630577|1641705|1642264|1642844
Shot Chart Detail,0042500317,667,1628983,Shai Gilgeous-Alexander,1610612759,Oklahoma City Thunder,4,1,25,Missed Shot,Step Back Jump shot,3PT Field Goal,Above the Break 3,Left Side Center(LC),24+ ft.,27,-136,235,1,0,20260530,OKC,SAS,42500317667,27950,0,0,1628368|1630577|1641705|1642264|1642844
Shot Chart Detail,0042500317,679,1641717,Cason Wallace,1610612759,Oklahoma City Thunder,4,0,52,Made Shot,Driving Layup Shot,2PT Field Goal,In The Paint (Non-RA),Center(C),Less Than 8 ft.,4,-42,20,1,1,20260530,OKC,SAS,42500317679,28280,0,0,1628368|1630170|1630577|1641705|1642264
Shot Chart Detail,0042500317,689,1629026,Kenrich Williams,1610612759,Oklahoma City Thunder,4,0,28,Missed Shot,Jump Shot,3PT Field Goal,Right Corner 3,Right Side(R),24+ ft.,22,227,-13,1,0,20260530,OKC,SAS,42500317689,28520,0,0,1628368|1630170|1641705|1642264|1642844
Shot Chart Detail,0042500317,701,1627936,Alex Caruso,1610612759,Oklahoma City Thunder,4,0,18,Missed Shot,Pullup Jump shot,3PT Field Goal,Above the Break 3,Right Side Center(RC),24+ ft.,26,102,249,1,0,20260530,OKC,SAS,42500317701,28620,0,0,1628368|1630170|1630577|1641705|1642264
Shot Chart Detail,0042500317,704,1641717,Cason Wallace,1610612759,Oklahoma City Thunder,4,0,12,Missed Shot,Jump Shot,3PT Field Goal,Above the Break 3,Right Side Center(RC),24+ ft.,29,99,275,1,0,20260530,OKC,SAS,42500317704,28680,0,0,1628368|1630170|1630577|1641705|1642264
Shot Chart Detail,0042500401,7,1628973,Jalen Brunson,1610612759,New York Knicks,1,11,45,Made Shot,Jump Shot,3PT Field Goal,Above the Break 3,Center(C),24+ ft.,26,5,260,1,1,20260603,SAS,NYK,425004017,150,0,0,1628368|1630170|1630577|1641705|1642264
Shot Chart Detail,0042500401,10,1628973,Jalen Brunson,1610612759,New York Knicks,1,10,57,Missed Shot,Driving Layup Shot,2PT Field Goal,In The Paint (Non-RA),Center(C),Less Than 8 ft.,7,66,35,1,0,20260603,SAS,NYK,4250040110,630,0,0,1628368|1630170|1630577|1641705|1642264
Shot Chart Detail,0042500401,12,1628384,OG Anunoby,1610612759,New York Knicks,1,10,53,Made Shot,Jump Shot,3PT Field Goal,Left Corner 3,Left Side(L),24+ ft.,24,-240,4,1,1,20260603,SAS,NYK,4250040112,670,0,0,1628368|1630170|1630577|1641705|1642264
Shot Chart Detail,0042500401,20,1626157,Karl-Anthony Towns,1610612759,New York Knicks,1,10,18,Missed Shot,Jump Shot,3PT Field Goal,Above the Break 3,Center(C),24+ ft.,27,-77,267,1,0,20260603,SAS,NYK,4250040120,1020,0,0,1628368|1630170|1630577|1641705|1642264
Shot Chart Detail,0042500401,24,1628384,OG Anunoby,1610612759,New York Knicks,1,10,1,Made Shot,Running Layup Shot,2PT Field Goal,Restricted Area,Center(C),Less Than 8 ft.,2,-22,13,1,1,20260603,SAS,NYK,4250040124,1190,0,0,1628368|1630170|1630577|1641705|1642264
Shot Chart Detail,0042500401,31,1628969,Mikal Bridges,1610612759,New York Knicks,1,9,29,Missed Shot,Running Pull-Up Jump Shot,2PT Field Goal,Mid-Range,Right Side(R),8-16 ft.,13,92,98,1,0,20260603,SAS,NYK,4250040131,1510,0,0,1628368|1630170|1630577|1641705|1642264
Shot Chart Detail,0042500401,36,1628404,Josh Hart,1610612759,New York Knicks,1,8,56,Made Shot,Driving Finger Roll Layup Shot,2PT Field Goal,Restricted Area,Center(C),Less Than 8 ft.,1,-16,11,1,1,20260603,SAS,NYK,4250040136,1840,0,0,1628368|1630170|1630577|1641705|1642264
Shot Chart Detail,0042500401,40,1628404,Josh Hart,1610612759,New York Knicks,1,8,29,Missed Shot,Running Layup Shot,2PT Field Goal,Restricted Area,Center(C),Less Than 8 ft.,2,25,11,1,0,20260603,SAS,NYK,4250040140,2110,0,0,1628368|1630170|1630577|1641705|1642264
Shot Chart Detail,0042500401,45,1628973,Jalen Brunson,1610612759,New York Knicks,1,7,52,Missed Shot,Pullup Jump shot,3PT Field Goal,Above the Break 3,Right Side Center(RC),24+ ft.,24,144,202,1,0,20260603,SAS,NYK,4250040145,2480,0,0,1628368|1630170|1630577|1641705|1642264
Shot Chart Detail,0042500401,51,1626157,Karl-Anthony Towns,1610612759,New York Knicks,1,7,28,Made Shot,Driving Floating Jump Shot,2PT Field Goal,Restricted Area,Center(C),Less Than 8 ft.,3,9,34,1,1,20260603,SAS,NYK,4250040151,2720,0,0,1628368|1630170|1630577|1641705|1642264
Shot Chart Detail,0042500401,59,1626157,Karl-Anthony Towns,1610612759,New York Knicks,1,6,59,Made Shot,Driving Finger Roll Layup Shot,2PT Field Goal,Restricted Area,Center(C),Less Than 8 ft.,1,-11,10,1,1,20260603,SAS,NYK,4250040159,3010,0,0,1629640|1630170|1641705|1642264|1642844
Shot Chart Detail,0042500401,67,1626157,Karl-Anthony Towns,1610612759,New York Knicks,1,6,20,Missed Shot,Driving Layup Shot,2PT Field Goal,Restricted Area,Center(C),Less Than 8 ft.,3,29,21,1,0,20260603,SAS,NYK,4250040167,3400,0,0,1629640|1630170|1641705|1642264|1642844
Shot Chart Detail,0042500401,75,1628404,Josh Hart,1610612759,New York Knicks,1,5,55,Missed Shot,Jump Shot,3PT Field Goal,Above the Break 3,Center(C),24+ ft.,26,-76,252,1,0,20260603,SAS,NYK,4250040175,3650,0,0,1629640|1630170|1641705|1642264|1642844
Shot Chart Detail,0042500401,89,1629013,Landry Shamet,1610612759,New York Knicks,1,5,8,Missed Shot,Jump Shot,3PT Field Goal,Above the Break 3,Left Side Center(LC),24+ ft.,25,-225,126,1,0,20260603,SAS,NYK,4250040189,4120,0,0,1628436|1629640|1630170|1642264|1642844
Shot Chart Detail,0042500401,91,1626157,Karl-Anthony Towns,1610612759,New York Knicks,1,5,4,Missed Shot,Fadeaway Jump Shot,2PT Field Goal,Restricted Area,Center(C),Less Than 8 ft.,0,0,0,1,0,20260603,SAS,NYK,4250040191,4160,0,0,1628436|1629640|1630170|1642264|1642844
Shot Chart Detail,0042500401,95,1628973,Jalen Brunson,1610612759,New York Knicks,1,4,44,Missed Shot,Pullup Jump shot,2PT Field Goal,Mid-Range,Right Side Center(RC),16-24 ft.,16,103,132,1,0,20260603,SAS,NYK,4250040195,4360,0,0,1628436|1629640|1630170|1642264|1642844
Shot Chart Detail,0042500401,121,1628973,Jalen Brunson,1610612759,New York Knicks,1,3,36,Missed Shot,Jump Shot,3PT Field Goal,Above the Break 3,Right Side Center(RC),24+ ft.,26,113,245,1,0,20260603,SAS,NYK,42500401121,5040,0,0,1628368|1628436|1630170|1630577|1642844
Shot Chart Detail,0042500401,125,1629013,Landry Shamet,1610612759,New York Knicks,1,3,12,Made Shot,Jump Shot,3PT Field Goal,Left Corner 3,Left Side(L),24+ ft.,24,-240,3,1,1,20260603,SAS,NYK,42500401125,5280,0,0,1628368|1628436|1630170|1630577|1642844
Shot Chart Detail,0042500401,129,1628973,Jalen Brunson,1610612759,New York Knicks,1,2,47,Missed Shot,Driving Layup Shot,2PT Field Goal,Restricted Area,Center(C),Less Than 8 ft.,2,6,21,1,0,20260603,SAS,NYK,42500401129,5530,0,0,1628368|1628436|1630170|1630577|1642844
Shot Chart Detail,0042500401,140,1628973,Jalen Brunson,1610612759,New York Knicks,1,2,19,Missed Shot,Step Back Jump shot,2PT Field Goal,Mid-Range,Right Side(R),8-16 ft.,12,113,56,1,0,20260603,SAS,NYK,42500401140,5810,0,0,203084|1628368|1630577|1641705|1642844
Shot Chart Detail,0042500401,150,1630540,Miles McBride,1610612759,New York Knicks,1,1,41,Missed Shot,Pullup Jump shot,3PT Field Goal,Above the Break 3,Center(C),24+ ft.,26,7,263,1,0,20260603,SAS,NYK,42500401150,6190,0,0,203084|1628368|1630577|1641705|1642844
Shot Chart Detail,0042500401,163,1630540,Miles McBride,1610612759,New York Knicks,1,1,16,Missed Shot,Jump Shot,3PT Field Goal,Above the Break 3,Left Side Center(LC),24+ ft.,26,-217,146,1,0,20260603,SAS,NYK,42500401163,6440,0,0,203084|1628368|1630577|1641705|1642844
Shot Chart Detail,0042500401,165,1628969,Mikal Bridges,1610612759,New York Knicks,1,1,15,Made Shot,Tip Layup Shot,2PT Field Goal,Restricted Area,Center(C),Less Than 8 ft.,0,0,0,1,1,20260603,SAS,NYK,42500401165,6450,0,0,203084|1628368|1630577|1641705|1642844
Shot Chart Detail,0042500401,172,1630631,Jose Alvarado,1610612759,New York Knicks,1,0,27,Missed Shot,Step Back Jump shot,3PT Field Goal,Above the Break 3,Left Side Center(LC),24+ ft.,26,-178,193,1,0,20260603,SAS,NYK,42500401172,6930,0,0,1628368|1630577|1641705|1642264|1642844
Shot Chart Detail,0042500401,192,1630540,Miles McBride,1610612759,New York Knicks,2,10,54,Made Shot,Jump Shot,3PT Field Goal,Above the Break 3,Right Side Center(RC),24+ ft.,25,118,231,1,1,20260603,SAS,NYK,42500401192,7860,0,0,203084|1628368|1630577|1641705|1642264
Shot Chart Detail,0042500401,196,1626157,Karl-Anthony Towns,1610612759,New York Knicks,2,10,41,Missed Shot,Driving Dunk Shot,2PT Field Goal,Restricted Area,Center(C),Less Than 8 ft.,3,31,9,1,0,20260603,SAS,NYK,42500401196,7990,0,0,203084|1628368|1630577|1641705|1642264
Shot Chart Detail,0042500401,200,1630631,Jose Alvarado,1610612759,New York Knicks,2,10,32,Made Shot,Driving Reverse Layup Shot,2PT Field Goal,In The Paint (Non-RA),Center(C),Less Than 8 ft.,4,-40,8,1,1,20260603,SAS,NYK,42500401200,8080,0,0,203084|1628368|1630577|1641705|1642264
Shot Chart Detail,0042500401,205,1626157,Karl-Anthony Towns,1610612759,New York Knicks,2,10,3,Made Shot,Driving Layup Shot,2PT Field Goal,Restricted Area,Center(C),Less Than 8 ft.,1,6,16,1,1,20260603,SAS,NYK,42500401205,8370,0,0,203084|1628368|1630577|1641705|1642264
Shot Chart Detail,0042500401,214,1629013,Landry Shamet,1610612759,New York Knicks,2,9,38,Missed Shot,Pullup Jump shot,2PT Field Goal,Mid-Range,Left Side(L),16-24 ft.,16,-151,68,1,0,20260603,SAS,NYK,42500401214,8620,0,0,203084|1630170|1641705|1642264|1642844
Shot Chart Detail,0042500401,218,1630631,Jose Alvarado,1610612759,New York Knicks,2,9,19,Made Shot,Driving Finger Roll Layup Shot,2PT Field Goal,Restricted Area,Center(C),Less Than 8 ft.,3,29,14,1,1,20260603,SAS,NYK,42500401218,8810,0,0,203084|1630170|1641705|1642264|1642844
Shot Chart Detail,0042500401,221,1630540,Miles McBride,1610612759,New York Knicks,2,9,2,Missed Shot,Running Jump Shot,3PT Field Goal,Right Corner 3,Right Side(R),24+ ft.,24,235,74,1,0,20260603,SAS,NYK,42500401221,8980,0,0,203084|1630170|1641705|1642264|1642844
Shot Chart Detail,0042500401,225,1629013,Landry Shamet,1610612759,New York Knicks,2,8,40,Missed Shot,Running Jump Shot,3PT Field Goal,Left Corner 3,Left Side(L),24+ ft.,23,-235,16,1,0,20260603,SAS,NYK,42500401225,9200,0,0,203084|1630170|1641705|1642264|1642844
Shot Chart Detail,0042500401,252,1629011,Mitchell Robinson,1610612759,New York Knicks,2,7,26,Made Shot,Alley Oop Dunk Shot,2PT Field Goal,Restricted Area,Center(C),Less Than 8 ft.,1,-15,8,1,1,20260603,SAS,NYK,42500401252,9940,0,0,1628436|1630170|1642264|1642844|1642868
Shot Chart Detail,0042500401,267,203903,Jordan Clarkson,1610612759,New York Knicks,2,7,2,Missed Shot,Jump Shot,3PT Field Goal,Above the Break 3,Left Side Center(LC),24+ ft.,25,-213,145,1,0,20260603,SAS,NYK,42500401267,10180,0,0,1628368|1628436|1630170|1642844|1642868
Shot Chart Detail,0042500401,273,1628973,Jalen Brunson,1610612759,New York Knicks,2,6,33,Missed Shot,Running Finger Roll Layup Shot,2PT Field Goal,Restricted Area,Center(C),Less Than 8 ft.,2,-28,10,1,0,20260603,SAS,NYK,42500401273,10470,0,0,1628368|1628436|1630170|1642844|1642868
Shot Chart Detail,0042500401,275,1629011,Mitchell Robinson,1610612759,New York Knicks,2,6,32,Missed Shot,Tip Dunk Shot,2PT Field Goal,Restricted Area,Center(C),Less Than 8 ft.,0,0,0,1,0,20260603,SAS,NYK,42500401275,10480,0,0,1628368|1628436|1630170|1642844|1642868
Shot Chart Detail,0042500401,279,1628973,Jalen Brunson,1610612759,New York Knicks,2,6,3,Made Shot,Driving Floating Jump Shot,2PT Field Goal,Restricted Area,Center(C),Less Than 8 ft.,1,-16,11,1,1,20260603,SAS,NYK,42500401279,10770,0,0,1628368|1628436|1630170|1642844|1642868
Shot Chart Detail,0042500401,283,1628973,Jalen Brunson,1610612759,New York Knicks,2,5,37,Missed Shot,Driving Floating Jump Shot,2PT Field Goal,In The Paint (Non-RA),Center(C),8-16 ft.,8,21,79,1,0,20260603,SAS,NYK,42500401283,11030,0,0,1628368|1628436|1630170|1642844|1642868
Shot Chart Detail,0042500401,285,1628973,Jalen Brunson,1610612759,New York Knicks,2,5,35,Made Shot,Tip Layup Shot,2PT Field Goal,Restricted Area,Center(C),Less Than 8 ft.,0,0,0,1,1,20260603,SAS,NYK,42500401285,11050,0,0,1628368|1628436|1630170|1642844|1642868
Shot Chart Detail,0042500401,289,1628973,Jalen Brunson,1610612759,New York Knicks,2,5,1,Made Shot,Finger Roll Layup Shot,2PT Field Goal,In The Paint (Non-RA),Center(C),Less Than 8 ft.,5,50,31,1,1,20260603,SAS,NYK,42500401289,11390,0,0,1628368|1628436|1630170|1642844|1642868
Shot Chart Detail,0042500401,292,1628973,Jalen Brunson,1610612759,New York Knicks,2,4,20,Made Shot,Driving Floating Jump Shot,2PT Field Goal,In The Paint (Non-RA),Center(C),Less Than 8 ft.,4,-34,36,1,1,20260603,SAS,NYK,42500401292,11800,0,0,1628368|1628436|1630170|1642844|1642868
Shot Chart Detail,0042500401,294,1628969,Mikal Bridges,1610612759,New York Knicks,2,3,56,Made Shot,Pullup Jump shot,2PT Field Goal,Mid-Range,Center(C),16-24 ft.,17,38,171,1,1,20260603,SAS,NYK,42500401294,12040,0,0,1628368|1628436|1630170|1642844|1642868
Shot Chart Detail,0042500401,308,1628973,Jalen Brunson,1610612759,New York Knicks,2,3,1,Missed Shot,Pullup Jump shot,3PT Field Goal,Above the Break 3,Right Side Center(RC),24+ ft.,26,152,222,1,0,20260603,SAS,NYK,42500401308,12590,0,0,1628368|1629640|1641705|1642264|1642844
Shot Chart Detail,0042500401,312,1629013,Landry Shamet,1610612759,New York Knicks,2,2,32,Made Shot,Step Back Jump shot,3PT Field Goal,Right Corner 3,Right Side(R),24+ ft.,24,230,84,1,1,20260603,SAS,NYK,42500401312,12880,0,0,1628368|1629640|1641705|1642264|1642844
Shot Chart Detail,0042500401,326,1628384,OG Anunoby,1610612759,New York Knicks,2,2,10,Missed Shot,Jump Shot,3PT Field Goal,Right Corner 3,Right Side(R),24+ ft.,23,234,36,1,0,20260603,SAS,NYK,42500401326,13100,0,0,1629640|1630577|1641705|1642264|1642844
Shot Chart Detail,0042500401,330,1630631,Jose Alvarado,1610612759,New York Knicks,2,1,34,Made Shot,Jump Shot,3PT Field Goal,Above the Break 3,Right Side Center(RC),24+ ft.,25,179,184,1,1,20260603,SAS,NYK,42500401330,13460,0,0,1629640|1630577|1641705|1642264|1642844
Shot Chart Detail,0042500401,342,1628973,Jalen Brunson,1610612759,New York Knicks,2,0,58,Missed Shot,Step Back Jump shot,3PT Field Goal,Above the Break 3,Left Side Center(LC),24+ ft.,26,-224,134,1,0,20260603,SAS,NYK,42500401342,13820,0,0,1628368|1630170|1630577|1641705|1642264
Shot Chart Detail,0042500401,353,1626157,Karl-Anthony Towns,1610612759,New York Knicks,2,0,24,Missed Shot,Driving Floating Jump Shot,2PT Field Goal,In The Paint (Non-RA),Center(C),Less Than 8 ft.,4,-4,41,1,0,20260603,SAS,NYK,42500401353,14160,0,0,1628368|1630170|1630577|1641705|1642264
Shot Chart Detail,0042500401,361,1626157,Karl-Anthony Towns,1610612759,New York Knicks,2,0,23,Missed Shot,Tip Layup Shot,2PT Field Goal,Restricted Area,Center(C),Less Than 8 ft.,1,6,17,1,0,20260603,SAS,NYK,42500401361,14170,0,0,1628368|1630170|1630577|1641705|1642264
Shot Chart Detail,0042500401,370,1628404,Josh Hart,1610612759,New York Knicks,3,11,19,Missed Shot,Jump Shot,3PT Field Goal,Above the Break 3,Left Side Center(LC),24+ ft.,26,-221,139,1,0,20260603,SAS,NYK,42500401370,14810,0,0,1628368|1630170|1630577|1641705|1642264
Shot Chart Detail,0042500401,375,1628384,OG Anunoby,1610612759,New York Knicks,3,10,44,Missed Shot,Step Back Jump shot,3PT Field Goal,Above the Break 3,Right Side Center(RC),24+ ft.,25,200,155,1,0,20260603,SAS,NYK,42500401375,15160,0,0,1628368|1630170|1630577|1641705|1642264
Shot Chart Detail,0042500401,381,1628384,OG Anunoby,1610612759,New York Knicks,3,10,12,Missed Shot,Pullup Jump shot,2PT Field Goal,Mid-Range,Center(C),16-24 ft.,17,36,173,1,0,20260603,SAS,NYK,42500401381,15480,0,0,1628368|1630170|1630577|1641705|1642264
Shot Chart Detail,0042500401,386,1628973,Jalen Brunson,1610612759,New York Knicks,3,9,46,Missed Shot,Step Back Jump shot,2PT Field Goal,Mid-Range,Center(C),16-24 ft.,17,48,170,1,0,20260603,SAS,NYK,42500401386,15740,0,0,1628368|1630170|1630577|1641705|1642264
Shot Chart Detail,0042500401,396,1626157,Karl-Anthony Towns,1610612759,New York Knicks,3,9,17,Made Shot,Alley Oop Layup shot,2PT Field Goal,Restricted Area,Center(C),Less Than 8 ft.,2,21,2,1,1,20260603,SAS,NYK,42500401396,16030,0,0,1628368|1630170|1630577|1641705|1642264
Shot Chart Detail,0042500401,402,1628384,OG Anunoby,1610612759,New York Knicks,3,8,45,Missed Shot,Pullup Jump shot,2PT Field Goal,In The Paint (Non-RA),Right Side(R),8-16 ft.,9,54,84,1,0,20260603,SAS,NYK,42500401402,16350,0,0,1628368|1630170|1630577|1641705|1642264
Shot Chart Detail,0042500401,406,1628969,Mikal Bridges,1610612759,New York Knicks,3,8,11,Missed Shot,Turnaround Fadeaway shot,2PT Field Goal,Mid-Range,Left Side(L),8-16 ft.,10,-96,53,1,0,20260603,SAS,NYK,42500401406,16690,0,0,1628368|1630170|1630577|1641705|1642264
Shot Chart Detail,0042500401,411,1628973,Jalen Brunson,1610612759,New York Knicks,3,7,53,Missed Shot,Pullup Jump shot,3PT Field Goal,Left Corner 3,Left Side(L),24+ ft.,24,-235,70,1,0,20260603,SAS,NYK,42500401411,16870,0,0,1628368|1630170|1630577|1641705|1642264
Shot Chart Detail,0042500401,421,1628973,Jalen Brunson,1610612759,New York Knicks,3,7,15,Missed Shot,Jump Shot,3PT Field Goal,Right Corner 3,Right Side(R),24+ ft.,22,228,28,1,0,20260603,SAS,NYK,42500401421,17250,0,0,1630170|1630577|1641705|1642264|1642844
Shot Chart Detail,0042500401,438,1628969,Mikal Bridges,1610612759,New York Knicks,3,6,10,Made Shot,Pullup Jump shot,2PT Field Goal,In The Paint (Non-RA),Center(C),8-16 ft.,11,-5,113,1,1,20260603,SAS,NYK,42500401438,17900,0,0,1628436|1630170|1630577|1642264|1642844
Shot Chart Detail,0042500401,448,1629013,Landry Shamet,1610612759,New York Knicks,3,5,40,Made Shot,Cutting Layup Shot,2PT Field Goal,Restricted Area,Center(C),Less Than 8 ft.,1,-11,10,1,1,20260603,SAS,NYK,42500401448,18200,0,0,1628436|1630170|1630577|1642264|1642844
Shot Chart Detail,0042500401,451,1626157,Karl-Anthony Towns,1610612759,New York Knicks,3,5,21,Made Shot,Driving Finger Roll Layup Shot,2PT Field Goal,Restricted Area,Center(C),Less Than 8 ft.,2,-21,10,1,1,20260603,SAS,NYK,42500401451,18390,0,0,1628436|1630170|1630577|1642264|1642844
Shot Chart Detail,0042500401,461,1628973,Jalen Brunson,1610612759,New York Knicks,3,4,58,Made Shot,Running Layup Shot,2PT Field Goal,In The Paint (Non-RA),Center(C),Less Than 8 ft.,4,25,36,1,1,20260603,SAS,NYK,42500401461,18620,0,0,1628368|1628436|1630170|1630577|1642844
Shot Chart Detail,0042500401,473,1628973,Jalen Brunson,1610612759,New York Knicks,3,4,22,Missed Shot,Pullup Jump shot,3PT Field Goal,Above the Break 3,Left Side Center(LC),24+ ft.,26,-168,204,1,0,20260603,SAS,NYK,42500401473,18980,0,0,1628368|1629640|1630577|1641705|1642844
Shot Chart Detail,0042500401,477,1629013,Landry Shamet,1610612759,New York Knicks,3,4,8,Made Shot,Running Jump Shot,3PT Field Goal,Left Corner 3,Left Side(L),24+ ft.,24,-243,31,1,1,20260603,SAS,NYK,42500401477,19120,0,0,1628368|1629640|1630577|1641705|1642844
Shot Chart Detail,0042500401,481,1630540,Miles McBride,1610612759,New York Knicks,3,3,40,Missed Shot,Jump Shot,3PT Field Goal,Above the Break 3,Left Side Center(LC),24+ ft.,25,-181,180,1,0,20260603,SAS,NYK,42500401481,19400,0,0,1628368|1629640|1630577|1641705|1642844
Shot Chart Detail,0042500401,483,1626157,Karl-Anthony Towns,1610612759,New York Knicks,3,3,36,Made Shot,Putback Layup Shot,2PT Field Goal,Restricted Area,Center(C),Less Than 8 ft.,0,0,0,1,1,20260603,SAS,NYK,42500401483,19440,0,0,1628368|1629640|1630577|1641705|1642844
Shot Chart Detail,0042500401,485,1628404,Josh Hart,1610612759,New York Knicks,3,2,56,Missed Shot,Jump Shot,3PT Field Goal,Above the Break 3,Center(C),24+ ft.,25,7,259,1,0,20260603,SAS,NYK,42500401485,19840,0,0,1628368|1629640|1630577|1641705|1642844
Shot Chart Detail,0042500401,487,1626157,Karl-Anthony Towns,1610612759,New York Knicks,3,2,52,Made Shot,Putback Layup Shot,2PT Field Goal,Restricted Area,Center(C),Less Than 8 ft.,0,0,0,1,1,20260603,SAS,NYK,42500401487,19880,0,0,1628368|1629640|1630577|1641705|1642844
Shot Chart Detail,0042500401,493,1626157,Karl-Anthony Towns,1610612759,New York Knicks,3,2,31,Missed Shot,Jump Shot,3PT Field Goal,Above the Break 3,Center(C),24+ ft.,29,-7,296,1,0,20260603,SAS,NYK,42500401493,20090,0,0,1628368|1629640|1630577|1641705|1642844
Shot Chart Detail,0042500401,498,1628973,Jalen Brunson,1610612759,New York Knicks,3,2,1,Made Shot,Pullup Jump shot,2PT Field Goal,Mid-Range,Right Side(R),8-16 ft.,14,96,107,1,1,20260603,SAS,NYK,42500401498,20390,0,0,1628368|1629640|1630577|1641705|1642844
Shot Chart Detail,0042500401,517,1628973,Jalen Brunson,1610612759,New York Knicks,3,1,15,Missed Shot,Turnaround Fadeaway shot,2PT Field Goal,Mid-Range,Center(C),8-16 ft.,14,26,144,1,0,20260603,SAS,NYK,42500401517,20850,0,0,203084|1628368|1630170|1641705|1642844
Shot Chart Detail,0042500401,527,1630540,Miles McBride,1610612759,New York Knicks,3,0,9,Made Shot,Jump Bank Shot,3PT Field Goal,Left Corner 3,Left Side(L),24+ ft.,24,-240,26,1,1,20260603,SAS,NYK,42500401527,21510,0,0,203084|1628368|1630170|1641705|1642844
Shot Chart Detail,0042500401,541,1626157,Karl-Anthony Towns,1610612759,New York Knicks,4,11,38,Missed Shot,Driving Floating Jump Shot,2PT Field Goal,In The Paint (Non-RA),Center(C),Less Than 8 ft.,5,4,54,1,0,20260603,SAS,NYK,42500401541,21820,0,0,203084|1628368|1630170|1641705|1642264
Shot Chart Detail,0042500401,544,1629013,Landry Shamet,1610612759,New York Knicks,4,11,32,Made Shot,Reverse Layup Shot,2PT Field Goal,Restricted Area,Center(C),Less Than 8 ft.,1,-12,6,1,1,20260603,SAS,NYK,42500401544,21880,0,0,203084|1628368|1630170|1641705|1642264
Shot Chart Detail,0042500401,553,1630631,Jose Alvarado,1610612759,New York Knicks,4,10,45,Missed Shot,Jump Shot,3PT Field Goal,Above the Break 3,Center(C),24+ ft.,26,61,253,1,0,20260603,SAS,NYK,42500401553,22350,0,0,203084|1628368|1630170|1641705|1642264
Shot Chart Detail,0042500401,557,1628384,OG Anunoby,1610612759,New York Knicks,4,10,32,Made Shot,Driving Finger Roll Layup Shot,2PT Field Goal,Restricted Area,Center(C),Less Than 8 ft.,2,21,0,1,1,20260603,SAS,NYK,42500401557,22480,0,0,203084|1628368|1630170|1641705|1642264
Shot Chart Detail,0042500401,560,1628384,OG Anunoby,1610612759,New York Knicks,4,9,56,Missed Shot,Driving Floating Bank Jump Shot,2PT Field Goal,In The Paint (Non-RA),Left Side(L),8-16 ft.,8,-75,46,1,0,20260603,SAS,NYK,42500401560,22840,0,0,203084|1628368|1630170|1641705|1642264
Shot Chart Detail,0042500401,565,1628384,OG Anunoby,1610612759,New York Knicks,4,9,23,Made Shot,Jump Shot,3PT Field Goal,Left Corner 3,Left Side(L),24+ ft.,23,-237,15,1,1,20260603,SAS,NYK,42500401565,23170,0,0,203084|1628368|1630170|1641705|1642264
Shot Chart Detail,0042500401,569,1628384,OG Anunoby,1610612759,New York Knicks,4,8,50,Made Shot,Jump Shot,3PT Field Goal,Right Corner 3,Right Side(R),24+ ft.,23,232,42,1,1,20260603,SAS,NYK,42500401569,23500,0,0,203084|1628368|1630170|1641705|1642264
Shot Chart Detail,0042500401,573,1630631,Jose Alvarado,1610612759,New York Knicks,4,8,7,Missed Shot,Driving Floating Jump Shot,2PT Field Goal,In The Paint (Non-RA),Center(C),Less Than 8 ft.,7,50,53,1,0,20260603,SAS,NYK,42500401573,23930,0,0,203084|1628368|1630170|1641705|1642264
Shot Chart Detail,0042500401,579,1630540,Miles McBride,1610612759,New York Knicks,4,7,46,Missed Shot,Running Layup Shot,2PT Field Goal,Restricted Area,Center(C),Less Than 8 ft.,2,-28,10,1,0,20260603,SAS,NYK,42500401579,24140,0,0,203084|1628368|1630170|1641705|1642264
Shot Chart Detail,0042500401,599,1628973,Jalen Brunson,1610612759,New York Knicks,4,7,22,Made Shot,Driving Finger Roll Layup Shot,2PT Field Goal,Restricted Area,Center(C),Less Than 8 ft.,3,-29,13,1,1,20260603,SAS,NYK,42500401599,24380,0,0,1628436|1630170|1630577|1642264|1642844
Shot Chart Detail,0042500401,614,1628973,Jalen Brunson,1610612759,New York Knicks,4,6,34,Made Shot,Running Layup Shot,2PT Field Goal,Restricted Area,Center(C),Less Than 8 ft.,3,-37,7,1,1,20260603,SAS,NYK,42500401614,24860,0,0,1630170|1630577|1641705|1642264|1642844
Shot Chart Detail,0042500401,624,1628973,Jalen Brunson,1610612759,New York Knicks,4,6,7,Made Shot,Driving Finger Roll Layup Shot,2PT Field Goal,In The Paint (Non-RA),Center(C),Less Than 8 ft.,4,-39,23,1,1,20260603,SAS,NYK,42500401624,25130,0,0,1628368|1630170|1630577|1641705|1642844
Shot Chart Detail,0042500401,631,1628973,Jalen Brunson,1610612759,New York Knicks,4,5,27,Missed Shot,Pullup Jump shot,2PT Field Goal,Mid-Range,Left Side(L),8-16 ft.,12,-83,97,1,0,20260603,SAS,NYK,42500401631,25530,0,0,1628368|1630577|1641705|1642264|1642844
Shot Chart Detail,0042500401,635,1628969,Mikal Bridges,1610612759,New York Knicks,4,4,58,Missed Shot,Fadeaway Jump Shot,2PT Field Goal,Mid-Range,Left Side(L),8-16 ft.,12,-121,27,1,0,20260603,SAS,NYK,42500401635,25820,0,0,1628368|1630577|1641705|1642264|1642844
Shot Chart Detail,0042500401,643,1628973,Jalen Brunson,1610612759,New York Knicks,4,4,27,Missed Shot,Pullup Jump shot,2PT Field Goal,Mid-Range,Right Side Center(RC),16-24 ft.,17,92,154,1,0,20260603,SAS,NYK,42500401643,26130,0,0,1628368|1630577|1641705|1642264|1642844
Shot Chart Detail,0042500401,656,1628384,OG Anunoby,1610612759,New York Knicks,4,3,39,Missed Shot,Pullup Jump shot,2PT Field Goal,Mid-Range,Left Side(L),8-16 ft.,14,-83,121,1,0,20260603,SAS,NYK,42500401656,26610,0,0,1628368|1630170|1630577|1641705|1642264
Shot Chart Detail,0042500401,662,1628973,Jalen Brunson,1610612759,New York Knicks,4,3,3,Missed Shot,Step Back Jump shot,2PT Field Goal,Mid-Range,Center(C),8-16 ft.,14,-2,146,1,0,20260603,SAS,NYK,42500401662,26970,0,0,1628368|1630170|1630577|1641705|1642264
Shot Chart Detail,0042500401,666,1629013,Landry Shamet,1610612759,New York Knicks,4,2,46,Missed Shot,Running Jump Shot,3PT Field Goal,Above the Break 3,Right Side Center(RC),24+ ft.,25,145,214,1,0,20260603,SAS,NYK,42500401666,27140,0,0,1628368|1630170|1630577|1641705|1642264
Shot Chart Detail,0042500401,668,1628973,Jalen Brunson,1610612759,New York Knicks,4,2,35,Missed Shot,Driving Floating Bank Jump Shot,2PT Field Goal,Restricted Area,Center(C),Less Than 8 ft.,2,27,11,1,0,20260603,SAS,NYK,42500401668,27250,0,0,1628368|1630170|1630577|1641705|1642264
Shot Chart Detail,0042500401,678,1628384,OG Anunoby,1610612759,New York Knicks,4,1,57,Missed Shot,Jump Shot,3PT Field Goal,Above the Break 3,Left Side Center(LC),24+ ft.,26,-99,242,1,0,20260603,SAS,NYK,42500401678,27630,0,0,1628368|1630170|1630577|1641705|1642264
Shot Chart Detail,0042500401,680,1628973,Jalen Brunson,1610612759,New York Knicks,4,1,50,Made Shot,Jump Shot,3PT Field Goal,Right Corner 3,Right Side(R),24+ ft.,23,233,0,1,1,20260603,SAS,NYK,42500401680,27700,0,0,1628368|1630170|1630577|1641705|1642264
Shot Chart Detail,0042500401,690,1628973,Jalen Brunson,1610612759,New York Knicks,4,0,37,Made Shot,Pullup Jump shot,2PT Field Goal,Mid-Range,Right Side(R),8-16 ft.,14,87,116,1,1,20260603,SAS,NYK,42500401690,28430,0,0,1628368|1630170|1630577|1641705|1642264
Shot Chart Detail,0042500402,10,1628973,Jalen Brunson,1610612759,New York Knicks,1,11,8,Made Shot,Step Back Jump shot,2PT Field Goal,Mid-Range,Right Side Center(RC),16-24 ft.,20,157,131,1,1,20260605,SAS,NYK,4250040210,520,0,0,1628368|1630170|1630577|1641705|1642264
Shot Chart Detail,0042500402,15,1628969,Mikal Bridges,1610612759,New York Knicks,1,10,36,Missed Shot,Driving Floating Jump Shot,2PT Field Goal,In The Paint (Non-RA),Center(C),8-16 ft.,8,-10,82,1,0,20260605,SAS,NYK,4250040215,840,0,0,1628368|1630170|1630577|1641705|1642264
Shot Chart Detail,0042500402,28,1628973,Jalen Brunson,1610612759,New York Knicks,1,9,45,Missed Shot,Pullup Jump shot,2PT Field Goal,In The Paint (Non-RA),Center(C),Less Than 8 ft.,5,-47,37,1,0,20260605,SAS,NYK,4250040228,1350,0,0,1628368|1630170|1630577|1641705|1642264
Shot Chart Detail,0042500402,34,1628384,OG Anunoby,1610612759,New York Knicks,1,9,20,Made Shot,Driving Reverse Layup Shot,2PT Field Goal,Restricted Area,Center(C),Less Than 8 ft.,1,-9,14,1,1,20260605,SAS,NYK,4250040234,1600,0,0,1628368|1630170|1630577|1641705|1642264
Shot Chart Detail,0042500402,37,1628384,OG Anunoby,1610612759,New York Knicks,1,8,41,Made Shot,Pullup Jump shot,3PT Field Goal,Left Corner 3,Left Side(L),24+ ft.,22,-224,-10,1,1,20260605,SAS,NYK,4250040237,1990,0,0,1628368|1630170|1630577|1641705|1642264
Shot Chart Detail,0042500402,41,1628973,Jalen Brunson,1610612759,New York Knicks,1,8,13,Missed Shot,Driving Finger Roll Layup Shot,2PT Field Goal,Restricted Area,Center(C),Less Than 8 ft.,2,-25,13,1,0,20260605,SAS,NYK,4250040241,2270,0,0,1628368|1630170|1630577|1641705|1642264
Shot Chart Detail,0042500402,45,1628973,Jalen Brunson,1610612759,New York Knicks,1,8,2,Missed Shot,Running Layup Shot,2PT Field Goal,In The Paint (Non-RA),Center(C),Less Than 8 ft.,4,40,-4,1,0,20260605,SAS,NYK,4250040245,2380,0,0,1628368|1630170|1630577|1641705|1642264
Shot Chart Detail,0042500402,56,1628404,Josh Hart,1610612759,New York Knicks,1,7,29,Missed Shot,Jump Shot,3PT Field Goal,Right Corner 3,Right Side(R),24+ ft.,22,227,21,1,0,20260605,SAS,NYK,4250040256,2710,0,0,1629640|1630577|1641705|1642264|1642844
Shot Chart Detail,0042500402,60,1628973,Jalen Brunson,1610612759,New York Knicks,1,7,16,Made Shot,Running Pull-Up Jump Shot,3PT Field Goal,Above the Break 3,Center(C),24+ ft.,25,-56,253,1,1,20260605,SAS,NYK,4250040260,2840,0,0,1629640|1630577|1641705|1642264|1642844
Shot Chart Detail,0042500402,63,1626157,Karl-Anthony Towns,1610612759,New York Knicks,1,6,32,Missed Shot,Jump Shot,3PT Field Goal,Above the Break 3,Right Side Center(RC),24+ ft.,26,137,229,1,0,20260605,SAS,NYK,4250040263,3280,0,0,1629640|1630577|1641705|1642264|1642844
Shot Chart Detail,0042500402,67,1628404,Josh Hart,1610612759,New York Knicks,1,5,54,Missed Shot,Driving Floating Jump Shot,2PT Field Goal,In The Paint (Non-RA),Center(C),8-16 ft.,9,17,93,1,0,20260605,SAS,NYK,4250040267,3660,0,0,1629640|1630577|1641705|1642264|1642844
Shot Chart Detail,0042500402,90,1629013,Landry Shamet,1610612759,New York Knicks,1,5,38,Missed Shot,Running Layup Shot,2PT Field Goal,Restricted Area,Center(C),Less Than 8 ft.,2,20,11,1,0,20260605,SAS,NYK,4250040290,3820,0,0,1628436|1630170|1630577|1642264|1642844
Shot Chart Detail,0042500402,96,1626157,Karl-Anthony Towns,1610612759,New York Knicks,1,5,11,Made Shot,Jump Shot,3PT Field Goal,Above the Break 3,Center(C),24+ ft.,27,-74,264,1,1,20260605,SAS,NYK,4250040296,4090,0,0,1628436|1630170|1630577|1642264|1642844
Shot Chart Detail,0042500402,100,1629013,Landry Shamet,1610612759,New York Knicks,1,4,49,Missed Shot,Step Back Jump shot,3PT Field Goal,Above the Break 3,Right Side Center(RC),24+ ft.,25,225,109,1,0,20260605,SAS,NYK,42500402100,4310,0,0,1628436|1630170|1630577|1642264|1642844
Shot Chart Detail,0042500402,111,1626157,Karl-Anthony Towns,1610612759,New York Knicks,1,4,16,Made Shot,Driving Layup Shot,2PT Field Goal,Restricted Area,Center(C),Less Than 8 ft.,1,-18,4,1,1,20260605,SAS,NYK,42500402111,4640,0,0,1628368|1628436|1630170|1642844|1642868
Shot Chart Detail,0042500402,121,1628973,Jalen Brunson,1610612759,New York Knicks,1,3,49,Missed Shot,Pullup Jump shot,2PT Field Goal,Mid-Range,Center(C),8-16 ft.,14,20,148,1,0,20260605,SAS,NYK,42500402121,4910,0,0,1628368|1628436|1630170|1642844|1642868
Shot Chart Detail,0042500402,123,1630540,Miles McBride,1610612759,New York Knicks,1,3,42,Missed Shot,Turnaround Fadeaway shot,2PT Field Goal,Mid-Range,Right Side(R),8-16 ft.,15,121,104,1,0,20260605,SAS,NYK,42500402123,4980,0,0,1628368|1628436|1630170|1642844|1642868
Shot Chart Detail,0042500402,152,1628973,Jalen Brunson,1610612759,New York Knicks,1,1,50,Missed Shot,Driving Floating Jump Shot,2PT Field Goal,In The Paint (Non-RA),Center(C),8-16 ft.,10,6,100,1,0,20260605,SAS,NYK,42500402152,6100,0,0,1628368|1630170|1630577|1641705|1642844
Shot Chart Detail,0042500402,156,1629011,Mitchell Robinson,1610612759,New York Knicks,1,1,20,Made Shot,Cutting Layup Shot,2PT Field Goal,Restricted Area,Center(C),Less Than 8 ft.,2,-18,11,1,1,20260605,SAS,NYK,42500402156,6400,0,0,1628368|1630170|1630577|1641705|1642844
Shot Chart Detail,0042500402,166,1629013,Landry Shamet,1610612759,New York Knicks,1,0,31,Made Shot,Running Layup Shot,2PT Field Goal,Restricted Area,Center(C),Less Than 8 ft.,1,11,6,1,1,20260605,SAS,NYK,42500402166,6890,0,0,1628368|1630170|1630577|1641705|1642844
Shot Chart Detail,0042500402,170,1628973,Jalen Brunson,1610612759,New York Knicks,1,0,3,Missed Shot,Step Back Jump shot,3PT Field Goal,Above the Break 3,Right Side Center(RC),24+ ft.,25,207,155,1,0,20260605,SAS,NYK,42500402170,7170,0,0,1628368|1630170|1630577|1641705|1642844
Shot Chart Detail,0042500402,184,1629013,Landry Shamet,1610612759,New York Knicks,2,11,46,Missed Shot,Jump Shot,3PT Field Goal,Above the Break 3,Right Side Center(RC),24+ ft.,25,230,111,1,0,20260605,SAS,NYK,42500402184,7340,0,0,1629640|1630577|1641705|1642264|1642844
Shot Chart Detail,0042500402,188,1626157,Karl-Anthony Towns,1610612759,New York Knicks,2,11,15,Made Shot,Step Back Jump shot,3PT Field Goal,Above the Break 3,Center(C),24+ ft.,26,-61,255,1,1,20260605,SAS,NYK,42500402188,7650,0,0,1629640|1630577|1641705|1642264|1642844
Shot Chart Detail,0042500402,194,1630631,Jose Alvarado,1610612759,New York Knicks,2,10,37,Missed Shot,Running Pull-Up Jump Shot,3PT Field Goal,Above the Break 3,Left Side Center(LC),24+ ft.,25,-184,179,1,0,20260605,SAS,NYK,42500402194,8030,0,0,1629640|1630577|1641705|1642264|1642844
Shot Chart Detail,0042500402,207,1630631,Jose Alvarado,1610612759,New York Knicks,2,9,50,Missed Shot,Driving Finger Roll Layup Shot,2PT Field Goal,In The Paint (Non-RA),Center(C),Less Than 8 ft.,4,-2,45,1,0,20260605,SAS,NYK,42500402207,8500,0,0,203084|1630577|1641705|1642264|1642844
Shot Chart Detail,0042500402,211,1626157,Karl-Anthony Towns,1610612759,New York Knicks,2,9,45,Made Shot,Driving Dunk Shot,2PT Field Goal,Restricted Area,Center(C),Less Than 8 ft.,1,-6,13,1,1,20260605,SAS,NYK,42500402211,8550,0,0,203084|1630577|1641705|1642264|1642844
Shot Chart Detail,0042500402,215,1630540,Miles McBride,1610612759,New York Knicks,2,9,25,Missed Shot,Jump Shot,3PT Field Goal,Left Corner 3,Left Side(L),24+ ft.,22,-229,8,1,0,20260605,SAS,NYK,42500402215,8750,0,0,203084|1630577|1641705|1642264|1642844
Shot Chart Detail,0042500402,228,1626157,Karl-Anthony Towns,1610612759,New York Knicks,2,9,4,Made Shot,Layup Shot,2PT Field Goal,Restricted Area,Center(C),Less Than 8 ft.,2,-18,14,1,1,20260605,SAS,NYK,42500402228,8960,0,0,203084|1628368|1630577|1641705|1642264
Shot Chart Detail,0042500402,232,1630540,Miles McBride,1610612759,New York Knicks,2,8,31,Missed Shot,Pullup Jump shot,3PT Field Goal,Above the Break 3,Center(C),24+ ft.,26,-80,257,1,0,20260605,SAS,NYK,42500402232,9290,0,0,203084|1628368|1630577|1641705|1642264
Shot Chart Detail,0042500402,236,1626157,Karl-Anthony Towns,1610612759,New York Knicks,2,8,13,Missed Shot,Jump Shot,3PT Field Goal,Above the Break 3,Center(C),24+ ft.,27,0,278,1,0,20260605,SAS,NYK,42500402236,9470,0,0,203084|1628368|1630577|1641705|1642264
Shot Chart Detail,0042500402,256,1628969,Mikal Bridges,1610612759,New York Knicks,2,7,3,Made Shot,Jump Shot,3PT Field Goal,Right Corner 3,Right Side(R),24+ ft.,22,228,10,1,1,20260605,SAS,NYK,42500402256,10170,0,0,203084|1628368|1628436|1630170|1630577
Shot Chart Detail,0042500402,275,1628384,OG Anunoby,1610612759,New York Knicks,2,6,3,Missed Shot,Jump Shot,3PT Field Goal,Above the Break 3,Right Side Center(RC),24+ ft.,25,228,114,1,0,20260605,SAS,NYK,42500402275,10770,0,0,203084|1628368|1628436|1630170|1642844
Shot Chart Detail,0042500402,284,1628969,Mikal Bridges,1610612759,New York Knicks,2,5,37,Made Shot,Running Pull-Up Jump Shot,3PT Field Goal,Above the Break 3,Left Side Center(LC),24+ ft.,25,-208,155,1,1,20260605,SAS,NYK,42500402284,11030,0,0,203084|1628368|1628436|1630170|1642844
Shot Chart Detail,0042500402,324,1628969,Mikal Bridges,1610612759,New York Knicks,2,4,2,Made Shot,Jump Shot,3PT Field Goal,Right Corner 3,Right Side(R),24+ ft.,22,228,-2,1,1,20260605,SAS,NYK,42500402324,11980,0,0,1629640|1630170|1630577|1641705|1642844
Shot Chart Detail,0042500402,328,1629013,Landry Shamet,1610612759,New York Knicks,2,3,39,Made Shot,Running Finger Roll Layup Shot,2PT Field Goal,Restricted Area,Center(C),Less Than 8 ft.,1,-9,6,1,1,20260605,SAS,NYK,42500402328,12210,0,0,1629640|1630170|1630577|1641705|1642844
Shot Chart Detail,0042500402,341,1628973,Jalen Brunson,1610612759,New York Knicks,2,3,3,Made Shot,Driving Finger Roll Layup Shot,2PT Field Goal,Restricted Area,Center(C),Less Than 8 ft.,2,-18,11,1,1,20260605,SAS,NYK,42500402341,12570,0,0,1628368|1630170|1630577|1641705|1642868
Shot Chart Detail,0042500402,344,1628973,Jalen Brunson,1610612759,New York Knicks,2,2,40,Missed Shot,Running Jump Shot,3PT Field Goal,Above the Break 3,Left Side Center(LC),24+ ft.,25,-137,215,1,0,20260605,SAS,NYK,42500402344,12800,0,0,1628368|1630170|1630577|1641705|1642868
Shot Chart Detail,0042500402,348,1628384,OG Anunoby,1610612759,New York Knicks,2,2,7,Missed Shot,Driving Reverse Layup Shot,2PT Field Goal,Restricted Area,Center(C),Less Than 8 ft.,2,-15,14,1,0,20260605,SAS,NYK,42500402348,13130,0,0,1628368|1630170|1630577|1641705|1642868
Shot Chart Detail,0042500402,359,1628384,OG Anunoby,1610612759,New York Knicks,2,1,22,Missed Shot,Jump Shot,3PT Field Goal,Right Corner 3,Right Side(R),24+ ft.,23,229,32,1,0,20260605,SAS,NYK,42500402359,13580,0,0,1628368|1630170|1630577|1641705|1642844
Shot Chart Detail,0042500402,366,1628973,Jalen Brunson,1610612759,New York Knicks,2,1,0,Missed Shot,Turnaround Fadeaway shot,2PT Field Goal,Mid-Range,Center(C),8-16 ft.,14,-1,140,1,0,20260605,SAS,NYK,42500402366,13800,0,0,1628368|1629640|1630170|1630577|1641705
Shot Chart Detail,0042500402,371,1628969,Mikal Bridges,1610612759,New York Knicks,2,0,38,Made Shot,Floating Jump shot,2PT Field Goal,In The Paint (Non-RA),Center(C),Less Than 8 ft.,5,-21,56,1,1,20260605,SAS,NYK,42500402371,14020,0,0,1628368|1629640|1630170|1630577|1641705
Shot Chart Detail,0042500402,375,1626157,Karl-Anthony Towns,1610612759,New York Knicks,2,0,10,Made Shot,Jump Shot,3PT Field Goal,Left Corner 3,Left Side(L),24+ ft.,22,-228,-6,1,1,20260605,SAS,NYK,42500402375,14300,0,0,1628368|1629640|1630170|1630577|1641705
Shot Chart Detail,0042500402,386,1628973,Jalen Brunson,1610612759,New York Knicks,3,11,39,Missed Shot,Jump Shot,3PT Field Goal,Left Corner 3,Left Side(L),24+ ft.,23,-235,27,1,0,20260605,SAS,NYK,42500402386,14610,0,0,1628368|1630170|1630577|1641705|1642264
Shot Chart Detail,0042500402,388,1626157,Karl-Anthony Towns,1610612759,New York Knicks,3,11,37,Made Shot,Putback Layup Shot,2PT Field Goal,Restricted Area,Center(C),Less Than 8 ft.,0,0,0,1,1,20260605,SAS,NYK,42500402388,14630,0,0,1628368|1630170|1630577|1641705|1642264
Shot Chart Detail,0042500402,393,1626157,Karl-Anthony Towns,1610612759,New York Knicks,3,11,4,Missed Shot,Driving Floating Jump Shot,2PT Field Goal,In The Paint (Non-RA),Center(C),Less Than 8 ft.,7,-9,74,1,0,20260605,SAS,NYK,42500402393,14960,0,0,1628368|1630170|1630577|1641705|1642264
Shot Chart Detail,0042500402,396,1628384,OG Anunoby,1610612759,New York Knicks,3,10,28,Made Shot,Jump Shot,3PT Field Goal,Left Corner 3,Left Side(L),24+ ft.,23,-237,13,1,1,20260605,SAS,NYK,42500402396,15320,0,0,1628368|1630170|1630577|1641705|1642264
Shot Chart Detail,0042500402,410,1628404,Josh Hart,1610612759,New York Knicks,3,9,43,Missed Shot,Jump Shot,3PT Field Goal,Above the Break 3,Right Side Center(RC),24+ ft.,25,134,216,1,0,20260605,SAS,NYK,42500402410,15770,0,0,1628368|1630170|1630577|1641705|1642264
Shot Chart Detail,0042500402,414,1628973,Jalen Brunson,1610612759,New York Knicks,3,9,21,Made Shot,Running Pull-Up Jump Shot,3PT Field Goal,Above the Break 3,Left Side Center(LC),24+ ft.,26,-103,241,1,1,20260605,SAS,NYK,42500402414,15990,0,0,1628368|1630170|1630577|1641705|1642264
Shot Chart Detail,0042500402,427,1628969,Mikal Bridges,1610612759,New York Knicks,3,8,33,Made Shot,Step Back Jump shot,3PT Field Goal,Above the Break 3,Right Side Center(RC),24+ ft.,24,200,143,1,1,20260605,SAS,NYK,42500402427,16470,0,0,1628368|1630170|1630577|1641705|1642264
Shot Chart Detail,0042500402,435,1629013,Landry Shamet,1610612759,New York Knicks,3,7,7,Made Shot,Jump Shot,3PT Field Goal,Left Corner 3,Left Side(L),24+ ft.,22,-229,-1,1,1,20260605,SAS,NYK,42500402435,17330,0,0,1628368|1630170|1630577|1641705|1642264
Shot Chart Detail,0042500402,448,1626157,Karl-Anthony Towns,1610612759,New York Knicks,3,6,29,Made Shot,Driving Layup Shot,2PT Field Goal,Restricted Area,Center(C),Less Than 8 ft.,2,22,4,1,1,20260605,SAS,NYK,42500402448,17710,0,0,1629640|1630170|1641705|1642264|1642844
Shot Chart Detail,0042500402,462,1628973,Jalen Brunson,1610612759,New York Knicks,3,5,20,Missed Shot,Driving Floating Bank Jump Shot,2PT Field Goal,Restricted Area,Center(C),Less Than 8 ft.,3,31,-3,1,0,20260605,SAS,NYK,42500402462,18400,0,0,1629640|1630170|1641705|1642264|1642844
Shot Chart Detail,0042500402,466,1628973,Jalen Brunson,1610612759,New York Knicks,3,4,53,Missed Shot,Pullup Jump shot,2PT Field Goal,Mid-Range,Right Side(R),8-16 ft.,9,91,16,1,0,20260605,SAS,NYK,42500402466,18670,0,0,1629640|1630170|1641705|1642264|1642844
Shot Chart Detail,0042500402,468,1628973,Jalen Brunson,1610612759,New York Knicks,3,4,51,Missed Shot,Tip Layup Shot,2PT Field Goal,Restricted Area,Center(C),Less Than 8 ft.,0,0,0,1,0,20260605,SAS,NYK,42500402468,18690,0,0,1629640|1630170|1641705|1642264|1642844
Shot Chart Detail,0042500402,472,1628969,Mikal Bridges,1610612759,New York Knicks,3,4,33,Made Shot,Running Jump Shot,2PT Field Goal,Mid-Range,Left Side(L),8-16 ft.,11,-110,0,1,1,20260605,SAS,NYK,42500402472,18870,0,0,1629640|1630170|1641705|1642264|1642844
Shot Chart Detail,0042500402,476,1629013,Landry Shamet,1610612759,New York Knicks,3,3,55,Missed Shot,Pullup Jump shot,2PT Field Goal,Mid-Range,Center(C),16-24 ft.,17,18,170,1,0,20260605,SAS,NYK,42500402476,19250,0,0,1629640|1630170|1641705|1642264|1642844
Shot Chart Detail,0042500402,479,1628384,OG Anunoby,1610612759,New York Knicks,3,3,30,Made Shot,Driving Layup Shot,2PT Field Goal,Restricted Area,Center(C),Less Than 8 ft.,1,-15,1,1,1,20260605,SAS,NYK,42500402479,19500,0,0,1629640|1630170|1641705|1642264|1642844
Shot Chart Detail,0042500402,495,1630540,Miles McBride,1610612759,New York Knicks,3,2,26,Made Shot,Step Back Jump shot,2PT Field Goal,Mid-Range,Right Side(R),8-16 ft.,12,86,88,1,1,20260605,SAS,NYK,42500402495,20140,0,0,1628436|1629640|1630577|1642264|1642844
Shot Chart Detail,0042500402,498,1628969,Mikal Bridges,1610612759,New York Knicks,3,1,50,Made Shot,Pullup Jump shot,2PT Field Goal,In The Paint (Non-RA),Center(C),8-16 ft.,13,-15,132,1,1,20260605,SAS,NYK,42500402498,20500,0,0,1628436|1629640|1630577|1642264|1642844
Shot Chart Detail,0042500402,508,1628969,Mikal Bridges,1610612759,New York Knicks,3,1,15,Made Shot,Pullup Jump shot,2PT Field Goal,In The Paint (Non-RA),Center(C),8-16 ft.,9,-32,90,1,1,20260605,SAS,NYK,42500402508,20850,0,0,1628368|1629640|1630577|1641705|1642844
Shot Chart Detail,0042500402,513,1629013,Landry Shamet,1610612759,New York Knicks,3,0,40,Missed Shot,Jump Shot,2PT Field Goal,Mid-Range,Left Side(L),16-24 ft.,21,-212,-26,1,0,20260605,SAS,NYK,42500402513,21200,0,0,1628368|1629640|1630577|1641705|1642844
Shot Chart Detail,0042500402,516,1629011,Mitchell Robinson,1610612759,New York Knicks,3,0,35,Made Shot,Alley Oop Dunk Shot,2PT Field Goal,Restricted Area,Center(C),Less Than 8 ft.,1,-2,-11,1,1,20260605,SAS,NYK,42500402516,21250,0,0,1628368|1629640|1630577|1641705|1642844
Shot Chart Detail,0042500402,520,1630631,Jose Alvarado,1610612759,New York Knicks,3,0,4,Missed Shot,Jump Shot,3PT Field Goal,Above the Break 3,Right Side Center(RC),24+ ft.,25,223,116,1,0,20260605,SAS,NYK,42500402520,21560,0,0,1628368|1629640|1630577|1641705|1642844
Shot Chart Detail,0042500402,522,1630631,Jose Alvarado,1610612759,New York Knicks,3,0,1,Missed Shot,Driving Floating Jump Shot,2PT Field Goal,Mid-Range,Right Side(R),8-16 ft.,11,117,15,1,0,20260605,SAS,NYK,42500402522,21590,0,0,1628368|1629640|1630577|1641705|1642844
Shot Chart Detail,0042500402,537,1630540,Miles McBride,1610612759,New York Knicks,4,11,12,Missed Shot,Pullup Jump shot,2PT Field Goal,In The Paint (Non-RA),Right Side(R),8-16 ft.,11,71,96,1,0,20260605,SAS,NYK,42500402537,22080,0,0,1628368|1629640|1630170|1641705|1642264
Shot Chart Detail,0042500402,539,1628969,Mikal Bridges,1610612759,New York Knicks,4,11,7,Missed Shot,Jump Shot,3PT Field Goal,Above the Break 3,Left Side Center(LC),24+ ft.,26,-185,192,1,0,20260605,SAS,NYK,42500402539,22130,0,0,1628368|1629640|1630170|1641705|1642264
Shot Chart Detail,0042500402,541,1629013,Landry Shamet,1610612759,New York Knicks,4,11,1,Made Shot,Jump Shot,3PT Field Goal,Above the Break 3,Left Side Center(LC),24+ ft.,26,-156,209,1,1,20260605,SAS,NYK,42500402541,22190,0,0,1628368|1629640|1630170|1641705|1642264
Shot Chart Detail,0042500402,545,1628969,Mikal Bridges,1610612759,New York Knicks,4,10,25,Missed Shot,Driving Layup Shot,2PT Field Goal,Restricted Area,Center(C),Less Than 8 ft.,1,10,-4,1,0,20260605,SAS,NYK,42500402545,22550,0,0,1628368|1629640|1630170|1641705|1642264
Shot Chart Detail,0042500402,558,1628404,Josh Hart,1610612759,New York Knicks,4,9,50,Missed Shot,Cutting Layup Shot,2PT Field Goal,Restricted Area,Center(C),Less Than 8 ft.,1,11,0,1,0,20260605,SAS,NYK,42500402558,22900,0,0,1628368|1630170|1641705|1642264|1642844
Shot Chart Detail,0042500402,565,1629013,Landry Shamet,1610612759,New York Knicks,4,9,23,Missed Shot,Jump Shot,3PT Field Goal,Left Corner 3,Left Side(L),24+ ft.,24,-230,86,1,0,20260605,SAS,NYK,42500402565,23170,0,0,1628368|1630170|1641705|1642264|1642844
Shot Chart Detail,0042500402,567,1628973,Jalen Brunson,1610612759,New York Knicks,4,9,17,Missed Shot,Jump Shot,3PT Field Goal,Above the Break 3,Right Side Center(RC),24+ ft.,25,201,151,1,0,20260605,SAS,NYK,42500402567,23230,0,0,1628368|1630170|1641705|1642264|1642844
Shot Chart Detail,0042500402,570,1628969,Mikal Bridges,1610612759,New York Knicks,4,8,51,Missed Shot,Step Back Jump shot,2PT Field Goal,Mid-Range,Right Side(R),8-16 ft.,11,115,-19,1,0,20260605,SAS,NYK,42500402570,23490,0,0,1628368|1630170|1641705|1642264|1642844
Shot Chart Detail,0042500402,574,1629013,Landry Shamet,1610612759,New York Knicks,4,8,19,Made Shot,Jump Shot,3PT Field Goal,Left Corner 3,Left Side(L),24+ ft.,23,-233,-3,1,1,20260605,SAS,NYK,42500402574,23810,0,0,1628368|1630170|1641705|1642264|1642844
Shot Chart Detail,0042500402,584,1629013,Landry Shamet,1610612759,New York Knicks,4,7,47,Missed Shot,Jump Shot,3PT Field Goal,Right Corner 3,Right Side(R),24+ ft.,23,228,-35,1,0,20260605,SAS,NYK,42500402584,24130,0,0,1628368|1630170|1641705|1642264|1642844
Shot Chart Detail,0042500402,596,1628973,Jalen Brunson,1610612759,New York Knicks,4,7,26,Made Shot,Running Finger Roll Layup Shot,2PT Field Goal,In The Paint (Non-RA),Center(C),Less Than 8 ft.,5,-50,12,1,1,20260605,SAS,NYK,42500402596,24340,0,0,1630170|1630577|1641705|1642264|1642844
Shot Chart Detail,0042500402,602,1628384,OG Anunoby,1610612759,New York Knicks,4,6,52,Missed Shot,Jump Shot,3PT Field Goal,Right Corner 3,Right Side(R),24+ ft.,23,235,8,1,0,20260605,SAS,NYK,42500402602,24680,0,0,1630170|1630577|1641705|1642264|1642844
Shot Chart Detail,0042500402,604,1630540,Miles McBride,1610612759,New York Knicks,4,6,45,Made Shot,Jump Shot,3PT Field Goal,Above the Break 3,Left Side Center(LC),24+ ft.,24,-165,185,1,1,20260605,SAS,NYK,42500402604,24750,0,0,1630170|1630577|1641705|1642264|1642844
Shot Chart Detail,0042500402,613,1628384,OG Anunoby,1610612759,New York Knicks,4,6,4,Made Shot,Driving Dunk Shot,2PT Field Goal,Restricted Area,Center(C),Less Than 8 ft.,1,-4,-10,1,1,20260605,SAS,NYK,42500402613,25160,0,0,1628368|1630170|1630577|1641705|1642844
Shot Chart Detail,0042500402,618,1626157,Karl-Anthony Towns,1610612759,New York Knicks,4,5,37,Missed Shot,Layup Shot,2PT Field Goal,Restricted Area,Center(C),Less Than 8 ft.,1,-17,-5,1,0,20260605,SAS,NYK,42500402618,25430,0,0,1628368|1630170|1630577|1641705|1642844
Shot Chart Detail,0042500402,626,1630540,Miles McBride,1610612759,New York Knicks,4,5,0,Missed Shot,Turnaround Jump Shot,2PT Field Goal,Mid-Range,Right Side(R),16-24 ft.,17,179,-9,1,0,20260605,SAS,NYK,42500402626,25800,0,0,1628368|1630170|1630577|1641705|1642844
Shot Chart Detail,0042500402,629,1628969,Mikal Bridges,1610612759,New York Knicks,4,4,35,Missed Shot,Pullup Jump shot,3PT Field Goal,Right Corner 3,Right Side(R),24+ ft.,24,240,6,1,0,20260605,SAS,NYK,42500402629,26050,0,0,1628368|1630170|1630577|1641705|1642844
Shot Chart Detail,0042500402,635,1628973,Jalen Brunson,1610612759,New York Knicks,4,4,1,Missed Shot,Cutting Finger Roll Layup Shot,2PT Field Goal,Restricted Area,Center(C),Less Than 8 ft.,2,-27,-9,1,0,20260605,SAS,NYK,42500402635,26390,0,0,1628368|1630170|1630577|1641705|1642844
Shot Chart Detail,0042500402,640,1628973,Jalen Brunson,1610612759,New York Knicks,4,3,26,Missed Shot,Pullup Jump shot,3PT Field Goal,Above the Break 3,Right Side Center(RC),24+ ft.,24,188,160,1,0,20260605,SAS,NYK,42500402640,26740,0,0,1628368|1630170|1630577|1641705|1642844
Shot Chart Detail,0042500402,644,1628973,Jalen Brunson,1610612759,New York Knicks,4,3,13,Missed Shot,Jump Shot,3PT Field Goal,Above the Break 3,Right Side Center(RC),24+ ft.,24,178,165,1,0,20260605,SAS,NYK,42500402644,26870,0,0,1628368|1630170|1630577|1641705|1642844
Shot Chart Detail,0042500402,662,1628384,OG Anunoby,1610612759,New York Knicks,4,1,58,Missed Shot,Driving Finger Roll Layup Shot,2PT Field Goal,Restricted Area,Center(C),Less Than 8 ft.,0,4,-8,1,0,20260605,SAS,NYK,42500402662,27620,0,0,1628368|1630170|1630577|1641705|1642844
Shot Chart Detail,0042500402,666,1628973,Jalen Brunson,1610612759,New York Knicks,4,1,56,Made Shot,Cutting Layup Shot,2PT Field Goal,Restricted Area,Center(C),Less Than 8 ft.,1,-15,2,1,1,20260605,SAS,NYK,42500402666,27640,0,0,1628368|1630170|1630577|1641705|1642844
Shot Chart Detail,0042500402,670,1628973,Jalen Brunson,1610612759,New York Knicks,4,1,29,Missed Shot,Running Finger Roll Layup Shot,2PT Field Goal,Restricted Area,Center(C),Less Than 8 ft.,1,-18,-8,1,0,20260605,SAS,NYK,42500402670,27910,0,0,1628368|1630170|1630577|1641705|1642844
Shot Chart Detail,0042500402,683,1628973,Jalen Brunson,1610612759,New York Knicks,4,0,39,Made Shot,Fadeaway Jump Shot,2PT Field Goal,In The Paint (Non-RA),Right Side(R),8-16 ft.,13,66,112,1,1,20260605,SAS,NYK,42500402683,28410,0,0,1628368|1630170|1630577|1641705|1642844
Shot Chart Detail,0042500402,700,1628973,Jalen Brunson,1610612759,New York Knicks,4,0,13,Missed Shot,Pullup Jump shot,2PT Field Goal,Mid-Range,Right Side Center(RC),16-24 ft.,16,81,138,1,0,20260605,SAS,NYK,42500402700,28670,0,0,1628368|1630170|1641705|1642264|1642844
Shot Chart Detail,0042500403,9,1628973,Jalen Brunson,1610612759,New York Knicks,1,11,30,Missed Shot,Pullup Jump shot,2PT Field Goal,In The Paint (Non-RA),Center(C),8-16 ft.,8,-15,80,1,0,20260608,NYK,SAS,425004039,300,0,0,1628368|1630170|1630577|1641705|1642264
Shot Chart Detail,0042500403,19,1628969,Mikal Bridges,1610612759,New York Knicks,1,10,1,Missed Shot,Step Back Jump shot,3PT Field Goal,Left Corner 3,Left Side(L),24+ ft.,23,-232,0,1,0,20260608,NYK,SAS,4250040319,1190,0,0,1628368|1630170|1630577|1641705|1642264
Shot Chart Detail,0042500403,24,1628404,Josh Hart,1610612759,New York Knicks,1,9,32,Made Shot,Jump Shot,3PT Field Goal,Above the Break 3,Left Side Center(LC),24+ ft.,25,-156,202,1,1,20260608,NYK,SAS,4250040324,1480,0,0,1628368|1630170|1630577|1641705|1642264
Shot Chart Detail,0042500403,31,1628973,Jalen Brunson,1610612759,New York Knicks,1,9,0,Made Shot,Turnaround Fadeaway Bank Jump Shot,2PT Field Goal,In The Paint (Non-RA),Center(C),Less Than 8 ft.,7,59,44,1,1,20260608,NYK,SAS,4250040331,1800,0,0,1628368|1630170|1630577|1641705|1642264
Shot Chart Detail,0042500403,44,1629013,Landry Shamet,1610612759,New York Knicks,1,8,13,Missed Shot,Jump Shot,3PT Field Goal,Above the Break 3,Left Side Center(LC),24+ ft.,25,-190,168,1,0,20260608,NYK,SAS,4250040344,2270,0,0,1628368|1630170|1630577|1641705|1642264
Shot Chart Detail,0042500403,58,1628404,Josh Hart,1610612759,New York Knicks,1,7,10,Made Shot,Jump Shot,3PT Field Goal,Above the Break 3,Left Side Center(LC),24+ ft.,25,-158,196,1,1,20260608,NYK,SAS,4250040358,2900,0,0,1629640|1630170|1641705|1642264|1642844
Shot Chart Detail,0042500403,67,1628384,OG Anunoby,1610612759,New York Knicks,1,6,43,Made Shot,Turnaround Fadeaway shot,2PT Field Goal,In The Paint (Non-RA),Left Side(L),8-16 ft.,9,-75,54,1,1,20260608,NYK,SAS,4250040367,3170,0,0,1629640|1630170|1641705|1642264|1642844
Shot Chart Detail,0042500403,69,1628384,OG Anunoby,1610612759,New York Knicks,1,6,3,Missed Shot,Jump Shot,3PT Field Goal,Left Corner 3,Left Side(L),24+ ft.,23,-232,10,1,0,20260608,NYK,SAS,4250040369,3570,0,0,1629640|1630170|1641705|1642264|1642844
Shot Chart Detail,0042500403,72,1628973,Jalen Brunson,1610612759,New York Knicks,1,5,32,Missed Shot,Pullup Jump shot,3PT Field Goal,Above the Break 3,Center(C),24+ ft.,26,-20,264,1,0,20260608,NYK,SAS,4250040372,3880,0,0,1629640|1630170|1641705|1642264|1642844
Shot Chart Detail,0042500403,77,1628384,OG Anunoby,1610612759,New York Knicks,1,5,14,Made Shot,Running Dunk Shot,2PT Field Goal,Restricted Area,Center(C),Less Than 8 ft.,1,-6,8,1,1,20260608,NYK,SAS,4250040377,4060,0,0,1629640|1630170|1641705|1642264|1642844
Shot Chart Detail,0042500403,89,1628404,Josh Hart,1610612759,New York Knicks,1,4,21,Missed Shot,Step Back Jump shot,3PT Field Goal,Above the Break 3,Left Side Center(LC),24+ ft.,25,-152,199,1,0,20260608,NYK,SAS,4250040389,4590,0,0,1628368|1628436|1629640|1630170|1642844
Shot Chart Detail,0042500403,96,1626157,Karl-Anthony Towns,1610612759,New York Knicks,1,3,45,Made Shot,Driving Floating Jump Shot,2PT Field Goal,Restricted Area,Center(C),Less Than 8 ft.,2,-27,10,1,1,20260608,NYK,SAS,4250040396,4950,0,0,1628368|1628436|1629640|1630170|1642844
Shot Chart Detail,0042500403,99,1628404,Josh Hart,1610612759,New York Knicks,1,3,24,Made Shot,Running Layup Shot,2PT Field Goal,Restricted Area,Center(C),Less Than 8 ft.,1,17,7,1,1,20260608,NYK,SAS,4250040399,5160,0,0,1628368|1628436|1629640|1630170|1642844
Shot Chart Detail,0042500403,113,1629013,Landry Shamet,1610612759,New York Knicks,1,3,0,Missed Shot,Pullup Jump shot,3PT Field Goal,Above the Break 3,Center(C),24+ ft.,26,-59,254,1,0,20260608,NYK,SAS,42500403113,5400,0,0,1628368|1628436|1629640|1630170|1642844
Shot Chart Detail,0042500403,117,1628973,Jalen Brunson,1610612759,New York Knicks,1,2,32,Missed Shot,Fadeaway Jump Shot,2PT Field Goal,In The Paint (Non-RA),Center(C),8-16 ft.,8,25,76,1,0,20260608,NYK,SAS,42500403117,5680,0,0,1628368|1628436|1629640|1630170|1642844
Shot Chart Detail,0042500403,121,1628973,Jalen Brunson,1610612759,New York Knicks,1,2,6,Made Shot,Driving Layup Shot,2PT Field Goal,Restricted Area,Center(C),Less Than 8 ft.,1,-15,7,1,1,20260608,NYK,SAS,42500403121,5940,0,0,1628368|1628436|1629640|1630170|1642844
Shot Chart Detail,0042500403,139,1628973,Jalen Brunson,1610612759,New York Knicks,1,0,49,Missed Shot,Hook Shot,2PT Field Goal,In The Paint (Non-RA),Right Side(R),8-16 ft.,8,44,74,1,0,20260608,NYK,SAS,42500403139,6710,0,0,1628368|1629640|1630577|1641705|1642844
Shot Chart Detail,0042500403,147,1629011,Mitchell Robinson,1610612759,New York Knicks,1,0,46,Missed Shot,Putback Layup Shot,2PT Field Goal,Restricted Area,Center(C),Less Than 8 ft.,3,-12,29,1,0,20260608,NYK,SAS,42500403147,6740,0,0,1628368|1629640|1630577|1641705|1642844
Shot Chart Detail,0042500403,156,1628973,Jalen Brunson,1610612759,New York Knicks,1,0,10,Missed Shot,Step Back Jump shot,2PT Field Goal,Mid-Range,Right Side(R),8-16 ft.,9,92,32,1,0,20260608,NYK,SAS,42500403156,7100,0,0,1628368|1630170|1630577|1641705|1642844
Shot Chart Detail,0042500403,170,1630631,Jose Alvarado,1610612759,New York Knicks,2,11,39,Made Shot,Driving Floating Jump Shot,2PT Field Goal,In The Paint (Non-RA),Center(C),Less Than 8 ft.,5,4,54,1,1,20260608,NYK,SAS,42500403170,7410,0,0,1628368|1630577|1641705|1642264|1642868
Shot Chart Detail,0042500403,174,1629013,Landry Shamet,1610612759,New York Knicks,2,11,1,Missed Shot,Step Back Jump shot,3PT Field Goal,Above the Break 3,Left Side Center(LC),24+ ft.,25,-121,226,1,0,20260608,NYK,SAS,42500403174,7790,0,0,1628368|1630577|1641705|1642264|1642868
Shot Chart Detail,0042500403,179,1630540,Miles McBride,1610612759,New York Knicks,2,10,22,Missed Shot,Step Back Jump shot,3PT Field Goal,Left Corner 3,Left Side(L),24+ ft.,22,-228,16,1,0,20260608,NYK,SAS,42500403179,8180,0,0,1628368|1630577|1641705|1642264|1642868
Shot Chart Detail,0042500403,196,1630631,Jose Alvarado,1610612759,New York Knicks,2,9,41,Made Shot,Pullup Jump shot,2PT Field Goal,In The Paint (Non-RA),Center(C),8-16 ft.,11,54,106,1,1,20260608,NYK,SAS,42500403196,8590,0,0,1628368|1630577|1641705|1642264|1642868
Shot Chart Detail,0042500403,201,203903,Jordan Clarkson,1610612759,New York Knicks,2,9,12,Made Shot,Jump Shot,3PT Field Goal,Left Corner 3,Left Side(L),24+ ft.,22,-229,11,1,1,20260608,NYK,SAS,42500403201,8880,0,0,1628368|1630577|1641705|1642264|1642868
Shot Chart Detail,0042500403,205,1626157,Karl-Anthony Towns,1610612759,New York Knicks,2,8,36,Made Shot,Driving Floating Jump Shot,2PT Field Goal,In The Paint (Non-RA),Center(C),8-16 ft.,9,-21,95,1,1,20260608,NYK,SAS,42500403205,9240,0,0,1628368|1630577|1641705|1642264|1642868
Shot Chart Detail,0042500403,211,1628384,OG Anunoby,1610612759,New York Knicks,2,8,13,Made Shot,Running Jump Shot,3PT Field Goal,Above the Break 3,Right Side Center(RC),24+ ft.,25,119,222,1,1,20260608,NYK,SAS,42500403211,9470,0,0,1628368|1630577|1641705|1642264|1642868
Shot Chart Detail,0042500403,226,1626157,Karl-Anthony Towns,1610612759,New York Knicks,2,7,22,Missed Shot,Fadeaway Jump Shot,2PT Field Goal,Mid-Range,Left Side(L),8-16 ft.,12,-124,10,1,0,20260608,NYK,SAS,42500403226,9980,0,0,1630170|1630577|1641705|1642264|1642844
Shot Chart Detail,0042500403,230,1630631,Jose Alvarado,1610612759,New York Knicks,2,6,49,Missed Shot,Pullup Jump shot,3PT Field Goal,Above the Break 3,Left Side Center(LC),24+ ft.,26,-196,173,1,0,20260608,NYK,SAS,42500403230,10310,0,0,1630170|1630577|1641705|1642264|1642844
Shot Chart Detail,0042500403,238,1626157,Karl-Anthony Towns,1610612759,New York Knicks,2,6,44,Made Shot,Driving Layup Shot,2PT Field Goal,Restricted Area,Center(C),Less Than 8 ft.,1,15,1,1,1,20260608,NYK,SAS,42500403238,10360,0,0,1628436|1630170|1630577|1642264|1642844
Shot Chart Detail,0042500403,258,1628973,Jalen Brunson,1610612759,New York Knicks,2,5,42,Made Shot,Driving Bank Hook Shot,2PT Field Goal,Restricted Area,Center(C),Less Than 8 ft.,1,5,11,1,1,20260608,NYK,SAS,42500403258,10980,0,0,1628436|1630170|1630577|1642264|1642844
Shot Chart Detail,0042500403,261,203903,Jordan Clarkson,1610612759,New York Knicks,2,5,23,Made Shot,Driving Finger Roll Layup Shot,2PT Field Goal,Restricted Area,Center(C),Less Than 8 ft.,1,-11,4,1,1,20260608,NYK,SAS,42500403261,11170,0,0,1628436|1630170|1630577|1642264|1642844
Shot Chart Detail,0042500403,268,1628384,OG Anunoby,1610612759,New York Knicks,2,4,46,Made Shot,Step Back Jump shot,3PT Field Goal,Left Corner 3,Left Side(L),24+ ft.,23,-234,15,1,1,20260608,NYK,SAS,42500403268,11540,0,0,1628368|1630170|1630577|1641705|1642844
Shot Chart Detail,0042500403,275,1628973,Jalen Brunson,1610612759,New York Knicks,2,4,18,Made Shot,Jump Shot,3PT Field Goal,Above the Break 3,Right Side Center(RC),24+ ft.,25,167,199,1,1,20260608,NYK,SAS,42500403275,11820,0,0,1628368|1630170|1630577|1641705|1642844
Shot Chart Detail,0042500403,279,1628973,Jalen Brunson,1610612759,New York Knicks,2,3,31,Missed Shot,Driving Floating Jump Shot,2PT Field Goal,Mid-Range,Center(C),8-16 ft.,14,-33,144,1,0,20260608,NYK,SAS,42500403279,12290,0,0,1628368|1630170|1630577|1641705|1642844
Shot Chart Detail,0042500403,301,1628404,Josh Hart,1610612759,New York Knicks,2,2,42,Made Shot,Running Finger Roll Layup Shot,2PT Field Goal,Restricted Area,Center(C),Less Than 8 ft.,1,9,5,1,1,20260608,NYK,SAS,42500403301,12780,0,0,1628368|1630170|1641705|1642264|1642844
Shot Chart Detail,0042500403,303,1628384,OG Anunoby,1610612759,New York Knicks,2,1,58,Made Shot,Driving Dunk Shot,2PT Field Goal,Restricted Area,Center(C),Less Than 8 ft.,0,0,-5,1,1,20260608,NYK,SAS,42500403303,13220,0,0,1628368|1630170|1641705|1642264|1642844
Shot Chart Detail,0042500403,311,1628404,Josh Hart,1610612759,New York Knicks,2,1,15,Made Shot,Jump Shot,3PT Field Goal,Above the Break 3,Right Side Center(RC),24+ ft.,25,104,232,1,1,20260608,NYK,SAS,42500403311,13650,0,0,1628368|1630170|1641705|1642264|1642844
Shot Chart Detail,0042500403,315,1628973,Jalen Brunson,1610612759,New York Knicks,2,0,41,Made Shot,Jump Shot,3PT Field Goal,Above the Break 3,Left Side Center(LC),24+ ft.,28,-91,268,1,1,20260608,NYK,SAS,42500403315,13990,0,0,1628368|1630170|1641705|1642264|1642844
Shot Chart Detail,0042500403,359,1628973,Jalen Brunson,1610612759,New York Knicks,3,10,21,Missed Shot,Driving Floating Jump Shot,2PT Field Goal,Mid-Range,Right Side(R),8-16 ft.,12,99,77,1,0,20260608,NYK,SAS,42500403359,15390,0,0,1628368|1630170|1630577|1641705|1642264
Shot Chart Detail,0042500403,361,1628973,Jalen Brunson,1610612759,New York Knicks,3,10,16,Made Shot,Fadeaway Jump Shot,2PT Field Goal,In The Paint (Non-RA),Center(C),Less Than 8 ft.,6,-65,21,1,1,20260608,NYK,SAS,42500403361,15440,0,0,1628368|1630170|1630577|1641705|1642264
Shot Chart Detail,0042500403,364,1628384,OG Anunoby,1610612759,New York Knicks,3,9,50,Made Shot,Driving Dunk Shot,2PT Field Goal,Restricted Area,Center(C),Less Than 8 ft.,1,5,9,1,1,20260608,NYK,SAS,42500403364,15700,0,0,1628368|1630170|1630577|1641705|1642264
Shot Chart Detail,0042500403,378,1628404,Josh Hart,1610612759,New York Knicks,3,8,36,Missed Shot,Jump Shot,3PT Field Goal,Right Corner 3,Right Side(R),24+ ft.,23,228,40,1,0,20260608,NYK,SAS,42500403378,16440,0,0,1628368|1630170|1630577|1641705|1642264
Shot Chart Detail,0042500403,388,1628973,Jalen Brunson,1610612759,New York Knicks,3,8,10,Made Shot,Pullup Jump shot,2PT Field Goal,In The Paint (Non-RA),Center(C),8-16 ft.,13,34,129,1,1,20260608,NYK,SAS,42500403388,16700,0,0,1628368|1630170|1630577|1641705|1642264
Shot Chart Detail,0042500403,400,1628973,Jalen Brunson,1610612759,New York Knicks,3,7,34,Missed Shot,Driving Floating Jump Shot,2PT Field Goal,In The Paint (Non-RA),Center(C),Less Than 8 ft.,5,-53,10,1,0,20260608,NYK,SAS,42500403400,17060,0,0,1629640|1630170|1641705|1642264|1642844
Shot Chart Detail,0042500403,405,1628384,OG Anunoby,1610612759,New York Knicks,3,7,11,Made Shot,Step Back Jump shot,2PT Field Goal,Mid-Range,Center(C),8-16 ft.,15,-42,153,1,1,20260608,NYK,SAS,42500403405,17290,0,0,1629640|1630170|1641705|1642264|1642844
Shot Chart Detail,0042500403,412,1628404,Josh Hart,1610612759,New York Knicks,3,6,41,Made Shot,Jump Shot,3PT Field Goal,Left Corner 3,Left Side(L),24+ ft.,22,-228,8,1,1,20260608,NYK,SAS,42500403412,17590,0,0,1629640|1630170|1641705|1642264|1642844
Shot Chart Detail,0042500403,426,1628973,Jalen Brunson,1610612759,New York Knicks,3,5,50,Missed Shot,Pullup Jump shot,2PT Field Goal,Mid-Range,Left Side Center(LC),16-24 ft.,16,-104,126,1,0,20260608,NYK,SAS,42500403426,18100,0,0,1629640|1630170|1641705|1642264|1642844
Shot Chart Detail,0042500403,430,1628404,Josh Hart,1610612759,New York Knicks,3,5,12,Missed Shot,Fadeaway Jump Shot,2PT Field Goal,In The Paint (Non-RA),Center(C),Less Than 8 ft.,7,-26,73,1,0,20260608,NYK,SAS,42500403430,18480,0,0,1629640|1630170|1641705|1642264|1642844
Shot Chart Detail,0042500403,434,1628973,Jalen Brunson,1610612759,New York Knicks,3,4,52,Missed Shot,Pullup Jump shot,3PT Field Goal,Above the Break 3,Right Side Center(RC),24+ ft.,25,168,194,1,0,20260608,NYK,SAS,42500403434,18680,0,0,1629640|1630170|1641705|1642264|1642844
Shot Chart Detail,0042500403,436,1628384,OG Anunoby,1610612759,New York Knicks,3,4,47,Missed Shot,Step Back Jump shot,3PT Field Goal,Left Corner 3,Left Side(L),24+ ft.,23,-229,48,1,0,20260608,NYK,SAS,42500403436,18730,0,0,1629640|1630170|1641705|1642264|1642844
Shot Chart Detail,0042500403,438,1628973,Jalen Brunson,1610612759,New York Knicks,3,4,38,Missed Shot,Driving Floating Jump Shot,2PT Field Goal,In The Paint (Non-RA),Center(C),8-16 ft.,10,9,105,1,0,20260608,NYK,SAS,42500403438,18820,0,0,1629640|1630170|1641705|1642264|1642844
Shot Chart Detail,0042500403,440,1629011,Mitchell Robinson,1610612759,New York Knicks,3,4,37,Made Shot,Tip Layup Shot,2PT Field Goal,Restricted Area,Center(C),Less Than 8 ft.,0,0,0,1,1,20260608,NYK,SAS,42500403440,18830,0,0,1629640|1630170|1641705|1642264|1642844
Shot Chart Detail,0042500403,457,203903,Jordan Clarkson,1610612759,New York Knicks,3,4,1,Missed Shot,Driving Floating Jump Shot,2PT Field Goal,In The Paint (Non-RA),Center(C),Less Than 8 ft.,6,-4,66,1,0,20260608,NYK,SAS,42500403457,19190,0,0,1628368|1628436|1629640|1630170|1642844
Shot Chart Detail,0042500403,459,203903,Jordan Clarkson,1610612759,New York Knicks,3,4,0,Made Shot,Tip Layup Shot,2PT Field Goal,Restricted Area,Center(C),Less Than 8 ft.,0,0,0,1,1,20260608,NYK,SAS,42500403459,19200,0,0,1628368|1628436|1629640|1630170|1642844
Shot Chart Detail,0042500403,473,1626157,Karl-Anthony Towns,1610612759,New York Knicks,3,3,3,Missed Shot,Driving Floating Jump Shot,2PT Field Goal,Restricted Area,Center(C),Less Than 8 ft.,1,-7,11,1,0,20260608,NYK,SAS,42500403473,19770,0,0,1628368|1628436|1629640|1630577|1642844
Shot Chart Detail,0042500403,477,1630631,Jose Alvarado,1610612759,New York Knicks,3,2,47,Missed Shot,Running Layup Shot,2PT Field Goal,Restricted Area,Center(C),Less Than 8 ft.,2,-4,25,1,0,20260608,NYK,SAS,42500403477,19930,0,0,1628368|1628436|1629640|1630577|1642844
Shot Chart Detail,0042500403,492,1629013,Landry Shamet,1610612759,New York Knicks,3,2,14,Made Shot,Jump Shot,3PT Field Goal,Right Corner 3,Right Side(R),24+ ft.,23,232,1,1,1,20260608,NYK,SAS,42500403492,20260,0,0,1628368|1628436|1630577|1642264|1642844
Shot Chart Detail,0042500403,496,203903,Jordan Clarkson,1610612759,New York Knicks,3,1,30,Missed Shot,Driving Floating Jump Shot,2PT Field Goal,In The Paint (Non-RA),Center(C),Less Than 8 ft.,6,-4,62,1,0,20260608,NYK,SAS,42500403496,20700,0,0,1628368|1628436|1630577|1642264|1642844
Shot Chart Detail,0042500403,498,1626157,Karl-Anthony Towns,1610612759,New York Knicks,3,1,28,Made Shot,Putback Layup Shot,2PT Field Goal,Restricted Area,Center(C),Less Than 8 ft.,1,-1,13,1,1,20260608,NYK,SAS,42500403498,20720,0,0,1628368|1628436|1630577|1642264|1642844
Shot Chart Detail,0042500403,501,203903,Jordan Clarkson,1610612759,New York Knicks,3,0,49,Made Shot,Step Back Jump shot,3PT Field Goal,Above the Break 3,Left Side Center(LC),24+ ft.,24,-86,229,1,1,20260608,NYK,SAS,42500403501,21110,0,0,1628368|1628436|1630577|1642264|1642844
Shot Chart Detail,0042500403,503,1628969,Mikal Bridges,1610612759,New York Knicks,3,0,14,Made Shot,Pullup Jump shot,2PT Field Goal,Mid-Range,Center(C),8-16 ft.,15,-12,150,1,1,20260608,NYK,SAS,42500403503,21460,0,0,1628368|1628436|1630577|1642264|1642844
Shot Chart Detail,0042500403,522,1630631,Jose Alvarado,1610612759,New York Knicks,4,11,19,Missed Shot,Pullup Jump shot,3PT Field Goal,Left Corner 3,Left Side(L),24+ ft.,23,-230,52,1,0,20260608,NYK,SAS,42500403522,22010,0,0,1628368|1629640|1630170|1641705|1642264
Shot Chart Detail,0042500403,525,203903,Jordan Clarkson,1610612759,New York Knicks,4,11,3,Missed Shot,Turnaround Jump Shot,2PT Field Goal,Mid-Range,Right Side(R),16-24 ft.,18,181,5,1,0,20260608,NYK,SAS,42500403525,22170,0,0,1628368|1629640|1630170|1641705|1642264
Shot Chart Detail,0042500403,542,1629013,Landry Shamet,1610612759,New York Knicks,4,9,50,Missed Shot,Pullup Jump shot,3PT Field Goal,Right Corner 3,Right Side(R),24+ ft.,23,225,82,1,0,20260608,NYK,SAS,42500403542,22900,0,0,1628368|1629640|1630170|1641705|1642264
Shot Chart Detail,0042500403,546,1629013,Landry Shamet,1610612759,New York Knicks,4,9,27,Missed Shot,Jump Shot,3PT Field Goal,Left Corner 3,Left Side(L),24+ ft.,23,-229,-26,1,0,20260608,NYK,SAS,42500403546,23130,0,0,1628368|1629640|1630170|1641705|1642264
Shot Chart Detail,0042500403,560,1628969,Mikal Bridges,1610612759,New York Knicks,4,8,58,Missed Shot,Pullup Jump shot,2PT Field Goal,In The Paint (Non-RA),Right Side(R),8-16 ft.,14,80,125,1,0,20260608,NYK,SAS,42500403560,23420,0,0,1629640|1630577|1641705|1642264|1642844
Shot Chart Detail,0042500403,564,1628973,Jalen Brunson,1610612759,New York Knicks,4,8,31,Missed Shot,Driving Finger Roll Layup Shot,2PT Field Goal,Restricted Area,Center(C),Less Than 8 ft.,1,15,8,1,0,20260608,NYK,SAS,42500403564,23690,0,0,1629640|1630577|1641705|1642264|1642844
Shot Chart Detail,0042500403,566,1629011,Mitchell Robinson,1610612759,New York Knicks,4,8,30,Made Shot,Tip Layup Shot,2PT Field Goal,Restricted Area,Center(C),Less Than 8 ft.,0,0,0,1,1,20260608,NYK,SAS,42500403566,23700,0,0,1629640|1630577|1641705|1642264|1642844
Shot Chart Detail,0042500403,579,1628404,Josh Hart,1610612759,New York Knicks,4,7,56,Missed Shot,Jump Shot,3PT Field Goal,Right Corner 3,Right Side(R),24+ ft.,23,234,11,1,0,20260608,NYK,SAS,42500403579,24040,0,0,1629640|1630577|1641705|1642264|1642844
Shot Chart Detail,0042500403,591,1628973,Jalen Brunson,1610612759,New York Knicks,4,7,31,Made Shot,Driving Layup Shot,2PT Field Goal,Restricted Area,Center(C),Less Than 8 ft.,1,-12,10,1,1,20260608,NYK,SAS,42500403591,24290,0,0,1629640|1630577|1641705|1642264|1642844
Shot Chart Detail,0042500403,607,1628384,OG Anunoby,1610612759,New York Knicks,4,6,49,Made Shot,Fadeaway Jump Shot,2PT Field Goal,Mid-Range,Center(C),8-16 ft.,14,9,143,1,1,20260608,NYK,SAS,42500403607,24710,0,0,1628368|1630170|1630577|1641705|1642844
Shot Chart Detail,0042500403,610,1630540,Miles McBride,1610612759,New York Knicks,4,6,9,Missed Shot,Jump Shot,3PT Field Goal,Right Corner 3,Right Side(R),24+ ft.,23,234,15,1,0,20260608,NYK,SAS,42500403610,25110,0,0,1628368|1630170|1630577|1641705|1642844
Shot Chart Detail,0042500403,614,1626157,Karl-Anthony Towns,1610612759,New York Knicks,4,5,56,Missed Shot,Running Jump Shot,3PT Field Goal,Above the Break 3,Left Side Center(LC),24+ ft.,25,-176,184,1,0,20260608,NYK,SAS,42500403614,25240,0,0,1628368|1630170|1630577|1641705|1642844
Shot Chart Detail,0042500403,617,1628973,Jalen Brunson,1610612759,New York Knicks,4,5,54,Made Shot,Driving Floating Bank Jump Shot,2PT Field Goal,Restricted Area,Center(C),Less Than 8 ft.,3,2,35,1,1,20260608,NYK,SAS,42500403617,25260,0,0,1628368|1630170|1630577|1641705|1642844
Shot Chart Detail,0042500403,628,1628384,OG Anunoby,1610612759,New York Knicks,4,5,18,Missed Shot,Step Back Jump shot,3PT Field Goal,Above the Break 3,Left Side Center(LC),24+ ft.,24,-108,225,1,0,20260608,NYK,SAS,42500403628,25620,0,0,1628368|1630170|1630577|1641705|1642264
Shot Chart Detail,0042500403,630,1629013,Landry Shamet,1610612759,New York Knicks,4,5,14,Missed Shot,Jump Shot,3PT Field Goal,Above the Break 3,Right Side Center(RC),24+ ft.,25,102,231,1,0,20260608,NYK,SAS,42500403630,25660,0,0,1628368|1630170|1630577|1641705|1642264
Shot Chart Detail,0042500403,643,1628973,Jalen Brunson,1610612759,New York Knicks,4,4,39,Missed Shot,Pullup Jump shot,2PT Field Goal,In The Paint (Non-RA),Center(C),Less Than 8 ft.,5,-38,35,1,0,20260608,NYK,SAS,42500403643,26010,0,0,1628368|1630170|1641705|1642264|1642844
Shot Chart Detail,0042500403,652,1629013,Landry Shamet,1610612759,New York Knicks,4,4,5,Missed Shot,Driving Finger Roll Layup Shot,2PT Field Goal,Restricted Area,Center(C),Less Than 8 ft.,1,12,15,1,0,20260608,NYK,SAS,42500403652,26350,0,0,1628368|1630170|1641705|1642264|1642844
Shot Chart Detail,0042500403,667,1626157,Karl-Anthony Towns,1610612759,New York Knicks,4,3,2,Missed Shot,Jump Shot,3PT Field Goal,Above the Break 3,Left Side Center(LC),24+ ft.,25,-183,178,1,0,20260608,NYK,SAS,42500403667,26980,0,0,1628368|1630170|1641705|1642264|1642844
Shot Chart Detail,0042500403,671,1628973,Jalen Brunson,1610612759,New York Knicks,4,2,32,Missed Shot,Driving Layup Shot,2PT Field Goal,Restricted Area,Center(C),Less Than 8 ft.,2,0,24,1,0,20260608,NYK,SAS,42500403671,27280,0,0,1628368|1630170|1641705|1642264|1642844
Shot Chart Detail,0042500403,674,1626157,Karl-Anthony Towns,1610612759,New York Knicks,4,2,28,Missed Shot,Putback Layup Shot,2PT Field Goal,Restricted Area,Center(C),Less Than 8 ft.,1,-11,13,1,0,20260608,NYK,SAS,42500403674,27320,0,0,1628368|1630170|1641705|1642264|1642844
Shot Chart Detail,0042500403,678,1626157,Karl-Anthony Towns,1610612759,New York Knicks,4,2,27,Missed Shot,Cutting Layup Shot,2PT Field Goal,Restricted Area,Center(C),Less Than 8 ft.,1,4,19,1,0,20260608,NYK,SAS,42500403678,27330,0,0,1628368|1630170|1641705|1642264|1642844
Shot Chart Detail,0042500403,682,1628973,Jalen Brunson,1610612759,New York Knicks,4,2,22,Made Shot,Pullup Jump shot,2PT Field Goal,Mid-Range,Right Side Center(RC),16-24 ft.,18,107,150,1,1,20260608,NYK,SAS,42500403682,27380,0,0,1628368|1630170|1641705|1642264|1642844
Shot Chart Detail,0042500403,687,1628969,Mikal Bridges,1610612759,New York Knicks,4,1,30,Missed Shot,Jump Shot,3PT Field Goal,Right Corner 3,Right Side(R),24+ ft.,22,228,30,1,0,20260608,NYK,SAS,42500403687,27900,0,0,1628368|1630170|1641705|1642264|1642844
Shot Chart Detail,0042500403,698,1628973,Jalen Brunson,1610612759,New York Knicks,4,0,33,Made Shot,Running Pull-Up Jump Shot,3PT Field Goal,Above the Break 3,Left Side Center(LC),24+ ft.,24,-91,232,1,1,20260608,NYK,SAS,42500403698,28470,0,0,1628368|1630170|1641705|1642264|1642844
Shot Chart Detail,0042500403,701,1628384,OG Anunoby,1610612759,New York Knicks,4,0,9,Made Shot,Jump Shot,3PT Field Goal,Right Corner 3,Right Side(R),24+ ft.,22,224,0,1,1,20260608,NYK,SAS,42500403701,28710,0,0,1628368|1630170|1641705|1642264|1642844
Shot Chart Detail,0042500403,713,1628969,Mikal Bridges,1610612759,New York Knicks,4,0,4,Missed Shot,Turnaround Jump Shot,3PT Field Goal,Above the Break 3,Right Side Center(RC),24+ ft.,27,127,239,1,0,20260608,NYK,SAS,42500403713,28760,0,0,1628368|1630170|1641705|1642264|1642844
Shot Chart Detail,0042500403,716,1628384,OG Anunoby,1610612759,New York Knicks,4,0,1,Missed Shot,Jump Shot,3PT Field Goal,Right Corner 3,Right Side(R),24+ ft.,23,234,19,1,0,20260608,NYK,SAS,42500403716,28790,0,0,1628368|1630170|1641705|1642264|1642844
