GAME_ID,EVENTNUM,PLAYER_ID,ASSIST_ID,TEAM_ID,SHOT_ID
42500141,13,1628415,1626164,1610612756,4250014113
42500141,17,1626164,1642345,1610612756,4250014117
42500141,19,1629652,1628983,1610612760,4250014119
42500141,40,1631096,1631114,1610612760,4250014140
42500141,42,1631221,1642345,1610612756,4250014142
42500141,48,1628392,1631114,1610612760,4250014148
42500141,51,1631114,1628983,1610612760,4250014151
42500141,96,1627936,1628983,1610612760,4250014196
42500141,148,1626164,1631221,1610612756,42500141148
42500141,177,1631096,1631119,1610612760,42500141177
42500141,198,1628392,1631114,1610612760,42500141198
42500141,206,1631221,1626220,1610612756,42500141206
42500141,226,1642349,1631114,1610612760,42500141226
42500141,230,1642349,1631119,1610612760,42500141230
42500141,234,1641717,1631114,1610612760,42500141234
42500141,245,1631119,1641717,1610612760,42500141245
42500141,262,1630692,1626220,1610612756,42500141262
42500141,272,1641717,1631114,1610612760,42500141272
42500141,276,1626164,1642345,1610612756,42500141276
42500141,336,1628983,1642349,1610612760,42500141336
42500141,347,1631114,1629652,1610612760,42500141347
42500141,359,1631096,1629652,1610612760,42500141359
42500141,396,1630224,1628415,1610612756,42500141396
42500141,400,1626164,1628415,1610612756,42500141400
42500141,402,1628392,1628983,1610612760,42500141402
42500141,415,1630224,1626220,1610612756,42500141415
42500141,449,1626164,1630224,1610612756,42500141449
42500141,450,1629652,1628392,1610612760,42500141450
42500141,457,1631114,1628392,1610612760,42500141457
42500141,468,1626220,1626164,1610612756,42500141468
42500141,475,1629652,1628983,1610612760,42500141475
42500141,506,1642349,1628983,1610612760,42500141506
42500141,526,1626164,1629312,1610612756,42500141526
42500141,529,1641717,1627936,1610612760,42500141529
42500141,546,1631119,1628983,1610612760,42500141546
42500141,566,1630198,1641717,1610612760,42500141566
42500141,594,1631114,1642349,1610612760,42500141594
42500141,613,1642853,1631221,1610612756,42500141613
42500141,615,1642272,1629026,1610612760,42500141615
42500141,620,1630198,1630598,1610612760,42500141620
42500141,624,1642853,1631123,1610612756,42500141624
42500141,630,1630598,1630198,1610612760,42500141630
42500141,646,1642272,1642260,1610612760,42500141646
42500141,654,1642853,1642346,1610612756,42500141654
42500111,16,1630573,1627759,1610612738,4250011116
42500111,26,1629674,1628369,1610612738,4250011126
42500111,52,1630573,1628369,1610612738,4250011152
42500111,62,1627759,1628369,1610612738,4250011162
42500111,66,1628369,1628401,1610612738,4250011166
42500111,71,1628369,1630573,1610612738,4250011171
42500111,74,1628401,202696,1610612738,4250011174
42500111,84,1627759,1628401,1610612738,4250011184
42500111,86,202331,203083,1610612755,4250011186
42500111,141,1628369,202696,1610612738,42500111141
42500111,143,1626162,1630178,1610612755,42500111143
42500111,163,1641775,1628369,1610612738,42500111163
42500111,200,1631248,1627759,1610612738,42500111200
42500111,207,1630568,1630202,1610612738,42500111207
42500111,209,1642348,1642845,1610612755,42500111209
42500111,229,1629674,1630202,1610612738,42500111229
42500111,231,203083,202331,1610612755,42500111231
42500111,236,1629674,1630202,1610612738,42500111236
42500111,245,1642845,1630178,1610612755,42500111245
42500111,282,1626162,1630178,1610612755,42500111282
42500111,291,1628401,202696,1610612738,42500111291
42500111,334,1628369,1630573,1610612738,42500111334
42500111,336,1630178,1642845,1610612755,42500111336
42500111,356,1642845,1630178,1610612755,42500111356
42500111,367,1642845,1630178,1610612755,42500111367
42500111,381,1629674,1628401,1610612738,42500111381
42500111,383,1626162,1630178,1610612755,42500111383
42500111,411,1628401,1627759,1610612738,42500111411
42500111,413,1642845,203083,1610612755,42500111413
42500111,432,1627759,1630202,1610612738,42500111432
42500111,436,202696,1628401,1610612738,42500111436
42500111,446,1627759,1628401,1610612738,42500111446
42500111,458,1642845,1629656,1610612755,42500111458
42500111,462,1627759,1628369,1610612738,42500111462
42500111,463,1630178,1642845,1610612755,42500111463
42500111,481,1630202,1630568,1610612738,42500111481
42500111,492,1627759,1628401,1610612738,42500111492
42500111,494,1626162,1630178,1610612755,42500111494
42500111,515,1630178,1626162,1610612755,42500111515
42500111,528,1629656,1630178,1610612755,42500111528
42500111,535,1630573,1628369,1610612738,42500111535
42500111,548,1630573,1628369,1610612738,42500111548
42500111,552,1629674,1630202,1610612738,42500111552
42500111,565,1630202,1629674,1610612738,42500111565
42500111,567,1629656,1626162,1610612755,42500111567
42500111,592,1641737,1629656,1610612755,42500111592
42500111,643,1641775,1630202,1610612738,42500111643
42500111,649,1631230,1631207,1610612755,42500111649
42500111,654,1631199,1641775,1610612738,42500111654
42500111,662,1630570,1631207,1610612755,42500111662
42500111,673,1631248,1641775,1610612738,42500111673
42500171,13,1629028,203935,1610612747,4250017113
42500171,17,1628379,2544,1610612747,4250017117
42500171,21,1629060,203935,1610612747,4250017121
42500171,38,203935,2544,1610612747,4250017138
42500171,40,1631095,1641708,1610612745,4250017140
42500171,42,2544,203935,1610612747,4250017142
42500171,51,1629028,2544,1610612747,4250017151
42500171,54,1629060,2544,1610612747,4250017154
42500171,56,1629006,1630578,1610612745,4250017156
42500171,60,1630578,1641708,1610612745,4250017160
42500171,67,1628379,2544,1610612747,4250017167
42500171,70,1631222,2544,1610612747,4250017170
42500171,72,1642263,1641708,1610612745,4250017172
42500171,74,1629028,2544,1610612747,4250017174
42500171,76,203991,1642263,1610612745,4250017176
42500171,78,1628379,1631222,1610612747,4250017178
42500171,80,1631095,1642263,1610612745,4250017180
42500171,87,1628379,2544,1610612747,4250017187
42500171,107,1629637,203935,1610612747,42500171107
42500171,120,1628379,1631222,1610612747,42500171120
42500171,141,1630578,1641708,1610612745,42500171141
42500171,183,1629020,2544,1610612747,42500171183
42500171,214,1641708,1642263,1610612745,42500171214
42500171,223,1642263,1641708,1610612745,42500171223
42500171,225,1629028,203935,1610612747,42500171225
42500171,229,1629060,2544,1610612747,42500171229
42500171,274,1629028,203935,1610612747,42500171274
42500171,295,1629006,1630578,1610612745,42500171295
42500171,342,1642263,1641708,1610612745,42500171342
42500171,373,1631095,1629006,1610612745,42500171373
42500171,379,1629060,1628379,1610612747,42500171379
42500171,392,1641708,1630578,1610612745,42500171392
42500171,394,1628379,203935,1610612747,42500171394
42500171,450,1630256,1631106,1610612745,42500171450
42500171,479,203935,1631222,1610612747,42500171479
42500171,552,1642263,1641708,1610612745,42500171552
42500171,554,1629060,2544,1610612747,42500171554
42500171,564,1629060,1628379,1610612747,42500171564
42500171,569,1628379,1629028,1610612747,42500171569
42500171,579,1631106,1642263,1610612745,42500171579
42500171,605,1630578,1642263,1610612745,42500171605
42500171,607,1628379,1629028,1610612747,42500171607
42500171,616,1631106,1642263,1610612745,42500171616
42500171,621,203935,2544,1610612747,42500171621
42500171,638,1631106,1630578,1610612745,42500171638
42500171,671,1630578,1642263,1610612745,42500171671
42500171,675,1631106,1630578,1610612745,42500171675
42500171,677,1629028,2544,1610612747,42500171677
42500171,679,1641708,1630578,1610612745,42500171679
42500171,691,1629028,203935,1610612747,42500171691
42500171,698,1642263,1631106,1610612745,42500171698
42500171,700,2544,1628379,1610612747,42500171700
42500171,706,1631106,1642263,1610612745,42500171706
42500101,13,1630591,1630217,1610612753,4250010113
42500101,18,1629130,202699,1610612765,4250010118
42500101,20,1630591,1628976,1610612753,4250010120
42500101,45,1631094,1630591,1610612753,4250010145
42500101,56,1630532,1630591,1610612753,4250010156
42500101,63,1630595,1629130,1610612765,4250010163
42500101,77,1641709,1630595,1610612765,4250010177
42500101,93,1628989,1641709,1610612765,4250010193
42500101,108,1628976,1641710,1610612753,42500101108
42500101,119,1627747,1628989,1610612765,42500101119
42500101,124,1630595,202699,1610612765,42500101124
42500101,144,202699,1627747,1610612765,42500101144
42500101,199,202699,1641842,1610612765,42500101199
42500101,209,1641842,1642450,1610612765,42500101209
42500101,211,1628976,1630217,1610612753,42500101211
42500101,234,1631288,1631094,1610612753,42500101234
42500101,236,1631105,1629130,1610612765,42500101236
42500101,246,1641710,1631094,1610612753,42500101246
42500101,270,1631094,1630591,1610612753,42500101270
42500101,285,1630595,1629750,1610612765,42500101285
42500101,335,1631094,1629048,1610612753,42500101335
42500101,362,1630532,1630217,1610612753,42500101362
42500101,376,1628976,1630217,1610612753,42500101376
42500101,386,1630217,1631094,1610612753,42500101386
42500101,393,1628976,1631094,1610612753,42500101393
42500101,396,1641709,1631105,1610612765,42500101396
42500101,399,1629130,202699,1610612765,42500101399
42500101,403,202699,1630595,1610612765,42500101403
42500101,424,1630217,1641710,1610612753,42500101424
42500101,426,1631105,1630595,1610612765,42500101426
42500101,445,1628976,1641710,1610612753,42500101445
42500101,449,1641710,1630591,1610612753,42500101449
42500101,481,1630595,1642450,1610612765,42500101481
42500101,535,1630217,1630532,1610612753,42500101535
42500101,543,1630532,1628976,1610612753,42500101543
42500101,545,202699,1629130,1610612765,42500101545
42500101,549,1629130,1630595,1610612765,42500101549
42500101,553,202699,1629130,1610612765,42500101553
42500101,557,1641783,1628976,1610612753,42500101557
42500101,586,1641783,1628976,1610612753,42500101586
42500101,591,1628976,1630217,1610612753,42500101591
42500101,614,1630217,1628976,1610612753,42500101614
42500101,651,1630591,1630532,1610612753,42500101651
42500101,676,1628976,1630532,1610612753,42500101676
42500101,681,1628976,1630532,1610612753,42500101681
42500131,15,1628386,201935,1610612739,4250013115
42500131,17,1629628,1630567,1610612761,4250013117
42500131,19,1628386,201935,1610612739,4250013119
42500131,28,1630567,1627751,1610612761,4250013128
42500131,36,1628386,201935,1610612739,4250013136
42500131,38,1642347,1630567,1610612761,4250013138
42500131,61,1642347,1627742,1610612761,4250013161
42500131,68,1642266,1627742,1610612761,4250013168
42500131,96,1627742,1630572,1610612761,4250013196
42500131,100,1642867,1642347,1610612761,42500131100
42500131,131,1629622,1628378,1610612739,42500131131
42500131,133,1630567,1642867,1610612761,42500131133
42500131,153,1642867,1627742,1610612761,42500131153
42500131,165,1629622,1630596,1610612739,42500131165
42500131,169,1629622,1628378,1610612739,42500131169
42500131,188,1642867,1630567,1610612761,42500131188
42500131,207,1628378,1630596,1610612739,42500131207
42500131,245,1642347,1629628,1610612761,42500131245
42500131,247,1630596,201935,1610612739,42500131247
42500131,286,1642347,1627751,1610612761,42500131286
42500131,288,1631165,201935,1610612739,42500131288
42500131,315,1627742,1642867,1610612761,42500131315
42500131,318,1630567,1642867,1610612761,42500131318
42500131,323,1630596,201935,1610612739,42500131323
42500131,330,1629628,1627742,1610612761,42500131330
42500131,332,201935,1628378,1610612739,42500131332
42500131,344,1629622,1628378,1610612739,42500131344
42500131,346,1629628,1630567,1610612761,42500131346
42500131,362,1628386,1630596,1610612739,42500131362
42500131,372,1630596,1629731,1610612739,42500131372
42500131,389,1642867,1629628,1610612761,42500131389
42500131,402,1629622,201935,1610612739,42500131402
42500131,406,1629622,1630241,1610612739,42500131406
42500131,414,1629622,1630241,1610612739,42500131414
42500131,428,1642347,1629628,1610612761,42500131428
42500131,471,1630596,1642281,1610612739,42500131471
42500131,473,1627751,1630567,1610612761,42500131473
42500131,538,1630241,1630596,1610612739,42500131538
42500131,540,1630572,1642347,1610612761,42500131540
42500131,551,1642347,1630567,1610612761,42500131551
42500131,562,1628378,203471,1610612739,42500131562
42500131,580,1630567,1630639,1610612761,42500131580
42500131,587,1628378,201935,1610612739,42500131587
42500131,589,1642266,1630639,1610612761,42500131589
42500131,608,1629731,203471,1610612739,42500131608
42500131,614,1630639,1630567,1610612761,42500131614
42500131,625,1628386,201935,1610612739,42500131625
42500131,644,1642867,1642266,1610612761,42500131644
42500131,646,1629622,201935,1610612739,42500131646
42500131,650,1629628,1642867,1610612761,42500131650
42500131,681,1642867,1642266,1610612761,42500131681
42500131,685,1642867,1630572,1610612761,42500131685
42500131,713,1642367,1630639,1610612761,42500131713
42500121,12,1630552,1630168,1610612737,4250012112
42500121,14,1628973,1626157,1610612752,4250012114
42500121,17,1628973,1626157,1610612752,4250012117
42500121,19,1629638,1630700,1610612737,4250012119
42500121,23,203468,1630700,1610612737,4250012123
42500121,26,1630700,1629638,1610612737,4250012126
42500121,33,1628973,1628404,1610612752,4250012133
42500121,37,1628969,1628404,1610612752,4250012137
42500121,45,1628969,1628973,1610612752,4250012145
42500121,47,1630552,1629638,1610612737,4250012147
42500121,96,1630168,1629638,1610612737,4250012196
42500121,112,1628384,1628973,1610612752,42500121112
42500121,153,1629013,1630540,1610612752,42500121153
42500121,161,203468,1630228,1610612737,42500121161
42500121,180,1630168,1630552,1610612737,42500121180
42500121,186,203903,1629011,1610612752,42500121186
42500121,193,1630168,1629638,1610612737,42500121193
42500121,212,1630228,1630700,1610612737,42500121212
42500121,218,1629638,1630700,1610612737,42500121218
42500121,245,203468,1630700,1610612737,42500121245
42500121,247,1628384,1626157,1610612752,42500121247
42500121,251,1626157,1628973,1610612752,42500121251
42500121,302,1630168,1630552,1610612737,42500121302
42500121,315,1630168,1630700,1610612737,42500121315
42500121,317,1626157,1628973,1610612752,42500121317
42500121,321,1628384,1628404,1610612752,42500121321
42500121,340,1628404,1628973,1610612752,42500121340
42500121,342,203468,1630700,1610612737,42500121342
42500121,367,1628969,1628404,1610612752,42500121367
42500121,399,1630552,1629216,1610612737,42500121399
42500121,415,1630552,1630700,1610612737,42500121415
42500121,431,1629638,1630168,1610612737,42500121431
42500121,443,1630552,1631243,1610612737,42500121443
42500121,460,1630552,1629216,1610612737,42500121460
42500121,481,1628384,1628973,1610612752,42500121481
42500121,514,1629011,203903,1610612752,42500121514
42500121,522,1630540,1629013,1610612752,42500121522
42500121,524,1630228,1630700,1610612737,42500121524
42500121,533,1629638,203468,1610612737,42500121533
42500121,554,1626157,1630540,1610612752,42500121554
42500121,562,1626157,1628404,1610612752,42500121562
42500121,573,203903,1626157,1610612752,42500121573
42500121,591,1626157,1628973,1610612752,42500121591
42500121,613,1630168,1630700,1610612737,42500121613
42500121,621,1629638,1630552,1610612737,42500121621
42500121,630,1626157,1628969,1610612752,42500121630
42500121,632,1629638,1630700,1610612737,42500121632
42500161,15,1628978,203497,1610612750,4250016115
42500161,24,1629661,1627750,1610612743,4250016124
42500161,26,1628978,1630162,1610612750,4250016126
42500161,40,1630183,1628978,1610612750,4250016140
42500161,51,1629661,203999,1610612743,4250016151
42500161,79,1630183,1629675,1610612750,4250016179
42500161,105,203999,1627750,1610612743,42500161105
42500161,107,203497,1630162,1610612750,42500161107
42500161,111,1629675,1630245,1610612750,42500161111
42500161,114,1631128,203999,1610612743,42500161114
42500161,118,1631128,203999,1610612743,42500161118
42500161,126,203501,203999,1610612743,42500161126
42500161,128,1630245,1629675,1610612750,42500161128
42500161,171,1630245,201144,1610612750,42500161171
42500161,188,1628971,1627750,1610612743,42500161188
42500161,198,203501,1628971,1610612743,42500161198
42500161,223,203497,201144,1610612750,42500161223
42500161,259,1630162,1630183,1610612750,42500161259
42500161,272,1629661,203999,1610612743,42500161272
42500161,292,203999,1628971,1610612743,42500161292
42500161,304,1642461,203999,1610612743,42500161304
42500161,314,203497,1630183,1610612750,42500161314
42500161,317,1630183,1630162,1610612750,42500161317
42500161,323,1628978,1630162,1610612750,42500161323
42500161,325,1631128,203999,1610612743,42500161325
42500161,327,203497,1630162,1610612750,42500161327
42500161,343,203999,203932,1610612743,42500161343
42500161,359,203999,1627750,1610612743,42500161359
42500161,384,1628978,1630183,1610612750,42500161384
42500161,389,203932,1631128,1610612743,42500161389
42500161,393,203999,1627750,1610612743,42500161393
42500161,398,203932,1629661,1610612743,42500161398
42500161,489,203999,203501,1610612743,42500161489
42500161,496,203999,1628971,1610612743,42500161496
42500161,500,201144,1630162,1610612750,42500161500
42500161,512,203999,1627750,1610612743,42500161512
42500161,534,203497,203944,1610612750,42500161534
42500161,556,1630245,1630162,1610612750,42500161556
42500161,565,1630162,203497,1610612750,42500161565
42500161,566,203932,203999,1610612743,42500161566
42500161,570,203497,203944,1610612750,42500161570
42500161,572,1631128,203999,1610612743,42500161572
42500161,579,1630245,1628978,1610612750,42500161579
42500161,581,203999,203932,1610612743,42500161581
42500161,612,1628971,203999,1610612743,42500161612
42500161,640,203932,1627750,1610612743,42500161640
42500161,663,1629661,203999,1610612743,42500161663
42500161,672,203999,203932,1610612743,42500161672
42500151,14,1630166,1642270,1610612757,4250015114
42500151,20,1642270,1630166,1610612757,4250015120
42500151,34,1630166,201950,1610612757,4250015134
42500151,42,1630166,201950,1610612757,4250015142
42500151,46,1630703,1630166,1610612757,4250015146
42500151,50,1641705,1642264,1610612759,4250015150
42500151,58,1630170,1641705,1610612759,4250015158
42500151,87,1629057,1641739,1610612757,4250015187
42500151,89,1641705,1642264,1610612759,4250015189
42500151,121,1628368,1642844,1610612759,42500151121
42500151,143,1630166,1631101,1610612757,42500151143
42500151,157,1629640,1628368,1610612759,42500151157
42500151,166,1631101,1630703,1610612757,42500151166
42500151,168,1641705,1642844,1610612759,42500151168
42500151,170,1641739,201950,1610612757,42500151170
42500151,190,1641705,1642264,1610612759,42500151190
42500151,192,203924,201950,1610612757,42500151192
42500151,229,1630170,1630577,1610612759,42500151229
42500151,248,1628436,1628368,1610612759,42500151248
42500151,252,1628368,1630170,1610612759,42500151252
42500151,265,1628436,1642264,1610612759,42500151265
42500151,291,1629057,201950,1610612757,42500151291
42500151,298,1642264,1628368,1610612759,42500151298
42500151,306,1630166,1629680,1610612757,42500151306
42500151,311,1641705,1628368,1610612759,42500151311
42500151,317,1641705,1629640,1610612759,42500151317
42500151,363,201950,1630166,1610612757,42500151363
42500151,367,1630703,201950,1610612757,42500151367
42500151,376,1642264,1628368,1610612759,42500151376
42500151,379,1630703,201950,1610612757,42500151379
42500151,399,1630577,1630170,1610612759,42500151399
42500151,427,1630170,1642264,1610612759,42500151427
42500151,435,1630170,1642264,1610612759,42500151435
42500151,446,1630166,1629057,1610612757,42500151446
42500151,447,1630170,1628436,1610612759,42500151447
42500151,457,1628436,1642264,1610612759,42500151457
42500151,472,1630703,1629057,1610612757,42500151472
42500151,484,1629057,201950,1610612757,42500151484
42500151,503,1630577,1628368,1610612759,42500151503
42500151,510,203924,1630703,1610612757,42500151510
42500151,536,1642844,1630577,1610612759,42500151536
42500151,543,1641739,1631101,1610612757,42500151543
42500151,550,201950,1630166,1610612757,42500151550
42500151,551,1641705,1628368,1610612759,42500151551
42500151,553,1642270,201950,1610612757,42500151553
42500151,556,1631101,201950,1610612757,42500151556
42500151,589,1630703,1629057,1610612757,42500151589
42500151,601,1629680,1630166,1610612757,42500151601
42500151,609,1630703,1629057,1610612757,42500151609
42500151,617,1630166,1630703,1610612757,42500151617
42500151,629,1641705,1628368,1610612759,42500151629
42500151,668,1630166,201950,1610612757,42500151668
42500122,22,1626157,1628973,1610612752,4250012222
42500122,33,1628404,1626157,1610612752,4250012233
42500122,35,1630700,203468,1610612737,4250012235
42500122,37,1628404,1626157,1610612752,4250012237
42500122,43,1628969,1628404,1610612752,4250012243
42500122,50,1630168,1629638,1610612737,4250012250
42500122,59,1628973,1628404,1610612752,4250012259
42500122,92,1630228,1630700,1610612737,4250012292
42500122,98,1628969,1628973,1610612752,4250012298
42500122,113,1630168,1630700,1610612737,42500122113
42500122,135,1629011,1628384,1610612752,42500122135
42500122,146,1628384,1628973,1610612752,42500122146
42500122,149,1629011,1628973,1610612752,42500122149
42500122,169,1628973,1628404,1610612752,42500122169
42500122,190,1630228,203468,1610612737,42500122190
42500122,194,1629638,1630557,1610612737,42500122194
42500122,201,1630557,1629638,1610612737,42500122201
42500122,217,1628396,1629638,1610612737,42500122217
42500122,221,203468,1628396,1610612737,42500122221
42500122,280,1628973,1628969,1610612752,42500122280
42500122,297,1629638,203468,1610612737,42500122297
42500122,347,1628973,1628404,1610612752,42500122347
42500122,357,1628384,1628973,1610612752,42500122357
42500122,366,203468,1630552,1610612737,42500122366
42500122,375,1628969,1628973,1610612752,42500122375
42500122,389,1626157,1628404,1610612752,42500122389
42500122,391,1630552,203468,1610612737,42500122391
42500122,392,1628404,1628384,1610612752,42500122392
42500122,407,203468,1630552,1610612737,42500122407
42500122,414,1630168,1630552,1610612737,42500122414
42500122,416,1628384,1628973,1610612752,42500122416
42500122,440,1630700,203468,1610612737,42500122440
42500122,498,1626157,1630631,1610612752,42500122498
42500122,502,1626157,1630631,1610612752,42500122502
42500122,559,1630557,1629638,1610612737,42500122559
42500122,571,203903,1628969,1610612752,42500122571
42500122,573,1630228,1629216,1610612737,42500122573
42500122,577,1630168,1630228,1610612737,42500122577
42500122,579,1628384,1630631,1610612752,42500122579
42500122,622,1630552,1630168,1610612737,42500122622
42500122,646,1629638,203468,1610612737,42500122646
42500122,651,1630552,1629638,1610612737,42500122651
42500122,686,1630552,1629638,1610612737,42500122686
42500122,691,1628973,1628404,1610612752,42500122691
42500132,7,1628386,1630596,1610612739,425001327
42500132,13,1628386,1628378,1610612739,4250013213
42500132,20,1642347,1630567,1610612761,4250013220
42500132,31,1629628,1627751,1610612761,4250013231
42500132,80,1630572,1629628,1610612761,4250013280
42500132,85,1628386,1630241,1610612739,4250013285
42500132,91,1642867,1630572,1610612761,4250013291
42500132,106,1629622,1630596,1610612739,42500132106
42500132,112,1642867,1630567,1610612761,42500132112
42500132,120,1630596,1629622,1610612739,42500132120
42500132,125,1642266,1642347,1610612761,42500132125
42500132,127,1630596,203471,1610612739,42500132127
42500132,156,1642266,1630639,1610612761,42500132156
42500132,158,1628378,203471,1610612739,42500132158
42500132,163,1630241,203471,1610612739,42500132163
42500132,169,1630567,1642266,1610612761,42500132169
42500132,171,1628378,1642281,1610612739,42500132171
42500132,174,1630596,203471,1610612739,42500132174
42500132,207,1630572,1627742,1610612761,42500132207
42500132,213,1630596,201935,1610612739,42500132213
42500132,215,1630572,1629628,1610612761,42500132215
42500132,292,1630567,1629628,1610612761,42500132292
42500132,318,1630596,1628378,1610612739,42500132318
42500132,358,1628378,201935,1610612739,42500132358
42500132,368,201935,1628386,1610612739,42500132368
42500132,381,1627742,1642867,1610612761,42500132381
42500132,385,1627742,1642347,1610612761,42500132385
42500132,387,1630596,1628378,1610612739,42500132387
42500132,415,1629731,1629622,1610612739,42500132415
42500132,417,1642867,1629628,1610612761,42500132417
42500132,419,1628386,1629622,1610612739,42500132419
42500132,440,1630572,1629628,1610612761,42500132440
42500132,449,1642266,1627742,1610612761,42500132449
42500132,493,1642266,1630572,1610612761,42500132493
42500132,502,1629628,1630567,1610612761,42500132502
42500132,512,1630596,1628378,1610612739,42500132512
42500132,547,1630241,1628378,1610612739,42500132547
42500132,565,1642281,201935,1610612739,42500132565
42500132,567,1642867,1630567,1610612761,42500132567
42500132,602,1630572,1642347,1610612761,42500132602
42500132,609,1629622,201935,1610612739,42500132609
42500132,622,1642266,1642347,1610612761,42500132622
42500132,657,1630596,1629731,1610612739,42500132657
42500132,665,1627742,1630567,1610612761,42500132665
42500132,670,1642867,1627742,1610612761,42500132670
42500162,9,1627750,203999,1610612743,425001629
42500162,14,203944,1630183,1610612750,4250016214
42500162,16,1631128,203932,1610612743,4250016216
42500162,26,203944,1628978,1610612750,4250016226
42500162,32,203932,1627750,1610612743,4250016232
42500162,34,203944,1630162,1610612750,4250016234
42500162,45,1631128,203932,1610612743,4250016245
42500162,51,1629661,1627750,1610612743,4250016251
42500162,55,1631128,203999,1610612743,4250016255
42500162,76,203501,203999,1610612743,4250016276
42500162,90,1627750,203999,1610612743,4250016290
42500162,105,1627750,203999,1610612743,42500162105
42500162,110,1630538,1630245,1610612750,42500162110
42500162,117,1630162,1630538,1610612750,42500162117
42500162,145,1630538,203937,1610612750,42500162145
42500162,147,203999,1629661,1610612743,42500162147
42500162,177,203932,1627750,1610612743,42500162177
42500162,179,1630183,203497,1610612750,42500162179
42500162,197,203501,1627750,1610612743,42500162197
42500162,202,1630162,1628978,1610612750,42500162202
42500162,225,1629675,1628978,1610612750,42500162225
42500162,250,203944,1630183,1610612750,42500162250
42500162,258,203944,1628978,1610612750,42500162258
42500162,261,1628978,203944,1610612750,42500162261
42500162,269,1630183,203944,1610612750,42500162269
42500162,295,1630162,203944,1610612750,42500162295
42500162,296,203999,1629661,1610612743,42500162296
42500162,299,1628978,1630245,1610612750,42500162299
42500162,301,1627750,203999,1610612743,42500162301
42500162,303,1630162,203944,1610612750,42500162303
42500162,314,1629661,203999,1610612743,42500162314
42500162,322,1629675,201144,1610612750,42500162322
42500162,335,203944,201144,1610612750,42500162335
42500162,345,1630245,1629675,1610612750,42500162345
42500162,351,203999,1631128,1610612743,42500162351
42500162,355,203501,203932,1610612743,42500162355
42500162,368,1627750,203932,1610612743,42500162368
42500162,384,1627750,1631128,1610612743,42500162384
42500162,404,1630183,1628978,1610612750,42500162404
42500162,449,1629661,1631128,1610612743,42500162449
42500162,451,1628978,1630183,1610612750,42500162451
42500162,477,203999,1627750,1610612743,42500162477
42500162,484,1627750,1631128,1610612743,42500162484
42500162,524,1630538,203937,1610612750,42500162524
42500162,571,1630538,1630245,1610612750,42500162571
42500162,588,1628971,1627750,1610612743,42500162588
42500162,590,1629675,1630245,1610612750,42500162590
42500162,596,1628971,1627750,1610612743,42500162596
42500162,598,1629675,1630538,1610612750,42500162598
42500162,614,1630183,1630245,1610612750,42500162614
42500162,625,1629661,1628971,1610612743,42500162625
42500162,629,1631128,1628971,1610612743,42500162629
42500162,652,1630162,203944,1610612750,42500162652
42500162,664,1631128,203999,1610612743,42500162664
42500162,679,1630183,1628978,1610612750,42500162679
42500162,714,203932,1631128,1610612743,42500162714
42500162,717,1628978,1630162,1610612750,42500162717
42500162,742,1628978,203944,1610612750,42500162742
42500172,12,1631095,1630578,1610612745,4250017212
42500172,21,1641708,1631095,1610612745,4250017221
42500172,43,203935,2544,1610612747,4250017243
42500172,46,203935,2544,1610612747,4250017246
42500172,61,1641708,1631106,1610612745,4250017261
42500172,63,203935,1628379,1610612747,4250017263
42500172,65,1630578,1641708,1610612745,4250017265
42500172,67,1628379,1629028,1610612747,4250017267
42500172,91,201142,1642263,1610612745,4250017291
42500172,92,1628379,203935,1610612747,4250017292
42500172,113,1628379,1629020,1610612747,42500172113
42500172,174,1631095,1630578,1610612745,42500172174
42500172,218,1629060,203935,1610612747,42500172218
42500172,246,1629028,203935,1610612747,42500172246
42500172,248,1631095,1642263,1610612745,42500172248
42500172,250,203935,1629060,1610612747,42500172250
42500172,263,1630578,1641708,1610612745,42500172263
42500172,276,201142,1642263,1610612745,42500172276
42500172,291,1631106,1641708,1610612745,42500172291
42500172,304,1629060,1629637,1610612747,42500172304
42500172,357,1631095,1641708,1610612745,42500172357
42500172,367,1631095,1641708,1610612745,42500172367
42500172,374,1628379,2544,1610612747,42500172374
42500172,378,1629028,2544,1610612747,42500172378
42500172,387,1641708,1630578,1610612745,42500172387
42500172,389,2544,203935,1610612747,42500172389
42500172,392,1629028,2544,1610612747,42500172392
42500172,398,1629060,2544,1610612747,42500172398
42500172,449,1629060,1628379,1610612747,42500172449
42500172,455,1630578,201142,1610612745,42500172455
42500172,525,1629637,2544,1610612747,42500172525
42500172,530,1641708,1630578,1610612745,42500172530
42500172,559,1629006,201142,1610612745,42500172559
42500172,579,1631106,1641708,1610612745,42500172579
42500172,583,1631095,1641708,1610612745,42500172583
42500172,585,1628379,203935,1610612747,42500172585
42500172,591,1629006,201142,1610612745,42500172591
42500172,619,1630578,201142,1610612745,42500172619
42500172,630,1629060,203935,1610612747,42500172630
42500172,646,201142,1641708,1610612745,42500172646
42500172,648,203935,1629060,1610612747,42500172648
42500172,650,1631106,1630578,1610612745,42500172650
42500172,662,2544,203935,1610612747,42500172662
42500172,664,1630578,1641708,1610612745,42500172664
42500152,14,1630703,201950,1610612757,4250015214
42500152,24,1641705,1642264,1610612759,4250015224
42500152,30,1630166,1642270,1610612757,4250015230
42500152,40,1642270,1630166,1610612757,4250015240
42500152,94,1628436,1630170,1610612759,4250015294
42500152,117,1642264,1628436,1610612759,42500152117
42500152,121,1642264,1629640,1610612759,42500152121
42500152,138,1642264,1641705,1610612759,42500152138
42500152,159,1629057,201950,1610612757,42500152159
42500152,174,1630170,1628368,1610612759,42500152174
42500152,198,1631101,1629057,1610612757,42500152198
42500152,212,1642868,1628368,1610612759,42500152212
42500152,219,1631101,201950,1610612757,42500152219
42500152,234,1629057,201950,1610612757,42500152234
42500152,245,1629640,1628436,1610612759,42500152245
42500152,246,1631101,1629057,1610612757,42500152246
42500152,313,1630577,1642844,1610612759,42500152313
42500152,316,1628436,1642264,1610612759,42500152316
42500152,322,1630703,201950,1610612757,42500152322
42500152,323,1630170,1642844,1610612759,42500152323
42500152,327,1630577,1642264,1610612759,42500152327
42500152,350,1642868,1628368,1610612759,42500152350
42500152,390,1628368,1630170,1610612759,42500152390
42500152,448,203084,1642264,1610612759,42500152448
42500152,473,1630703,1642270,1610612757,42500152473
42500152,485,1642868,1642264,1610612759,42500152485
42500152,487,1629057,201950,1610612757,42500152487
42500152,498,1641739,1629680,1610612757,42500152498
42500152,517,1630577,1642868,1610612759,42500152517
42500152,577,1630703,201950,1610612757,42500152577
42500152,639,1628436,1628368,1610612759,42500152639
42500152,659,203924,1629057,1610612757,42500152659
42500152,670,1641739,201950,1610612757,42500152670
42500152,681,201950,1641739,1610612757,42500152681
42500152,683,1629640,1642868,1610612759,42500152683
42500152,710,1630703,1629057,1610612757,42500152710
42500152,720,1641739,1630166,1610612757,42500152720
42500152,723,1629057,201950,1610612757,42500152723
42500152,761,1629057,1630166,1610612757,42500152761
42500112,7,1628369,1627759,1610612738,425001127
42500112,12,1630573,1628369,1610612738,4250011212
42500112,14,202331,1642845,1610612755,4250011214
42500112,17,1642845,1630178,1610612755,4250011217
42500112,47,1628401,1627759,1610612738,4250011247
42500112,61,1629674,1628401,1610612738,4250011261
42500112,69,1630573,1628369,1610612738,4250011269
42500112,91,1627759,1630202,1610612738,4250011291
42500112,99,202696,1627759,1610612738,4250011299
42500112,122,1629656,1630178,1610612755,42500112122
42500112,133,202696,1630202,1610612738,42500112133
42500112,165,1631248,202696,1610612738,42500112165
42500112,184,1629656,202331,1610612755,42500112184
42500112,196,202331,203083,1610612755,42500112196
42500112,199,1631248,1630202,1610612738,42500112199
42500112,201,203083,1629656,1610612755,42500112201
42500112,203,1629674,1628369,1610612738,42500112203
42500112,210,203083,202331,1610612755,42500112210
42500112,238,1627759,1628369,1610612738,42500112238
42500112,240,1642845,203083,1610612755,42500112240
42500112,256,1642845,1630178,1610612755,42500112256
42500112,263,1628401,1628369,1610612738,42500112263
42500112,266,1630178,1642845,1610612755,42500112266
42500112,280,1642845,1630178,1610612755,42500112280
42500112,282,1627759,1628401,1610612738,42500112282
42500112,289,1642845,1630178,1610612755,42500112289
42500112,300,1626162,1630178,1610612755,42500112300
42500112,305,1642845,1630178,1610612755,42500112305
42500112,362,1627759,1630573,1610612738,42500112362
42500112,366,1628369,1628401,1610612738,42500112366
42500112,368,1626162,1630178,1610612755,42500112368
42500112,375,1627759,1628369,1610612738,42500112375
42500112,407,202696,1630202,1610612738,42500112407
42500112,418,1630202,1628369,1610612738,42500112418
42500112,468,1627759,1630202,1610612738,42500112468
42500112,497,1628401,1628369,1610612738,42500112497
42500112,504,202331,1642348,1610612755,42500112504
42500112,510,1642348,202331,1610612755,42500112510
42500112,512,1629674,1628369,1610612738,42500112512
42500112,551,1628369,1627759,1610612738,42500112551
42500112,579,1626162,1630178,1610612755,42500112579
42500112,624,1630568,1631199,1610612738,42500112624
42500123,19,1628384,1628973,1610612752,4250012319
42500123,47,1628384,1628404,1610612752,4250012347
42500123,67,1630552,1630700,1610612737,4250012367
42500123,71,1630700,1630552,1610612737,4250012371
42500123,99,1630552,1629216,1610612737,4250012399
42500123,102,1630228,1630700,1610612737,42500123102
42500123,106,1628973,1628404,1610612752,42500123106
42500123,108,1629216,1630552,1610612737,42500123108
42500123,137,1631243,203468,1610612737,42500123137
42500123,143,1630228,1630700,1610612737,42500123143
42500123,147,1628384,203903,1610612752,42500123147
42500123,149,1630228,1631243,1610612737,42500123149
42500123,193,1630631,1626157,1610612752,42500123193
42500123,220,1630631,1628404,1610612752,42500123220
42500123,270,1629011,1628973,1610612752,42500123270
42500123,287,1626157,1628969,1610612752,42500123287
42500123,300,203903,1626157,1610612752,42500123300
42500123,304,1630540,1628404,1610612752,42500123304
42500123,317,1630540,1628973,1610612752,42500123317
42500123,333,1630168,1630552,1610612737,42500123333
42500123,346,1629638,1630552,1610612737,42500123346
42500123,350,1629638,1630700,1610612737,42500123350
42500123,387,1626157,1628404,1610612752,42500123387
42500123,413,1629638,1630700,1610612737,42500123413
42500123,431,1630700,1630552,1610612737,42500123431
42500123,442,1630228,1630700,1610612737,42500123442
42500123,450,1630228,1630552,1610612737,42500123450
42500123,493,1626157,1628404,1610612752,42500123493
42500123,534,1630228,1630557,1610612737,42500123534
42500123,536,203903,1628969,1610612752,42500123536
42500123,563,1630540,1626157,1610612752,42500123563
42500123,582,1628404,1626157,1610612752,42500123582
42500123,586,1630540,1628973,1610612752,42500123586
42500123,626,1630228,1630552,1610612737,42500123626
42500123,653,1628384,1630540,1610612752,42500123653
42500123,655,1630552,1630168,1610612737,42500123655
42500123,657,1630540,1628384,1610612752,42500123657
42500123,680,203468,1630552,1610612737,42500123680
42500133,7,1628378,201935,1610612739,425001337
42500133,21,1629731,1630596,1610612739,4250013321
42500133,23,1630567,1627751,1610612761,4250013323
42500133,61,1629628,1630567,1610612761,4250013361
42500133,68,1630567,1642347,1610612761,4250013368
42500133,79,1629628,1627751,1610612761,4250013379
42500133,86,1629628,1642347,1610612761,4250013386
42500133,96,1642867,1627742,1610612761,4250013396
42500133,102,1628386,1629622,1610612739,42500133102
42500133,133,1642867,1630567,1610612761,42500133133
42500133,146,203471,1630596,1610612739,42500133146
42500133,148,1642347,1630567,1610612761,42500133148
42500133,171,1627751,1630567,1610612761,42500133171
42500133,199,1630596,1642281,1610612739,42500133199
42500133,232,1642281,1630596,1610612739,42500133232
42500133,266,1630596,1642281,1610612739,42500133266
42500133,268,1629628,1642347,1610612761,42500133268
42500133,280,1642867,1630567,1610612761,42500133280
42500133,282,1629622,201935,1610612739,42500133282
42500133,285,1630567,1629628,1610612761,42500133285
42500133,300,1642867,1630572,1610612761,42500133300
42500133,318,1628386,201935,1610612739,42500133318
42500133,338,1629622,1628378,1610612739,42500133338
42500133,345,1629622,1628378,1610612739,42500133345
42500133,353,1642867,1630567,1610612761,42500133353
42500133,375,1629628,1627742,1610612761,42500133375
42500133,377,1628378,1628386,1610612739,42500133377
42500133,381,1628386,1630596,1610612739,42500133381
42500133,432,1627751,1629628,1610612761,42500133432
42500133,483,1642281,1629622,1610612739,42500133483
42500133,486,1628378,1629622,1610612739,42500133486
42500133,522,1642867,1630567,1610612761,42500133522
42500133,524,1628386,1642281,1610612739,42500133524
42500133,526,1642867,1630567,1610612761,42500133526
42500133,528,1642281,1628378,1610612739,42500133528
42500133,548,1630241,1642281,1610612739,42500133548
42500133,550,1642419,1630567,1610612761,42500133550
42500133,555,1642281,1630596,1610612739,42500133555
42500133,574,1642419,1629628,1610612761,42500133574
42500133,576,1630596,201935,1610612739,42500133576
42500133,578,1642867,1629628,1610612761,42500133578
42500133,582,1642419,1642347,1610612761,42500133582
42500133,585,1628378,1630596,1610612739,42500133585
42500133,587,1629628,1642867,1610612761,42500133587
42500133,599,1642419,1642867,1610612761,42500133599
42500133,611,1629628,1642347,1610612761,42500133611
42500133,624,1628378,1630596,1610612739,42500133624
42500133,636,1642419,1630567,1610612761,42500133636
42500133,652,1629628,1630567,1610612761,42500133652
42500133,671,1627742,1629628,1610612761,42500133671
42500133,698,1642367,202066,1610612761,42500133698
42500133,700,1628418,1641772,1610612739,42500133700
42500142,11,1631221,1626164,1610612756,4250014211
42500142,13,1629652,1628983,1610612760,4250014213
42500142,15,1628415,1631221,1610612756,4250014215
42500142,21,1631096,1628392,1610612760,4250014221
42500142,26,1630224,1631221,1610612756,4250014226
42500142,36,1631221,1626164,1610612756,4250014236
42500142,50,1629652,1631114,1610612760,4250014250
42500142,83,1628983,1627936,1610612760,4250014283
42500142,100,1626220,1630224,1610612756,42500142100
42500142,124,1642863,1626220,1610612756,42500142124
42500142,133,1626220,1631221,1610612756,42500142133
42500142,148,1631221,1626220,1610612756,42500142148
42500142,153,1626164,1631221,1610612756,42500142153
42500142,169,1626220,1628415,1610612756,42500142169
42500142,171,1630198,1631114,1610612760,42500142171
42500142,176,1630198,1642349,1610612760,42500142176
42500142,181,1631114,1642349,1610612760,42500142181
42500142,187,1642349,1641717,1610612760,42500142187
42500142,221,1631114,1641717,1610612760,42500142221
42500142,265,1626164,1642345,1610612756,42500142265
42500142,277,1631096,1628983,1610612760,42500142277
42500142,307,1642345,1631221,1610612756,42500142307
42500142,328,1631114,1628983,1610612760,42500142328
42500142,332,1642345,1631221,1610612756,42500142332
42500142,368,1628415,1642345,1610612756,42500142368
42500142,370,1631096,1631114,1610612760,42500142370
42500142,372,1630224,1642345,1610612756,42500142372
42500142,385,1631096,1628392,1610612760,42500142385
42500142,392,1630224,1626164,1610612756,42500142392
42500142,394,1628392,1631114,1610612760,42500142394
42500142,412,1628392,1628983,1610612760,42500142412
42500142,418,1628415,1642345,1610612756,42500142418
42500142,436,1631096,1628983,1610612760,42500142436
42500142,456,1626164,1626220,1610612756,42500142456
42500142,460,1628983,1642349,1610612760,42500142460
42500142,462,1628415,1642345,1610612756,42500142462
42500142,464,1627936,1628983,1610612760,42500142464
42500142,489,1628983,1642349,1610612760,42500142489
42500142,493,1627936,1628983,1610612760,42500142493
42500142,534,1628392,1642349,1610612760,42500142534
42500142,557,1628415,1626220,1610612756,42500142557
42500142,591,1628415,1630224,1610612756,42500142591
42500142,598,1628983,1631119,1610612760,42500142598
42500142,641,1626220,1626164,1610612756,42500142641
42500142,646,1642349,1628983,1610612760,42500142646
42500142,648,1642863,1630224,1610612756,42500142648
42500142,663,1629652,1628983,1610612760,42500142663
42500163,23,1630183,1628978,1610612750,4250016323
42500163,47,1627750,1629661,1610612743,4250016347
42500163,56,1628978,1630162,1610612750,4250016356
42500163,77,203944,203497,1610612750,4250016377
42500163,88,1630183,1630162,1610612750,4250016388
42500163,91,1630183,1630162,1610612750,4250016391
42500163,129,203497,1628978,1610612750,42500163129
42500163,144,1628978,203497,1610612750,42500163144
42500163,178,1629675,203944,1610612750,42500163178
42500163,197,1630192,1627750,1610612743,42500163197
42500163,210,1630245,1630183,1610612750,42500163210
42500163,214,1628978,1630245,1610612750,42500163214
42500163,227,1630183,1630245,1610612750,42500163227
42500163,231,1630162,1628978,1610612750,42500163231
42500163,234,1630245,1628978,1610612750,42500163234
42500163,241,1628971,203999,1610612743,42500163241
42500163,247,1630162,203497,1610612750,42500163247
42500163,251,1630245,1628978,1610612750,42500163251
42500163,260,1630245,1630183,1610612750,42500163260
42500163,265,1630183,203944,1610612750,42500163265
42500163,270,1628978,1630245,1610612750,42500163270
42500163,275,203999,1627750,1610612743,42500163275
42500163,312,203944,1630245,1610612750,42500163312
42500163,342,1642461,203999,1610612743,42500163342
42500163,346,1629661,203999,1610612743,42500163346
42500163,350,1629661,1627750,1610612743,42500163350
42500163,360,203944,1628978,1610612750,42500163360
42500163,401,1630538,1629675,1610612750,42500163401
42500163,414,1629675,1630183,1610612750,42500163414
42500163,453,203497,1629675,1610612750,42500163453
42500163,481,203501,1628971,1610612743,42500163481
42500163,521,1627750,1630192,1610612743,42500163521
42500163,532,1630245,203944,1610612750,42500163532
42500163,544,1642461,1627750,1610612743,42500163544
42500163,563,203944,1630245,1610612750,42500163563
42500163,576,203999,1628971,1610612743,42500163576
42500163,600,1630183,1628978,1610612750,42500163600
42500163,603,1630183,1630245,1610612750,42500163603
42500163,634,203944,1630245,1610612750,42500163634
42500163,636,1631124,1629618,1610612743,42500163636
42500163,638,1630245,203944,1610612750,42500163638
42500163,654,1628978,1630245,1610612750,42500163654
42500163,658,1628978,1630245,1610612750,42500163658
42500102,18,1630595,1631105,1610612765,4250010218
42500102,39,1630532,1631094,1610612753,4250010239
42500102,54,1641709,1630595,1610612765,4250010254
42500102,56,1631094,1630591,1610612753,4250010256
42500102,66,1630591,1630217,1610612753,4250010266
42500102,68,1641709,1631105,1610612765,4250010268
42500102,75,1629130,1630595,1610612765,4250010275
42500102,79,202699,1629130,1610612765,4250010279
42500102,87,1630591,1631094,1610612753,4250010287
42500102,126,1631094,1630591,1610612753,42500102126
42500102,141,1631094,1630591,1610612753,42500102141
42500102,202,1627747,1642450,1610612765,42500102202
42500102,258,1631105,1629130,1610612765,42500102258
42500102,259,1630591,1631094,1610612753,42500102259
42500102,306,1630591,1631094,1610612753,42500102306
42500102,339,1631105,1630595,1610612765,42500102339
42500102,347,202699,1631105,1610612765,42500102347
42500102,349,1630217,1631094,1610612753,42500102349
42500102,395,202699,1641709,1610612765,42500102395
42500102,405,1631105,1630595,1610612765,42500102405
42500102,421,202699,1630595,1610612765,42500102421
42500102,423,1630217,1631094,1610612753,42500102423
42500102,425,1641709,1631105,1610612765,42500102425
42500102,432,202699,1629130,1610612765,42500102432
42500102,436,1629130,1630595,1610612765,42500102436
42500102,446,1629130,1630595,1610612765,42500102446
42500102,465,1631105,1630595,1610612765,42500102465
42500102,511,1630591,1631094,1610612753,42500102511
42500102,521,1630191,1630595,1610612765,42500102521
42500102,523,1641783,1641710,1610612753,42500102523
42500102,534,1630191,1630595,1610612765,42500102534
42500102,556,1642450,202699,1610612765,42500102556
42500102,557,1630532,1630217,1610612753,42500102557
42500102,605,1641709,1630595,1610612765,42500102605
42500102,661,1631094,1630532,1610612753,42500102661
42500102,668,202699,1642450,1610612765,42500102668
42500102,692,1630591,1631094,1610612753,42500102692
42500102,718,1631094,1630591,1610612753,42500102718
42500102,736,1642859,1628975,1610612753,42500102736
42500113,19,1642845,1630178,1610612755,4250011319
42500113,28,1626162,1630178,1610612755,4250011328
42500113,40,1629674,1628369,1610612738,4250011340
42500113,76,1630202,202696,1610612738,4250011376
42500113,88,1627759,1630202,1610612738,4250011388
42500113,90,1641737,202331,1610612755,4250011390
42500113,104,202696,1628369,1610612738,42500113104
42500113,119,1626162,1630178,1610612755,42500113119
42500113,125,1627759,202696,1610612738,42500113125
42500113,139,1630202,1628369,1610612738,42500113139
42500113,156,202696,1627759,1610612738,42500113156
42500113,178,1631248,1630202,1610612738,42500113178
42500113,191,1628401,1631248,1610612738,42500113191
42500113,196,1630568,1628369,1610612738,42500113196
42500113,204,1631248,1630568,1610612738,42500113204
42500113,206,202331,1642845,1610612755,42500113206
42500113,213,1642845,1629656,1610612755,42500113213
42500113,313,1626162,1630178,1610612755,42500113313
42500113,321,1630573,1628369,1610612738,42500113321
42500113,334,1630573,202696,1610612738,42500113334
42500113,336,202331,1642845,1610612755,42500113336
42500113,340,1628369,1627759,1610612738,42500113340
42500113,346,202331,1642845,1610612755,42500113346
42500113,378,1641737,202331,1610612755,42500113378
42500113,423,203083,1642845,1610612755,42500113423
42500113,452,1630202,1627759,1610612738,42500113452
42500113,466,1626162,1630178,1610612755,42500113466
42500113,496,202696,1628369,1610612738,42500113496
42500113,506,1642845,202331,1610612755,42500113506
42500113,513,1628369,1628401,1610612738,42500113513
42500113,518,1630178,1642845,1610612755,42500113518
42500113,544,1628401,1627759,1610612738,42500113544
42500113,563,203083,1630178,1610612755,42500113563
42500113,576,1630178,1626162,1610612755,42500113576
42500113,579,1627759,1628401,1610612738,42500113579
42500113,583,203083,202331,1610612755,42500113583
42500113,590,203083,202331,1610612755,42500113590
42500113,592,1628369,202696,1610612738,42500113592
42500113,595,1630202,1628369,1610612738,42500113595
42500173,7,1629060,2544,1610612747,425001737
42500173,9,1642263,1641708,1610612745,425001739
42500173,11,2544,1629028,1610612747,4250017311
42500173,13,1631095,1630578,1610612745,4250017313
42500173,22,1629060,203935,1610612747,4250017322
42500173,24,1630578,1642263,1610612745,4250017324
42500173,26,1629060,203935,1610612747,4250017326
42500173,37,1628379,2544,1610612747,4250017337
42500173,39,1631095,1631106,1610612745,4250017339
42500173,41,1629060,1629028,1610612747,4250017341
42500173,60,1631106,1630578,1610612745,4250017360
42500173,70,2544,1628379,1610612747,4250017370
42500173,106,1629637,1628379,1610612747,42500173106
42500173,112,1629637,203935,1610612747,42500173112
42500173,119,1629060,1628379,1610612747,42500173119
42500173,139,203935,1631222,1610612747,42500173139
42500173,143,1629637,1628379,1610612747,42500173143
42500173,165,1628379,1629060,1610612747,42500173165
42500173,167,1630578,1641708,1610612745,42500173167
42500173,169,1629060,203935,1610612747,42500173169
42500173,209,1631095,1642263,1610612745,42500173209
42500173,221,1631095,1642263,1610612745,42500173221
42500173,228,1631222,2544,1610612747,42500173228
42500173,265,1642355,2544,1610612747,42500173265
42500173,267,1642263,203991,1610612745,42500173267
42500173,285,2544,203935,1610612747,42500173285
42500173,294,1629637,203935,1610612747,42500173294
42500173,303,1641708,1630578,1610612745,42500173303
42500173,399,1631095,1631106,1610612745,42500173399
42500173,406,1631095,1641708,1610612745,42500173406
42500173,409,1629028,203935,1610612747,42500173409
42500173,446,1628379,2544,1610612747,42500173446
42500173,484,1629060,1628379,1610612747,42500173484
42500173,520,2544,203935,1610612747,42500173520
42500173,524,1629020,203935,1610612747,42500173524
42500173,539,2544,1629020,1610612747,42500173539
42500173,556,1631095,1641708,1610612745,42500173556
42500173,568,1631095,1642263,1610612745,42500173568
42500173,597,1641708,1630578,1610612745,42500173597
42500173,602,1641708,1630578,1610612745,42500173602
42500173,609,1642263,1630578,1610612745,42500173609
42500173,624,1630578,1642263,1610612745,42500173624
42500173,636,1630578,1642263,1610612745,42500173636
42500173,638,2544,203935,1610612747,42500173638
42500173,650,1630578,1642263,1610612745,42500173650
42500173,678,2544,1628379,1610612747,42500173678
42500173,714,203935,1629060,1610612747,42500173714
42500173,726,1629060,2544,1610612747,42500173726
42500173,760,1642263,1631095,1610612745,42500173760
42500153,11,1642270,1630703,1610612757,4250015311
42500153,17,1642264,1628368,1610612759,4250015317
42500153,20,1630703,1642270,1610612757,4250015320
42500153,42,1630703,1641739,1610612757,4250015342
42500153,43,1628436,1642264,1610612759,4250015343
42500153,45,1629057,1630166,1610612757,4250015345
42500153,58,1642264,1628436,1610612759,4250015358
42500153,92,1642264,1629640,1610612759,4250015392
42500153,118,1642844,1642264,1610612759,42500153118
42500153,120,1629057,1630166,1610612757,42500153120
42500153,134,201950,1630166,1610612757,42500153134
42500153,136,1630577,1642868,1610612759,42500153136
42500153,140,203924,201950,1610612757,42500153140
42500153,162,1628436,1628368,1610612759,42500153162
42500153,180,1628436,1628368,1610612759,42500153180
42500153,190,1642844,1628436,1610612759,42500153190
42500153,193,1630170,1642844,1610612759,42500153193
42500153,209,203924,1631101,1610612757,42500153209
42500153,213,1642264,1630170,1610612759,42500153213
42500153,286,1630703,1630166,1610612757,42500153286
42500153,296,1642264,1630577,1610612759,42500153296
42500153,321,1630170,1642868,1610612759,42500153321
42500153,323,1630703,1630166,1610612757,42500153323
42500153,354,1628368,1642264,1610612759,42500153354
42500153,366,1630577,1628368,1610612759,42500153366
42500153,386,203924,1630166,1610612757,42500153386
42500153,402,1642270,1630166,1610612757,42500153402
42500153,406,1630166,1642270,1610612757,42500153406
42500153,420,1642264,1630170,1610612759,42500153420
42500153,506,1642844,1642868,1610612759,42500153506
42500153,508,1641739,1630166,1610612757,42500153508
42500153,510,1642844,1629640,1610612759,42500153510
42500153,524,1642868,1628368,1610612759,42500153524
42500153,550,1629640,1642844,1610612759,42500153550
42500153,582,1630703,1629057,1610612757,42500153582
42500153,584,1642844,1628368,1610612759,42500153584
42500153,586,1629057,201950,1610612757,42500153586
42500153,607,1631101,1629057,1610612757,42500153607
42500153,614,1642844,1629640,1610612759,42500153614
42500153,621,1642844,1642264,1610612759,42500153621
42500153,631,1642264,1642844,1610612759,42500153631
42500153,661,1630170,1642868,1610612759,42500153661
42500153,681,1628436,1642264,1610612759,42500153681
42500153,691,1630166,201950,1610612757,42500153691
42500153,694,1629057,1630166,1610612757,42500153694
42500153,719,203924,201950,1610612757,42500153719
42500153,721,1628368,1630170,1610612759,42500153721
42500153,723,1630703,201950,1610612757,42500153723
42500143,7,1629652,1631096,1610612760,425001437
42500143,15,1628392,1629652,1610612760,4250014315
42500143,28,1626164,1631221,1610612756,4250014328
42500143,31,1642345,1631221,1610612756,4250014331
42500143,43,1642349,1629652,1610612760,4250014343
42500143,50,1626164,1630224,1610612756,4250014350
42500143,54,1626164,1630224,1610612756,4250014354
42500143,62,1642345,1626164,1610612756,4250014362
42500143,78,1630224,1626164,1610612756,4250014378
42500143,83,1631096,1629652,1610612760,4250014383
42500143,84,1631221,1642345,1610612756,4250014384
42500143,109,1641717,1631119,1610612760,42500143109
42500143,113,1631119,1627936,1610612760,42500143113
42500143,125,1628960,1626164,1610612756,42500143125
42500143,135,1641717,1630598,1610612760,42500143135
42500143,186,1642349,1642272,1610612760,42500143186
42500143,188,1628960,1630224,1610612756,42500143188
42500143,194,1628415,1630224,1610612756,42500143194
42500143,214,1628415,1642345,1610612756,42500143214
42500143,245,1631096,1628983,1610612760,42500143245
42500143,257,1642345,1631221,1610612756,42500143257
42500143,265,1642345,1630224,1610612756,42500143265
42500143,283,1631119,1628983,1610612760,42500143283
42500143,290,1627936,1628983,1610612760,42500143290
42500143,305,1627936,1642349,1610612760,42500143305
42500143,332,1630224,1626164,1610612756,42500143332
42500143,339,1642345,1630224,1610612756,42500143339
42500143,341,1628392,1642349,1610612760,42500143341
42500143,347,1631221,1642345,1610612756,42500143347
42500143,364,1628392,1631096,1610612760,42500143364
42500143,410,1628983,1628392,1610612760,42500143410
42500143,412,1626164,1628415,1610612756,42500143412
42500143,441,1627936,1630598,1610612760,42500143441
42500143,446,1642345,1626164,1610612756,42500143446
42500143,448,1631119,1628983,1610612760,42500143448
42500143,463,1630224,1628960,1610612756,42500143463
42500143,471,1630224,1626164,1610612756,42500143471
42500143,501,1642349,1641717,1610612760,42500143501
42500143,507,1626220,1631221,1610612756,42500143507
42500143,509,1631096,1641717,1610612760,42500143509
42500143,531,1628415,1626164,1610612756,42500143531
42500143,614,1629652,1628983,1610612760,42500143614
42500143,618,1627936,1628983,1610612760,42500143618
42500143,623,1628415,1631221,1610612756,42500143623
42500143,649,1629652,1628983,1610612760,42500143649
42500143,653,1631096,1628983,1610612760,42500143653
42500143,655,1630224,1642345,1610612756,42500143655
42500143,684,1642863,1642346,1610612756,42500143684
42500124,11,1630552,1630700,1610612737,4250012411
42500124,18,1626157,1628404,1610612752,4250012418
42500124,26,1629638,1630700,1610612737,4250012426
42500124,28,1628973,1626157,1610612752,4250012428
42500124,38,1628384,1626157,1610612752,4250012438
42500124,40,1629638,1630552,1610612737,4250012440
42500124,58,1628384,1626157,1610612752,4250012458
42500124,72,1628969,1628973,1610612752,4250012472
42500124,90,1629216,1630700,1610612737,4250012490
42500124,92,203903,1630631,1610612752,4250012492
42500124,184,1630631,1628969,1610612752,42500124184
42500124,193,1628969,1630631,1610612752,42500124193
42500124,228,1629216,1630552,1610612737,42500124228
42500124,239,1626157,1628404,1610612752,42500124239
42500124,241,1630168,1630552,1610612737,42500124241
42500124,260,1628973,1628384,1610612752,42500124260
42500124,270,1630552,1630168,1610612737,42500124270
42500124,307,1630168,1630700,1610612737,42500124307
42500124,310,203468,1630700,1610612737,42500124310
42500124,321,1629638,1630552,1610612737,42500124321
42500124,331,203468,1630552,1610612737,42500124331
42500124,333,1628404,1626157,1610612752,42500124333
42500124,378,1629638,203468,1610612737,42500124378
42500124,396,203468,1629638,1610612737,42500124396
42500124,398,1628384,1626157,1610612752,42500124398
42500124,407,1630168,203468,1610612737,42500124407
42500124,415,1628384,1626157,1610612752,42500124415
42500124,423,1630631,1626157,1610612752,42500124423
42500124,438,203903,1626157,1610612752,42500124438
42500124,466,1630552,1629216,1610612737,42500124466
42500124,500,1630552,1629216,1610612737,42500124500
42500124,505,1628384,1626157,1610612752,42500124505
42500124,509,1626157,1628973,1610612752,42500124509
42500124,557,1628384,1626157,1610612752,42500124557
42500124,590,1629638,203468,1610612737,42500124590
42500124,611,1630540,1628404,1610612752,42500124611
42500124,630,1630540,1628973,1610612752,42500124630
42500124,638,1628973,1630540,1610612752,42500124638
42500124,655,1630168,1630700,1610612737,42500124655
42500124,670,1630540,1629011,1610612752,42500124670
42500124,686,1629013,1642885,1610612752,42500124686
42500124,705,1642854,1630557,1610612737,42500124705
42500124,723,1642258,1642854,1610612737,42500124723
42500164,7,203944,1630183,1610612750,425001647
42500164,11,1630162,1628978,1610612750,4250016411
42500164,30,203999,1627750,1610612743,4250016430
42500164,47,203999,1629661,1610612743,4250016447
42500164,66,1627750,203999,1610612743,4250016466
42500164,68,1630245,203944,1610612750,4250016468
42500164,70,203999,1627750,1610612743,4250016470
42500164,71,203497,1630183,1610612750,4250016471
42500164,91,1631128,203999,1610612743,4250016491
42500164,117,1630245,1630538,1610612750,42500164117
42500164,129,1628971,203999,1610612743,42500164129
42500164,137,1629675,1630538,1610612750,42500164137
42500164,147,203501,203999,1610612743,42500164147
42500164,179,1629675,203944,1610612750,42500164179
42500164,181,203932,1628971,1610612743,42500164181
42500164,202,1627750,1628971,1610612743,42500164202
42500164,205,1630245,1630538,1610612750,42500164205
42500164,219,1627750,203501,1610612743,42500164219
42500164,233,1628971,1627750,1610612743,42500164233
42500164,238,1628971,203501,1610612743,42500164238
42500164,283,1631128,203999,1610612743,42500164283
42500164,291,1629661,203999,1610612743,42500164291
42500164,296,1630245,1630538,1610612750,42500164296
42500164,298,1627750,203999,1610612743,42500164298
42500164,304,203932,203999,1610612743,42500164304
42500164,306,1630545,1629675,1610612750,42500164306
42500164,311,1629675,203497,1610612750,42500164311
42500164,313,203932,1629661,1610612743,42500164313
42500164,316,1629661,1631128,1610612743,42500164316
42500164,334,1629661,1627750,1610612743,42500164334
42500164,338,203944,1630245,1610612750,42500164338
42500164,349,203999,1627750,1610612743,42500164349
42500164,363,1630245,201144,1610612750,42500164363
42500164,392,203501,203999,1610612743,42500164392
42500164,412,1630245,201144,1610612750,42500164412
42500164,455,203944,1630538,1610612750,42500164455
42500164,482,1629675,1630538,1610612750,42500164482
42500164,486,203944,1630538,1610612750,42500164486
42500164,545,1630183,1629675,1610612750,42500164545
42500164,549,1630245,1630183,1610612750,42500164549
42500164,566,201144,203497,1610612750,42500164566
42500164,597,1630245,201144,1610612750,42500164597
42500164,707,1630183,201144,1610612750,42500164707
42500103,7,1630217,1630532,1610612753,425001037
42500103,12,1629130,1641709,1610612765,4250010312
42500103,18,1630595,202699,1610612765,4250010318
42500103,24,1631094,1630591,1610612753,4250010324
42500103,30,1630532,1631094,1610612753,4250010330
42500103,41,1630217,1630532,1610612753,4250010341
42500103,62,1631105,202699,1610612765,4250010362
42500103,78,1631105,1641709,1610612765,4250010378
42500103,82,1641709,1630595,1610612765,4250010382
42500103,86,1641709,1629130,1610612765,4250010386
42500103,145,1627747,1630595,1610612765,42500103145
42500103,153,1641710,1631094,1610612753,42500103153
42500103,155,1629750,1630595,1610612765,42500103155
42500103,161,1629048,1630532,1610612753,42500103161
42500103,197,1642450,1628989,1610612765,42500103197
42500103,213,1642450,1628989,1610612765,42500103213
42500103,217,202699,1628989,1610612765,42500103217
42500103,222,1630217,1630532,1610612753,42500103222
42500103,229,202699,1628989,1610612765,42500103229
42500103,239,1630217,1628976,1610612753,42500103239
42500103,253,1628976,1630591,1610612753,42500103253
42500103,268,1630591,1631094,1610612753,42500103268
42500103,273,1629130,1630595,1610612765,42500103273
42500103,275,1630591,1631094,1610612753,42500103275
42500103,281,1631288,1631094,1610612753,42500103281
42500103,336,1630532,1631094,1610612753,42500103336
42500103,341,1641709,1630595,1610612765,42500103341
42500103,343,1630532,1630591,1610612753,42500103343
42500103,350,1630591,1631094,1610612753,42500103350
42500103,388,1629130,1631105,1610612765,42500103388
42500103,400,1630591,1628976,1610612753,42500103400
42500103,404,1630217,1631094,1610612753,42500103404
42500103,418,1630194,1629130,1610612765,42500103418
42500103,442,202699,1641709,1610612765,42500103442
42500103,511,1629750,1628989,1610612765,42500103511
42500103,549,1631288,1630532,1610612753,42500103549
42500103,551,1630191,1629750,1610612765,42500103551
42500103,581,1630217,1628976,1610612753,42500103581
42500103,622,1641709,1630595,1610612765,42500103622
42500103,627,202699,1630595,1610612765,42500103627
42500103,629,1631094,1641710,1610612753,42500103629
42500103,638,202699,1630595,1610612765,42500103638
42500103,680,1630595,1629130,1610612765,42500103680
42500103,687,202699,1630595,1610612765,42500103687
42500103,707,1630532,1631094,1610612753,42500103707
42500103,735,1631094,1630532,1610612753,42500103735
42500174,8,1629060,2544,1610612747,425001748
42500174,16,1629028,2544,1610612747,4250017416
42500174,43,1631106,1641708,1610612745,4250017443
42500174,58,1631095,1629006,1610612745,4250017458
42500174,123,1630578,1631106,1610612745,42500174123
42500174,150,1630578,1631095,1610612745,42500174150
42500174,153,1628988,1631106,1610612745,42500174153
42500174,186,1631095,1641708,1610612745,42500174186
42500174,195,1629028,1642355,1610612747,42500174195
42500174,205,1631106,1631095,1610612745,42500174205
42500174,210,1629028,1629060,1610612747,42500174210
42500174,214,1629060,1642355,1610612747,42500174214
42500174,216,1641708,1628988,1610612745,42500174216
42500174,237,1630578,1642263,1610612745,42500174237
42500174,247,1629028,2544,1610612747,42500174247
42500174,272,1629637,203935,1610612747,42500174272
42500174,278,1631222,1628379,1610612747,42500174278
42500174,297,1629006,1641708,1610612745,42500174297
42500174,303,1641708,1642263,1610612745,42500174303
42500174,327,1629028,203935,1610612747,42500174327
42500174,355,1641708,1630578,1610612745,42500174355
42500174,371,1642263,1641708,1610612745,42500174371
42500174,382,1629060,2544,1610612747,42500174382
42500174,396,1629028,2544,1610612747,42500174396
42500174,402,1631106,1641708,1610612745,42500174402
42500174,414,1629060,2544,1610612747,42500174414
42500174,437,1629060,2544,1610612747,42500174437
42500174,467,1642355,203935,1610612747,42500174467
42500174,469,1631095,1642263,1610612745,42500174469
42500174,524,1641708,1630578,1610612745,42500174524
42500174,532,1629020,1628379,1610612747,42500174532
42500174,534,1628988,1641708,1610612745,42500174534
42500174,536,1629020,2544,1610612747,42500174536
42500174,556,2544,203935,1610612747,42500174556
42500174,562,1629020,203935,1610612747,42500174562
42500174,564,1628988,1631095,1610612745,42500174564
42500174,566,1629020,2544,1610612747,42500174566
42500174,584,1642876,1642355,1610612747,42500174584
42500174,616,1631106,1641708,1610612745,42500174616
42500174,618,1641733,1642355,1610612747,42500174618
42500174,651,1641733,1628467,1610612747,42500174651
42500174,665,1642261,1628467,1610612747,42500174665
42500154,17,1642264,1630170,1610612759,4250015417
42500154,19,1641739,201950,1610612757,4250015419
42500154,60,1642264,1641705,1610612759,4250015460
42500154,64,1628368,1641705,1610612759,4250015464
42500154,85,1630170,1642264,1610612759,4250015485
42500154,94,1642270,1641739,1610612757,4250015494
42500154,149,1641705,1628368,1610612759,42500154149
42500154,160,1631200,201950,1610612757,42500154160
42500154,164,1631101,201950,1610612757,42500154164
42500154,166,1641705,1628368,1610612759,42500154166
42500154,212,1641705,203084,1610612759,42500154212
42500154,219,201950,1630166,1610612757,42500154219
42500154,230,1642868,1642264,1610612759,42500154230
42500154,245,1630166,203924,1610612757,42500154245
42500154,258,1629057,1630166,1610612757,42500154258
42500154,272,203924,1629057,1610612757,42500154272
42500154,276,1641739,1630703,1610612757,42500154276
42500154,295,1630577,1628368,1610612759,42500154295
42500154,307,201950,1630703,1610612757,42500154307
42500154,320,1642264,1641705,1610612759,42500154320
42500154,340,1630577,1630170,1610612759,42500154340
42500154,342,1642270,1630166,1610612757,42500154342
42500154,373,1641705,1642264,1610612759,42500154373
42500154,393,1630577,1628368,1610612759,42500154393
42500154,404,1630170,1642264,1610612759,42500154404
42500154,414,1630170,1628368,1610612759,42500154414
42500154,436,1642264,1630170,1610612759,42500154436
42500154,445,1628436,1642264,1610612759,42500154445
42500154,467,1630170,1629640,1610612759,42500154467
42500154,499,1630166,201950,1610612757,42500154499
42500154,520,1630166,1629057,1610612757,42500154520
42500154,541,1641705,1642264,1610612759,42500154541
42500154,550,1641705,1642264,1610612759,42500154550
42500154,563,1641705,1642264,1610612759,42500154563
42500154,577,1628368,1642844,1610612759,42500154577
42500154,595,1629640,1628368,1610612759,42500154595
42500154,638,1629640,1628368,1610612759,42500154638
42500154,649,1630166,1631321,1610612757,42500154649
42500154,729,1642868,1629162,1610612759,42500154729
42500154,732,1629162,1642868,1610612759,42500154732
42500134,21,201935,1630596,1610612739,4250013421
42500134,30,1630567,1642266,1610612761,4250013430
42500134,39,1630567,1642266,1610612761,4250013439
42500134,72,1630596,201935,1610612739,4250013472
42500134,156,1630567,1630572,1610612761,42500134156
42500134,175,1642867,1630567,1610612761,42500134175
42500134,177,1642281,1628378,1610612739,42500134177
42500134,214,203471,1628378,1610612739,42500134214
42500134,243,1629628,1642266,1610612761,42500134243
42500134,248,201935,1631165,1610612739,42500134248
42500134,264,1642867,1642347,1610612761,42500134264
42500134,266,1630241,201935,1610612739,42500134266
42500134,289,1642867,1642347,1610612761,42500134289
42500134,305,1642867,1642347,1610612761,42500134305
42500134,351,1628378,1630596,1610612739,42500134351
42500134,362,1627742,1630567,1610612761,42500134362
42500134,376,1627742,1629628,1610612761,42500134376
42500134,389,1630596,201935,1610612739,42500134389
42500134,398,1627751,1630567,1610612761,42500134398
42500134,409,1629731,201935,1610612739,42500134409
42500134,514,1627742,1642867,1610612761,42500134514
42500134,537,1642347,1642867,1610612761,42500134537
42500134,566,1630572,1630567,1610612761,42500134566
42500134,598,1630596,201935,1610612739,42500134598
42500134,601,1630241,1630596,1610612739,42500134601
42500134,603,1627751,1642347,1610612761,42500134603
42500134,622,1629628,1627751,1610612761,42500134622
42500134,623,1630241,201935,1610612739,42500134623
42500134,629,1627751,1630567,1610612761,42500134629
42500134,661,201935,1628378,1610612739,42500134661
42500134,710,1629628,1630567,1610612761,42500134710
42500134,718,1627742,1642867,1610612761,42500134718
42500134,721,1630241,201935,1610612739,42500134721
42500134,780,1630241,201935,1610612739,42500134780
42500114,7,1629674,1628369,1610612738,425001147
42500114,22,1629674,1628401,1610612738,4250011422
42500114,49,203954,1626162,1610612755,4250011449
42500114,51,202696,1628369,1610612738,4250011451
42500114,61,203954,202331,1610612755,4250011461
42500114,97,202331,1630178,1610612755,4250011497
42500114,102,1630202,1628369,1610612738,42500114102
42500114,127,1630178,203954,1610612755,42500114127
42500114,148,1631248,1628369,1610612738,42500114148
42500114,153,1641775,202696,1610612738,42500114153
42500114,155,203954,1630178,1610612755,42500114155
42500114,197,1627759,1630573,1610612738,42500114197
42500114,211,1629656,203083,1610612755,42500114211
42500114,217,1630202,1629674,1610612738,42500114217
42500114,234,1630573,1628401,1610612738,42500114234
42500114,236,1641737,1629656,1610612755,42500114236
42500114,240,1641737,1629656,1610612755,42500114240
42500114,260,1628401,202696,1610612738,42500114260
42500114,290,1630568,1630202,1610612738,42500114290
42500114,296,1630178,203954,1610612755,42500114296
42500114,303,202331,203954,1610612755,42500114303
42500114,335,1630178,203954,1610612755,42500114335
42500114,359,1627759,1628369,1610612738,42500114359
42500114,387,1627759,1628369,1610612738,42500114387
42500114,394,1628369,1628401,1610612738,42500114394
42500114,440,1627759,1628369,1610612738,42500114440
42500114,442,203954,1629656,1610612755,42500114442
42500114,444,1628369,1627759,1610612738,42500114444
42500114,447,1630202,1628369,1610612738,42500114447
42500114,449,202331,1630178,1610612755,42500114449
42500114,451,1630202,1628369,1610612738,42500114451
42500114,453,203954,1630178,1610612755,42500114453
42500114,462,1629656,1630178,1610612755,42500114462
42500114,472,1630178,1629656,1610612755,42500114472
42500114,495,1630202,1630568,1610612738,42500114495
42500114,497,202331,1630178,1610612755,42500114497
42500114,526,1628369,1630202,1610612738,42500114526
42500114,534,1629674,1628369,1610612738,42500114534
42500114,550,1630178,203954,1610612755,42500114550
42500114,563,1631248,1630202,1610612738,42500114563
42500114,565,1630178,1629656,1610612755,42500114565
42500114,570,203954,1629656,1610612755,42500114570
42500114,580,203954,1642845,1610612755,42500114580
42500114,582,1628401,1628369,1610612738,42500114582
42500114,590,1629656,203954,1610612755,42500114590
42500114,592,1628369,1630202,1610612738,42500114592
42500114,606,1629656,1642348,1610612755,42500114606
42500114,637,1630573,1630202,1610612738,42500114637
42500114,643,1630570,1642348,1610612755,42500114643
42500114,660,1631199,1630568,1610612738,42500114660
42500114,664,1631133,1630570,1610612755,42500114664
42500114,666,1630568,1642864,1610612738,42500114666
42500114,670,1642917,1642864,1610612738,42500114670
42500104,9,1628976,1630591,1610612753,425001049
42500104,13,1630217,1631094,1610612753,4250010413
42500104,19,202699,1630595,1610612765,4250010419
42500104,30,1631094,1628976,1610612753,4250010430
42500104,58,1630217,1628976,1610612753,4250010458
42500104,68,1630595,1631105,1610612765,4250010468
42500104,89,202699,1630595,1610612765,4250010489
42500104,114,1630595,1631105,1610612765,42500104114
42500104,142,1629750,1642450,1610612765,42500104142
42500104,154,1627747,1642450,1610612765,42500104154
42500104,177,1629048,1630217,1610612753,42500104177
42500104,199,1630191,1627747,1610612765,42500104199
42500104,243,1630595,1627747,1610612765,42500104243
42500104,247,202699,1630595,1610612765,42500104247
42500104,262,1630595,1630191,1610612765,42500104262
42500104,268,1641783,1630591,1610612753,42500104268
42500104,289,1629130,1631105,1610612765,42500104289
42500104,296,1630532,1628976,1610612753,42500104296
42500104,308,1631094,1628976,1610612753,42500104308
42500104,327,1630217,1630532,1610612753,42500104327
42500104,339,1630532,1631094,1610612753,42500104339
42500104,341,1631105,1630595,1610612765,42500104341
42500104,353,1630217,1630532,1610612753,42500104353
42500104,359,1630532,1631094,1610612753,42500104359
42500104,420,1628976,1630532,1610612753,42500104420
42500104,428,1631105,1630595,1610612765,42500104428
42500104,444,1629750,1627747,1610612765,42500104444
42500104,458,1631105,1630595,1610612765,42500104458
42500104,484,1641783,1631094,1610612753,42500104484
42500104,570,1630191,1642450,1610612765,42500104570
42500104,588,202699,1642450,1610612765,42500104588
42500104,655,202699,1641709,1610612765,42500104655
42500104,657,1630591,1641783,1610612753,42500104657
42500144,9,1631221,1628415,1610612756,425001449
42500144,15,1631096,1628392,1610612760,4250014415
42500144,27,1628983,1642349,1610612760,4250014427
42500144,30,1628392,1631096,1610612760,4250014430
42500144,39,1642345,1630224,1610612756,4250014439
42500144,41,1628392,1642349,1610612760,4250014441
42500144,49,1631221,1642345,1610612756,4250014449
42500144,52,1628415,1626164,1610612756,4250014452
42500144,57,1631096,1628392,1610612760,4250014457
42500144,66,1630224,1628415,1610612756,4250014466
42500144,99,1641717,1631096,1610612760,4250014499
42500144,107,1627936,1642349,1610612760,42500144107
42500144,114,1627936,1630598,1610612760,42500144114
42500144,121,1631096,1641717,1610612760,42500144121
42500144,135,1627936,1630598,1610612760,42500144135
42500144,158,1628960,1626164,1610612756,42500144158
42500144,181,1630198,1641717,1610612760,42500144181
42500144,183,1628960,1642345,1610612756,42500144183
42500144,186,1628415,1626220,1610612756,42500144186
42500144,188,1631119,1628983,1610612760,42500144188
42500144,190,1642345,1626220,1610612756,42500144190
42500144,196,1626220,1630224,1610612756,42500144196
42500144,204,1630198,1631119,1610612760,42500144204
42500144,241,1630224,1642345,1610612756,42500144241
42500144,247,1630224,1628960,1610612756,42500144247
42500144,259,1631221,1630224,1610612756,42500144259
42500144,266,1642345,1626164,1610612756,42500144266
42500144,282,1631096,1642349,1610612760,42500144282
42500144,307,1642349,1628392,1610612760,42500144307
42500144,310,1642349,1631096,1610612760,42500144310
42500144,314,1628983,1642349,1610612760,42500144314
42500144,327,1631096,1628983,1610612760,42500144327
42500144,329,1626164,1630224,1610612756,42500144329
42500144,331,1628983,1642349,1610612760,42500144331
42500144,343,1631221,1626164,1610612756,42500144343
42500144,355,1631096,1628983,1610612760,42500144355
42500144,387,1628415,1626164,1610612756,42500144387
42500144,410,1631096,1628983,1610612760,42500144410
42500144,412,1626164,1642345,1610612756,42500144412
42500144,444,1628415,1628960,1610612756,42500144444
42500144,453,1627936,1628983,1610612760,42500144453
42500144,467,1626220,1628960,1610612756,42500144467
42500144,520,1628392,1641717,1610612760,42500144520
42500144,559,1641717,1627936,1610612760,42500144559
42500144,565,1630224,1626164,1610612756,42500144565
42500144,600,1641717,1628983,1610612760,42500144600
42500144,607,1628983,1641717,1610612760,42500144607
42500144,611,1631096,1628983,1610612760,42500144611
42500144,617,1626164,1631221,1610612756,42500144617
42500144,655,1630224,1631221,1610612756,42500144655
42500144,657,1628392,1628983,1610612760,42500144657
42500144,659,1626164,1628415,1610612756,42500144659
42500165,7,203944,1630183,1610612750,425001657
42500165,9,1629661,203999,1610612743,425001659
42500165,13,203999,1627750,1610612743,4250016513
42500165,15,203944,201144,1610612750,4250016515
42500165,17,1627750,203999,1610612743,4250016517
42500165,43,203944,1630245,1610612750,4250016543
42500165,45,1627750,1631128,1610612743,4250016545
42500165,53,1630245,203944,1610612750,4250016553
42500165,58,203999,1627750,1610612743,4250016558
42500165,81,203999,1627750,1610612743,4250016581
42500165,111,1630538,1630245,1610612750,42500165111
42500165,113,1629661,203999,1610612743,42500165113
42500165,115,1630245,1630538,1610612750,42500165115
42500165,117,203501,203999,1610612743,42500165117
42500165,142,1629675,201144,1610612750,42500165142
42500165,144,203501,203999,1610612743,42500165144
42500165,151,1628971,203999,1610612743,42500165151
42500165,153,1630538,203937,1610612750,42500165153
42500165,184,203937,203944,1610612750,42500165184
42500165,203,1629675,203944,1610612750,42500165203
42500165,218,202685,1626145,1610612743,42500165218
42500165,229,1629675,203937,1610612750,42500165229
42500165,231,202685,1627750,1610612743,42500165231
42500165,233,1630183,203937,1610612750,42500165233
42500165,255,1642461,203999,1610612743,42500165255
42500165,259,1628971,203999,1610612743,42500165259
42500165,273,203944,201144,1610612750,42500165273
42500165,275,1642461,203999,1610612743,42500165275
42500165,280,1630538,1630245,1610612750,42500165280
42500165,299,1630183,203497,1610612750,42500165299
42500165,302,1629661,1631128,1610612743,42500165302
42500165,306,1629661,203999,1610612743,42500165306
42500165,317,1630183,201144,1610612750,42500165317
42500165,319,203999,1629661,1610612743,42500165319
42500165,327,1627750,203999,1610612743,42500165327
42500165,338,1630245,203944,1610612750,42500165338
42500165,350,1642461,1627750,1610612743,42500165350
42500165,355,1642461,1631128,1610612743,42500165355
42500165,385,1642461,1629661,1610612743,42500165385
42500165,401,1627750,203999,1610612743,42500165401
42500165,408,1642461,1629661,1610612743,42500165408
42500165,429,203999,1627750,1610612743,42500165429
42500165,461,1630245,203497,1610612750,42500165461
42500165,466,1630545,203937,1610612750,42500165466
42500165,484,1630545,203937,1610612750,42500165484
42500165,486,203501,203999,1610612743,42500165486
42500165,495,1631128,203999,1610612743,42500165495
42500165,507,1629661,203999,1610612743,42500165507
42500165,516,203497,203937,1610612750,42500165516
42500165,561,202685,1626145,1610612743,42500165561
42500165,572,1627750,1642461,1610612743,42500165572
42500165,589,1630183,1629675,1610612750,42500165589
42500165,591,1628971,202685,1610612743,42500165591
42500165,641,1630245,203944,1610612750,42500165641
42500165,653,1630538,1630245,1610612750,42500165653
42500165,670,1629675,203944,1610612750,42500165670
42500165,681,203999,1627750,1610612743,42500165681
42500165,694,203999,1629661,1610612743,42500165694
42500165,707,1630545,1641740,1610612750,42500165707
42500165,715,1629661,203999,1610612743,42500165715
42500165,725,203999,1629661,1610612743,42500165725
42500155,17,1630166,1642270,1610612757,4250015517
42500155,26,1630577,1641705,1610612759,4250015526
42500155,36,1630577,1628368,1610612759,4250015536
42500155,41,1642264,1628368,1610612759,4250015541
42500155,46,1630166,1642270,1610612757,4250015546
42500155,48,1628368,1630577,1610612759,4250015548
42500155,53,1630577,1630170,1610612759,4250015553
42500155,77,1642264,1628436,1610612759,4250015577
42500155,80,1642264,1630577,1610612759,4250015580
42500155,82,203924,1641739,1610612757,4250015582
42500155,84,1630577,1628436,1610612759,4250015584
42500155,115,1631321,1629680,1610612757,42500155115
42500155,168,1629057,201950,1610612757,42500155168
42500155,176,1630166,1629057,1610612757,42500155176
42500155,181,1629640,1628368,1610612759,42500155181
42500155,193,1641705,1642844,1610612759,42500155193
42500155,200,1629640,1628368,1610612759,42500155200
42500155,202,1629057,201950,1610612757,42500155202
42500155,204,1642844,1629640,1610612759,42500155204
42500155,229,1642844,1630577,1610612759,42500155229
42500155,245,1631101,1642270,1610612757,42500155245
42500155,261,1631101,1629680,1610612757,42500155261
42500155,268,1642270,201950,1610612757,42500155268
42500155,270,1630577,1628436,1610612759,42500155270
42500155,274,1628436,1628368,1610612759,42500155274
42500155,278,1630170,1628368,1610612759,42500155278
42500155,283,1628436,1628368,1610612759,42500155283
42500155,312,1629057,1630166,1610612757,42500155312
42500155,317,1630166,201950,1610612757,42500155317
42500155,339,1630166,1642270,1610612757,42500155339
42500155,353,1642264,1641705,1610612759,42500155353
42500155,368,1642264,1628368,1610612759,42500155368
42500155,399,1630703,1642270,1610612757,42500155399
42500155,403,1641739,203924,1610612757,42500155403
42500155,413,203924,201950,1610612757,42500155413
42500155,415,1642844,1642264,1610612759,42500155415
42500155,473,1629057,1641739,1610612757,42500155473
42500155,485,1628368,1641705,1610612759,42500155485
42500155,494,1641705,1642264,1610612759,42500155494
42500155,503,1630249,201950,1610612757,42500155503
42500155,552,1631321,1630249,1610612757,42500155552
42500155,559,1642270,1630166,1610612757,42500155559
42500155,561,1642844,1628368,1610612759,42500155561
42500155,575,1642270,1630249,1610612757,42500155575
42500155,596,1631321,1642270,1610612757,42500155596
42500155,599,1630170,1642264,1610612759,42500155599
42500155,605,1641705,1642264,1610612759,42500155605
42500155,626,1631321,201950,1610612757,42500155626
42500155,637,201950,1630166,1610612757,42500155637
42500155,649,1628368,1642264,1610612759,42500155649
42500155,715,1630577,1630170,1610612759,42500155715
42500125,11,1628973,1626157,1610612752,4250012511
42500125,27,1628969,1628384,1610612752,4250012527
42500125,29,203468,1630700,1610612737,4250012529
42500125,35,1628404,1628973,1610612752,4250012535
42500125,63,1630552,1630168,1610612737,4250012563
42500125,69,1626157,1628973,1610612752,4250012569
42500125,73,1630552,1630168,1610612737,4250012573
42500125,75,1628404,1626157,1610612752,4250012575
42500125,97,1630228,1629216,1610612737,4250012597
42500125,102,1628973,1628404,1610612752,42500125102
42500125,106,1626157,1628404,1610612752,42500125106
42500125,150,203903,1628973,1610612752,42500125150
42500125,168,1629638,1630557,1610612737,42500125168
42500125,198,1630631,1626157,1610612752,42500125198
42500125,223,1629216,1629638,1610612737,42500125223
42500125,256,1630700,1630552,1610612737,42500125256
42500125,258,1628973,1626157,1610612752,42500125258
42500125,262,1630168,1630552,1610612737,42500125262
42500125,264,1628404,1628973,1610612752,42500125264
42500125,280,1628973,1628404,1610612752,42500125280
42500125,286,1629638,1630168,1610612737,42500125286
42500125,297,1630168,1630700,1610612737,42500125297
42500125,300,1630552,1630700,1610612737,42500125300
42500125,362,1628973,1626157,1610612752,42500125362
42500125,364,1630168,1630700,1610612737,42500125364
42500125,368,1628384,1628404,1610612752,42500125368
42500125,370,1630700,1630552,1610612737,42500125370
42500125,381,1628384,1628973,1610612752,42500125381
42500125,388,1629638,1630552,1610612737,42500125388
42500125,401,1629638,1630700,1610612737,42500125401
42500125,404,1630700,1630552,1610612737,42500125404
42500125,418,1629638,1630168,1610612737,42500125418
42500125,444,1629011,1630540,1610612752,42500125444
42500125,486,1630228,203468,1610612737,42500125486
42500125,496,1630168,1630228,1610612737,42500125496
42500125,501,1630631,203903,1610612752,42500125501
42500125,537,1630168,1629638,1610612737,42500125537
42500125,539,1629011,1628973,1610612752,42500125539
42500125,562,1630168,1629638,1610612737,42500125562
42500125,593,203903,1628969,1610612752,42500125593
42500125,610,1628384,1628973,1610612752,42500125610
42500125,618,1630700,1630552,1610612737,42500125618
42500125,628,1628969,1628973,1610612752,42500125628
42500125,641,1628973,1626157,1610612752,42500125641
42500125,655,1627741,1630557,1610612737,42500125655
42500125,659,1629216,1628396,1610612737,42500125659
42500125,661,1631110,1629013,1610612752,42500125661
42500125,678,1631110,1630631,1610612752,42500125678
42500125,686,1631110,1642278,1610612752,42500125686
42500125,699,1631110,1642278,1610612752,42500125699
42500125,701,1627741,1630811,1610612737,42500125701
42500115,11,202331,203954,1610612755,4250011511
42500115,18,1626162,203954,1610612755,4250011518
42500115,24,202331,203954,1610612755,4250011524
42500115,40,1627759,1628369,1610612738,4250011540
42500115,46,1630178,203954,1610612755,4250011546
42500115,52,1629674,1628401,1610612738,4250011552
42500115,63,1627759,1628369,1610612738,4250011563
42500115,64,1642845,202331,1610612755,4250011564
42500115,71,1628369,1630202,1610612738,4250011571
42500115,73,203954,1630178,1610612755,4250011573
42500115,110,1631248,1630202,1610612738,42500115110
42500115,113,1630202,202696,1610612738,42500115113
42500115,123,202696,1630202,1610612738,42500115123
42500115,151,1630202,1630568,1610612738,42500115151
42500115,158,1630568,1630202,1610612738,42500115158
42500115,164,1630202,1641775,1610612738,42500115164
42500115,180,202696,1628369,1610612738,42500115180
42500115,187,1628401,202696,1610612738,42500115187
42500115,205,1628369,1630202,1610612738,42500115205
42500115,207,1629656,1642845,1610612755,42500115207
42500115,222,1629656,202331,1610612755,42500115222
42500115,231,202696,1627759,1610612738,42500115231
42500115,233,203954,202331,1610612755,42500115233
42500115,263,1629674,1627759,1610612738,42500115263
42500115,275,1628369,1629674,1610612738,42500115275
42500115,281,1630178,203954,1610612755,42500115281
42500115,286,1630202,1628369,1610612738,42500115286
42500115,295,1627759,1630202,1610612738,42500115295
42500115,318,1630573,1628401,1610612738,42500115318
42500115,322,1627759,1628401,1610612738,42500115322
42500115,334,1626162,1642845,1610612755,42500115334
42500115,343,202331,203954,1610612755,42500115343
42500115,367,203954,202331,1610612755,42500115367
42500115,384,1642845,202331,1610612755,42500115384
42500115,392,203954,202331,1610612755,42500115392
42500115,402,1630178,1642845,1610612755,42500115402
42500115,404,1630202,202696,1610612738,42500115404
42500115,419,1627759,1641775,1610612738,42500115419
42500115,439,203083,1630178,1610612755,42500115439
42500115,442,1629656,1626162,1610612755,42500115442
42500115,452,202331,1630178,1610612755,42500115452
42500115,459,1629656,202331,1610612755,42500115459
42500115,485,202331,203954,1610612755,42500115485
42500115,498,203954,1630178,1610612755,42500115498
42500115,515,1630573,1627759,1610612738,42500115515
42500115,522,1630573,1627759,1610612738,42500115522
42500115,530,1629674,1627759,1610612738,42500115530
42500115,543,1629656,203954,1610612755,42500115543
42500115,590,1642845,1630178,1610612755,42500115590
42500175,7,203935,2544,1610612747,425001757
42500175,9,1631095,1642263,1610612745,425001759
42500175,36,1630578,1641708,1610612745,4250017536
42500175,41,1629060,2544,1610612747,4250017541
42500175,48,203935,2544,1610612747,4250017548
42500175,50,1631095,1630578,1610612745,4250017550
42500175,62,1629028,203935,1610612747,4250017562
42500175,86,1629028,1630559,1610612747,4250017586
42500175,103,1629006,1630578,1610612745,42500175103
42500175,128,1630559,1629637,1610612747,42500175128
42500175,152,2544,1631222,1610612747,42500175152
42500175,154,1641708,1631095,1610612745,42500175154
42500175,156,2544,1630559,1610612747,42500175156
42500175,158,1631106,1627827,1610612745,42500175158
42500175,182,1627827,1641708,1610612745,42500175182
42500175,186,1631095,1641708,1610612745,42500175186
42500175,203,1629020,1630559,1610612747,42500175203
42500175,207,2544,1630559,1610612747,42500175207
42500175,209,1627827,1630578,1610612745,42500175209
42500175,229,1629060,2544,1610612747,42500175229
42500175,258,1629006,1642263,1610612745,42500175258
42500175,260,1629028,1630559,1610612747,42500175260
42500175,264,1641708,1629006,1610612745,42500175264
42500175,275,1641708,1631106,1610612745,42500175275
42500175,286,1631106,1629006,1610612745,42500175286
42500175,299,1629060,1630559,1610612747,42500175299
42500175,301,1631106,1642263,1610612745,42500175301
42500175,319,1631106,1630578,1610612745,42500175319
42500175,331,1642263,1630578,1610612745,42500175331
42500175,339,1631106,1631095,1610612745,42500175339
42500175,354,1631095,1630578,1610612745,42500175354
42500175,368,1631095,1642263,1610612745,42500175368
42500175,371,1629060,2544,1610612747,42500175371
42500175,401,1628988,1630578,1610612745,42500175401
42500175,407,1629028,2544,1610612747,42500175407
42500175,419,1628988,1631095,1610612745,42500175419
42500175,455,1629006,1641708,1610612745,42500175455
42500175,460,1631222,2544,1610612747,42500175460
42500175,490,1641708,1642263,1610612745,42500175490
42500175,495,1631095,1630578,1610612745,42500175495
42500175,514,1629028,203935,1610612747,42500175514
42500175,549,1630578,1642263,1610612745,42500175549
42500175,566,1629060,1628379,1610612747,42500175566
42500175,582,2544,1628379,1610612747,42500175582
42500105,20,202699,1631105,1610612765,4250010520
42500105,22,1630217,1631094,1610612753,4250010522
42500105,42,202699,1630595,1610612765,4250010542
42500105,54,1630217,1631094,1610612753,4250010554
42500105,74,1631094,1630591,1610612753,4250010574
42500105,78,1631094,1628976,1610612753,4250010578
42500105,96,1629130,1631105,1610612765,4250010596
42500105,104,1641710,1630591,1610612753,42500105104
42500105,106,202699,1641709,1610612765,42500105106
42500105,110,1641709,1642450,1610612765,42500105110
42500105,139,1627747,1642450,1610612765,42500105139
42500105,158,1642450,1629750,1610612765,42500105158
42500105,179,1641710,1631288,1610612753,42500105179
42500105,198,1630595,1641709,1610612765,42500105198
42500105,227,1629750,1627747,1610612765,42500105227
42500105,261,1631094,1630591,1610612753,42500105261
42500105,291,1630217,1631094,1610612753,42500105291
42500105,299,1630591,1628976,1610612753,42500105299
42500105,302,1628976,1631094,1610612753,42500105302
42500105,383,1629130,1641709,1610612765,42500105383
42500105,399,1630595,1629130,1610612765,42500105399
42500105,401,1630217,1628976,1610612753,42500105401
42500105,404,1630591,1631094,1610612753,42500105404
42500105,429,202699,1627747,1610612765,42500105429
42500105,436,1629130,202699,1610612765,42500105436
42500105,475,202699,1641709,1610612765,42500105475
42500105,484,1641710,1631094,1610612753,42500105484
42500105,494,1630595,1641709,1610612765,42500105494
42500105,547,1630591,1641710,1610612753,42500105547
42500105,548,1629750,1630595,1610612765,42500105548
42500105,551,1629130,1641709,1610612765,42500105551
42500105,563,1631094,1641710,1610612753,42500105563
42500105,568,1641710,1631094,1610612753,42500105568
42500105,578,1631105,1630595,1610612765,42500105578
42500105,594,202699,1630595,1610612765,42500105594
42500105,596,1631094,1630217,1610612753,42500105596
42500105,597,202699,1630595,1610612765,42500105597
42500105,631,1630217,1628976,1610612753,42500105631
42500105,656,1631094,1641710,1610612753,42500105656
42500105,674,1628976,1630591,1610612753,42500105674
42500105,685,1631094,1630591,1610612753,42500105685
42500135,17,1629628,1627751,1610612761,4250013517
42500135,21,1642266,1627742,1610612761,4250013521
42500135,27,1627751,1629628,1610612761,4250013527
42500135,34,1630567,1629628,1610612761,4250013534
42500135,41,1629628,1642266,1610612761,4250013541
42500135,71,1627751,1630567,1610612761,4250013571
42500135,99,1642266,1630567,1610612761,4250013599
42500135,116,1628386,1630241,1610612739,42500135116
42500135,139,1642347,1630567,1610612761,42500135139
42500135,141,1629731,201935,1610612739,42500135141
42500135,152,1642347,1630567,1610612761,42500135152
42500135,164,1630567,1642347,1610612761,42500135164
42500135,175,1630596,201935,1610612739,42500135175
42500135,177,1642867,1630567,1610612761,42500135177
42500135,198,203471,1642281,1610612739,42500135198
42500135,200,1627751,1630567,1610612761,42500135200
42500135,211,1627751,1630567,1610612761,42500135211
42500135,215,1627751,1630567,1610612761,42500135215
42500135,218,1642281,1628418,1610612739,42500135218
42500135,225,1642347,1627742,1610612761,42500135225
42500135,227,203471,1630596,1610612739,42500135227
42500135,259,1630567,1629628,1610612761,42500135259
42500135,261,1642281,1630241,1610612739,42500135261
42500135,279,1629731,1642281,1610612739,42500135279
42500135,283,1629628,1642867,1610612761,42500135283
42500135,293,1642266,1642347,1610612761,42500135293
42500135,301,1629731,201935,1610612739,42500135301
42500135,309,201935,1629622,1610612739,42500135309
42500135,318,1642266,1642347,1610612761,42500135318
42500135,324,1629628,1642347,1610612761,42500135324
42500135,328,1642266,1642347,1610612761,42500135328
42500135,389,1628386,1628378,1610612739,42500135389
42500135,409,1630596,1628386,1610612739,42500135409
42500135,425,1628386,1628378,1610612739,42500135425
42500135,430,1629628,1642347,1610612761,42500135430
42500135,434,1642347,1629628,1610612761,42500135434
42500135,449,1630241,1629731,1610612739,42500135449
42500135,484,1642419,1642867,1610612761,42500135484
42500135,492,1642867,1630567,1610612761,42500135492
42500135,497,1630572,1642347,1610612761,42500135497
42500135,536,1630596,201935,1610612739,42500135536
42500135,540,1630596,1628378,1610612739,42500135540
42500135,569,1630596,203471,1610612739,42500135569
42500135,606,1642419,1642266,1610612761,42500135606
42500135,608,203471,201935,1610612739,42500135608
42500135,610,1642419,1627751,1610612761,42500135610
42500135,612,1630596,203471,1610612739,42500135612
42500135,615,1642347,1627751,1610612761,42500135615
42500135,639,1628386,1629622,1610612739,42500135639
42500135,649,1629628,1630567,1610612761,42500135649
42500135,652,1642266,1629628,1610612761,42500135652
42500135,683,1642867,1630567,1610612761,42500135683
42500116,7,203954,202331,1610612755,425001167
42500116,19,1630573,1628369,1610612738,4250011619
42500116,48,202331,1642845,1610612755,4250011648
42500116,51,1630178,203954,1610612755,4250011651
42500116,57,1627759,1628369,1610612738,4250011657
42500116,61,1629674,1627759,1610612738,4250011661
42500116,91,1630202,1628401,1610612738,4250011691
42500116,93,1626162,203954,1610612755,4250011693
42500116,103,1629656,1630178,1610612755,42500116103
42500116,106,1630178,203954,1610612755,42500116106
42500116,112,1628369,1630202,1610612738,42500116112
42500116,140,1630573,1641775,1610612738,42500116140
42500116,168,1627759,1630568,1610612738,42500116168
42500116,193,203954,1642845,1610612755,42500116193
42500116,228,1628401,1627759,1610612738,42500116228
42500116,230,1626162,202331,1610612755,42500116230
42500116,237,202331,1630178,1610612755,42500116237
42500116,283,1628369,1630573,1610612738,42500116283
42500116,302,1630178,203954,1610612755,42500116302
42500116,307,1628401,202696,1610612738,42500116307
42500116,327,202331,1626162,1610612755,42500116327
42500116,332,203954,1630178,1610612755,42500116332
42500116,359,1626162,203954,1610612755,42500116359
42500116,364,1642845,202331,1610612755,42500116364
42500116,369,1628401,1628369,1610612738,42500116369
42500116,437,202331,1629656,1610612755,42500116437
42500116,450,202331,1630178,1610612755,42500116450
42500116,462,202696,1641775,1610612738,42500116462
42500116,482,203954,1642845,1610612755,42500116482
42500116,486,1642348,203954,1610612755,42500116486
42500116,490,202331,203954,1610612755,42500116490
42500116,500,1630568,1630202,1610612738,42500116500
42500116,531,1631199,1630202,1610612738,42500116531
42500116,537,1630568,1630202,1610612738,42500116537
42500116,540,203954,1630178,1610612755,42500116540
42500116,562,1642845,203954,1610612755,42500116562
42500116,564,1631248,1630202,1610612738,42500116564
42500116,591,1631248,1641775,1610612738,42500116591
42500116,602,1626162,1629656,1610612755,42500116602
42500116,627,1630625,1631248,1610612738,42500116627
42500126,7,1628973,1626157,1610612752,425001267
42500126,14,1628384,1628973,1610612752,4250012614
42500126,16,1630552,1630168,1610612737,4250012616
42500126,25,1630168,1629638,1610612737,4250012625
42500126,30,1629638,1630552,1610612737,4250012630
42500126,35,1628969,1628384,1610612752,4250012635
42500126,37,1628384,1626157,1610612752,4250012637
42500126,45,1628384,1626157,1610612752,4250012645
42500126,56,1628969,1626157,1610612752,4250012656
42500126,61,1628969,1628973,1610612752,4250012661
42500126,71,1628404,1628384,1610612752,4250012671
42500126,87,1631243,1630552,1610612737,4250012687
42500126,95,1628973,1628404,1610612752,4250012695
42500126,110,1628384,1628973,1610612752,42500126110
42500126,116,1629011,203903,1610612752,42500126116
42500126,122,1628384,1628973,1610612752,42500126122
42500126,151,1628969,1628973,1610612752,42500126151
42500126,165,1628384,1630631,1610612752,42500126165
42500126,212,1628404,1630631,1610612752,42500126212
42500126,218,1630228,1630168,1610612737,42500126218
42500126,231,1628404,1628969,1610612752,42500126231
42500126,250,1629011,1628969,1610612752,42500126250
42500126,261,1630700,1630228,1610612737,42500126261
42500126,263,1628384,1628973,1610612752,42500126263
42500126,272,1628969,1628973,1610612752,42500126272
42500126,283,1628384,1628404,1610612752,42500126283
42500126,307,203468,1630168,1610612737,42500126307
42500126,333,1628384,1628969,1610612752,42500126333
42500126,389,1628969,1628973,1610612752,42500126389
42500126,391,1642258,1630552,1610612737,42500126391
42500126,393,1628384,1626157,1610612752,42500126393
42500126,406,1628404,1626157,1610612752,42500126406
42500126,408,203468,1630552,1610612737,42500126408
42500126,417,1630552,1629638,1610612737,42500126417
42500126,422,1629638,1630168,1610612737,42500126422
42500126,426,1630552,1630168,1610612737,42500126426
42500126,430,1642258,1630552,1610612737,42500126430
42500126,454,1627741,1630228,1610612737,42500126454
42500126,456,1628404,1626157,1610612752,42500126456
42500126,460,203903,1626157,1610612752,42500126460
42500126,463,203903,1626157,1610612752,42500126463
42500126,465,1627741,1630552,1610612737,42500126465
42500126,467,1628404,1626157,1610612752,42500126467
42500126,495,1629638,1630228,1610612737,42500126495
42500126,511,1630228,1631243,1610612737,42500126511
42500126,514,1630228,1631243,1610612737,42500126514
42500126,540,1629013,1642278,1610612752,42500126540
42500126,565,1631110,1642278,1610612752,42500126565
42500126,582,1630557,1630811,1610612737,42500126582
42500126,588,1629013,1642885,1610612752,42500126588
42500126,590,1642258,1630557,1610612737,42500126590
42500126,601,1642359,1642885,1610612752,42500126601
42500126,663,1642258,1628396,1610612737,42500126663
42500126,670,1642359,1642278,1610612752,42500126670
42500126,679,1628396,1630811,1610612737,42500126679
42500166,10,203999,1627750,1610612743,4250016610
42500166,29,1631128,1627750,1610612743,4250016629
42500166,42,1630545,201144,1610612750,4250016642
42500166,46,203944,203497,1610612750,4250016646
42500166,49,1629661,1627750,1610612743,4250016649
42500166,66,1627750,203999,1610612743,4250016666
42500166,68,201144,203497,1610612750,4250016668
42500166,70,1629661,203999,1610612743,4250016670
42500166,84,203497,1629675,1610612750,4250016684
42500166,92,203501,203999,1610612743,4250016692
42500166,96,1630183,203944,1610612750,4250016696
42500166,109,1629675,1630183,1610612750,42500166109
42500166,115,1629661,203999,1610612743,42500166115
42500166,117,1630183,1629675,1610612750,42500166117
42500166,130,203501,1628971,1610612743,42500166130
42500166,140,1629661,203999,1610612743,42500166140
42500166,181,202685,1626145,1610612743,42500166181
42500166,183,1641740,1629675,1610612750,42500166183
42500166,202,1642461,1626145,1610612743,42500166202
42500166,214,201144,203944,1610612750,42500166214
42500166,238,203497,201144,1610612750,42500166238
42500166,259,203999,1642461,1610612743,42500166259
42500166,271,1629675,203944,1610612750,42500166271
42500166,298,1630183,203497,1610612750,42500166298
42500166,301,203944,1630183,1610612750,42500166301
42500166,307,203501,203999,1610612743,42500166307
42500166,315,1629661,203501,1610612743,42500166315
42500166,361,203999,1629661,1610612743,42500166361
42500166,368,1627750,203999,1610612743,42500166368
42500166,378,1642461,203999,1610612743,42500166378
42500166,380,201144,1630545,1610612750,42500166380
42500166,386,1630545,203944,1610612750,42500166386
42500166,394,203999,1627750,1610612743,42500166394
42500166,398,1629661,203999,1610612743,42500166398
42500166,413,203999,1629661,1610612743,42500166413
42500166,421,203944,1630183,1610612750,42500166421
42500166,440,1630183,1629675,1610612750,42500166440
42500166,455,1629675,1630538,1610612750,42500166455
42500166,458,1629675,203497,1610612750,42500166458
42500166,463,1630183,203497,1610612750,42500166463
42500166,503,1630183,1641740,1610612750,42500166503
42500166,524,1642461,203501,1610612743,42500166524
42500166,528,1630183,203944,1610612750,42500166528
42500166,530,1629661,1626145,1610612743,42500166530
42500166,532,1630183,201144,1610612750,42500166532
42500166,552,203999,1629661,1610612743,42500166552
42500166,556,1629675,203497,1610612750,42500166556
42500166,585,1630545,203497,1610612750,42500166585
42500166,593,1630183,203497,1610612750,42500166593
42500166,601,1629661,203999,1610612743,42500166601
42500176,7,1631106,1642263,1610612745,425001767
42500176,21,1629060,2544,1610612747,4250017621
42500176,23,1631106,1641708,1610612745,4250017623
42500176,38,2544,1629060,1610612747,4250017638
42500176,40,1631095,1641708,1610612745,4250017640
42500176,65,1629060,2544,1610612747,4250017665
42500176,71,1631106,1641708,1610612745,4250017671
42500176,94,1628379,2544,1610612747,4250017694
42500176,103,1631222,1630559,1610612747,42500176103
42500176,117,1629060,1628379,1610612747,42500176117
42500176,176,1631222,2544,1610612747,42500176176
42500176,200,1631222,1629637,1610612747,42500176200
42500176,234,1642263,1631095,1610612745,42500176234
42500176,332,1629060,2544,1610612747,42500176332
42500176,337,2544,1630559,1610612747,42500176337
42500176,356,1641708,1631095,1610612745,42500176356
42500176,366,1629060,203935,1610612747,42500176366
42500176,368,1631106,1630578,1610612745,42500176368
42500176,380,1629028,2544,1610612747,42500176380
42500176,423,1629060,1629028,1610612747,42500176423
42500176,444,1641708,1628988,1610612745,42500176444
42500176,487,1641708,1631106,1610612745,42500176487
42500176,504,1630578,1629006,1610612745,42500176504
42500176,535,1629060,1628379,1610612747,42500176535
42500176,537,1642263,1631095,1610612745,42500176537
42500176,598,2544,1628379,1610612747,42500176598
42500176,606,203935,1629060,1610612747,42500176606
42500176,613,1642263,1631106,1610612745,42500176613
42500176,615,203935,2544,1610612747,42500176615
42500176,623,1629637,2544,1610612747,42500176623
42500176,652,1641733,1642355,1610612747,42500176652
42500176,672,1629006,1628988,1610612745,42500176672
42500106,26,1630217,1628976,1610612753,4250010626
42500106,30,1631288,1630591,1610612753,4250010630
42500106,44,1628976,1631288,1610612753,4250010644
42500106,56,1628976,1631094,1610612753,4250010656
42500106,66,1631105,1629130,1610612765,4250010666
42500106,70,1631105,1642450,1610612765,4250010670
42500106,78,1630217,1630591,1610612753,4250010678
42500106,103,1628975,1641710,1610612753,42500106103
42500106,107,1641710,1630217,1610612753,42500106107
42500106,109,1629130,1641709,1610612765,42500106109
42500106,132,1641783,1629048,1610612753,42500106132
42500106,140,1641783,1631094,1610612753,42500106140
42500106,142,1642450,1630595,1610612765,42500106142
42500106,150,1629048,1630591,1610612753,42500106150
42500106,160,1631094,1630591,1610612753,42500106160
42500106,166,1641783,1631094,1610612753,42500106166
42500106,205,1641710,1630591,1610612753,42500106205
42500106,219,1630217,1631288,1610612753,42500106219
42500106,235,1628976,1631094,1610612753,42500106235
42500106,237,202699,1629130,1610612765,42500106237
42500106,247,1630595,1641709,1610612765,42500106247
42500106,262,202699,1642450,1610612765,42500106262
42500106,271,1630217,1628976,1610612753,42500106271
42500106,330,1630217,1631094,1610612753,42500106330
42500106,339,1630595,1631105,1610612765,42500106339
42500106,343,202699,1629130,1610612765,42500106343
42500106,384,1629130,1641709,1610612765,42500106384
42500106,396,1629130,1630595,1610612765,42500106396
42500106,418,1641783,1631094,1610612753,42500106418
42500106,425,1641710,1630591,1610612753,42500106425
42500106,451,1630194,1630595,1610612765,42500106451
42500106,475,1629130,1641709,1610612765,42500106475
42500106,604,1630595,1641709,1610612765,42500106604
42500106,618,1629130,1641709,1610612765,42500106618
42500106,631,1631094,1630591,1610612753,42500106631
42500106,651,202699,1642450,1610612765,42500106651
42500136,7,1628386,1630596,1610612739,425001367
42500136,17,1642347,1627751,1610612761,4250013617
42500136,25,1630567,1629628,1610612761,4250013625
42500136,41,1629622,1630596,1610612739,4250013641
42500136,44,1629628,1630567,1610612761,4250013644
42500136,60,1642419,1630567,1610612761,4250013660
42500136,62,1630596,201935,1610612739,4250013662
42500136,80,1642266,1629628,1610612761,4250013680
42500136,82,1628386,1630241,1610612739,4250013682
42500136,96,1642266,1642347,1610612761,4250013696
42500136,98,1629622,201935,1610612739,4250013698
42500136,126,1630596,203471,1610612739,42500136126
42500136,137,1642867,1630567,1610612761,42500136137
42500136,141,1629628,1630567,1610612761,42500136141
42500136,161,1630572,1630567,1610612761,42500136161
42500136,184,1629628,1630567,1610612761,42500136184
42500136,218,1630596,1642281,1610612739,42500136218
42500136,222,1642419,1630567,1610612761,42500136222
42500136,224,1642281,201935,1610612739,42500136224
42500136,249,1642867,1630567,1610612761,42500136249
42500136,261,1642281,201935,1610612739,42500136261
42500136,264,1628386,1642281,1610612739,42500136264
42500136,291,1642266,1642347,1610612761,42500136291
42500136,310,1629628,1630567,1610612761,42500136310
42500136,324,1642266,1642347,1610612761,42500136324
42500136,346,1642347,1630567,1610612761,42500136346
42500136,376,1628386,1629622,1610612739,42500136376
42500136,390,1630596,201935,1610612739,42500136390
42500136,415,1627751,1629628,1610612761,42500136415
42500136,417,1628386,1629622,1610612739,42500136417
42500136,436,1630639,1642867,1610612761,42500136436
42500136,438,1630596,1642281,1610612739,42500136438
42500136,484,1629731,201935,1610612739,42500136484
42500136,486,1642867,1630567,1610612761,42500136486
42500136,494,1642867,1630572,1610612761,42500136494
42500136,512,1642867,1630567,1610612761,42500136512
42500136,526,1630639,1642867,1610612761,42500136526
42500136,550,1628378,1628386,1610612739,42500136550
42500136,592,1629731,201935,1610612739,42500136592
42500136,599,1628378,201935,1610612739,42500136599
42500136,642,1642266,1630567,1610612761,42500136642
42500136,644,1630596,1628378,1610612739,42500136644
42500136,659,1642266,1642347,1610612761,42500136659
42500136,661,1630596,201935,1610612739,42500136661
42500136,685,1630596,1629622,1610612739,42500136685
42500136,701,1642867,1642347,1610612761,42500136701
42500136,707,201935,1630596,1610612739,42500136707
42500136,723,201935,1628378,1610612739,42500136723
42500136,725,1630567,1642347,1610612761,42500136725
42500136,759,1629628,1630567,1610612761,42500136759
42500107,27,1631094,1631288,1610612753,4250010727
42500107,31,1630595,1631105,1610612765,4250010731
42500107,33,1631094,1630591,1610612753,4250010733
42500107,39,1629130,1641709,1610612765,4250010739
42500107,47,1631105,1630595,1610612765,4250010747
42500107,58,1631094,1630217,1610612753,4250010758
42500107,68,1630591,1631094,1610612753,4250010768
42500107,81,202699,1642450,1610612765,4250010781
42500107,106,1642450,1630595,1610612765,42500107106
42500107,108,1631288,1641710,1610612753,42500107108
42500107,112,1629021,1628975,1610612753,42500107112
42500107,128,1641710,1630591,1610612753,42500107128
42500107,176,1641709,1630595,1610612765,42500107176
42500107,190,1630595,1629130,1610612765,42500107190
42500107,194,1628976,1631094,1610612753,42500107194
42500107,204,202699,1630595,1610612765,42500107204
42500107,206,1630217,1630591,1610612753,42500107206
42500107,232,202699,1630595,1610612765,42500107232
42500107,236,1631105,1642450,1610612765,42500107236
42500107,282,1631288,1630217,1610612753,42500107282
42500107,302,1630217,1631094,1610612753,42500107302
42500107,306,1642450,1629130,1610612765,42500107306
42500107,318,202699,1630595,1610612765,42500107318
42500107,321,202699,1630595,1610612765,42500107321
42500107,342,202699,1630595,1610612765,42500107342
42500107,366,1630595,1631105,1610612765,42500107366
42500107,375,1628976,1630217,1610612753,42500107375
42500107,413,202699,1641709,1610612765,42500107413
42500107,417,1630595,202699,1610612765,42500107417
42500107,449,1642450,1641709,1610612765,42500107449
42500107,464,1630595,1641709,1610612765,42500107464
42500107,487,202699,1642450,1610612765,42500107487
42500107,532,1630591,1628976,1610612753,42500107532
42500107,537,1629750,1629130,1610612765,42500107537
42500107,547,1642450,1630595,1610612765,42500107547
42500107,553,1630217,1628976,1610612753,42500107553
42500107,559,1630595,1631105,1610612765,42500107559
42500107,569,202699,1642450,1610612765,42500107569
42500107,582,1641710,1630591,1610612753,42500107582
42500107,592,1641709,1630595,1610612765,42500107592
42500107,596,1630217,1631094,1610612753,42500107596
42500107,607,1628976,1631094,1610612753,42500107607
42500107,611,1641710,1631094,1610612753,42500107611
42500107,624,1631105,1630595,1610612765,42500107624
42500107,634,202699,1642450,1610612765,42500107634
42500107,645,1629130,1630595,1610612765,42500107645
42500107,659,1631105,202699,1610612765,42500107659
42500107,695,1642404,1631204,1610612765,42500107695
42500137,19,1630567,1642266,1610612761,4250013719
42500137,25,1642347,1630567,1610612761,4250013725
42500137,34,1642266,1630567,1610612761,4250013734
42500137,62,1642419,1630567,1610612761,4250013762
42500137,78,1642867,1642347,1610612761,4250013778
42500137,88,1642347,1629628,1610612761,4250013788
42500137,110,1642347,1630567,1610612761,42500137110
42500137,116,1628378,1629622,1610612739,42500137116
42500137,129,1628378,1630241,1610612739,42500137129
42500137,146,1630572,1642867,1610612761,42500137146
42500137,148,1630241,1629622,1610612739,42500137148
42500137,150,1642867,1629628,1610612761,42500137150
42500137,179,1630567,1642347,1610612761,42500137179
42500137,188,1630596,203471,1610612739,42500137188
42500137,200,1628378,1629731,1610612739,42500137200
42500137,241,203471,1630241,1610612739,42500137241
42500137,250,1630241,1628386,1610612739,42500137250
42500137,273,1628386,201935,1610612739,42500137273
42500137,312,1630567,1642266,1610612761,42500137312
42500137,314,1629622,201935,1610612739,42500137314
42500137,328,201935,1642281,1610612739,42500137328
42500137,335,1642281,1629622,1610612739,42500137335
42500137,387,1628378,1628386,1610612739,42500137387
42500137,425,1629628,1630567,1610612761,42500137425
42500137,435,1642266,1629628,1610612761,42500137435
42500137,441,1642281,201935,1610612739,42500137441
42500137,455,201935,1642281,1610612739,42500137455
42500137,457,1642266,1642867,1610612761,42500137457
42500137,468,1630241,1642281,1610612739,42500137468
42500137,480,1628386,1629622,1610612739,42500137480
42500137,491,1628386,1642281,1610612739,42500137491
42500137,505,1630567,1642347,1610612761,42500137505
42500137,555,1642867,1642347,1610612761,42500137555
42500137,586,1628378,1630596,1610612739,42500137586
42500137,589,1629731,1630596,1610612739,42500137589
42500137,597,1629731,1630596,1610612739,42500137597
42500137,599,1630572,1630567,1610612761,42500137599
42500137,612,1630639,1642419,1610612761,42500137612
42500137,636,1630241,1629622,1610612739,42500137636
42500137,643,1630567,1642867,1610612761,42500137643
42500137,664,1627751,1629628,1610612761,42500137664
42500137,688,1629622,1630596,1610612739,42500137688
42500137,693,1627751,1642347,1610612761,42500137693
42500137,705,1629628,1642347,1610612761,42500137705
42500137,714,1627751,1629628,1610612761,42500137714
42500137,721,1642266,1629628,1610612761,42500137721
42500137,724,1627751,1642347,1610612761,42500137724
42500137,726,1629622,1628378,1610612739,42500137726
42500117,7,203954,1630178,1610612755,425001177
42500117,11,1642845,203954,1610612755,4250011711
42500117,21,202331,1630178,1610612755,4250011721
42500117,34,1642845,1630178,1610612755,4250011734
42500117,36,1628401,1631248,1610612738,4250011736
42500117,42,1630178,203954,1610612755,4250011742
42500117,59,1626162,1630178,1610612755,4250011759
42500117,69,1642845,203954,1610612755,4250011769
42500117,73,1626162,203954,1610612755,4250011773
42500117,82,1628401,1630202,1610612738,4250011782
42500117,84,203954,1630178,1610612755,4250011784
42500117,86,1627759,1630202,1610612738,4250011786
42500117,108,1642845,1630178,1610612755,42500117108
42500117,120,202331,203954,1610612755,42500117120
42500117,124,203954,1642845,1610612755,42500117124
42500117,133,1629674,1630202,1610612738,42500117133
42500117,135,203954,1642845,1610612755,42500117135
42500117,157,1628401,1630202,1610612738,42500117157
42500117,162,1628401,1629674,1610612738,42500117162
42500117,166,1629674,1628401,1610612738,42500117166
42500117,178,1629674,1630202,1610612738,42500117178
42500117,219,1629656,1642845,1610612755,42500117219
42500117,223,1642845,1630178,1610612755,42500117223
42500117,225,1627759,1630202,1610612738,42500117225
42500117,227,203954,1629656,1610612755,42500117227
42500117,262,1630573,1627759,1610612738,42500117262
42500117,267,202331,1629656,1610612755,42500117267
42500117,290,1629674,1627759,1610612738,42500117290
42500117,328,1629674,1628401,1610612738,42500117328
42500117,329,1642845,203954,1610612755,42500117329
42500117,356,203954,1626162,1610612755,42500117356
42500117,362,1630202,1627759,1610612738,42500117362
42500117,381,1630178,1642845,1610612755,42500117381
42500117,387,1627759,1631248,1610612738,42500117387
42500117,421,1630178,202331,1610612755,42500117421
42500117,423,1630573,1630202,1610612738,42500117423
42500117,435,1642845,203083,1610612755,42500117435
42500117,451,1642845,1629656,1610612755,42500117451
42500117,479,1630573,1627759,1610612738,42500117479
42500117,498,1627759,1628401,1610612738,42500117498
42500117,509,1629674,1628401,1610612738,42500117509
42500117,524,203954,1629656,1610612755,42500117524
42500117,542,1628401,1630573,1610612738,42500117542
42500117,588,1630178,1626162,1610612755,42500117588
42500231,27,203497,201144,1610612750,4250023127
42500231,40,1630577,1641705,1610612759,4250023140
42500231,42,1630183,201144,1610612750,4250023142
42500231,46,1630183,201144,1610612750,4250023146
42500231,58,1642264,1628368,1610612759,4250023158
42500231,96,1642844,1642264,1610612759,4250023196
42500231,98,203497,1630162,1610612750,4250023198
42500231,100,1642264,1642844,1610612759,42500231100
42500231,102,1630545,203497,1610612750,42500231102
42500231,136,1642844,1629640,1610612759,42500231136
42500231,153,1642844,1628368,1610612759,42500231153
42500231,164,203944,1630538,1610612750,42500231164
42500231,177,1630162,1630538,1610612750,42500231177
42500231,181,203944,1630162,1610612750,42500231181
42500231,188,1642264,1641705,1610612759,42500231188
42500231,193,1630577,1642844,1610612759,42500231193
42500231,218,1630170,1642264,1610612759,42500231218
42500231,253,201144,1629675,1610612750,42500231253
42500231,271,1630545,201144,1610612750,42500231271
42500231,275,1629675,203944,1610612750,42500231275
42500231,277,1642844,1628368,1610612759,42500231277
42500231,292,1629640,1630170,1610612759,42500231292
42500231,295,1641740,203944,1610612750,42500231295
42500231,297,1641705,1642844,1610612759,42500231297
42500231,301,1629640,1630170,1610612759,42500231301
42500231,347,1630577,1641705,1610612759,42500231347
42500231,351,1630577,1630170,1610612759,42500231351
42500231,362,201144,1630545,1610612750,42500231362
42500231,369,1630183,203497,1610612750,42500231369
42500231,414,1629640,1642264,1610612759,42500231414
42500231,428,1630170,1642844,1610612759,42500231428
42500231,507,1629640,1641705,1610612759,42500231507
42500231,517,1630183,203497,1610612750,42500231517
42500231,523,1629640,1641705,1610612759,42500231523
42500231,540,1630162,201144,1610612750,42500231540
42500231,544,1630577,1642264,1610612759,42500231544
42500231,546,1629675,1630183,1610612750,42500231546
42500231,567,1642264,1628368,1610612759,42500231567
42500231,572,1628368,1642264,1610612759,42500231572
42500231,577,203944,1630162,1610612750,42500231577
42500231,599,1630545,201144,1610612750,42500231599
42500231,624,201144,1630183,1610612750,42500231624
42500231,636,1630170,1628368,1610612759,42500231636
42500231,685,1641705,1628368,1610612759,42500231685
42500211,21,1628969,1628404,1610612752,4250021121
42500211,39,202331,1642845,1610612755,4250021139
42500211,53,1628973,1626157,1610612752,4250021153
42500211,69,1629011,1628973,1610612752,4250021169
42500211,73,1628973,1629011,1610612752,4250021173
42500211,75,1626162,203954,1610612755,4250021175
42500211,95,1630540,1628973,1610612752,4250021195
42500211,173,1628384,1626157,1610612752,42500211173
42500211,185,1630631,1626157,1610612752,42500211185
42500211,191,1626162,202331,1610612755,42500211191
42500211,206,1628969,1628404,1610612752,42500211206
42500211,208,1626162,202331,1610612755,42500211208
42500211,213,1628404,1628969,1610612752,42500211213
42500211,234,1630178,1626162,1610612755,42500211234
42500211,236,1626157,1630631,1610612752,42500211236
42500211,252,1626157,1628404,1610612752,42500211252
42500211,264,1628384,1628404,1610612752,42500211264
42500211,270,1628384,1626157,1610612752,42500211270
42500211,277,1628404,1626157,1610612752,42500211277
42500211,279,1626162,1630178,1610612755,42500211279
42500211,296,1628969,1628404,1610612752,42500211296
42500211,305,203954,202331,1610612755,42500211305
42500211,323,1628973,1628969,1610612752,42500211323
42500211,348,1628384,1628973,1610612752,42500211348
42500211,350,202331,1630178,1610612755,42500211350
42500211,352,1628969,1626157,1610612752,42500211352
42500211,358,1628384,1628969,1610612752,42500211358
42500211,369,1626157,1628969,1610612752,42500211369
42500211,373,1626157,1628969,1610612752,42500211373
42500211,385,1628969,1628404,1610612752,42500211385
42500211,401,1628969,1630540,1610612752,42500211401
42500211,410,1642348,1642845,1610612755,42500211410
42500211,437,1642845,1629656,1610612755,42500211437
42500211,460,1628973,1630540,1610612752,42500211460
42500211,468,203903,1628384,1610612752,42500211468
42500211,481,1631230,1629656,1610612755,42500211481
42500211,525,1630631,1642278,1610612752,42500211525
42500211,527,1631230,1629656,1610612755,42500211527
42500211,533,1631207,1629656,1610612755,42500211533
42500211,535,1642278,1629013,1610612752,42500211535
42500211,566,1631230,1631207,1610612755,42500211566
42500211,568,1642359,1642278,1610612752,42500211568
42500211,585,1642278,1642885,1610612752,42500211585
42500211,594,1642885,1642359,1610612752,42500211594
42500211,598,1630574,1642278,1610612752,42500211598
42500211,628,1642359,1629013,1610612752,42500211628
42500211,631,1629013,1642278,1610612752,42500211631
42500211,633,1642348,1630570,1610612755,42500211633
42500211,644,1630574,1642359,1610612752,42500211644
42500201,18,1628378,201935,1610612739,4250020118
42500201,31,1630595,1641709,1610612765,4250020131
42500201,47,1629130,1630595,1610612765,4250020147
42500201,62,1628378,1630596,1610612739,4250020162
42500201,67,202699,1629130,1610612765,4250020167
42500201,78,201935,1628386,1610612739,4250020178
42500201,92,1642450,1641709,1610612765,4250020192
42500201,93,1630596,1630241,1610612739,4250020193
42500201,119,1630595,1630191,1610612765,42500201119
42500201,123,1630191,1641709,1610612765,42500201123
42500201,145,1631105,1642450,1610612765,42500201145
42500201,151,1629622,1630596,1610612739,42500201151
42500201,192,1628418,203471,1610612739,42500201192
42500201,213,1630191,1641709,1610612765,42500201213
42500201,232,1629130,1642450,1610612765,42500201232
42500201,234,1629622,201935,1610612739,42500201234
42500201,263,202699,1630595,1610612765,42500201263
42500201,280,1641709,1642450,1610612765,42500201280
42500201,282,201935,1629622,1610612739,42500201282
42500201,291,1631165,1628378,1610612739,42500201291
42500201,303,1630596,201935,1610612739,42500201303
42500201,319,1641842,202699,1610612765,42500201319
42500201,364,1629130,1630595,1610612765,42500201364
42500201,366,1630596,201935,1610612739,42500201366
42500201,373,1629130,1631105,1610612765,42500201373
42500201,375,1629731,1630596,1610612739,42500201375
42500201,396,1630595,1631105,1610612765,42500201396
42500201,398,1630596,201935,1610612739,42500201398
42500201,406,1641709,1629130,1610612765,42500201406
42500201,408,1628386,1630596,1610612739,42500201408
42500201,418,1629622,201935,1610612739,42500201418
42500201,445,203471,201935,1610612739,42500201445
42500201,453,202699,1641709,1610612765,42500201453
42500201,469,1628378,1629622,1610612739,42500201469
42500201,475,1629622,203471,1610612739,42500201475
42500201,491,1629622,203471,1610612739,42500201491
42500201,512,1629622,1642281,1610612739,42500201512
42500201,526,1629622,1630596,1610612739,42500201526
42500201,536,1629130,1631105,1610612765,42500201536
42500201,543,203471,1628378,1610612739,42500201543
42500201,563,1629130,1631105,1610612765,42500201563
42500201,570,1629130,1630595,1610612765,42500201570
42500201,643,1631105,1630595,1610612765,42500201643
42500201,647,1631105,1630595,1610612765,42500201647
42500201,656,1631105,1630595,1610612765,42500201656
42500201,688,1628378,1629731,1610612739,42500201688
42500221,7,2544,1629028,1610612747,425002217
42500221,21,1629652,1631096,1610612760,4250022121
42500221,25,1631096,1642349,1610612760,4250022125
42500221,27,1629028,1630559,1610612747,4250022127
42500221,33,1628392,1628983,1610612760,4250022133
42500221,41,1631096,1629652,1610612760,4250022141
42500221,45,2544,203935,1610612747,4250022145
42500221,60,2544,1629060,1610612747,4250022160
42500221,87,2544,1629028,1610612747,4250022187
42500221,126,1631119,1628983,1610612760,42500221126
42500221,128,1629060,1628379,1610612747,42500221128
42500221,133,1630198,1627936,1610612760,42500221133
42500221,139,1629060,203935,1610612747,42500221139
42500221,151,1630198,1631119,1610612760,42500221151
42500221,178,1629028,2544,1610612747,42500221178
42500221,182,1629028,203935,1610612747,42500221182
42500221,184,1642349,1628392,1610612760,42500221184
42500221,186,1629028,203935,1610612747,42500221186
42500221,201,1641717,1642349,1610612760,42500221201
42500221,210,1629020,1630559,1610612747,42500221210
42500221,223,1631096,1628392,1610612760,42500221223
42500221,232,1631096,1628392,1610612760,42500221232
42500221,250,203935,1630559,1610612747,42500221250
42500221,256,1628983,1641717,1610612760,42500221256
42500221,263,1628983,1629652,1610612760,42500221263
42500221,287,1631096,1628983,1610612760,42500221287
42500221,289,203935,1630559,1610612747,42500221289
42500221,291,1630198,1641717,1610612760,42500221291
42500221,302,1628379,2544,1610612747,42500221302
42500221,318,2544,203935,1610612747,42500221318
42500221,350,1642349,1629652,1610612760,42500221350
42500221,360,1631096,1628983,1610612760,42500221360
42500221,365,203935,2544,1610612747,42500221365
42500221,375,203935,2544,1610612747,42500221375
42500221,383,1629060,2544,1610612747,42500221383
42500221,400,1629637,203935,1610612747,42500221400
42500221,404,1629060,2544,1610612747,42500221404
42500221,425,1629652,1631119,1610612760,42500221425
42500221,429,1641717,1631119,1610612760,42500221429
42500221,435,2544,1629637,1610612747,42500221435
42500221,461,1642349,1627936,1610612760,42500221461
42500221,482,1628983,1630198,1610612760,42500221482
42500221,499,1642349,1628392,1610612760,42500221499
42500221,548,1629060,203935,1610612747,42500221548
42500221,554,1642272,1642349,1610612760,42500221554
42500221,558,1642272,1642349,1610612760,42500221558
42500221,568,1631096,1642272,1610612760,42500221568
42500221,570,2544,1630559,1610612747,42500221570
42500221,596,1629060,1630559,1610612747,42500221596
42500221,608,1642272,1628983,1610612760,42500221608
42500221,644,2544,1629060,1610612747,42500221644
42500221,646,1628392,1629652,1610612760,42500221646
42500221,650,1628392,1628983,1610612760,42500221650
42500221,678,1630198,1642272,1610612760,42500221678
42500221,680,1631222,1642355,1610612747,42500221680
42500232,32,1628368,1641705,1610612759,4250023232
42500232,38,1630183,1630545,1610612750,4250023238
42500232,42,1630545,201144,1610612750,4250023242
42500232,49,1641705,1630170,1610612759,4250023249
42500232,54,1630545,201144,1610612750,4250023254
42500232,56,1642264,1630170,1610612759,4250023256
42500232,104,1629675,1630183,1610612750,42500232104
42500232,130,1642844,1629640,1610612759,42500232130
42500232,158,1628436,1642844,1610612759,42500232158
42500232,164,1630162,203497,1610612750,42500232164
42500232,198,1629675,1630183,1610612750,42500232198
42500232,227,203944,201144,1610612750,42500232227
42500232,273,1642868,1628368,1610612759,42500232273
42500232,277,1641705,1630170,1610612759,42500232277
42500232,323,1629640,1642264,1610612759,42500232323
42500232,334,1629640,1628436,1610612759,42500232334
42500232,343,1642264,1642844,1610612759,42500232343
42500232,347,1642844,1630170,1610612759,42500232347
42500232,362,1630170,1642844,1610612759,42500232362
42500232,404,1630170,1630577,1610612759,42500232404
42500232,415,1630545,203944,1610612750,42500232415
42500232,419,201144,203944,1610612750,42500232419
42500232,424,203944,1630183,1610612750,42500232424
42500232,441,1630170,1642264,1610612759,42500232441
42500232,465,1630162,1630183,1610612750,42500232465
42500232,519,1630577,1642844,1610612759,42500232519
42500232,527,1630577,1628368,1610612759,42500232527
42500232,537,1630577,1642844,1610612759,42500232537
42500232,550,1629675,1630538,1610612750,42500232550
42500232,572,1641705,1630577,1610612759,42500232572
42500232,576,1630577,1641705,1610612759,42500232576
42500232,596,1629675,1630538,1610612750,42500232596
42500232,624,1642844,1642264,1610612759,42500232624
42500232,627,203084,1642264,1610612759,42500232627
42500232,636,1642264,1642868,1610612759,42500232636
42500232,656,203084,1642868,1610612759,42500232656
42500232,658,1641740,203937,1610612750,42500232658
42500232,674,1630322,1629162,1610612759,42500232674
42500232,686,203084,1629162,1610612759,42500232686
42500232,696,203084,203482,1610612759,42500232696
42500232,698,203937,1641763,1610612750,42500232698
42500232,725,203482,1630322,1610612759,42500232725
42500232,747,1642866,203937,1610612750,42500232747
42500232,759,1641763,203937,1610612750,42500232759
42500232,761,1630322,203486,1610612759,42500232761
42500232,766,202687,203482,1610612759,42500232766
42500232,768,204060,1641740,1610612750,42500232768
42500232,772,1642866,203937,1610612750,42500232772
42500212,9,1626162,202331,1610612755,425002129
42500212,11,1628969,1626157,1610612752,4250021211
42500212,14,1628384,1628973,1610612752,4250021214
42500212,40,202331,203083,1610612755,4250021240
42500212,44,202331,1630178,1610612755,4250021244
42500212,53,1626157,1628384,1610612752,4250021253
42500212,57,1628384,1628973,1610612752,4250021257
42500212,61,1628969,1628404,1610612752,4250021261
42500212,73,1628384,1626157,1610612752,4250021273
42500212,102,1626162,1642845,1610612755,42500212102
42500212,109,1626162,1629656,1610612755,42500212109
42500212,143,1630574,1628973,1610612752,42500212143
42500212,178,1629656,1642845,1610612755,42500212178
42500212,192,1630178,202331,1610612755,42500212192
42500212,217,1628969,1630631,1610612752,42500212217
42500212,220,1630178,202331,1610612755,42500212220
42500212,227,1630631,1630540,1610612752,42500212227
42500212,236,1628969,1628404,1610612752,42500212236
42500212,273,203903,1628969,1610612752,42500212273
42500212,284,1626162,1630178,1610612755,42500212284
42500212,304,1628384,1628973,1610612752,42500212304
42500212,308,1628969,1628404,1610612752,42500212308
42500212,317,202331,1630178,1610612755,42500212317
42500212,342,1628384,1628404,1610612752,42500212342
42500212,353,1642845,1641737,1610612755,42500212353
42500212,357,1642845,1630178,1610612755,42500212357
42500212,378,1628969,1626157,1610612752,42500212378
42500212,386,1642845,1626162,1610612755,42500212386
42500212,393,1626157,1628404,1610612752,42500212393
42500212,404,202331,1630178,1610612755,42500212404
42500212,406,1626157,1628969,1610612752,42500212406
42500212,411,1626162,202331,1610612755,42500212411
42500212,423,202331,1626162,1610612755,42500212423
42500212,424,1628969,1626157,1610612752,42500212424
42500212,433,1628973,1626157,1610612752,42500212433
42500212,466,1628384,1628973,1610612752,42500212466
42500212,473,1642845,1629656,1610612755,42500212473
42500212,490,1628384,1628973,1610612752,42500212490
42500212,493,1631230,1629656,1610612755,42500212493
42500212,530,1631230,1642845,1610612755,42500212530
42500212,541,1630540,1626157,1610612752,42500212541
42500212,560,1628384,1628404,1610612752,42500212560
42500212,576,1626162,1630178,1610612755,42500212576
42500212,578,1628404,1628384,1610612752,42500212578
42500212,605,1628969,1626157,1610612752,42500212605
42500222,37,1631096,1642349,1610612760,4250022237
42500222,39,1629060,203935,1610612747,4250022239
42500222,41,1628392,1631096,1610612760,4250022241
42500222,43,2544,203935,1610612747,4250022243
42500222,45,1628392,1628983,1610612760,4250022245
42500222,62,1629060,2544,1610612747,4250022262
42500222,77,1631096,1629652,1610612760,4250022277
42500222,111,1630198,1641717,1610612760,42500222111
42500222,122,1628983,1631119,1610612760,42500222122
42500222,135,1631119,1627936,1610612760,42500222135
42500222,139,1628983,1627936,1610612760,42500222139
42500222,152,1629637,2544,1610612747,42500222152
42500222,156,2544,1631222,1610612747,42500222156
42500222,172,1629060,203935,1610612747,42500222172
42500222,226,203935,2544,1610612747,42500222226
42500222,232,1642272,1642349,1610612760,42500222232
42500222,242,1630559,1629060,1610612747,42500222242
42500222,264,1628379,2544,1610612747,42500222264
42500222,286,1628379,1629637,1610612747,42500222286
42500222,291,1630559,1629637,1610612747,42500222291
42500222,302,1630198,1627936,1610612760,42500222302
42500222,304,1628379,203935,1610612747,42500222304
42500222,306,1641717,1630198,1610612760,42500222306
42500222,308,1629060,1630559,1610612747,42500222308
42500222,327,1629637,2544,1610612747,42500222327
42500222,329,1627936,1641717,1610612760,42500222329
42500222,334,2544,1630559,1610612747,42500222334
42500222,336,1628392,1630198,1610612760,42500222336
42500222,338,1629637,1630559,1610612747,42500222338
42500222,354,1629060,1630559,1610612747,42500222354
42500222,378,1629652,1628392,1610612760,42500222378
42500222,399,1631096,1642349,1610612760,42500222399
42500222,403,1642349,1629652,1610612760,42500222403
42500222,469,1642272,1642349,1610612760,42500222469
42500222,481,1642272,1641717,1610612760,42500222481
42500222,485,1631119,1631096,1610612760,42500222485
42500222,513,1642272,1642349,1610612760,42500222513
42500222,524,2544,1630559,1610612747,42500222524
42500222,587,2544,203935,1610612747,42500222587
42500222,598,1630559,2544,1610612747,42500222598
42500222,611,2544,1629060,1610612747,42500222611
42500222,642,1641717,1627936,1610612760,42500222642
42500222,671,1628983,1641717,1610612760,42500222671
42500222,677,1641717,1628983,1610612760,42500222677
42500222,679,1628379,1630559,1610612747,42500222679
42500222,681,1641717,1631096,1610612760,42500222681
42500222,711,1641733,1642355,1610612747,42500222711
42500222,713,1642272,1642349,1610612760,42500222713
42500222,725,1642260,1630198,1610612760,42500222725
42500222,727,1642261,1641733,1610612747,42500222727
42500202,7,1629731,1630596,1610612739,425002027
42500202,9,202699,1630595,1610612765,425002029
42500202,15,1641709,1630595,1610612765,4250020215
42500202,40,1628386,1630596,1610612739,4250020240
42500202,61,1641709,1629130,1610612765,4250020261
42500202,92,1641709,1642450,1610612765,4250020292
42500202,107,1642450,1630595,1610612765,42500202107
42500202,137,1630596,203471,1610612739,42500202137
42500202,163,1628378,1630596,1610612739,42500202163
42500202,168,1630595,1629130,1610612765,42500202168
42500202,182,1627747,1630595,1610612765,42500202182
42500202,196,1631165,201935,1610612739,42500202196
42500202,230,1628386,203471,1610612739,42500202230
42500202,236,1642450,1630595,1610612765,42500202236
42500202,271,202699,1642450,1610612765,42500202271
42500202,298,202699,1631105,1610612765,42500202298
42500202,310,202699,1642450,1610612765,42500202310
42500202,313,1629130,1630595,1610612765,42500202313
42500202,315,1630596,1628378,1610612739,42500202315
42500202,326,1631105,1642450,1610612765,42500202326
42500202,340,1628386,1628378,1610612739,42500202340
42500202,362,1627747,1630595,1610612765,42500202362
42500202,365,202699,1630595,1610612765,42500202365
42500202,367,1629731,1628386,1610612739,42500202367
42500202,382,1628378,1628386,1610612739,42500202382
42500202,398,1628378,201935,1610612739,42500202398
42500202,400,202699,1630595,1610612765,42500202400
42500202,409,1628378,1628386,1610612739,42500202409
42500202,426,1628386,203471,1610612739,42500202426
42500202,428,1629130,1627747,1610612765,42500202428
42500202,436,203471,1628378,1610612739,42500202436
42500202,457,1630596,1642281,1610612739,42500202457
42500202,466,1629622,1630596,1610612739,42500202466
42500202,468,1630595,1629130,1610612765,42500202468
42500202,489,1642450,1630595,1610612765,42500202489
42500202,504,1642281,203471,1610612739,42500202504
42500202,515,1630596,203471,1610612739,42500202515
42500202,522,1629130,1641709,1610612765,42500202522
42500202,556,1629130,1641709,1610612765,42500202556
42500202,581,1628386,1629622,1610612739,42500202581
42500202,589,1628386,201935,1610612739,42500202589
42500233,7,1641705,1630170,1610612759,425002337
42500233,18,1641705,1642264,1610612759,4250023318
42500233,40,1641705,1630577,1610612759,4250023340
42500233,104,1629640,1642264,1610612759,42500233104
42500233,119,1630170,1642264,1610612759,42500233119
42500233,130,1629675,1630245,1610612750,42500233130
42500233,140,203497,1630545,1610612750,42500233140
42500233,144,203497,1630545,1610612750,42500233144
42500233,174,1629640,1628368,1610612759,42500233174
42500233,176,1630162,203497,1610612750,42500233176
42500233,180,1630162,203497,1610612750,42500233180
42500233,197,1641705,1642264,1610612759,42500233197
42500233,199,1630183,1630162,1610612750,42500233199
42500233,238,1642868,1642264,1610612759,42500233238
42500233,241,203944,1630183,1610612750,42500233241
42500233,243,1641705,1642264,1610612759,42500233243
42500233,268,1642868,1642844,1610612759,42500233268
42500233,315,1642264,1629640,1610612759,42500233315
42500233,340,1630170,1642264,1610612759,42500233340
42500233,355,1629675,1630162,1610612750,42500233355
42500233,381,1630162,1630183,1610612750,42500233381
42500233,387,1630183,1630245,1610612750,42500233387
42500233,422,1642264,1630577,1610612759,42500233422
42500233,426,203497,1630245,1610612750,42500233426
42500233,428,1641705,1628368,1610612759,42500233428
42500233,446,1630170,1642264,1610612759,42500233446
42500233,450,1630577,1628368,1610612759,42500233450
42500233,458,1630162,1629675,1610612750,42500233458
42500233,462,1630245,1629675,1610612750,42500233462
42500233,464,1630170,1642264,1610612759,42500233464
42500233,466,1630183,1629675,1610612750,42500233466
42500233,470,1628368,1630170,1610612759,42500233470
42500233,485,1628436,1642264,1610612759,42500233485
42500233,525,1630245,1630162,1610612750,42500233525
42500233,528,1630245,1630162,1610612750,42500233528
42500233,550,1629640,1630577,1610612759,42500233550
42500233,593,1641705,1628368,1610612759,42500233593
42500233,598,1630545,1629675,1610612750,42500233598
42500233,603,1630245,1629675,1610612750,42500233603
42500233,605,1641705,1642264,1610612759,42500233605
42500233,621,1630545,1630245,1610612750,42500233621
42500233,636,1642844,1628368,1610612759,42500233636
42500233,663,1630577,1642264,1610612759,42500233663
42500233,679,1642844,1641705,1610612759,42500233679
42500233,688,1629675,1630162,1610612750,42500233688
42500233,690,1641705,1630170,1610612759,42500233690
42500233,706,1630183,1630162,1610612750,42500233706
42500233,731,1630162,1630245,1610612750,42500233731
42500213,10,202331,203954,1610612755,4250021310
42500213,25,202331,203954,1610612755,4250021325
42500213,35,1626157,1630540,1610612752,4250021335
42500213,53,1642845,1630178,1610612755,4250021353
42500213,57,1642845,1630178,1610612755,4250021357
42500213,65,202331,1626162,1610612755,4250021365
42500213,86,1628973,1628404,1610612752,4250021386
42500213,88,1630178,203954,1610612755,4250021388
42500213,90,1628969,1628973,1610612752,4250021390
42500213,120,1629013,1628973,1610612752,42500213120
42500213,144,1629013,1628973,1610612752,42500213144
42500213,151,1628969,1628973,1610612752,42500213151
42500213,165,203903,1626157,1610612752,42500213165
42500213,185,1629013,203903,1610612752,42500213185
42500213,192,1630178,1629656,1610612755,42500213192
42500213,200,1630631,203903,1610612752,42500213200
42500213,231,1629011,1628973,1610612752,42500213231
42500213,247,1628973,1630540,1610612752,42500213247
42500213,279,1626162,1630178,1610612755,42500213279
42500213,281,1628969,1628973,1610612752,42500213281
42500213,305,1628969,1628973,1610612752,42500213305
42500213,332,1626162,1642845,1610612755,42500213332
42500213,350,1630540,1626157,1610612752,42500213350
42500213,352,1626162,1630178,1610612755,42500213352
42500213,355,1642845,202331,1610612755,42500213355
42500213,362,1628973,1628404,1610612752,42500213362
42500213,372,1628969,1626157,1610612752,42500213372
42500213,374,203954,1630178,1610612755,42500213374
42500213,380,1630178,202331,1610612755,42500213380
42500213,395,1630178,203954,1610612755,42500213395
42500213,406,203954,1642845,1610612755,42500213406
42500213,410,1626162,203954,1610612755,42500213410
42500213,415,1628404,1628973,1610612752,42500213415
42500213,417,1626162,1642845,1610612755,42500213417
42500213,503,1629013,203903,1610612752,42500213503
42500213,527,203903,1626157,1610612752,42500213527
42500213,529,1629656,1642845,1610612755,42500213529
42500213,542,1630178,202331,1610612755,42500213542
42500213,550,1629656,1630178,1610612755,42500213550
42500213,559,1628404,1626157,1610612752,42500213559
42500213,563,1628969,1628404,1610612752,42500213563
42500213,569,1631230,1629656,1610612755,42500213569
42500213,571,1628973,1626157,1610612752,42500213571
42500213,589,1628973,1628969,1610612752,42500213589
42500213,608,1628973,1626157,1610612752,42500213608
42500213,612,1628969,1628973,1610612752,42500213612
42500213,623,203954,1630178,1610612755,42500213623
42500213,659,1630570,1631207,1610612755,42500213659
42500223,10,1629060,203935,1610612747,4250022310
42500223,15,1628392,1628983,1610612760,4250022315
42500223,19,1631096,1628983,1610612760,4250022319
42500223,22,1628392,1642349,1610612760,4250022322
42500223,29,203935,1629060,1610612747,4250022329
42500223,39,1629028,1630559,1610612747,4250022339
42500223,48,2544,1630559,1610612747,4250022348
42500223,50,1631119,1642349,1610612760,4250022350
42500223,54,1631096,1631119,1610612760,4250022354
42500223,73,1629060,1630559,1610612747,4250022373
42500223,92,1628379,1630559,1610612747,4250022392
42500223,97,1641717,1631096,1610612760,4250022397
42500223,119,1641717,1630198,1610612760,42500223119
42500223,121,1629060,1630559,1610612747,42500223121
42500223,138,1641717,1630198,1610612760,42500223138
42500223,156,1628379,2544,1610612747,42500223156
42500223,174,1628379,2544,1610612747,42500223174
42500223,178,1630559,2544,1610612747,42500223178
42500223,185,1642272,1627936,1610612760,42500223185
42500223,188,1631096,1642349,1610612760,42500223188
42500223,200,1629060,1630559,1610612747,42500223200
42500223,210,1628379,2544,1610612747,42500223210
42500223,213,2544,1628379,1610612747,42500223213
42500223,215,1631096,1628392,1610612760,42500223215
42500223,217,1629060,1630559,1610612747,42500223217
42500223,278,1630559,1629060,1610612747,42500223278
42500223,284,1628379,1630559,1610612747,42500223284
42500223,344,1629652,1642349,1610612760,42500223344
42500223,348,1629028,1630559,1610612747,42500223348
42500223,350,1642349,1628983,1610612760,42500223350
42500223,352,1629028,2544,1610612747,42500223352
42500223,354,1628392,1642349,1610612760,42500223354
42500223,373,1631096,1628983,1610612760,42500223373
42500223,378,1628983,1642349,1610612760,42500223378
42500223,381,1642349,1628392,1610612760,42500223381
42500223,407,1631096,1628983,1610612760,42500223407
42500223,409,2544,1629060,1610612747,42500223409
42500223,417,1628379,1629060,1610612747,42500223417
42500223,419,1641717,1628983,1610612760,42500223419
42500223,421,1629060,2544,1610612747,42500223421
42500223,435,1627936,1628983,1610612760,42500223435
42500223,442,203935,1628379,1610612747,42500223442
42500223,478,1630198,1628983,1610612760,42500223478
42500223,483,1630198,1641717,1610612760,42500223483
42500223,499,1628392,1642349,1610612760,42500223499
42500223,519,1628392,1642349,1610612760,42500223519
42500223,533,1630559,203935,1610612747,42500223533
42500223,555,1629652,1642349,1610612760,42500223555
42500223,557,1630559,2544,1610612747,42500223557
42500223,560,1629060,1642876,1610612747,42500223560
42500223,563,2544,203935,1610612747,42500223563
42500223,582,1627936,1642349,1610612760,42500223582
42500223,591,1628379,2544,1610612747,42500223591
42500223,593,1629652,1627936,1610612760,42500223593
42500223,599,1641717,1628983,1610612760,42500223599
42500223,631,1630198,1631119,1610612760,42500223631
42500223,633,1642355,1642261,1610612747,42500223633
42500223,640,1641733,1642261,1610612747,42500223640
42500223,645,1642876,1628467,1610612747,42500223645
42500223,650,1630198,1642272,1610612760,42500223650
42500223,669,1641733,1642261,1610612747,42500223669
42500203,7,1629130,1630595,1610612765,425002037
42500203,16,1631105,1630595,1610612765,4250020316
42500203,21,1630595,1641709,1610612765,4250020321
42500203,45,1628378,1628386,1610612739,4250020345
42500203,51,1628378,201935,1610612739,4250020351
42500203,57,1628386,201935,1610612739,4250020357
42500203,63,1631105,1630595,1610612765,4250020363
42500203,74,1628386,1629622,1610612739,4250020374
42500203,80,203471,201935,1610612739,4250020380
42500203,88,1628386,203471,1610612739,4250020388
42500203,104,1628386,1642281,1610612739,42500203104
42500203,106,1630191,1630595,1610612765,42500203106
42500203,111,201935,1629622,1610612739,42500203111
42500203,138,203471,1628378,1610612739,42500203138
42500203,145,1628378,203471,1610612739,42500203145
42500203,232,1642450,1641709,1610612765,42500203232
42500203,240,1629731,201935,1610612739,42500203240
42500203,258,1631105,1641709,1610612765,42500203258
42500203,287,1630596,1628378,1610612739,42500203287
42500203,325,1628386,1628378,1610612739,42500203325
42500203,328,1631105,1642450,1610612765,42500203328
42500203,365,1630191,1629130,1610612765,42500203365
42500203,367,1630596,201935,1610612739,42500203367
42500203,388,1631105,1630595,1610612765,42500203388
42500203,406,201935,1630596,1610612739,42500203406
42500203,423,202699,1641709,1610612765,42500203423
42500203,430,1629622,201935,1610612739,42500203430
42500203,438,1641709,1630595,1610612765,42500203438
42500203,442,1641709,1630595,1610612765,42500203442
42500203,455,1628386,1642281,1610612739,42500203455
42500203,458,1629130,1630595,1610612765,42500203458
42500203,462,1630194,1629130,1610612765,42500203462
42500203,491,1629622,1630596,1610612739,42500203491
42500203,498,1642281,1630596,1610612739,42500203498
42500203,544,1627747,1631105,1610612765,42500203544
42500203,554,1629750,1629130,1610612765,42500203554
42500203,556,1630241,1628378,1610612739,42500203556
42500203,566,1628378,201935,1610612739,42500203566
42500203,582,1630194,1630595,1610612765,42500203582
42500203,592,1630194,1642450,1610612765,42500203592
42500203,595,203471,1630596,1610612739,42500203595
42500203,597,1629130,1642450,1610612765,42500203597
42500203,624,1630595,1629130,1610612765,42500203624
42500203,627,202699,1641709,1610612765,42500203627
42500203,651,1629130,1630595,1610612765,42500203651
42500403,14,1641705,1628368,1610612759,4250040314
42500403,17,1641705,1642264,1610612759,4250040317
42500403,22,1630170,1628368,1610612759,4250040322
42500403,24,1628404,1626157,1610612752,4250040324
42500403,40,1641705,1642264,1610612759,4250040340
42500403,46,1642264,1641705,1610612759,4250040346
42500403,58,1628404,1629013,1610612752,4250040358
42500403,60,1641705,1642264,1610612759,4250040360
42500403,77,1628384,1628973,1610612752,4250040377
42500403,79,1630170,1642844,1610612759,4250040379
42500403,115,1629640,1628368,1610612759,42500403115
42500403,119,1628368,1628436,1610612759,42500403119
42500403,122,1642844,1628436,1610612759,42500403122
42500403,137,1630577,1641705,1610612759,42500403137
42500403,170,1630631,1629013,1610612752,42500403170
42500403,172,1642868,1628368,1610612759,42500403172
42500403,201,203903,1628384,1610612752,42500403201
42500403,211,1628384,1628969,1610612752,42500403211
42500403,228,1642264,1642844,1610612759,42500403228
42500403,238,1626157,1628973,1610612752,42500403238
42500403,259,1642844,1630577,1610612759,42500403259
42500403,268,1628384,203903,1610612752,42500403268
42500403,275,1628973,1628404,1610612752,42500403275
42500403,277,1641705,1630577,1610612759,42500403277
42500403,286,1641705,1628368,1610612759,42500403286
42500403,302,1628368,1641705,1610612759,42500403302
42500403,303,1628384,1628404,1610612752,42500403303
42500403,311,1628404,1628973,1610612752,42500403311
42500403,315,1628973,1628404,1610612752,42500403315
42500403,345,1630577,1628368,1610612759,42500403345
42500403,349,1630577,1641705,1610612759,42500403349
42500403,364,1628384,1628404,1610612752,42500403364
42500403,392,1641705,1628368,1610612759,42500403392
42500403,402,1630170,1642844,1610612759,42500403402
42500403,412,1628404,1628973,1610612752,42500403412
42500403,428,1629640,1641705,1610612759,42500403428
42500403,432,1641705,1642264,1610612759,42500403432
42500403,492,1629013,1630631,1610612752,42500403492
42500403,494,1630577,1642844,1610612759,42500403494
42500403,520,1641705,1642264,1610612759,42500403520
42500403,562,1629640,1630577,1610612759,42500403562
42500403,607,1628384,1628973,1610612752,42500403607
42500403,625,1641705,1628368,1610612759,42500403625
42500403,682,1628973,1628969,1610612752,42500403682
42500403,685,1642264,1641705,1610612759,42500403685
42500403,701,1628384,1628404,1610612752,42500403701
42500402,7,1630170,1642264,1610612759,425004027
42500402,26,1630577,1630170,1610612759,4250040226
42500402,34,1628384,1626157,1610612752,4250040234
42500402,37,1628384,1628973,1610612752,4250040237
42500402,54,1641705,1629640,1610612759,4250040254
42500402,61,1642844,1630577,1610612759,4250040261
42500402,92,1642844,1642264,1610612759,4250040292
42500402,96,1626157,1628969,1610612752,4250040296
42500402,131,1630170,1642844,1610612759,42500402131
42500402,140,1628368,1630170,1610612759,42500402140
42500402,154,1628368,1630170,1610612759,42500402154
42500402,156,1629011,1628384,1610612752,42500402156
42500402,166,1629013,1628973,1610612752,42500402166
42500402,168,1641705,1628368,1610612759,42500402168
42500402,186,1642264,1642844,1610612759,42500402186
42500402,188,1626157,1630540,1610612752,42500402188
42500402,211,1626157,1630631,1610612752,42500402211
42500402,228,1626157,1628404,1610612752,42500402228
42500402,256,1628969,1626157,1610612752,42500402256
42500402,270,1642844,1628368,1610612759,42500402270
42500402,284,1628969,1628404,1610612752,42500402284
42500402,324,1628969,1628384,1610612752,42500402324
42500402,328,1629013,1628969,1610612752,42500402328
42500402,332,1630170,1641705,1610612759,42500402332
42500402,371,1628969,1626157,1610612752,42500402371
42500402,375,1626157,1628969,1610612752,42500402375
42500402,396,1628384,1628969,1610612752,42500402396
42500402,414,1628973,1628404,1610612752,42500402414
42500402,420,1628368,1641705,1610612759,42500402420
42500402,427,1628969,1629013,1610612752,42500402427
42500402,433,1641705,1642264,1610612759,42500402433
42500402,435,1629013,1628973,1610612752,42500402435
42500402,464,1642264,1629640,1610612759,42500402464
42500402,472,1628969,1628973,1610612752,42500402472
42500402,479,1628384,1628973,1610612752,42500402479
42500402,495,1630540,1629013,1610612752,42500402495
42500402,498,1628969,1630540,1610612752,42500402498
42500402,516,1629011,1628969,1610612752,42500402516
42500402,518,1641705,1628368,1610612759,42500402518
42500402,541,1629013,1630631,1610612752,42500402541
42500402,543,1641705,1642264,1610612759,42500402543
42500402,556,1642264,1630170,1610612759,42500402556
42500402,574,1629013,1628404,1610612752,42500402574
42500402,596,1628973,1628384,1610612752,42500402596
42500402,604,1630540,1628973,1610612752,42500402604
42500402,613,1628384,1626157,1610612752,42500402613
42500402,638,1630170,1628368,1610612759,42500402638
42500402,660,1641705,1628368,1610612759,42500402660
42500402,666,1628973,1628969,1610612752,42500402666
42500402,672,1642844,1630170,1610612759,42500402672
42500402,678,1641705,1642844,1610612759,42500402678
42500224,10,1629652,1642349,1610612760,4250022410
42500224,25,1629060,1630559,1610612747,4250022425
42500224,36,1629060,2544,1610612747,4250022436
42500224,46,1629652,1628983,1610612760,4250022446
42500224,72,1630559,1628379,1610612747,4250022472
42500224,110,1627936,1630198,1610612760,42500224110
42500224,153,1627936,1642349,1610612760,42500224153
42500224,157,1627936,1642349,1610612760,42500224157
42500224,232,1642272,1628983,1610612760,42500224232
42500224,247,1629637,1629060,1610612747,42500224247
42500224,280,1631096,1628983,1610612760,42500224280
42500224,300,1630559,1629060,1610612747,42500224300
42500224,310,1631096,1628983,1610612760,42500224310
42500224,352,1628983,1642349,1610612760,42500224352
42500224,354,1629060,1630559,1610612747,42500224354
42500224,360,1629060,2544,1610612747,42500224360
42500224,365,1629060,1629028,1610612747,42500224365
42500224,377,1642349,1628983,1610612760,42500224377
42500224,380,1629028,203935,1610612747,42500224380
42500224,391,1641717,1628983,1610612760,42500224391
42500224,409,1629060,203935,1610612747,42500224409
42500224,421,2544,1629637,1610612747,42500224421
42500224,435,1629637,1630559,1610612747,42500224435
42500224,481,1642349,1628983,1610612760,42500224481
42500224,498,1629637,1628379,1610612747,42500224498
42500224,502,1628379,1630559,1610612747,42500224502
42500224,538,1642272,1628392,1610612760,42500224538
42500224,560,2544,203935,1610612747,42500224560
42500224,569,1642272,1628392,1610612760,42500224569
42500224,584,1642272,1627936,1610612760,42500224584
42500224,612,1629060,1630559,1610612747,42500224612
42500224,619,1629637,1630559,1610612747,42500224619
42500224,629,1642349,1628392,1610612760,42500224629
42500224,631,1629060,2544,1610612747,42500224631
42500224,637,1631096,1628983,1610612760,42500224637
42500224,641,1631096,1628392,1610612760,42500224641
42500224,662,1631096,1628392,1610612760,42500224662
42500207,7,1630596,1628378,1610612739,425002077
42500207,9,1642450,1630595,1610612765,425002079
42500207,16,1628386,1628378,1610612739,4250020716
42500207,24,1628386,1629622,1610612739,4250020724
42500207,28,1628386,1628378,1610612739,4250020728
42500207,73,1629731,201935,1610612739,4250020773
42500207,78,1629731,1629622,1610612739,4250020778
42500207,85,1627747,1631105,1610612765,4250020785
42500207,94,1630241,1628386,1610612739,4250020794
42500207,96,1630595,1627747,1610612765,4250020796
42500207,106,201935,1630596,1610612739,42500207106
42500207,115,1630596,1629731,1610612739,42500207115
42500207,133,1630241,1630596,1610612739,42500207133
42500207,137,1628378,1630596,1610612739,42500207137
42500207,152,1629130,1630595,1610612765,42500207152
42500207,161,1630595,1629130,1610612765,42500207161
42500207,179,1630596,1628378,1610612739,42500207179
42500207,232,1630241,203471,1610612739,42500207232
42500207,239,1627747,1630595,1610612765,42500207239
42500207,256,1628386,201935,1610612739,42500207256
42500207,294,1630241,1630596,1610612739,42500207294
42500207,299,1631105,1642450,1610612765,42500207299
42500207,325,1630595,202699,1610612765,42500207325
42500207,329,1629130,1630595,1610612765,42500207329
42500207,331,1630596,201935,1610612739,42500207331
42500207,345,1628386,1628378,1610612739,42500207345
42500207,353,1630596,1628378,1610612739,42500207353
42500207,361,1641709,1630595,1610612765,42500207361
42500207,393,1642450,1631105,1610612765,42500207393
42500207,432,1630191,1642450,1610612765,42500207432
42500207,458,1627747,1642450,1610612765,42500207458
42500207,460,1628386,1630241,1610612739,42500207460
42500207,473,1629130,1631204,1610612765,42500207473
42500207,475,1628386,201935,1610612739,42500207475
42500207,490,1630194,1627747,1610612765,42500207490
42500207,493,1629130,1630194,1610612765,42500207493
42500207,495,1630241,1628378,1610612739,42500207495
42500207,502,1628378,201935,1610612739,42500207502
42500207,524,1628378,203471,1610612739,42500207524
42500207,525,1631204,202699,1610612765,42500207525
42500207,546,1630596,201935,1610612739,42500207546
42500207,564,203471,1630241,1610612739,42500207564
42500207,592,201935,1630596,1610612739,42500207592
42500207,612,1629622,1630596,1610612739,42500207612
42500207,640,1631204,1631105,1610612765,42500207640
42500207,666,1629622,203471,1610612739,42500207666
42500207,696,1642449,1642450,1610612765,42500207696
42500207,700,1641842,1642404,1610612765,42500207700
42500207,702,1630596,1628378,1610612739,42500207702
42500207,745,1642449,1642450,1610612765,42500207745
42500207,754,1641854,1628418,1610612739,42500207754
42500207,761,1641772,1641854,1610612739,42500207761
42500302,10,1626157,1628384,1610612752,4250030210
42500302,12,1630596,1629731,1610612739,4250030212
42500302,24,1630596,201935,1610612739,4250030224
42500302,26,1628404,1626157,1610612752,4250030226
42500302,28,1628386,1628378,1610612739,4250030228
42500302,36,1628969,1628404,1610612752,4250030236
42500302,41,1628384,1628973,1610612752,4250030241
42500302,72,1628404,1628973,1610612752,4250030272
42500302,76,1628969,1628384,1610612752,4250030276
42500302,82,1629731,1629622,1610612739,4250030282
42500302,84,1626157,1628969,1610612752,4250030284
42500302,106,1628969,1630540,1610612752,42500302106
42500302,108,1630596,203471,1610612739,42500302108
42500302,118,1630540,1628969,1610612752,42500302118
42500302,129,1630241,203471,1610612739,42500302129
42500302,160,1626157,1630631,1610612752,42500302160
42500302,167,1626157,1630540,1610612752,42500302167
42500302,196,203471,1629731,1610612739,42500302196
42500302,243,1628969,1628973,1610612752,42500302243
42500302,251,1628384,1628973,1610612752,42500302251
42500302,279,1628404,1628969,1610612752,42500302279
42500302,295,201935,1629622,1610612739,42500302295
42500302,297,1628404,1628384,1610612752,42500302297
42500302,301,1628384,1628404,1610612752,42500302301
42500302,308,1628404,1628973,1610612752,42500302308
42500302,310,1628386,1630596,1610612739,42500302310
42500302,326,1628386,1630596,1610612739,42500302326
42500302,339,1628378,1630596,1610612739,42500302339
42500302,342,1628973,1628404,1610612752,42500302342
42500302,346,1628404,1628973,1610612752,42500302346
42500302,359,1628969,1628404,1610612752,42500302359
42500302,381,1628404,1628973,1610612752,42500302381
42500302,403,1628404,1628973,1610612752,42500302403
42500302,405,1629622,1629731,1610612739,42500302405
42500302,425,1628404,1628973,1610612752,42500302425
42500302,436,1626157,1628404,1610612752,42500302436
42500302,451,1626157,1630540,1610612752,42500302451
42500302,462,1629011,1628973,1610612752,42500302462
42500302,469,203903,1628973,1610612752,42500302469
42500302,544,1642281,203471,1610612739,42500302544
42500302,546,1628384,1628973,1610612752,42500302546
42500302,556,1628378,201935,1610612739,42500302556
42500302,565,1628969,1628973,1610612752,42500302565
42500302,575,1628384,1628404,1610612752,42500302575
42500302,578,1628969,1628404,1610612752,42500302578
42500302,585,201935,1629622,1610612739,42500302585
42500302,638,1628969,1628973,1610612752,42500302638
42500315,30,1642264,1628368,1610612759,4250031530
42500315,33,1628368,1642264,1610612759,4250031533
42500315,43,1628392,1628983,1610612760,4250031543
42500315,45,1630577,1642264,1610612759,4250031545
42500315,49,1630577,1630170,1610612759,4250031549
42500315,60,1630577,1642264,1610612759,4250031560
42500315,64,1630577,1628368,1610612759,4250031564
42500315,82,1627936,1631096,1610612760,4250031582
42500315,95,1631096,1627936,1610612760,4250031595
42500315,105,1641717,1628983,1610612760,42500315105
42500315,107,1641705,1629640,1610612759,42500315107
42500315,129,1629026,1628392,1610612760,42500315129
42500315,138,1642868,1628368,1610612759,42500315138
42500315,148,1642868,1628368,1610612759,42500315148
42500315,150,1628983,1627936,1610612760,42500315150
42500315,194,1628392,1641717,1610612760,42500315194
42500315,203,1641717,1631119,1610612760,42500315203
42500315,207,1631119,1627936,1610612760,42500315207
42500315,221,1630577,1628368,1610612759,42500315221
42500315,248,1629640,1630170,1610612759,42500315248
42500315,276,1629640,1642844,1610612759,42500315276
42500315,285,1628983,1641717,1610612760,42500315285
42500315,300,1629652,1641717,1610612760,42500315300
42500315,316,1642844,1628368,1610612759,42500315316
42500315,342,1631096,1627936,1610612760,42500315342
42500315,360,1627936,1628983,1610612760,42500315360
42500315,395,1629640,1628368,1610612759,42500315395
42500315,398,1641705,1628368,1610612759,42500315398
42500315,435,1628983,1628392,1610612760,42500315435
42500315,438,1642272,1628392,1610612760,42500315438
42500315,440,1641705,1642264,1610612759,42500315440
42500315,450,1642272,1628983,1610612760,42500315450
42500315,452,1630577,1642264,1610612759,42500315452
42500315,469,1629640,1642844,1610612759,42500315469
42500315,481,1629640,1641705,1610612759,42500315481
42500315,483,1631096,1627936,1610612760,42500315483
42500315,487,1642264,1629640,1610612759,42500315487
42500315,495,1630170,1642264,1610612759,42500315495
42500315,502,1627936,1628983,1610612760,42500315502
42500315,523,1629026,1628392,1610612760,42500315523
42500315,537,1628392,1628983,1610612760,42500315537
42500315,539,1630170,1642844,1610612759,42500315539
42500315,629,1628392,1641717,1610612760,42500315629
42500315,637,1642264,1630170,1610612759,42500315637
42500315,643,1628392,1627936,1610612760,42500315643
42500315,698,1628392,1628983,1610612760,42500315698
42500315,702,1642272,1628983,1610612760,42500315702
42500315,713,1629640,1630577,1610612759,42500315713
42500315,715,1627936,1628983,1610612760,42500315715
42500315,732,1642272,1641717,1610612760,42500315732
42500315,743,1642264,1630170,1610612759,42500315743
42500303,9,1626157,1628969,1610612752,425003039
42500303,19,1628973,1626157,1610612752,4250030319
42500303,23,1628969,1628404,1610612752,4250030323
42500303,29,1628386,201935,1610612739,4250030329
42500303,32,1628386,1630596,1610612739,4250030332
42500303,50,1628969,1628973,1610612752,4250030350
42500303,85,1628386,1629731,1610612739,4250030385
42500303,105,1626157,1628973,1610612752,42500303105
42500303,109,1629013,1628969,1610612752,42500303109
42500303,112,1629622,1628378,1610612739,42500303112
42500303,123,1630540,1629013,1610612752,42500303123
42500303,139,203471,1629622,1610612739,42500303139
42500303,141,1628404,1629013,1610612752,42500303141
42500303,179,1630596,203471,1610612739,42500303179
42500303,181,1630631,1626157,1610612752,42500303181
42500303,190,1628404,1626157,1610612752,42500303190
42500303,214,1628386,1642281,1610612739,42500303214
42500303,251,1628969,1628404,1610612752,42500303251
42500303,254,1628384,1628404,1610612752,42500303254
42500303,261,201935,1629622,1610612739,42500303261
42500303,295,1628404,1628384,1610612752,42500303295
42500303,345,1628384,1626157,1610612752,42500303345
42500303,350,1630596,1628378,1610612739,42500303350
42500303,359,1628969,1628384,1610612752,42500303359
42500303,369,1628378,201935,1610612739,42500303369
42500303,381,1628969,1626157,1610612752,42500303381
42500303,385,1628969,1628384,1610612752,42500303385
42500303,407,1628378,1629622,1610612739,42500303407
42500303,409,1628969,1626157,1610612752,42500303409
42500303,414,1629622,1628378,1610612739,42500303414
42500303,428,1628384,1628973,1610612752,42500303428
42500303,463,1630596,1630241,1610612739,42500303463
42500303,469,1630241,203471,1610612739,42500303469
42500303,488,1630596,1629622,1610612739,42500303488
42500303,490,1629011,1628973,1610612752,42500303490
42500303,513,1628404,1626157,1610612752,42500303513
42500303,517,1628969,1628404,1610612752,42500303517
42500303,531,1630241,1628378,1610612739,42500303531
42500303,545,1629013,1628973,1610612752,42500303545
42500303,554,1629013,1628404,1610612752,42500303554
42500303,556,1629622,201935,1610612739,42500303556
42500303,564,1629013,1628973,1610612752,42500303564
42500303,579,1628384,1629013,1610612752,42500303579
42500303,585,1628378,1629622,1610612739,42500303585
42500303,597,1630596,201935,1610612739,42500303597
42500303,608,1628386,1630596,1610612739,42500303608
42500303,615,1628969,1628384,1610612752,42500303615
42500303,634,1629622,201935,1610612739,42500303634
42500303,650,1630596,1629622,1610612739,42500303650
42500316,7,1630577,1642264,1610612759,425003167
42500316,9,1628392,1642272,1610612760,425003169
42500316,11,1641705,1642264,1610612759,4250031611
42500316,15,1641705,1642264,1610612759,4250031615
42500316,22,1629652,1628392,1610612760,4250031622
42500316,25,1628392,1628983,1610612760,4250031625
42500316,80,1630170,1642264,1610612759,4250031680
42500316,90,1630170,1642264,1610612759,4250031690
42500316,102,1629640,1628436,1610612759,42500316102
42500316,114,1642844,1628368,1610612759,42500316114
42500316,132,1628392,1628983,1610612760,42500316132
42500316,134,1629640,1630577,1610612759,42500316134
42500316,137,1628983,1628392,1610612760,42500316137
42500316,152,1641705,1630577,1610612759,42500316152
42500316,162,1642264,1641705,1610612759,42500316162
42500316,178,1641705,1628368,1610612759,42500316178
42500316,179,1627936,1631119,1610612760,42500316179
42500316,184,1642272,1641717,1610612760,42500316184
42500316,208,1641717,1631096,1610612760,42500316208
42500316,227,1631096,1642272,1610612760,42500316227
42500316,229,1630170,1642844,1610612759,42500316229
42500316,235,1641717,1631119,1610612760,42500316235
42500316,255,1641705,1628368,1610612759,42500316255
42500316,264,1641705,1630170,1610612759,42500316264
42500316,266,1631119,1631114,1610612760,42500316266
42500316,291,1642868,1642264,1610612759,42500316291
42500316,299,1627936,1628983,1610612760,42500316299
42500316,306,1641705,1628368,1610612759,42500316306
42500316,319,1641717,1628983,1610612760,42500316319
42500316,342,1630170,1628368,1610612759,42500316342
42500316,344,1628392,1642272,1610612760,42500316344
42500316,351,1628983,1628392,1610612760,42500316351
42500316,355,1630577,1628368,1610612759,42500316355
42500316,372,1630577,1642264,1610612759,42500316372
42500316,397,1628368,1641705,1610612759,42500316397
42500316,414,1642264,1642844,1610612759,42500316414
42500316,421,1642844,1630170,1610612759,42500316421
42500316,485,1630577,1628368,1610612759,42500316485
42500316,533,1631096,1630198,1610612760,42500316533
42500316,554,1642272,1630198,1610612760,42500316554
42500316,556,203084,1642264,1610612759,42500316556
42500316,558,1642272,1629026,1610612760,42500316558
42500316,570,1641705,1642264,1610612759,42500316570
42500316,576,203084,1642844,1610612759,42500316576
42500316,583,1628436,1642844,1610612759,42500316583
42500316,585,1629026,1642272,1610612760,42500316585
42500316,596,1631119,1642272,1610612760,42500316596
42500316,617,1630198,1642272,1610612760,42500316617
42500316,630,1629640,1629162,1610612759,42500316630
42500316,666,203482,1629162,1610612759,42500316666
42500316,670,203482,1630322,1610612759,42500316670
42500316,690,1630598,1629026,1610612760,42500316690
42500404,11,1626157,1628404,1610612752,4250040411
42500404,13,1630170,1642264,1610612759,4250040413
42500404,35,1630170,1641705,1610612759,4250040435
42500404,48,1628384,1628973,1610612752,4250040448
42500404,57,1628404,1628973,1610612752,4250040457
42500404,66,1642264,1630577,1610612759,4250040466
42500404,70,1642264,1630170,1610612759,4250040470
42500404,74,1630170,1642844,1610612759,4250040474
42500404,88,1641705,1642844,1610612759,4250040488
42500404,96,1629640,1628368,1610612759,4250040496
42500404,98,1628969,1628973,1610612752,4250040498
42500404,111,1628368,1630170,1610612759,42500404111
42500404,179,1630170,1642264,1610612759,42500404179
42500404,197,1628384,1629013,1610612752,42500404197
42500404,199,1628368,1630577,1610612759,42500404199
42500404,224,1642844,1628368,1610612759,42500404224
42500404,228,1642868,1642844,1610612759,42500404228
42500404,231,1630577,1628368,1610612759,42500404231
42500404,251,203903,1628404,1610612752,42500404251
42500404,253,1642868,1642264,1610612759,42500404253
42500404,305,1630170,1629640,1610612759,42500404305
42500404,325,1642844,1628368,1610612759,42500404325
42500404,356,1628973,1628404,1610612752,42500404356
42500404,371,1641705,1628368,1610612759,42500404371
42500404,373,1642844,1628368,1610612759,42500404373
42500404,396,1628384,1628404,1610612752,42500404396
42500404,402,1641705,1642264,1610612759,42500404402
42500404,413,1628368,1630170,1610612759,42500404413
42500404,428,1628384,1628404,1610612752,42500404428
42500404,432,1628973,1628969,1610612752,42500404432
42500404,448,1628384,1626157,1610612752,42500404448
42500404,470,1628404,1628973,1610612752,42500404470
42500404,501,1642844,1630577,1610612759,42500404501
42500404,513,1629011,1628973,1610612752,42500404513
42500404,527,1630170,1642264,1610612759,42500404527
42500404,532,1628384,1629011,1610612752,42500404532
42500404,598,1630631,1628969,1610612752,42500404598
42500404,606,1628969,1628404,1610612752,42500404606
42500404,622,1626157,1630631,1610612752,42500404622
42500404,632,1628384,1628973,1610612752,42500404632
42500404,636,1626157,1628384,1610612752,42500404636
42500404,653,1628973,1626157,1610612752,42500404653
42500404,658,1628384,1630631,1610612752,42500404658
42500404,664,1628368,1630170,1610612759,42500404664
42500404,667,1641705,1628368,1610612759,42500404667
42500404,669,1630631,1628973,1610612752,42500404669
42500404,676,1628973,1630631,1610612752,42500404676
42500317,14,1631096,1641717,1610612760,4250031714
42500317,19,1642264,1641705,1610612759,4250031719
42500317,26,1641705,1628368,1610612759,4250031726
42500317,41,1628392,1628983,1610612760,4250031741
42500317,50,1630577,1628368,1610612759,4250031750
42500317,68,1641717,1627936,1610612760,4250031768
42500317,70,1630170,1642264,1610612759,4250031770
42500317,72,1627936,1628983,1610612760,4250031772
42500317,79,1630577,1630170,1610612759,4250031779
42500317,84,1642272,1628983,1610612760,4250031784
42500317,158,1642272,1641717,1610612760,42500317158
42500317,172,1642844,1642264,1610612759,42500317172
42500317,186,1628392,1641717,1610612760,42500317186
42500317,201,1641705,1642844,1610612759,42500317201
42500317,225,1642868,1628368,1610612759,42500317225
42500317,241,1628983,1641717,1610612760,42500317241
42500317,256,1628983,1629652,1610612760,42500317256
42500317,280,1631119,1629652,1610612760,42500317280
42500317,286,1628983,1631119,1610612760,42500317286
42500317,307,1629652,1628983,1610612760,42500317307
42500317,311,1631119,1628983,1610612760,42500317311
42500317,321,1628368,1629640,1610612759,42500317321
42500317,331,1641705,1630170,1610612759,42500317331
42500317,348,1630170,1642264,1610612759,42500317348
42500317,350,1631119,1627936,1610612760,42500317350
42500317,352,1641705,1642264,1610612759,42500317352
42500317,362,1627936,1631119,1610612760,42500317362
42500317,378,1630577,1642264,1610612759,42500317378
42500317,404,1630577,1642264,1610612759,42500317404
42500317,416,1630577,1642844,1610612759,42500317416
42500317,433,1641705,1642844,1610612759,42500317433
42500317,523,1631119,1628983,1610612760,42500317523
42500317,556,1642272,1627936,1610612760,42500317556
42500317,558,1629640,1628368,1610612759,42500317558
42500317,560,1641717,1631119,1610612760,42500317560
42500317,564,1629640,1641705,1610612759,42500317564
42500317,581,1641717,1627936,1610612760,42500317581
42500317,590,1629640,1630577,1610612759,42500317590
42500317,601,1628392,1628983,1610612760,42500317601
42500317,629,1630577,1630170,1610612759,42500317629
42500317,631,1627936,1628983,1610612760,42500317631
42500317,652,1641717,1631119,1610612760,42500317652
42500317,663,1641717,1628983,1610612760,42500317663
42500317,706,1630170,1628368,1610612759,42500317706
42500205,7,1642450,1630595,1610612765,425002057
42500205,16,1642450,202699,1610612765,4250020516
42500205,34,1628386,1630596,1610612739,4250020534
42500205,39,1642450,1641709,1610612765,4250020539
42500205,55,1630596,201935,1610612739,4250020555
42500205,88,1629622,203471,1610612739,4250020588
42500205,90,202699,1631105,1610612765,4250020590
42500205,92,1628386,201935,1610612739,4250020592
42500205,105,1630595,1628989,1610612765,42500205105
42500205,110,1630595,1641709,1610612765,42500205110
42500205,112,1630241,203471,1610612739,42500205112
42500205,118,203471,201935,1610612739,42500205118
42500205,141,1629622,1630596,1610612739,42500205141
42500205,143,1630191,1627747,1610612765,42500205143
42500205,147,1630191,1641709,1610612765,42500205147
42500205,173,1630595,1641709,1610612765,42500205173
42500205,184,202699,1630595,1610612765,42500205184
42500205,186,1628378,1630596,1610612739,42500205186
42500205,188,202699,1641709,1610612765,42500205188
42500205,213,1641709,1642450,1610612765,42500205213
42500205,243,1628386,203471,1610612739,42500205243
42500205,257,1642450,1631105,1610612765,42500205257
42500205,269,1627747,1631105,1610612765,42500205269
42500205,279,1630595,1631105,1610612765,42500205279
42500205,283,1627747,1630595,1610612765,42500205283
42500205,288,1629622,1630596,1610612739,42500205288
42500205,294,1631105,1630595,1610612765,42500205294
42500205,303,1629622,1628378,1610612739,42500205303
42500205,329,1628386,1630596,1610612739,42500205329
42500205,342,1631105,1630595,1610612765,42500205342
42500205,346,201935,1628386,1610612739,42500205346
42500205,362,1628386,1630596,1610612739,42500205362
42500205,383,201935,203471,1610612739,42500205383
42500205,386,1630191,1630595,1610612765,42500205386
42500205,408,1630595,1630191,1610612765,42500205408
42500205,456,1629622,1630241,1610612739,42500205456
42500205,463,1630241,1630596,1610612739,42500205463
42500205,468,1630596,203471,1610612739,42500205468
42500205,471,1630596,1628378,1610612739,42500205471
42500205,494,1630595,1630194,1610612765,42500205494
42500205,522,1630194,1630595,1610612765,42500205522
42500205,568,1642450,202699,1610612765,42500205568
42500205,588,1642450,1630595,1610612765,42500205588
42500205,593,1629622,201935,1610612739,42500205593
42500205,598,202699,1630595,1610612765,42500205598
42500205,603,1628378,201935,1610612739,42500205603
42500205,608,1630596,1628378,1610612739,42500205608
42500205,614,1630596,201935,1610612739,42500205614
42500205,674,1628378,1630596,1610612739,42500205674
42500205,678,1628378,1629622,1610612739,42500205678
42500205,680,1630194,1642450,1610612765,42500205680
42500205,703,1630595,202699,1610612765,42500205703
42500205,734,1630194,1642450,1610612765,42500205734
42500235,7,1628368,1642264,1610612759,425002357
42500235,43,1641705,1628368,1610612759,4250023543
42500235,47,1630577,1641705,1610612759,4250023547
42500235,51,1641705,1642264,1610612759,4250023551
42500235,68,1641705,1642264,1610612759,4250023568
42500235,70,1630183,201144,1610612750,4250023570
42500235,84,1629675,1630545,1610612750,4250023584
42500235,86,1629640,1630170,1610612759,4250023586
42500235,107,1630162,201144,1610612750,42500235107
42500235,117,201144,1630545,1610612750,42500235117
42500235,133,1630162,1630245,1610612750,42500235133
42500235,156,1629675,1630545,1610612750,42500235156
42500235,179,1642868,1641705,1610612759,42500235179
42500235,183,1628368,1642868,1610612759,42500235183
42500235,187,1642264,1628368,1610612759,42500235187
42500235,257,1630170,1642844,1610612759,42500235257
42500235,259,1630245,1630183,1610612750,42500235259
42500235,280,1630170,203084,1610612759,42500235280
42500235,294,1641705,1628368,1610612759,42500235294
42500235,296,1630245,1630162,1610612750,42500235296
42500235,318,1629675,1630245,1610612750,42500235318
42500235,348,1630245,1630162,1610612750,42500235348
42500235,378,1630183,203944,1610612750,42500235378
42500235,385,1630183,1630245,1610612750,42500235385
42500235,390,1630245,1630183,1610612750,42500235390
42500235,395,1630577,1641705,1610612759,42500235395
42500235,416,1642264,1641705,1610612759,42500235416
42500235,428,1630162,1630245,1610612750,42500235428
42500235,473,1630170,1628368,1610612759,42500235473
42500235,506,1642844,1630170,1610612759,42500235506
42500235,533,1641705,1642264,1610612759,42500235533
42500235,546,1630183,1630545,1610612750,42500235546
42500235,573,1628368,1642264,1610612759,42500235573
42500235,580,1630170,1642264,1610612759,42500235580
42500235,623,203944,1629675,1610612750,42500235623
42500235,631,203944,1629675,1610612750,42500235631
42500235,642,1630577,1641705,1610612759,42500235642
42500235,664,1629640,1628368,1610612759,42500235664
42500235,684,1629640,1642844,1610612759,42500235684
42500235,697,1630322,1629162,1610612759,42500235697
42500235,701,202687,1629162,1610612759,42500235701
42500235,716,203482,1642868,1610612759,42500235716
42500234,14,1630170,1628368,1610612759,4250023414
42500234,20,1630162,203497,1610612750,4250023420
42500234,38,1642264,1641705,1610612759,4250023438
42500234,54,1628368,1630170,1610612759,4250023454
42500234,62,1641705,1628368,1610612759,4250023462
42500234,115,1630162,1630545,1610612750,42500234115
42500234,129,201144,203497,1610612750,42500234129
42500234,154,203944,1630545,1610612750,42500234154
42500234,159,1629675,201144,1610612750,42500234159
42500234,161,1642844,1628368,1610612759,42500234161
42500234,163,201144,203944,1610612750,42500234163
42500234,205,1642868,1630577,1610612759,42500234205
42500234,250,203944,1630162,1610612750,42500234250
42500234,264,1628436,1642264,1610612759,42500234264
42500234,276,1630183,1630245,1610612750,42500234276
42500234,281,1630245,203944,1610612750,42500234281
42500234,304,1630162,1630245,1610612750,42500234304
42500234,313,1642264,1630170,1610612759,42500234313
42500234,329,1630170,1642264,1610612759,42500234329
42500234,331,1630162,203944,1610612750,42500234331
42500234,343,1629640,1630170,1610612759,42500234343
42500234,411,1630162,203497,1610612750,42500234411
42500234,422,1630170,1630577,1610612759,42500234422
42500234,428,1630170,1630577,1610612759,42500234428
42500234,432,1630183,203497,1610612750,42500234432
42500234,465,1630545,1629675,1610612750,42500234465
42500234,489,1630170,1629640,1610612759,42500234489
42500234,515,203944,1629675,1610612750,42500234515
42500234,518,1630545,201144,1610612750,42500234518
42500234,521,1630545,1630162,1610612750,42500234521
42500234,556,1628436,1642264,1610612759,42500234556
42500234,565,203084,1628436,1610612759,42500234565
42500234,592,1630162,1630245,1610612750,42500234592
42500234,609,1630170,1642264,1610612759,42500234609
42500234,638,1630162,1629675,1610612750,42500234638
42500234,660,203497,1629675,1610612750,42500234660
42500234,695,1630577,1642844,1610612759,42500234695
42500313,7,1628368,1642264,1610612759,425003137
42500313,30,1628368,1641705,1610612759,4250031330
42500313,35,1630170,1630577,1610612759,4250031335
42500313,49,1628392,1629652,1610612760,4250031349
42500313,51,1628368,1641705,1610612759,4250031351
42500313,74,1641717,1628983,1610612760,4250031374
42500313,78,1627936,1628983,1610612760,4250031378
42500313,88,1631119,1641717,1610612760,4250031388
42500313,90,1628436,1642264,1610612759,4250031390
42500313,92,1631119,1628983,1610612760,4250031392
42500313,103,1629640,1642264,1610612759,42500313103
42500313,105,1642272,1641717,1610612760,42500313105
42500313,142,1628368,1641705,1610612759,42500313142
42500313,172,1641705,1628368,1610612759,42500313172
42500313,205,1631096,1628983,1610612760,42500313205
42500313,213,1631119,1628983,1610612760,42500313213
42500313,215,1642868,1642264,1610612759,42500313215
42500313,220,1641717,1628983,1610612760,42500313220
42500313,222,1642264,1628368,1610612759,42500313222
42500313,226,1631096,1641717,1610612760,42500313226
42500313,270,1642272,1628392,1610612760,42500313270
42500313,283,1630170,1642264,1610612759,42500313283
42500313,299,1642272,1628392,1610612760,42500313299
42500313,319,1630198,1628392,1610612760,42500313319
42500313,367,1628983,1642349,1610612760,42500313367
42500313,388,1631119,1627936,1610612760,42500313388
42500313,400,1628392,1628983,1610612760,42500313400
42500313,421,1627936,1629652,1610612760,42500313421
42500313,427,1631096,1628983,1610612760,42500313427
42500313,429,1630577,1642264,1610612759,42500313429
42500313,481,1642272,1628983,1610612760,42500313481
42500313,492,1642272,1631119,1610612760,42500313492
42500313,524,1630170,1628368,1610612759,42500313524
42500313,534,1642844,1642868,1610612759,42500313534
42500313,538,1628983,1629652,1610612760,42500313538
42500313,573,1627936,1628983,1610612760,42500313573
42500313,586,1641705,1628368,1610612759,42500313586
42500313,605,1641705,1642264,1610612759,42500313605
42500313,619,1641705,1642844,1610612759,42500313619
42500313,630,1631096,1628392,1610612760,42500313630
42500313,645,1642272,1641717,1610612760,42500313645
42500313,653,1628368,1628436,1610612759,42500313653
42500313,655,1642272,1631096,1610612760,42500313655
42500313,658,1630577,1628368,1610612759,42500313658
42500313,676,1641705,1630170,1610612759,42500313676
42500313,693,1628436,1630577,1610612759,42500313693
42500313,707,1642272,1628983,1610612760,42500313707
42500313,711,1631119,1642272,1610612760,42500313711
42500313,735,1641705,1628368,1610612759,42500313735
42500313,744,1630577,1642844,1610612759,42500313744
42500313,763,1641705,1630170,1610612759,42500313763
42500313,765,1641717,1628983,1610612760,42500313765
42500313,804,203486,1629162,1610612759,42500313804
42500313,806,1629026,1630198,1610612760,42500313806
42500313,808,203482,203486,1610612759,42500313808
42500311,7,1642264,1642844,1610612759,425003117
42500311,41,1627936,1628983,1610612760,4250031141
42500311,43,1630577,1642264,1610612759,4250031143
42500311,70,1627936,1642349,1610612760,4250031170
42500311,79,1629640,1642264,1610612759,4250031179
42500311,90,1627936,1628983,1610612760,4250031190
42500311,114,1631114,1628392,1610612760,42500311114
42500311,123,1631114,1642349,1610612760,42500311123
42500311,149,1641717,1628983,1610612760,42500311149
42500311,191,1629640,1642844,1610612759,42500311191
42500311,199,1642868,1642844,1610612759,42500311199
42500311,203,1642844,1641705,1610612759,42500311203
42500311,226,1627936,1628983,1610612760,42500311226
42500311,228,1641705,1642264,1610612759,42500311228
42500311,239,1627936,1628983,1610612760,42500311239
42500311,245,1629640,1630170,1610612759,42500311245
42500311,284,1630170,1628436,1610612759,42500311284
42500311,290,1631114,1642272,1610612760,42500311290
42500311,316,1641705,1642264,1610612759,42500311316
42500311,322,1630170,1642844,1610612759,42500311322
42500311,324,1631096,1631114,1610612760,42500311324
42500311,360,1631096,1629652,1610612760,42500311360
42500311,370,1630577,1641705,1610612759,42500311370
42500311,371,1628983,1631114,1610612760,42500311371
42500311,376,1629652,1631114,1610612760,42500311376
42500311,388,1630577,1642868,1610612759,42500311388
42500311,414,1642272,1642349,1610612760,42500311414
42500311,445,1631114,1628392,1610612760,42500311445
42500311,478,1630170,1642264,1610612759,42500311478
42500311,494,1627936,1628983,1610612760,42500311494
42500311,496,1630170,1642264,1610612759,42500311496
42500311,515,1629640,1642264,1610612759,42500311515
42500311,536,1641705,1630170,1610612759,42500311536
42500311,538,1627936,1628983,1610612760,42500311538
42500311,572,1629652,1642349,1610612760,42500311572
42500311,604,1642844,1641705,1610612759,42500311604
42500311,628,1627936,1628983,1610612760,42500311628
42500311,639,1630170,1630577,1610612759,42500311639
42500311,647,1627936,1628983,1610612760,42500311647
42500311,649,1630577,1642264,1610612759,42500311649
42500311,651,1631114,1627936,1610612760,42500311651
42500311,677,1628983,1642349,1610612760,42500311677
42500311,728,1627936,1628983,1610612760,42500311728
42500311,748,1641705,1642264,1610612759,42500311748
42500311,778,1641705,1642844,1610612759,42500311778
42500311,796,1641717,1628983,1610612760,42500311796
42500311,798,1642844,1642264,1610612759,42500311798
42500311,809,1631114,1628983,1610612760,42500311809
42500311,811,1641705,1642844,1610612759,42500311811
42500311,825,1641705,1642264,1610612759,42500311825
42500204,14,1628386,201935,1610612739,4250020414
42500204,17,1630595,1629130,1610612765,4250020417
42500204,19,201935,1630596,1610612739,4250020419
42500204,51,201935,1628378,1610612739,4250020451
42500204,74,202699,1627747,1610612765,4250020474
42500204,76,1630596,201935,1610612739,4250020476
42500204,78,1631105,202699,1610612765,4250020478
42500204,82,1627747,1630595,1610612765,4250020482
42500204,101,1630191,1642450,1610612765,42500204101
42500204,133,1627747,1630595,1610612765,42500204133
42500204,164,1631105,1630595,1610612765,42500204164
42500204,166,1630596,1630241,1610612739,42500204166
42500204,175,1629622,1628378,1610612739,42500204175
42500204,198,1630241,201935,1610612739,42500204198
42500204,203,1641709,1630595,1610612765,42500204203
42500204,214,1630241,201935,1610612739,42500204214
42500204,221,1631105,202699,1610612765,42500204221
42500204,236,203471,1630241,1610612739,42500204236
42500204,247,1627747,202699,1610612765,42500204247
42500204,268,1630596,201935,1610612739,42500204268
42500204,284,202699,1627747,1610612765,42500204284
42500204,294,1628378,1630596,1610612739,42500204294
42500204,311,1627747,1630595,1610612765,42500204311
42500204,325,1630596,201935,1610612739,42500204325
42500204,340,1628378,201935,1610612739,42500204340
42500204,350,1628378,201935,1610612739,42500204350
42500204,355,1628386,201935,1610612739,42500204355
42500204,372,201935,1630596,1610612739,42500204372
42500204,394,1628386,201935,1610612739,42500204394
42500204,402,1628378,1630596,1610612739,42500204402
42500204,404,1630194,202699,1610612765,42500204404
42500204,407,1630194,202699,1610612765,42500204407
42500204,452,1630194,1627747,1610612765,42500204452
42500204,463,1629130,1630194,1610612765,42500204463
42500204,465,201935,1629622,1610612739,42500204465
42500204,471,203471,201935,1610612739,42500204471
42500204,473,1630194,1642450,1610612765,42500204473
42500204,501,1630596,1629622,1610612739,42500204501
42500204,520,1628378,1630596,1610612739,42500204520
42500204,537,1630595,1631105,1610612765,42500204537
42500204,545,1630595,1631105,1610612765,42500204545
42500204,560,1630595,1641709,1610612765,42500204560
42500204,585,1641709,1630595,1610612765,42500204585
42500204,587,1628378,1628386,1610612739,42500204587
42500204,629,1631204,1642450,1610612765,42500204629
42500204,657,1631204,1630194,1610612765,42500204657
42500206,13,201935,1630596,1610612739,4250020613
42500206,25,1630595,1641709,1610612765,4250020625
42500206,35,1630595,1641709,1610612765,4250020635
42500206,39,1641709,1642450,1610612765,4250020639
42500206,47,1641709,202699,1610612765,4250020647
42500206,82,1631105,1642450,1610612765,4250020682
42500206,91,1627747,1630595,1610612765,4250020691
42500206,93,1628386,1630241,1610612739,4250020693
42500206,102,1630596,203471,1610612739,42500206102
42500206,130,1629130,1630595,1610612765,42500206130
42500206,181,1630194,1630595,1610612765,42500206181
42500206,193,1630194,1631204,1610612765,42500206193
42500206,211,1630595,1630194,1610612765,42500206211
42500206,223,1628378,201935,1610612739,42500206223
42500206,229,1641709,1630595,1610612765,42500206229
42500206,256,1630241,203471,1610612739,42500206256
42500206,271,1631105,1630595,1610612765,42500206271
42500206,273,1629731,201935,1610612739,42500206273
42500206,291,1630595,1627747,1610612765,42500206291
42500206,293,1628386,1628378,1610612739,42500206293
42500206,301,1629622,1628386,1610612739,42500206301
42500206,304,1628386,1630596,1610612739,42500206304
42500206,336,1629622,1628378,1610612739,42500206336
42500206,355,1630595,1642450,1610612765,42500206355
42500206,376,1642450,1641709,1610612765,42500206376
42500206,463,1630194,1641709,1610612765,42500206463
42500206,474,1629130,1630595,1610612765,42500206474
42500206,476,1630241,201935,1610612739,42500206476
42500206,480,1630241,203471,1610612739,42500206480
42500206,504,1629130,1627747,1610612765,42500206504
42500206,509,1630194,1629130,1610612765,42500206509
42500206,521,1630194,1629130,1610612765,42500206521
42500206,538,1629130,1630595,1610612765,42500206538
42500206,540,1630596,1628378,1610612739,42500206540
42500206,581,1630596,201935,1610612739,42500206581
42500206,593,1631105,202699,1610612765,42500206593
42500206,628,1630194,202699,1610612765,42500206628
42500206,646,1642450,1627747,1610612765,42500206646
42500206,658,1642450,1630595,1610612765,42500206658
42500206,673,1642281,1631165,1610612739,42500206673
42500236,10,1628368,1642264,1610612759,4250023610
42500236,18,1641705,1642264,1610612759,4250023618
42500236,21,1642264,1628368,1610612759,4250023621
42500236,23,1630245,1630183,1610612750,4250023623
42500236,35,1630162,1630245,1610612750,4250023635
42500236,37,1630170,1628368,1610612759,4250023637
42500236,44,1642264,1628368,1610612759,4250023644
42500236,50,1630162,1630183,1610612750,4250023650
42500236,74,1642844,1630170,1610612759,4250023674
42500236,87,1629675,1630245,1610612750,4250023687
42500236,96,1641705,1629640,1610612759,4250023696
42500236,98,1629675,1630245,1610612750,4250023698
42500236,102,1629675,1630245,1610612750,42500236102
42500236,112,1642264,1629640,1610612759,42500236112
42500236,150,201144,1630245,1610612750,42500236150
42500236,188,1642844,1630577,1610612759,42500236188
42500236,198,1641705,1628368,1610612759,42500236198
42500236,205,1641705,1642264,1610612759,42500236205
42500236,240,1630170,1641705,1610612759,42500236240
42500236,244,1642868,1642264,1610612759,42500236244
42500236,266,1642844,1641705,1610612759,42500236266
42500236,268,1630545,201144,1610612750,42500236268
42500236,311,201144,1630545,1610612750,42500236311
42500236,325,1642844,1630170,1610612759,42500236325
42500236,336,1629675,201144,1610612750,42500236336
42500236,339,1630162,201144,1610612750,42500236339
42500236,355,1630162,1630183,1610612750,42500236355
42500236,401,1630577,1630170,1610612759,42500236401
42500236,434,1628368,1630170,1610612759,42500236434
42500236,436,1630183,203944,1610612750,42500236436
42500236,451,1641705,1628368,1610612759,42500236451
42500236,463,1630245,1630162,1610612750,42500236463
42500236,465,1630577,1628368,1610612759,42500236465
42500236,466,1630545,1630245,1610612750,42500236466
42500236,490,1630183,1630245,1610612750,42500236490
42500236,492,1630170,1642264,1610612759,42500236492
42500236,494,1630545,1630245,1610612750,42500236494
42500236,503,1642264,1642868,1610612759,42500236503
42500236,515,1642264,1628436,1610612759,42500236515
42500236,536,1628436,1628368,1610612759,42500236536
42500236,540,1628368,1642844,1610612759,42500236540
42500236,543,1630170,1628368,1610612759,42500236543
42500236,561,1630183,1630162,1610612750,42500236561
42500236,571,1642844,1628368,1610612759,42500236571
42500236,573,1630162,201144,1610612750,42500236573
42500236,618,203084,1642844,1610612759,42500236618
42500236,632,1630577,203084,1610612759,42500236632
42500236,636,1641705,1630577,1610612759,42500236636
42500236,641,1630545,1630245,1610612750,42500236641
42500236,651,1630577,1642264,1610612759,42500236651
42500236,655,1630577,203084,1610612759,42500236655
42500236,657,1630545,1629675,1610612750,42500236657
42500236,679,1630322,203482,1610612759,42500236679
42500236,697,202687,1629162,1610612759,42500236697
42500236,721,1630538,203937,1610612750,42500236721
42500236,732,1642866,203937,1610612750,42500236732
42500236,737,203937,1641763,1610612750,42500236737
42500236,742,1641763,203937,1610612750,42500236742
42500236,746,203486,1630322,1610612759,42500236746
42500304,7,1630596,1628386,1610612739,425003047
42500304,11,1628378,1629622,1610612739,4250030411
42500304,16,1628969,1628973,1610612752,4250030416
42500304,20,1628404,1628973,1610612752,4250030420
42500304,28,1628969,1628404,1610612752,4250030428
42500304,43,1630596,1628378,1610612739,4250030443
42500304,47,1626157,1628404,1610612752,4250030447
42500304,64,1626157,1628384,1610612752,4250030464
42500304,78,1626157,1628384,1610612752,4250030478
42500304,82,1628973,1626157,1610612752,4250030482
42500304,86,1628384,1628404,1610612752,4250030486
42500304,102,1629011,1628969,1610612752,42500304102
42500304,118,1630540,1628404,1610612752,42500304118
42500304,120,1630241,1630596,1610612739,42500304120
42500304,122,1629011,1628973,1610612752,42500304122
42500304,125,1629013,1628973,1610612752,42500304125
42500304,160,1630631,1626157,1610612752,42500304160
42500304,178,1629013,1628404,1610612752,42500304178
42500304,215,1628384,1628969,1610612752,42500304215
42500304,222,1628384,1628969,1610612752,42500304222
42500304,251,1629622,1631165,1610612739,42500304251
42500304,261,1629622,1630241,1610612739,42500304261
42500304,281,1630596,201935,1610612739,42500304281
42500304,302,1628973,1626157,1610612752,42500304302
42500304,304,1628378,201935,1610612739,42500304304
42500304,349,1628386,1629622,1610612739,42500304349
42500304,368,1628386,1630596,1610612739,42500304368
42500304,387,1626157,1628384,1610612752,42500304387
42500304,391,1628969,1628384,1610612752,42500304391
42500304,398,1628384,1628973,1610612752,42500304398
42500304,402,1626157,1628404,1610612752,42500304402
42500304,441,1628973,1628969,1610612752,42500304441
42500304,444,1629013,1630540,1610612752,42500304444
42500304,446,1630241,1630596,1610612739,42500304446
42500304,450,1630596,1642281,1610612739,42500304450
42500304,455,1629011,1629013,1610612752,42500304455
42500304,466,1629013,1628969,1610612752,42500304466
42500304,474,1642281,1629731,1610612739,42500304474
42500304,477,1630596,1642281,1610612739,42500304477
42500304,537,1626157,1630540,1610612752,42500304537
42500304,546,1630540,1630631,1610612752,42500304546
42500304,548,1628386,1630596,1610612739,42500304548
42500304,550,1626157,1630631,1610612752,42500304550
42500304,564,1628384,1629013,1610612752,42500304564
42500304,612,203903,1630574,1610612752,42500304612
42500304,623,1642359,1642278,1610612752,42500304623
42500304,625,1641772,1642878,1610612739,42500304625
42500304,635,1642278,1642885,1610612752,42500304635
42500304,641,1642359,1642885,1610612752,42500304641
42500304,645,1628418,1641772,1610612739,42500304645
42500304,651,1628418,1641854,1610612739,42500304651
42500304,658,1631165,1642878,1610612739,42500304658
42500304,674,1628418,1641854,1610612739,42500304674
42500304,680,1628418,1641854,1610612739,42500304680
42500214,7,1630178,1642845,1610612755,425002147
42500214,14,1628973,1626157,1610612752,4250021414
42500214,23,1628404,1626157,1610612752,4250021423
42500214,43,1630540,1628404,1610612752,4250021443
42500214,45,203954,1630178,1610612755,4250021445
42500214,47,1630540,1626157,1610612752,4250021447
42500214,51,1630540,1628973,1610612752,4250021451
42500214,56,1630540,1628973,1610612752,4250021456
42500214,62,1628973,1626157,1610612752,4250021462
42500214,63,203954,1630178,1610612755,4250021463
42500214,65,1626157,1628973,1610612752,4250021465
42500214,67,1626162,203954,1610612755,4250021467
42500214,75,203954,1642845,1610612755,4250021475
42500214,85,1629011,1626157,1610612752,4250021485
42500214,129,1629013,203903,1610612752,42500214129
42500214,157,203903,1626157,1610612752,42500214157
42500214,159,202331,1642845,1610612755,42500214159
42500214,172,1629013,203903,1610612752,42500214172
42500214,178,1628404,1626157,1610612752,42500214178
42500214,186,1628404,1626157,1610612752,42500214186
42500214,203,1626157,1630631,1610612752,42500214203
42500214,209,1630540,1628969,1610612752,42500214209
42500214,214,203954,1630178,1610612755,42500214214
42500214,218,203954,1630178,1610612755,42500214218
42500214,288,1628973,1626157,1610612752,42500214288
42500214,290,203083,202331,1610612755,42500214290
42500214,292,1628404,1628973,1610612752,42500214292
42500214,322,1629656,202331,1610612755,42500214322
42500214,338,1630540,1628973,1610612752,42500214338
42500214,344,1628404,1628969,1610612752,42500214344
42500214,346,1629656,203954,1610612755,42500214346
42500214,359,1628969,1626157,1610612752,42500214359
42500214,361,202331,1642845,1610612755,42500214361
42500214,370,1626157,1628969,1610612752,42500214370
42500214,386,203954,1642845,1610612755,42500214386
42500214,390,1642845,203954,1610612755,42500214390
42500214,392,1629011,1628973,1610612752,42500214392
42500214,405,1630178,1642845,1610612755,42500214405
42500214,410,1628973,1628969,1610612752,42500214410
42500214,417,1631230,1642845,1610612755,42500214417
42500214,422,1628404,1628969,1610612752,42500214422
42500214,424,1642845,203954,1610612755,42500214424
42500214,426,1630540,1628969,1610612752,42500214426
42500214,494,1629013,203903,1610612752,42500214494
42500214,551,1630631,1630574,1610612752,42500214551
42500214,571,1630631,1642359,1610612752,42500214571
42500214,587,1631207,1630570,1610612755,42500214587
42500214,600,1630574,1631110,1610612752,42500214600
42500214,602,1631230,1631207,1610612755,42500214602
42500214,605,1642348,1631230,1610612755,42500214605
42500214,621,1642359,1631110,1610612752,42500214621
42500214,623,1642348,1631207,1610612755,42500214623
42500214,656,1642348,1641780,1610612755,42500214656
42500214,677,1631110,1642278,1610612752,42500214677
42500214,686,1641780,1642348,1610612755,42500214686
42500214,688,1642359,1642278,1610612752,42500214688
42500214,694,1641780,1631207,1610612755,42500214694
42500301,11,201935,1629731,1610612739,4250030111
42500301,24,1628969,1626157,1610612752,4250030124
42500301,29,1628378,1629731,1610612739,4250030129
42500301,39,1628973,1626157,1610612752,4250030139
42500301,41,1628378,1629731,1610612739,4250030141
42500301,63,1628973,1628404,1610612752,4250030163
42500301,84,203471,1629622,1610612739,4250030184
42500301,94,1628969,1630540,1610612752,4250030194
42500301,112,1629011,1628969,1610612752,42500301112
42500301,141,1630241,1628378,1610612739,42500301141
42500301,146,203903,1629011,1610612752,42500301146
42500301,177,1630631,1628404,1610612752,42500301177
42500301,180,1626157,1628404,1610612752,42500301180
42500301,205,1629731,201935,1610612739,42500301205
42500301,234,1628384,1628973,1610612752,42500301234
42500301,243,1630241,201935,1610612739,42500301243
42500301,262,1628404,1626157,1610612752,42500301262
42500301,279,1628969,1626157,1610612752,42500301279
42500301,281,1628378,1628386,1610612739,42500301281
42500301,298,1629622,1630596,1610612739,42500301298
42500301,308,1628378,1630596,1610612739,42500301308
42500301,344,1630596,1628378,1610612739,42500301344
42500301,347,1629731,1630596,1610612739,42500301347
42500301,363,1628404,1628973,1610612752,42500301363
42500301,369,1630596,201935,1610612739,42500301369
42500301,390,1628969,1628384,1610612752,42500301390
42500301,391,1630241,1628386,1610612739,42500301391
42500301,393,1626157,1628404,1610612752,42500301393
42500301,409,1628386,203471,1610612739,42500301409
42500301,416,1628386,203471,1610612739,42500301416
42500301,423,201935,1628386,1610612739,42500301423
42500301,433,1630596,1628378,1610612739,42500301433
42500301,439,1630241,203471,1610612739,42500301439
42500301,578,1629731,203471,1610612739,42500301578
42500301,587,1628378,203471,1610612739,42500301587
42500301,610,1629013,1626157,1610612752,42500301610
42500301,615,1626157,1628973,1610612752,42500301615
42500301,645,1630596,1630241,1610612739,42500301645
42500301,667,1628969,1628973,1610612752,42500301667
42500301,673,1629013,1628384,1610612752,42500301673
42500301,701,1628384,1628973,1610612752,42500301701
42500301,713,1629013,1628973,1610612752,42500301713
42500301,720,1629622,1630241,1610612739,42500301720
42500312,9,1629652,1628983,1610612760,425003129
42500312,26,1630170,1642844,1610612759,4250031226
42500312,29,1641705,1642844,1610612759,4250031229
42500312,48,1628392,1629652,1610612760,4250031248
42500312,62,1631119,1629652,1610612760,4250031262
42500312,84,1628436,1642264,1610612759,4250031284
42500312,89,1642349,1642272,1610612760,4250031289
42500312,93,1629652,1631119,1610612760,4250031293
42500312,114,1629640,1630577,1610612759,42500312114
42500312,133,1631114,1642272,1610612760,42500312133
42500312,137,1631096,1641717,1610612760,42500312137
42500312,148,1641717,1628983,1610612760,42500312148
42500312,150,1629162,1630577,1610612759,42500312150
42500312,152,1642272,1628983,1610612760,42500312152
42500312,157,1630577,1642844,1610612759,42500312157
42500312,210,1627936,1628983,1610612760,42500312210
42500312,239,1642264,1641705,1610612759,42500312239
42500312,248,1642264,1641705,1610612759,42500312248
42500312,250,1641717,1628983,1610612760,42500312250
42500312,254,1628983,1627936,1610612760,42500312254
42500312,298,1641717,1642349,1610612760,42500312298
42500312,308,1631096,1631119,1610612760,42500312308
42500312,342,1628983,1629652,1610612760,42500312342
42500312,365,1628392,1631096,1610612760,42500312365
42500312,403,1629652,1628392,1610612760,42500312403
42500312,405,1641705,1642264,1610612759,42500312405
42500312,411,1628392,1641717,1610612760,42500312411
42500312,428,1630170,1641705,1610612759,42500312428
42500312,438,1641705,1642264,1610612759,42500312438
42500312,439,1631119,1628983,1610612760,42500312439
42500312,442,1630170,1641705,1610612759,42500312442
42500312,447,1627936,1628983,1610612760,42500312447
42500312,467,1627936,1631096,1610612760,42500312467
42500312,501,1631096,1627936,1610612760,42500312501
42500312,510,1631096,1628983,1610612760,42500312510
42500312,525,1631096,1627936,1610612760,42500312525
42500312,527,1629162,1641705,1610612759,42500312527
42500312,529,1642349,1627936,1610612760,42500312529
42500312,531,1630577,1630170,1610612759,42500312531
42500312,546,1630170,1629162,1610612759,42500312546
42500312,557,1642272,1628983,1610612760,42500312557
42500312,573,1642264,1641705,1610612759,42500312573
42500312,584,1642272,1630198,1610612760,42500312584
42500312,597,203084,1642264,1610612759,42500312597
42500312,613,1641717,1628392,1610612760,42500312613
42500312,617,1642272,1628392,1610612760,42500312617
42500312,655,1630170,1642264,1610612759,42500312655
42500312,659,1642264,1629640,1610612759,42500312659
42500312,663,1628392,1641717,1610612760,42500312663
42500312,677,1628983,1642349,1610612760,42500312677
42500312,687,1629640,1642264,1610612759,42500312687
42500312,712,1642349,1627936,1610612760,42500312712
42500312,714,1630170,1642264,1610612759,42500312714
42500312,718,1641705,1642264,1610612759,42500312718
42500312,729,1628983,1642272,1610612760,42500312729
42500312,733,1627936,1641717,1610612760,42500312733
42500314,9,1641705,1628368,1610612759,425003149
42500314,11,1628392,1628983,1610612760,4250031411
42500314,23,1628392,1628983,1610612760,4250031423
42500314,25,1642264,1641705,1610612759,4250031425
42500314,26,1628392,1631096,1610612760,4250031426
42500314,36,1641705,1642264,1610612759,4250031436
42500314,39,1628392,1628983,1610612760,4250031439
42500314,45,1630577,1641705,1610612759,4250031445
42500314,66,1629640,1641705,1610612759,4250031466
42500314,75,1642264,1642844,1610612759,4250031475
42500314,79,1630170,1642264,1610612759,4250031479
42500314,94,1641705,1630170,1610612759,4250031494
42500314,149,1628436,1628368,1610612759,42500314149
42500314,155,1630170,1630577,1610612759,42500314155
42500314,161,1631119,1628983,1610612760,42500314161
42500314,197,1631096,1641717,1610612760,42500314197
42500314,201,1630198,1627936,1610612760,42500314201
42500314,277,1628392,1628983,1610612760,42500314277
42500314,296,1628983,1628392,1610612760,42500314296
42500314,373,1641717,1628983,1610612760,42500314373
42500314,401,1630170,1628368,1610612759,42500314401
42500314,405,1641705,1630170,1610612759,42500314405
42500314,417,1641717,1631096,1610612760,42500314417
42500314,419,1641705,1642264,1610612759,42500314419
42500314,428,1642264,1630170,1610612759,42500314428
42500314,432,1642264,1630577,1610612759,42500314432
42500314,439,1628983,1628392,1610612760,42500314439
42500314,475,1641705,1642264,1610612759,42500314475
42500314,494,1642264,1642844,1610612759,42500314494
42500314,516,1628368,1641705,1610612759,42500314516
42500314,580,1642272,1631119,1610612760,42500314580
42500314,582,1628368,1641705,1610612759,42500314582
42500314,597,1641705,1628368,1610612759,42500314597
42500314,599,1629026,1630198,1610612760,42500314599
42500314,603,1629026,1628983,1610612760,42500314603
42500314,622,1629640,1642264,1610612759,42500314622
42500314,648,1641705,1642264,1610612759,42500314648
42500314,650,1629652,1628392,1610612760,42500314650
42500314,659,1630598,1630198,1610612760,42500314659
42500314,692,1630598,1629026,1610612760,42500314692
42500314,733,1628436,1628368,1610612759,42500314733
42500314,749,1630198,1629026,1610612760,42500314749
42500314,764,1630198,1642260,1610612760,42500314764
42500314,786,1629162,1642868,1610612759,42500314786
42500314,796,1642260,1629026,1610612760,42500314796
42500314,798,203482,1630322,1610612759,42500314798
42500314,800,1629026,1642260,1610612760,42500314800
42500401,7,1628973,1626157,1610612752,425004017
42500401,12,1628384,1628404,1610612752,4250040112
42500401,24,1628384,1628969,1610612752,4250040124
42500401,36,1628404,1626157,1610612752,4250040136
42500401,43,1641705,1642264,1610612759,4250040143
42500401,59,1626157,1628404,1610612752,4250040159
42500401,123,1642844,1628368,1610612759,42500401123
42500401,125,1629013,1628973,1610612752,42500401125
42500401,127,1630577,1628368,1610612759,42500401127
42500401,142,1630577,1628368,1610612759,42500401142
42500401,153,1642844,203084,1610612759,42500401153
42500401,192,1630540,1630631,1610612752,42500401192
42500401,252,1629011,1628404,1610612752,42500401252
42500401,277,1628368,1630170,1610612759,42500401277
42500401,280,1630170,1642844,1610612759,42500401280
42500401,306,1629640,1642264,1610612759,42500401306
42500401,312,1629013,1628973,1610612752,42500401312
42500401,328,1630577,1641705,1610612759,42500401328
42500401,330,1630631,1628969,1610612752,42500401330
42500401,332,1630577,1642264,1610612759,42500401332
42500401,355,1630577,1628368,1610612759,42500401355
42500401,396,1626157,1628404,1610612752,42500401396
42500401,438,1628969,1626157,1610612752,42500401438
42500401,448,1629013,1626157,1610612752,42500401448
42500401,451,1626157,1630540,1610612752,42500401451
42500401,461,1628973,1628404,1610612752,42500401461
42500401,471,1642844,1630577,1610612759,42500401471
42500401,477,1629013,1630540,1610612752,42500401477
42500401,509,1630170,1628368,1610612759,42500401509
42500401,525,1641705,1630170,1610612759,42500401525
42500401,527,1630540,1628404,1610612752,42500401527
42500401,544,1629013,1630540,1610612752,42500401544
42500401,565,1628384,1630540,1610612752,42500401565
42500401,567,1642264,1641705,1610612759,42500401567
42500401,570,1642264,1630170,1610612759,42500401570
42500401,680,1628973,1628969,1610612752,42500401680
